model,seed,nation,origin,mae,mse,smape,mase,diracc_h1,abserr_h1,pred_cret_h1,true_cret_h1,diracc_h5,abserr_h5,pred_cret_h5,true_cret_h5,diracc_h14,abserr_h14,pred_cret_h14,true_cret_h14,diracc_h30,abserr_h30,pred_cret_h30,true_cret_h30,fold
random_walk,0,australia,5094,0.00871033333333328,0.00013411231666666542,0.0057002219792003815,1.255516466943686,0.0,0.01102000000000003,0.0,0.0071582452992853115,0.0,0.00035999999999991594,0.0,-0.00023471117593732734,0.0,0.006099999999999994,0.0,-0.003984511421466864,0.0,0.011559999999999793,0.0,-0.0075644909850468445,0
random_walk,0,canada,5094,0.005834999999999946,4.625674999999942e-05,0.0043247477860758315,1.2067490702029815,0.0,0.008599999999999941,0.0,0.00637251610023277,0.0,0.0008999999999999009,0.0,0.0006687969336007396,0.0,0.0047999999999999154,0.0,0.0035617594141290295,0.0,0.007900000000000018,0.0,0.00585533840122836,0
random_walk,0,denmark,5094,0.0394416666666667,0.002204296416666673,0.005728856038794662,1.6051143438666058,0.0,0.05169999999999941,0.0,0.007463205983752149,0.0,0.010099999999999554,0.0,0.0014623801753336125,0.0,0.0063500000000003,0.0,-0.0009205133780137824,0.0,0.05230000000000068,0.0,-0.007606922148817015,0
random_walk,0,eurozone,5094,0.010295000000000025,0.00015199191666666751,0.005699993963157855,1.5939251836312853,0.0,0.012899999999999912,0.0,0.007099253854666844,0.0,0.0025999999999999357,0.0,0.0014349184282758539,0.0,0.0015000000000000568,0.0,-0.0008287751178842344,0.0,0.014300000000000201,0.0,-0.007929068433687556,0
random_walk,0,japan,5094,1.4374999999999953,2.631212499999977,0.00964216116959448,3.074869090199245,0.0,0.6049999999999898,0.0,0.004072091645529477,0.0,1.0549999999999784,0.0,0.0070902025884348715,0.0,2.234999999999985,0.0,0.014961370198499606,0.0,0.8699999999999761,0.0,0.005850526085713935,0
random_walk,0,norway,5094,0.08493333333333375,0.00984907333333341,0.008043911073391174,1.9971157556357302,0.0,0.08479999999999954,0.0,0.007958746843159387,0.0,0.05215000000000103,0.0,-0.004926083436939399,0.0,0.09965000000000046,0.0,-0.009434143877459982,0.0,0.009400000000001185,0.0,-0.00088613209165791,0
random_walk,0,south_korea,5094,8.87833333333339,87.98441666666773,0.006695009705411144,1.8473798887350132,0.0,8.25,0.0,0.006218339583605476,0.0,5.650000000000091,0.0,0.004262790090490674,0.0,6.050000000000182,0.0,0.004563892881730177,0.0,7.9500000000000455,0.0,0.005992894328273314,0
random_walk,0,sweden,5094,0.13358333333333333,0.023774186166666673,0.012837581511507193,3.1115378171589505,0.0,0.14284999999999926,0.0,0.013531544753913455,0.0,0.02614999999999945,0.0,-0.002497023252609783,0.0,0.14974999999999916,0.0,-0.014384521859652784,0.0,0.11955000000000027,0.0,-0.011466899099972222,0
random_walk,0,switzerland,5094,0.014081666666666633,0.00021508491666666574,0.016125891225972903,3.216622752996122,0.0,0.005950000000000011,0.0,0.006850327568657392,0.0,0.009399999999999964,0.0,0.010800978265397406,0.0,0.01639999999999997,0.0,0.01876914791457419,0.0,0.01805000000000001,0.0,0.02063814854358908,0
random_walk,0,taiwan,5094,0.26166666666666755,0.07798243333333386,0.008343179329124208,4.944320560308783,0.0,0.1645000000000003,0.0,0.005256232894785877,0.0,0.14450000000000074,0.0,0.004618650585223109,0.0,0.31700000000000017,0.0,0.010104476759868718,0.0,0.4120000000000026,0.0,0.013112854980763108,0
random_walk,0,uk,5094,0.004268922266666664,2.8392639025717726e-05,0.005412744653822074,1.4400547727170343,0.0,0.00864472000000005,0.0,0.010882623197563217,0.0,0.0014695319999999956,0.0,0.0018583323584185328,0.0,0.0021906579999999565,0.0,0.0027689881734933404,0.0,0.00508526499999995,0.0,-0.006457478881259417,0
random_walk,0,australia,5099,0.008607333333333323,0.00013105979999999972,0.00563601445040516,1.240669940278597,0.0,0.0023400000000000087,0.0,-0.0015269669187689696,0.0,0.0014099999999999113,0.0,-0.000919816232088684,0.0,0.002120000000000122,0.0,0.001381395689736537,0.0,0.00012000000000012001,0.0,7.824317984291168e-05,0
random_walk,0,canada,5099,0.006261666666666706,5.164058333333389e-05,0.004637377942713312,1.294988933662574,0.0,0.0011999999999998678,0.0,-0.0008918286793769926,0.0,0.0020999999999999908,0.0,0.0015587889142064401,0.0,0.010199999999999987,0.0,0.007548601986410572,0.0,0.013449999999999962,0.0,0.009941872518831081,0
random_walk,0,denmark,5099,0.04544833333333322,0.0028432434166666535,0.006602730658064164,1.8495610835790546,0.0,0.010699999999999932,0.0,0.0015469248922918041,0.0,0.009000000000000341,0.0,0.0013013116163819586,0.0,0.023299999999999876,0.0,-0.0033768392728794725,0.0,0.015900000000000247,0.0,-0.0023031305220199633,0
random_walk,0,eurozone,5099,0.012021666666666686,0.00019853591666666733,0.006657214508854221,1.8612566536397042,0.0,0.0031999999999998696,0.0,0.0017632315778509087,0.0,0.0024999999999999467,0.0,0.001377790242755764,0.0,0.005900000000000016,0.0,-0.003259131206126664,0.0,0.0050000000000001155,0.0,-0.002761288514131686,0
random_walk,0,japan,5099,1.1558333333333404,1.7726958333333445,0.007729557554080301,2.472373001800807,0.0,0.13000000000002387,0.0,0.0008702055572906653,0.0,0.910000000000025,0.0,0.006075596202591931,0.0,0.34499999999999886,0.0,0.0023077319226860113,0.0,2.030000000000001,0.0,0.013502932312931152,0
random_walk,0,norway,5099,0.06612999999999983,0.0064367704999999924,0.006264268751266625,1.554975646627039,0.0,0.05239999999999867,0.0,-0.004974260915164736,0.0,0.04749999999999943,0.0,-0.004508060440520505,0.0,0.03880000000000017,0.0,0.0036673528912634294,0.0,0.18475000000000108,0.0,0.01734325222322015,0
random_walk,0,south_korea,5099,6.543333333333324,63.522499999999994,0.004927662591232698,1.361519324793243,1.0,0.0,0.0,0.0,0.0,7.2000000000000455,0.0,0.005406027356737393,0.0,3.349999999999909,0.0,0.0025189403698171135,0.0,10.099999999999909,0.0,0.007575225604282587,0
random_walk,0,sweden,5099,0.11185833333333364,0.017774227916666777,0.010767673768374201,2.605500444150013,0.0,0.03455000000000119,0.0,-0.003308716522736,0.0,0.004450000000000287,0.0,-0.0004255451464811982,0.0,0.11195000000000022,0.0,-0.01076098307084595,0.0,0.09164999999999957,0.0,0.008724285421158634,0
random_walk,0,switzerland,5099,0.008009999999999998,9.380233333333331e-05,0.009093569868010952,1.8296945142501355,0.0,0.0012499999999999734,0.0,0.0014275519911853237,0.0,0.005750000000000033,0.0,0.0065499308637326885,0.0,0.005550000000000055,0.0,0.00632282588347987,0.0,0.023249999999999993,0.0,0.02622453963601358,0
random_walk,0,taiwan,5099,0.19596666666666696,0.06187260000000019,0.006217975173137078,3.702886697331883,1.0,0.0,0.0,0.0,0.0,0.0030000000000001137,0.0,-9.567241771495016e-05,0.0,0.2510000000000012,0.0,0.00797234561765515,0.0,0.6030000000000015,0.0,0.019046690758222743,0
random_walk,0,uk,5099,0.0046351649333333245,3.3675243251731256e-05,0.005879561462138239,1.5636010607870112,0.0,0.0011607169999999778,0.0,0.0014653756695610272,0.0,0.00301864900000004,0.0,0.0038065071951669588,0.0,0.0009698790000000068,0.0,-0.0012260964772102213,0.0,0.0019783939999999944,0.0,0.0024963844163598202,0
random_walk,0,australia,5104,0.007229333333333354,0.00010381896000000079,0.004739351621466537,1.0420435932446102,0.0,0.0023400000000000087,0.0,-0.0015283731682420696,0.0,0.007940000000000058,0.0,-0.005195530715540295,0.0,0.02083999999999997,0.0,-0.013694613381398579,0.0,0.0005899999999998684,0.0,0.000384990592061545,0
random_walk,0,canada,5104,0.005215000000000043,3.7728916666667155e-05,0.0038578176496476767,1.0785255186133091,0.0,0.001100000000000101,0.0,0.0008155397842289279,0.0,0.0020000000000000018,0.0,0.0014823052556641992,0.0,0.0004999999999999449,0.0,-0.0003709198855581943,0.0,0.0050000000000001155,0.0,0.003701651459750884,0
random_walk,0,denmark,5104,0.05258833333333352,0.003633926083333354,0.007636968410723938,2.140129849652362,0.0,0.002449999999999619,0.0,0.000353952899066077,0.0,0.03244999999999987,0.0,-0.004699927181412978,0.0,0.10020000000000007,0.0,-0.014584349911352016,0.0,0.014100000000000001,0.0,-0.002039473915334126,0
random_walk,0,eurozone,5104,0.014139999999999976,0.0002586684999999993,0.00782687270977252,2.189227984123,0.0,0.0006999999999999229,0.0,0.0003854413350951085,0.0,0.008399999999999963,0.0,-0.004636921448882439,0.0,0.026249999999999885,0.0,-0.014562354280197027,0.0,0.0047999999999999154,0.0,-0.002647036039771407,0
random_walk,0,japan,5104,1.087833333333335,1.991435833333346,0.007265804783181992,2.3269183248383265,0.0,0.0700000000000216,0.0,-0.00046604528140481314,0.0,0.29999999999998295,0.0,0.0019948804700513807,0.0,2.0950000000000273,0.0,-0.014042962235818494,0.0,1.1099999999999852,0.0,0.007361264091815167,0
random_walk,0,norway,5104,0.10024833333333318,0.019805068416666616,0.009456839271876604,2.3572314675379267,0.0,0.01655000000000051,0.0,-0.001575489334350877,0.0,0.020749999999999602,0.0,0.0019718108794572636,0.0,0.08425000000000082,0.0,-0.008046209781820884,0.0,0.33564999999999934,0.0,0.031428208837002675,0
random_walk,0,south_korea,5104,7.475000000000023,104.0809166666672,0.005616974341134611,1.5553780366015593,0.0,0.2999999999999545,0.0,-0.00022466861473963785,0.0,4.400000000000091,0.0,-0.003300209258208015,0.0,4.600000000000136,0.0,-0.003450477863622421,0.0,10.799999999999955,0.0,0.008054635782808347,0
random_walk,0,sweden,5104,0.12998833333333337,0.021730082416666706,0.012480083558412548,3.0277999871949857,0.0,0.037499999999999645,0.0,-0.003593265781473427,0.0,0.13845000000000063,0.0,-0.01333099522524845,0.0,0.21475000000000044,0.0,-0.020754399797766734,0.0,0.23765000000000036,0.0,0.02247636295657556,0
random_walk,0,switzerland,5104,0.006726666666666655,0.0001056303333333328,0.007572408079984152,1.5365474530823005,0.0,0.0012999999999999678,0.0,0.0014749265210678467,0.0,0.00029999999999996696,0.0,0.0003405607933925783,0.0,0.0017000000000000348,0.0,-0.0019320383325484405,0.0,0.019949999999999912,0.0,0.022398421568350126,0
random_walk,0,taiwan,5104,0.2963000000000007,0.12361781666666723,0.009387332273952784,5.598734453577672,0.0,0.03950000000000031,0.0,0.0012589542782027855,0.0,0.2134999999999998,0.0,0.006785936138914832,0.0,0.17050000000000054,0.0,0.005422911916480519,0.0,0.6480000000000032,0.0,0.020455581530847432,0
random_walk,0,uk,5104,0.006703328100000028,6.332281551907576e-05,0.00848732756972515,2.26126385548613,0.0,9.468099999998536e-05,0.0,-0.00011917260733886059,0.0,0.005796770999999978,0.0,-0.007322560605883177,0.0,0.012642213999999985,0.0,-0.01603943733256793,0.0,0.0029246640000000212,0.0,-0.003687773595334762,0
random_walk,0,australia,5109,0.008147666666666657,8.747004333333314e-05,0.005342713968358036,1.1744131109220723,0.0,0.004899999999999904,0.0,0.00320949761985822,0.0,0.006420000000000092,0.0,0.004203007208550385,0.0,0.005670000000000064,0.0,-0.0037267491298609034,0.0,0.0025500000000000522,0.0,-0.0016743328741857862,0
random_walk,0,canada,5109,0.004643333333333377,2.9102000000000417e-05,0.003431732619278619,0.9602978890561465,0.0,0.0013000000000000789,0.0,0.0009623214896169623,0.0,0.0050000000000001155,0.0,0.0036961786674470803,0.0,0.0016000000000000458,0.0,0.0011842642293013908,0.0,0.010150000000000103,0.0,0.007489013660039915,0
random_walk,0,denmark,5109,0.029295000000000057,0.0014097954166666783,0.004264173413833424,1.1921865549183757,0.0,0.01905000000000001,0.0,-0.0027694506061743842,0.0,0.008750000000000036,0.0,-0.0012711050518241123,0.0,0.03900000000000059,0.0,-0.00567798690840762,0.0,0.006699999999999484,0.0,0.0009722122219740152,0
random_walk,0,eurozone,5109,0.0077166666666666755,9.985216666666677e-05,0.004282070003888763,1.1947342723349266,0.0,0.0050000000000001155,0.0,-0.002770315094200992,0.0,0.0022999999999999687,0.0,-0.0012733918230497774,0.0,0.01100000000000012,0.0,-0.006104855655836833,0.0,0.0005999999999999339,0.0,0.00033192266506706637,0
random_walk,0,japan,5109,1.236500000000002,2.419482500000004,0.008248199164796874,2.6449221774131373,0.0,0.21000000000000796,0.0,0.0013940522703743087,0.0,0.4099999999999966,0.0,-0.0027273348908653425,0.0,2.344999999999999,0.0,-0.015700381088925824,0.0,1.0200000000000102,0.0,0.0067529800803068606,0
random_walk,0,norway,5109,0.13359166666666672,0.030184444583333372,0.012561727532627999,3.1412639990773394,0.0,0.01670000000000016,0.0,-0.001586645907589266,0.0,0.01735000000000042,0.0,-0.0016484525147353142,0.0,0.02490000000000059,0.0,0.002361052286116446,0.0,0.20674999999999955,0.0,0.019437346198821655,0
random_walk,0,south_korea,5109,9.736666666666663,150.68399999999994,0.007300641921404571,2.0259795963938187,0.0,0.049999999999954525,0.0,-3.7565034470292516e-05,0.0,0.5499999999999545,0.0,0.00041312227128786867,0.0,13.349999999999909,0.0,-0.010080311878375336,0.0,21.75,0.0,0.016208414154788513,0
random_walk,0,sweden,5109,0.16204333333333346,0.04548221066666674,0.01551058219596797,3.77445259901555,0.0,0.02484999999999893,0.0,-0.002411668397625604,0.0,0.0008999999999996788,0.0,-8.724269469128936e-05,0.0,0.015550000000001063,0.0,0.0015061593128447655,0.0,0.33610000000000007,0.0,0.032059438572451034,0
random_walk,0,switzerland,5109,0.01048,0.00019606133333333327,0.011772904919014674,2.393907429380952,0.0,0.0004999999999999449,0.0,-0.0005676657736453323,0.0,0.0040000000000000036,0.0,0.00452976257242591,0.0,0.0023999999999999577,0.0,0.0027203190479193388,0.0,0.02090000000000003,0.0,0.02344470813894783,0
random_walk,0,taiwan,5109,0.2216166666666671,0.08216565833333352,0.006981700693508885,4.187556082192725,0.0,0.00999999999999801,0.0,-0.000316816629186473,0.0,0.04899999999999949,0.0,0.0015509522472110734,0.0,0.08099999999999952,0.0,-0.002569105556941874,0.0,0.5094999999999992,0.0,0.01601039737359645,0
random_walk,0,uk,5109,0.0037668632666666645,2.1540441913524996e-05,0.004782300123376675,1.270692949293606,0.0,0.0003730870000000497,0.0,-0.00047313026139479377,0.0,0.0015583369999999652,0.0,0.0019737883628574357,0.0,0.004330829000000036,0.0,-0.005505971627778573,0.0,0.004064525999999957,0.0,0.0051399769456997625,0
ridge_feat_6f,0,australia,5094,0.011617435888084194,0.00020826420907734872,0.007592250470644712,1.6745492397327704,1.0,0.009561293049373365,0.000950477728659615,0.0071582452992853115,0.0,0.00476379661786086,0.002866717566845742,-0.00023471117593732734,0.0,0.010495995427363347,0.0028616465239144884,-0.003984511421466864,0.0,0.016288825886222824,0.003077974951296192,-0.0075644909850468445,0
ridge_feat_6f,0,canada,5094,0.00324979448933788,1.678715066560954e-05,0.0024056776546838533,0.6720970828379256,1.0,0.0024187476291721577,0.0045843484030245844,0.00637251610023277,1.0,0.0050716468307996365,0.004429237444817176,0.0006687969336007396,1.0,0.000641515572182394,0.004036825673190553,0.0035617594141290295,1.0,0.004293473758889554,0.002677346541672172,0.00585533840122836,0
ridge_feat_6f,0,denmark,5094,0.04291050436030203,0.002603877379321025,0.006231016415170027,1.7462818352318934,1.0,0.04694970131712761,0.0006880626847281452,0.007463205983752149,1.0,0.0005925128471000463,0.001376649194689949,0.0014623801753336125,0.0,0.015586559860099491,0.0013374461401531028,-0.0009205133780137824,0.0,0.05991521098731489,0.0011028055800214923,-0.007606922148817015,0
ridge_feat_6f,0,eurozone,5094,0.010645644020548121,0.00015838550668059934,0.005893605073435352,1.6482137057139794,1.0,0.01216690886336158,0.0004047953887790397,0.007099253854666844,1.0,0.002041528558028416,0.00030838943641847065,0.0014349184282758539,0.0,0.0019206610229860477,0.00023229898948565032,-0.0008287751178842344,0.0,0.01438788891844145,4.853880399145221e-05,-0.007929068433687556,0
ridge_feat_6f,0,japan,5094,1.4808672997220347,2.8947576910854957,0.009935445770351322,3.167633451549301,0.0,0.656677587326925,-0.00034859779589115655,0.004072091645529477,0.0,1.1513094270820545,-0.000649765426171771,0.0070902025884348715,1.0,2.1946644029000595,0.0002720045296827191,0.014961370198499606,0.0,1.3915633314434217,-0.0035238607231806523,0.005850526085713935,0
ridge_feat_6f,0,norway,5094,0.09049035784363871,0.011112934412556582,0.008567256411307882,2.127783195243076,1.0,0.08124751954726683,0.00033468575123904746,0.007958746843159387,0.0,0.058451486697887134,0.000593597856172834,-0.004926083436939399,0.0,0.1051467105906756,0.0005178078504366185,-0.009434143877459982,0.0,0.01964669071932512,0.0009650554249050294,-0.00088613209165791,0
ridge_feat_6f,0,south_korea,5094,8.99819941700952,91.77366072933205,0.006785774547968312,1.8723213033013404,1.0,8.039047784159038,0.00015948540328791143,0.006218339583605476,1.0,5.5047109516578985,0.00010984505432216529,0.004262790090490674,1.0,5.90400134441029,0.00011038151970469665,0.004563892881730177,0.0,8.584639894172142,-0.00047995781532101457,0.005992894328273314,0
ridge_feat_6f,0,sweden,5094,0.14662397718781264,0.028258481067506492,0.014080017749680743,3.4152917024738385,1.0,0.14002060974936725,0.0002698006859039001,0.013531544753913455,0.0,0.04303266415113782,0.0016087937618995349,-0.002497023252609783,0.0,0.1681905218650943,0.001757115796833133,-0.014384521859652784,0.0,0.1349065073962965,0.0014634686071646752,-0.011466899099972222,0
ridge_feat_6f,0,switzerland,5094,0.013393701663057233,0.00019809323722684533,0.015332039197326655,3.059473465468008,1.0,0.005309508750088399,0.0007396654395702601,0.006850327568657392,1.0,0.008307655584478435,0.0012611549820967264,0.010800978265397406,1.0,0.014956365861282461,0.001666395148245079,0.01876914791457419,0.0,0.018395875064350697,-0.00039965825423596887,0.02063814854358908,0
ridge_feat_6f,0,taiwan,5094,0.30320993227557597,0.10247094798990578,0.009675541754466412,5.729301027668632,0.0,0.1904023676431983,-0.0008301762316852074,0.005256232894785877,0.0,0.17169455312516746,-0.0008716090970962704,0.004618650585223109,0.0,0.32424737359946576,-0.00023221038924049834,0.010104476759868718,0.0,0.49776530642310846,-0.002751436837359403,0.013112854980763108,0
ridge_feat_6f,0,uk,5094,0.004910779180151233,4.049746680560284e-05,0.006223284705111599,1.6565752558568254,1.0,0.006948563680911124,0.0021446085420853338,0.010882623197563217,1.0,0.0006405905126091183,0.00266732708717579,0.0018583323584185328,1.0,0.0006518606473709943,0.001945838376126214,0.0027689881734933404,0.0,0.008043043014745677,0.0037368169151724743,-0.006457478881259417,0
ridge_feat_6f,0,australia,5099,0.007740904652668716,0.00010986839903021211,0.005070621746832358,1.1157820129884,1.0,0.0018877483753008129,-0.00029493506892814604,-0.0015269669187689696,1.0,0.00034660234876904283,-0.0006936310798613323,-0.000919816232088684,0.0,0.0032975779557991025,-0.0007681370119756809,0.001381395689736537,0.0,0.0013287847243348416,-0.0007885012917943497,7.824317984291168e-05,0
ridge_feat_6f,0,canada,5099,0.0035340674645656304,1.945795880733292e-05,0.0026140059328497666,0.7308881965551366,0.0,0.006468497775806714,0.003906113582600421,-0.0008918286793769926,1.0,0.0044495721997097615,0.00485361253537759,0.0015587889142064401,1.0,0.0038004860944900187,0.004742673919688217,0.007548601986410572,1.0,0.009736834748005352,0.002754561919570618,0.009941872518831081,0
ridge_feat_6f,0,denmark,5099,0.04841327825593457,0.0032175203246793873,0.007031472980107018,1.970222202295519,1.0,0.010272284997657977,6.188173051196587e-05,0.0015469248922918041,1.0,0.0032522133780554796,0.000831268877663377,0.0013013116163819586,0.0,0.02976389262143808,0.0009347867225579529,-0.0033768392728794725,0.0,0.017950818011613023,0.0002966771530803316,-0.0023031305220199633,0
ridge_feat_6f,0,eurozone,5099,0.014371197370854046,0.0002779351240103359,0.007951575755626923,2.225023157682363,1.0,0.0025379613901117537,0.00036504496363433864,0.0017632315778509087,1.0,0.0009620501072193921,0.0019074861440164957,0.001377790242755764,0.0,0.009588903296239737,0.0020323485439686074,-0.003259131206126664,0.0,0.007534959787922624,0.0013970436925013687,-0.002761288514131686,0
ridge_feat_6f,0,japan,5099,1.1825796776974424,1.9487664728467504,0.007909579203230634,2.5295844853215046,0.0,0.29094940059067653,-0.0010784276064143695,0.0008702055572906653,0.0,1.0155142815646059,-0.0007068580463243553,0.006075596202591931,1.0,0.2851094629411932,0.0004009946758284896,0.0023077319226860113,0.0,2.628260296147374,-0.004014478158771436,0.013502932312931152,0
ridge_feat_6f,0,norway,5099,0.06336245594816478,0.006312994168015009,0.00600206991887244,1.4898998322981258,1.0,0.030828872743937197,-0.002044722360763663,-0.004974260915164736,1.0,0.03810999355871303,-0.000889562808473821,-0.004508060440520505,0.0,0.04271573614394697,-0.0003708613066998462,0.0036673528912634294,0.0,0.1992362629644333,-0.0013726884557073121,0.01734325222322015,0
ridge_feat_6f,0,south_korea,5099,5.493812734422955,59.116436212056065,0.004138222901719032,1.1431378815148352,0.0,0.20627371846603637,0.00015528530264801013,0.0,1.0,5.2887108230818285,0.001437918589961078,0.005406027356737393,1.0,1.1277132827940477,0.0016716956455628408,0.0025189403698171135,1.0,9.059111998683647,0.000783346784422212,0.007575225604282587,0
ridge_feat_6f,0,sweden,5099,0.11697274311918614,0.019077871304765466,0.01125638038264512,2.724629672804744,0.0,0.037422958372298254,0.0002746394512590416,-0.003308716522736,0.0,0.013220011241457996,0.000838129964456433,-0.0004255451464811982,0.0,0.12026924756596102,0.0007950686289674093,-0.01076098307084595,1.0,0.08609752933894299,0.000530718529920377,0.008724285421158634,0
ridge_feat_6f,0,switzerland,5099,0.00890502800875919,0.00011381764641244387,0.010117626042207698,2.03414243406623,0.0,0.0017766637111141792,-0.0006020825994881283,0.0014275519911853237,0.0,0.006202635618672514,-0.0005174316946045243,0.0065499308637326885,1.0,0.005410315013867684,0.0001596272430449551,0.00632282588347987,0.0,0.02551482914958203,-0.002591731808237147,0.02622453963601358,0
ridge_feat_6f,0,taiwan,5099,0.21092035434249728,0.07239511253661887,0.0066955573694039245,3.985443991961349,0.0,0.0370045444817535,-0.001180745100953318,0.0,1.0,0.0015433882810178545,-0.00014489587984399999,-9.567241771495016e-05,1.0,0.2275668947439442,0.0007469858012093581,0.00797234561765515,0.0,0.6722408878408181,-0.0022104834080593177,0.019046690758222743,0
ridge_feat_6f,0,uk,5099,0.005443902437540852,4.723116931998862e-05,0.006900143103536451,1.8364161251190907,1.0,0.0007403093066813415,0.0005310020729344293,0.0014653756695610272,1.0,0.001566828058961356,0.0018325504293580787,0.0038065071951669588,0.0,0.002227500050442588,0.0015876175025204518,-0.0012260964772102213,1.0,0.00015939660889230378,0.0022954846608739714,0.0024963844163598202,0
ridge_feat_6f,0,australia,5104,0.007273284356922731,0.000109540688360005,0.004767985088068924,1.0483787392997355,1.0,0.001077939974557074,-0.0008240254806233726,-0.0015283731682420696,0.0,0.008076263216740376,8.892851370721892e-05,-0.005195530715540295,0.0,0.021424319933372793,0.0003812849049846875,-0.013694613381398579,0.0,0.0009129982455726715,-0.00021082769023581872,0.000384990592061545,0
ridge_feat_6f,0,canada,5104,0.004511159311429743,2.8627256754628794e-05,0.0033335531924348133,0.9329626914490856,1.0,0.004678700761674426,0.004276916047715175,0.0008155397842289279,1.0,0.004669422490085839,0.004934530531260225,0.0014823052556641992,0.0,0.006828278353781192,0.004682716965962743,-0.0003709198855581943,1.0,0.0010777492801381516,0.0029049186489205885,0.003701651459750884,0
ridge_feat_6f,0,denmark,5104,0.05554230894375657,0.004097170801962439,0.008063600045791304,2.2603445622757845,0.0,0.0054106847328085905,-0.00042789905717520406,0.000353952899066077,0.0,0.03618219772855458,0.0005391428091748433,-0.004699927181412978,0.0,0.10600478089016274,0.0008384168738368776,-0.014584349911352016,1.0,0.013688969438021559,-5.939409422491333e-05,-0.002039473915334126,0
ridge_feat_6f,0,eurozone,5104,0.014424551511403169,0.00027483675402886954,0.007983433731779404,2.2332837218661656,1.0,0.00011970622106693973,0.00045134035617957786,0.0003854413350951085,0.0,0.009217471815218259,0.00045011034160044865,-0.004636921448882439,0.0,0.02693472765583027,0.0003770335020288808,-0.014562354280197027,0.0,0.005110545187585691,0.00017101398020571314,-0.002647036039771407,0
ridge_feat_6f,0,japan,5104,1.2651633518434011,2.5476579856215142,0.008447723316379987,2.706234215399067,1.0,0.10305382928567042,-0.0011525515037639025,-0.00046604528140481314,0.0,0.39997959490617063,-0.0006657095702405248,0.0019948804700513807,0.0,2.1697474491164144,0.0004974131226180775,-0.014042962235818494,0.0,1.7215075215889897,-0.004078646325838007,0.007361264091815167,0
ridge_feat_6f,0,norway,5104,0.09753534760666481,0.01886482758636981,0.009198889575551938,2.293438533398866,1.0,0.013608609915433334,-0.0002798264657546952,-0.001575489334350877,1.0,0.014788049005929338,0.0005669446830392012,0.0019718108794572636,0.0,0.09090328686495219,0.0006326656584324926,-0.008046209781820884,1.0,0.3291637829936995,0.0006167837681376382,0.031428208837002675,0
ridge_feat_6f,0,south_korea,5104,8.153383295263666,121.65784522777939,0.006124601213027419,1.6965342209293797,0.0,0.6613778637304222,0.00027056720763445513,-0.00022466861473963785,0.0,5.727427175414277,0.0009934987352500173,-0.003300209258208015,0.0,6.071191457305758,0.0011010383667013055,-0.003450477863622421,1.0,10.30812539889439,0.00036825342724211145,0.008054635782808347,0
ridge_feat_6f,0,sweden,5104,0.13753379222724652,0.024295353940148735,0.013201123106780014,3.2035553012029387,0.0,0.040495398082500245,0.000286464217026556,-0.003593265781473427,0.0,0.15390534217817553,0.0014771882948556331,-0.01333099522524845,0.0,0.23119332532393067,0.0015715434323655885,-0.020754399797766734,1.0,0.22570656320374383,0.0011417194789471751,0.02247636295657556,0
ridge_feat_6f,0,switzerland,5104,0.007151423745723525,0.00010455633551876641,0.00805325095175153,1.633573133162109,1.0,0.0008541309212012349,0.0005061098597192156,0.0014749265210678467,1.0,0.001928749905185656,0.0025273173004854814,0.0003405607933925783,0.0,0.004500726967573088,0.0031748888127232024,-0.0019320383325484405,1.0,0.019484422853667915,0.0005284747479821205,0.022398421568350126,0
ridge_feat_6f,0,taiwan,5104,0.31262082853550555,0.1451328392263239,0.009908519864278225,5.907124548186732,0.0,0.06587721461881912,-0.0008415849056304658,0.0012589542782027855,0.0,0.21667534623745155,-0.00010127432286792548,0.006785936138914832,1.0,0.15138501140727811,0.0006094358088718539,0.005422911916480519,0.0,0.7143925103820798,-0.0021196568356258625,0.020455581530847432,0
ridge_feat_6f,0,uk,5104,0.00706443552160421,6.86905904916924e-05,0.008941641480807538,2.3830778482133135,1.0,0.00046499278103318,-0.0007046536306713804,-0.00011917260733886059,0.0,0.006108360095505194,0.00039208915848887326,-0.007322560605883177,0.0,0.013022936447367517,0.00047906250335163754,-0.01603943733256793,0.0,0.0033595612619428117,0.0005472119459536944,-0.003687773595334762,0
ridge_feat_6f,0,australia,5109,0.007915829109984902,8.478702149492407e-05,0.005190706330704982,1.140995805414828,0.0,0.004932519828329207,-2.1334917852182035e-05,0.00320949761985822,1.0,0.00462104907274119,0.001179509008516417,0.004203007208550385,0.0,0.0076715857956071165,0.0013122824433332533,-0.0037267491298609034,0.0,0.004257182609173071,0.0011193734049910206,-0.0016743328741857862,0
ridge_feat_6f,0,canada,5109,0.004055264353469598,2.422414251157453e-05,0.0029946339662793257,0.8386780613499188,1.0,0.003988115685071403,0.003908748351141,0.0009623214896169623,1.0,0.0014982269435970252,0.0048010666287511645,0.0036961786674470803,1.0,0.004765916078682375,0.004703541300011194,0.0011842642293013908,1.0,0.006473714836900513,0.002718970244733245,0.007489013660039915,0
ridge_feat_6f,0,denmark,5109,0.03294778463524297,0.0017787755505207271,0.004794071120277706,1.3408399336570347,0.0,0.019226555279014512,2.5631412838613456e-05,-0.0027694506061743842,0.0,0.01636637015636655,0.001105109858035983,-0.0012711050518241123,0.0,0.04803465662204154,0.001310763668873084,-0.00567798690840762,1.0,0.0024331272553625993,0.0006192594136939821,0.0009722122219740152,0
ridge_feat_6f,0,eurozone,5109,0.009601788909994998,0.00014243164872244324,0.005324158447207413,1.4865986548375503,0.0,0.005677107447047192,0.0003745708593270822,-0.002770315094200992,0.0,0.005244041763441842,0.0016276020412033688,-0.0012733918230497774,0.0,0.014173110028374847,0.0017541305322237852,-0.006104855655836833,1.0,0.0016480175263722252,0.001243046792457284,0.00033192266506706637,0
ridge_feat_6f,0,japan,5109,1.4301456955938514,2.9835203277780264,0.009536143773192918,3.0591379435569017,0.0,0.3697129818619658,-0.001061532315444231,0.0013940522703743087,1.0,0.36517942065594866,-0.00029778625005065463,-0.0027273348908653425,0.0,2.4776290013405458,0.0008806630297496533,-0.015700381088925824,0.0,1.578435309218662,-0.0037165687955688607,0.0067529800803068606,0
ridge_feat_6f,0,norway,5109,0.12714328609872272,0.026937126302950722,0.011950157893526813,2.9896372828617643,0.0,0.020288016080579396,0.00034056458221336347,-0.001586645907589266,0.0,0.03044663226238775,0.0012425356172423832,-0.0016484525147353142,1.0,0.012211527152238943,0.0012038350215151862,0.002361052286116446,1.0,0.1911392670560197,0.0014808829720383931,0.019437346198821655,0
ridge_feat_6f,0,south_korea,5109,9.669703640880424,150.42657061345477,0.00725031850843725,2.0120461088256185,0.0,0.4001179215135835,0.0002630043065784771,-3.7565034470292516e-05,1.0,0.8007030382932498,0.0010142505378770142,0.00041312227128786867,0.0,14.86867635217368,0.001140310758607421,-0.010080311878375336,1.0,21.134829290062726,0.00046206273029067874,0.016208414154788513,0
ridge_feat_6f,0,sweden,5109,0.1550597127048491,0.04172727517169084,0.0148343460177286,3.6117841047955594,0.0,0.027523584112381982,0.0002591225448925289,-0.002411668397625604,0.0,0.016982127902343436,0.0015576606315390762,-8.724269469128936e-05,1.0,0.002234925437624824,0.0017224458923857983,0.0015061593128447655,1.0,0.3225111711265072,0.0013163269679321572,0.032059438572451034,0
ridge_feat_6f,0,switzerland,5109,0.0107175925995126,0.00021059757273410738,0.01204292929699416,2.448179823382779,1.0,0.0004737601826012572,-2.978288195826718e-05,-0.0005676657736453323,1.0,0.0034840343515050165,0.000585454430560245,0.00452976257242591,1.0,0.0013654543031644817,0.0011735301972153798,0.0027203190479193388,0.0,0.02213654583367497,-0.0014044769161539073,0.02344470813894783,0
ridge_feat_6f,0,taiwan,5109,0.2378163099954076,0.09680431083806132,0.007495263030135507,4.493656322625696,1.0,0.017663079623869038,-0.0008766576996862791,-0.000316816629186473,1.0,0.04544087776429251,0.00011273469610033008,0.0015509522472110734,0.0,0.11025668535029354,0.0009263244591439353,-0.002569105556941874,0.0,0.5677857911068962,-0.0018480048118681563,0.01601039737359645,0
ridge_feat_6f,0,uk,5109,0.003803606194704027,2.654439658259217e-05,0.004828968797985828,1.2830876066751558,0.0,0.0015003876937247362,0.0014282277814262425,-0.00047313026139479377,1.0,0.0005265036600651252,0.0026397779490246465,0.0019737883628574357,0.0,0.006071341549956366,0.002204277630374887,-0.005505971627778573,1.0,0.001403284550861028,0.003368375618998737,0.0051399769456997625,0
shrunk_ridge,0,australia,5094,0.011617435888084194,0.00020826420907734872,0.007592250470644712,1.6745492397327704,1.0,0.009561293049373365,0.000950477728659615,0.0071582452992853115,0.0,0.00476379661786086,0.002866717566845742,-0.00023471117593732734,0.0,0.010495995427363347,0.0028616465239144884,-0.003984511421466864,0.0,0.016288825886222824,0.003077974951296192,-0.0075644909850468445,0
shrunk_ridge,0,canada,5094,0.00324979448933788,1.678715066560954e-05,0.0024056776546838533,0.6720970828379256,1.0,0.0024187476291721577,0.0045843484030245844,0.00637251610023277,1.0,0.0050716468307996365,0.004429237444817176,0.0006687969336007396,1.0,0.000641515572182394,0.004036825673190553,0.0035617594141290295,1.0,0.004293473758889554,0.002677346541672172,0.00585533840122836,0
shrunk_ridge,0,denmark,5094,0.04291050436030203,0.002603877379321025,0.006231016415170027,1.7462818352318934,1.0,0.04694970131712761,0.0006880626847281452,0.007463205983752149,1.0,0.0005925128471000463,0.001376649194689949,0.0014623801753336125,0.0,0.015586559860099491,0.0013374461401531028,-0.0009205133780137824,0.0,0.05991521098731489,0.0011028055800214923,-0.007606922148817015,0
shrunk_ridge,0,eurozone,5094,0.010645644020548121,0.00015838550668059934,0.005893605073435352,1.6482137057139794,1.0,0.01216690886336158,0.0004047953887790397,0.007099253854666844,1.0,0.002041528558028416,0.00030838943641847065,0.0014349184282758539,0.0,0.0019206610229860477,0.00023229898948565032,-0.0008287751178842344,0.0,0.01438788891844145,4.853880399145221e-05,-0.007929068433687556,0
shrunk_ridge,0,japan,5094,1.4808672997220347,2.8947576910854957,0.009935445770351322,3.167633451549301,0.0,0.656677587326925,-0.00034859779589115655,0.004072091645529477,0.0,1.1513094270820545,-0.000649765426171771,0.0070902025884348715,1.0,2.1946644029000595,0.0002720045296827191,0.014961370198499606,0.0,1.3915633314434217,-0.0035238607231806523,0.005850526085713935,0
shrunk_ridge,0,norway,5094,0.09049035784363871,0.011112934412556582,0.008567256411307882,2.127783195243076,1.0,0.08124751954726683,0.00033468575123904746,0.007958746843159387,0.0,0.058451486697887134,0.000593597856172834,-0.004926083436939399,0.0,0.1051467105906756,0.0005178078504366185,-0.009434143877459982,0.0,0.01964669071932512,0.0009650554249050294,-0.00088613209165791,0
shrunk_ridge,0,south_korea,5094,8.99819941700952,91.77366072933205,0.006785774547968312,1.8723213033013404,1.0,8.039047784159038,0.00015948540328791143,0.006218339583605476,1.0,5.5047109516578985,0.00010984505432216529,0.004262790090490674,1.0,5.90400134441029,0.00011038151970469665,0.004563892881730177,0.0,8.584639894172142,-0.00047995781532101457,0.005992894328273314,0
shrunk_ridge,0,sweden,5094,0.14662397718781264,0.028258481067506492,0.014080017749680743,3.4152917024738385,1.0,0.14002060974936725,0.0002698006859039001,0.013531544753913455,0.0,0.04303266415113782,0.0016087937618995349,-0.002497023252609783,0.0,0.1681905218650943,0.001757115796833133,-0.014384521859652784,0.0,0.1349065073962965,0.0014634686071646752,-0.011466899099972222,0
shrunk_ridge,0,switzerland,5094,0.013393701663057233,0.00019809323722684533,0.015332039197326655,3.059473465468008,1.0,0.005309508750088399,0.0007396654395702601,0.006850327568657392,1.0,0.008307655584478435,0.0012611549820967264,0.010800978265397406,1.0,0.014956365861282461,0.001666395148245079,0.01876914791457419,0.0,0.018395875064350697,-0.00039965825423596887,0.02063814854358908,0
shrunk_ridge,0,taiwan,5094,0.30320993227557597,0.10247094798990578,0.009675541754466412,5.729301027668632,0.0,0.1904023676431983,-0.0008301762316852074,0.005256232894785877,0.0,0.17169455312516746,-0.0008716090970962704,0.004618650585223109,0.0,0.32424737359946576,-0.00023221038924049834,0.010104476759868718,0.0,0.49776530642310846,-0.002751436837359403,0.013112854980763108,0
shrunk_ridge,0,uk,5094,0.004910779180151233,4.049746680560284e-05,0.006223284705111599,1.6565752558568254,1.0,0.006948563680911124,0.0021446085420853338,0.010882623197563217,1.0,0.0006405905126091183,0.00266732708717579,0.0018583323584185328,1.0,0.0006518606473709943,0.001945838376126214,0.0027689881734933404,0.0,0.008043043014745677,0.0037368169151724743,-0.006457478881259417,0
shrunk_ridge,0,australia,5099,0.007740904652668716,0.00010986839903021211,0.005070621746832358,1.1157820129884,1.0,0.0018877483753008129,-0.00029493506892814604,-0.0015269669187689696,1.0,0.00034660234876904283,-0.0006936310798613323,-0.000919816232088684,0.0,0.0032975779557991025,-0.0007681370119756809,0.001381395689736537,0.0,0.0013287847243348416,-0.0007885012917943497,7.824317984291168e-05,0
shrunk_ridge,0,canada,5099,0.0035340674645656304,1.945795880733292e-05,0.0026140059328497666,0.7308881965551366,0.0,0.006468497775806714,0.003906113582600421,-0.0008918286793769926,1.0,0.0044495721997097615,0.00485361253537759,0.0015587889142064401,1.0,0.0038004860944900187,0.004742673919688217,0.007548601986410572,1.0,0.009736834748005352,0.002754561919570618,0.009941872518831081,0
shrunk_ridge,0,denmark,5099,0.04841327825593457,0.0032175203246793873,0.007031472980107018,1.970222202295519,1.0,0.010272284997657977,6.188173051196587e-05,0.0015469248922918041,1.0,0.0032522133780554796,0.000831268877663377,0.0013013116163819586,0.0,0.02976389262143808,0.0009347867225579529,-0.0033768392728794725,0.0,0.017950818011613023,0.0002966771530803316,-0.0023031305220199633,0
shrunk_ridge,0,eurozone,5099,0.014371197370854046,0.0002779351240103359,0.007951575755626923,2.225023157682363,1.0,0.0025379613901117537,0.00036504496363433864,0.0017632315778509087,1.0,0.0009620501072193921,0.0019074861440164957,0.001377790242755764,0.0,0.009588903296239737,0.0020323485439686074,-0.003259131206126664,0.0,0.007534959787922624,0.0013970436925013687,-0.002761288514131686,0
shrunk_ridge,0,japan,5099,1.1825796776974424,1.9487664728467504,0.007909579203230634,2.5295844853215046,0.0,0.29094940059067653,-0.0010784276064143695,0.0008702055572906653,0.0,1.0155142815646059,-0.0007068580463243553,0.006075596202591931,1.0,0.2851094629411932,0.0004009946758284896,0.0023077319226860113,0.0,2.628260296147374,-0.004014478158771436,0.013502932312931152,0
shrunk_ridge,0,norway,5099,0.06336245594816478,0.006312994168015009,0.00600206991887244,1.4898998322981258,1.0,0.030828872743937197,-0.002044722360763663,-0.004974260915164736,1.0,0.03810999355871303,-0.000889562808473821,-0.004508060440520505,0.0,0.04271573614394697,-0.0003708613066998462,0.0036673528912634294,0.0,0.1992362629644333,-0.0013726884557073121,0.01734325222322015,0
shrunk_ridge,0,south_korea,5099,5.493812734422955,59.116436212056065,0.004138222901719032,1.1431378815148352,0.0,0.20627371846603637,0.00015528530264801013,0.0,1.0,5.2887108230818285,0.001437918589961078,0.005406027356737393,1.0,1.1277132827940477,0.0016716956455628408,0.0025189403698171135,1.0,9.059111998683647,0.000783346784422212,0.007575225604282587,0
shrunk_ridge,0,sweden,5099,0.11697274311918614,0.019077871304765466,0.01125638038264512,2.724629672804744,0.0,0.037422958372298254,0.0002746394512590416,-0.003308716522736,0.0,0.013220011241457996,0.000838129964456433,-0.0004255451464811982,0.0,0.12026924756596102,0.0007950686289674093,-0.01076098307084595,1.0,0.08609752933894299,0.000530718529920377,0.008724285421158634,0
shrunk_ridge,0,switzerland,5099,0.00890502800875919,0.00011381764641244387,0.010117626042207698,2.03414243406623,0.0,0.0017766637111141792,-0.0006020825994881283,0.0014275519911853237,0.0,0.006202635618672514,-0.0005174316946045243,0.0065499308637326885,1.0,0.005410315013867684,0.0001596272430449551,0.00632282588347987,0.0,0.02551482914958203,-0.002591731808237147,0.02622453963601358,0
shrunk_ridge,0,taiwan,5099,0.21092035434249728,0.07239511253661887,0.0066955573694039245,3.985443991961349,0.0,0.0370045444817535,-0.001180745100953318,0.0,1.0,0.0015433882810178545,-0.00014489587984399999,-9.567241771495016e-05,1.0,0.2275668947439442,0.0007469858012093581,0.00797234561765515,0.0,0.6722408878408181,-0.0022104834080593177,0.019046690758222743,0
shrunk_ridge,0,uk,5099,0.005443902437540852,4.723116931998862e-05,0.006900143103536451,1.8364161251190907,1.0,0.0007403093066813415,0.0005310020729344293,0.0014653756695610272,1.0,0.001566828058961356,0.0018325504293580787,0.0038065071951669588,0.0,0.002227500050442588,0.0015876175025204518,-0.0012260964772102213,1.0,0.00015939660889230378,0.0022954846608739714,0.0024963844163598202,0
shrunk_ridge,0,australia,5104,0.007273284356922731,0.000109540688360005,0.004767985088068924,1.0483787392997355,1.0,0.001077939974557074,-0.0008240254806233726,-0.0015283731682420696,0.0,0.008076263216740376,8.892851370721892e-05,-0.005195530715540295,0.0,0.021424319933372793,0.0003812849049846875,-0.013694613381398579,0.0,0.0009129982455726715,-0.00021082769023581872,0.000384990592061545,0
shrunk_ridge,0,canada,5104,0.004511159311429743,2.8627256754628794e-05,0.0033335531924348133,0.9329626914490856,1.0,0.004678700761674426,0.004276916047715175,0.0008155397842289279,1.0,0.004669422490085839,0.004934530531260225,0.0014823052556641992,0.0,0.006828278353781192,0.004682716965962743,-0.0003709198855581943,1.0,0.0010777492801381516,0.0029049186489205885,0.003701651459750884,0
shrunk_ridge,0,denmark,5104,0.05554230894375657,0.004097170801962439,0.008063600045791304,2.2603445622757845,0.0,0.0054106847328085905,-0.00042789905717520406,0.000353952899066077,0.0,0.03618219772855458,0.0005391428091748433,-0.004699927181412978,0.0,0.10600478089016274,0.0008384168738368776,-0.014584349911352016,1.0,0.013688969438021559,-5.939409422491333e-05,-0.002039473915334126,0
shrunk_ridge,0,eurozone,5104,0.014424551511403169,0.00027483675402886954,0.007983433731779404,2.2332837218661656,1.0,0.00011970622106693973,0.00045134035617957786,0.0003854413350951085,0.0,0.009217471815218259,0.00045011034160044865,-0.004636921448882439,0.0,0.02693472765583027,0.0003770335020288808,-0.014562354280197027,0.0,0.005110545187585691,0.00017101398020571314,-0.002647036039771407,0
shrunk_ridge,0,japan,5104,1.2651633518434011,2.5476579856215142,0.008447723316379987,2.706234215399067,1.0,0.10305382928567042,-0.0011525515037639025,-0.00046604528140481314,0.0,0.39997959490617063,-0.0006657095702405248,0.0019948804700513807,0.0,2.1697474491164144,0.0004974131226180775,-0.014042962235818494,0.0,1.7215075215889897,-0.004078646325838007,0.007361264091815167,0
shrunk_ridge,0,norway,5104,0.09753534760666481,0.01886482758636981,0.009198889575551938,2.293438533398866,1.0,0.013608609915433334,-0.0002798264657546952,-0.001575489334350877,1.0,0.014788049005929338,0.0005669446830392012,0.0019718108794572636,0.0,0.09090328686495219,0.0006326656584324926,-0.008046209781820884,1.0,0.3291637829936995,0.0006167837681376382,0.031428208837002675,0
shrunk_ridge,0,south_korea,5104,8.153383295263666,121.65784522777939,0.006124601213027419,1.6965342209293797,0.0,0.6613778637304222,0.00027056720763445513,-0.00022466861473963785,0.0,5.727427175414277,0.0009934987352500173,-0.003300209258208015,0.0,6.071191457305758,0.0011010383667013055,-0.003450477863622421,1.0,10.30812539889439,0.00036825342724211145,0.008054635782808347,0
shrunk_ridge,0,sweden,5104,0.13753379222724652,0.024295353940148735,0.013201123106780014,3.2035553012029387,0.0,0.040495398082500245,0.000286464217026556,-0.003593265781473427,0.0,0.15390534217817553,0.0014771882948556331,-0.01333099522524845,0.0,0.23119332532393067,0.0015715434323655885,-0.020754399797766734,1.0,0.22570656320374383,0.0011417194789471751,0.02247636295657556,0
shrunk_ridge,0,switzerland,5104,0.007151423745723525,0.00010455633551876641,0.00805325095175153,1.633573133162109,1.0,0.0008541309212012349,0.0005061098597192156,0.0014749265210678467,1.0,0.001928749905185656,0.0025273173004854814,0.0003405607933925783,0.0,0.004500726967573088,0.0031748888127232024,-0.0019320383325484405,1.0,0.019484422853667915,0.0005284747479821205,0.022398421568350126,0
shrunk_ridge,0,taiwan,5104,0.31262082853550555,0.1451328392263239,0.009908519864278225,5.907124548186732,0.0,0.06587721461881912,-0.0008415849056304658,0.0012589542782027855,0.0,0.21667534623745155,-0.00010127432286792548,0.006785936138914832,1.0,0.15138501140727811,0.0006094358088718539,0.005422911916480519,0.0,0.7143925103820798,-0.0021196568356258625,0.020455581530847432,0
shrunk_ridge,0,uk,5104,0.00706443552160421,6.86905904916924e-05,0.008941641480807538,2.3830778482133135,1.0,0.00046499278103318,-0.0007046536306713804,-0.00011917260733886059,0.0,0.006108360095505194,0.00039208915848887326,-0.007322560605883177,0.0,0.013022936447367517,0.00047906250335163754,-0.01603943733256793,0.0,0.0033595612619428117,0.0005472119459536944,-0.003687773595334762,0
shrunk_ridge,0,australia,5109,0.007915829109984902,8.478702149492407e-05,0.005190706330704982,1.140995805414828,0.0,0.004932519828329207,-2.1334917852182035e-05,0.00320949761985822,1.0,0.00462104907274119,0.001179509008516417,0.004203007208550385,0.0,0.0076715857956071165,0.0013122824433332533,-0.0037267491298609034,0.0,0.004257182609173071,0.0011193734049910206,-0.0016743328741857862,0
shrunk_ridge,0,canada,5109,0.004055264353469598,2.422414251157453e-05,0.0029946339662793257,0.8386780613499188,1.0,0.003988115685071403,0.003908748351141,0.0009623214896169623,1.0,0.0014982269435970252,0.0048010666287511645,0.0036961786674470803,1.0,0.004765916078682375,0.004703541300011194,0.0011842642293013908,1.0,0.006473714836900513,0.002718970244733245,0.007489013660039915,0
shrunk_ridge,0,denmark,5109,0.03294778463524297,0.0017787755505207271,0.004794071120277706,1.3408399336570347,0.0,0.019226555279014512,2.5631412838613456e-05,-0.0027694506061743842,0.0,0.01636637015636655,0.001105109858035983,-0.0012711050518241123,0.0,0.04803465662204154,0.001310763668873084,-0.00567798690840762,1.0,0.0024331272553625993,0.0006192594136939821,0.0009722122219740152,0
shrunk_ridge,0,eurozone,5109,0.009601788909994998,0.00014243164872244324,0.005324158447207413,1.4865986548375503,0.0,0.005677107447047192,0.0003745708593270822,-0.002770315094200992,0.0,0.005244041763441842,0.0016276020412033688,-0.0012733918230497774,0.0,0.014173110028374847,0.0017541305322237852,-0.006104855655836833,1.0,0.0016480175263722252,0.001243046792457284,0.00033192266506706637,0
shrunk_ridge,0,japan,5109,1.4301456955938514,2.9835203277780264,0.009536143773192918,3.0591379435569017,0.0,0.3697129818619658,-0.001061532315444231,0.0013940522703743087,1.0,0.36517942065594866,-0.00029778625005065463,-0.0027273348908653425,0.0,2.4776290013405458,0.0008806630297496533,-0.015700381088925824,0.0,1.578435309218662,-0.0037165687955688607,0.0067529800803068606,0
shrunk_ridge,0,norway,5109,0.12714328609872272,0.026937126302950722,0.011950157893526813,2.9896372828617643,0.0,0.020288016080579396,0.00034056458221336347,-0.001586645907589266,0.0,0.03044663226238775,0.0012425356172423832,-0.0016484525147353142,1.0,0.012211527152238943,0.0012038350215151862,0.002361052286116446,1.0,0.1911392670560197,0.0014808829720383931,0.019437346198821655,0
shrunk_ridge,0,south_korea,5109,9.669703640880424,150.42657061345477,0.00725031850843725,2.0120461088256185,0.0,0.4001179215135835,0.0002630043065784771,-3.7565034470292516e-05,1.0,0.8007030382932498,0.0010142505378770142,0.00041312227128786867,0.0,14.86867635217368,0.001140310758607421,-0.010080311878375336,1.0,21.134829290062726,0.00046206273029067874,0.016208414154788513,0
shrunk_ridge,0,sweden,5109,0.1550597127048491,0.04172727517169084,0.0148343460177286,3.6117841047955594,0.0,0.027523584112381982,0.0002591225448925289,-0.002411668397625604,0.0,0.016982127902343436,0.0015576606315390762,-8.724269469128936e-05,1.0,0.002234925437624824,0.0017224458923857983,0.0015061593128447655,1.0,0.3225111711265072,0.0013163269679321572,0.032059438572451034,0
shrunk_ridge,0,switzerland,5109,0.0107175925995126,0.00021059757273410738,0.01204292929699416,2.448179823382779,1.0,0.0004737601826012572,-2.978288195826718e-05,-0.0005676657736453323,1.0,0.0034840343515050165,0.000585454430560245,0.00452976257242591,1.0,0.0013654543031644817,0.0011735301972153798,0.0027203190479193388,0.0,0.02213654583367497,-0.0014044769161539073,0.02344470813894783,0
shrunk_ridge,0,taiwan,5109,0.2378163099954076,0.09680431083806132,0.007495263030135507,4.493656322625696,1.0,0.017663079623869038,-0.0008766576996862791,-0.000316816629186473,1.0,0.04544087776429251,0.00011273469610033008,0.0015509522472110734,0.0,0.11025668535029354,0.0009263244591439353,-0.002569105556941874,0.0,0.5677857911068962,-0.0018480048118681563,0.01601039737359645,0
shrunk_ridge,0,uk,5109,0.003803606194704027,2.654439658259217e-05,0.004828968797985828,1.2830876066751558,0.0,0.0015003876937247362,0.0014282277814262425,-0.00047313026139479377,1.0,0.0005265036600651252,0.0026397779490246465,0.0019737883628574357,0.0,0.006071341549956366,0.002204277630374887,-0.005505971627778573,1.0,0.001403284550861028,0.003368375618998737,0.0051399769456997625,0
ridge_rich,0,australia,5094,0.011629633848133885,0.00020386512630200202,0.007599848682515133,1.6763074663263382,1.0,0.008429503515522407,0.001687317698925726,0.0071582452992853115,0.0,0.004194079920769145,0.0024963144091356923,-0.00023471117593732734,0.0,0.013174471954352063,0.0046012391082076555,-0.003984511421466864,0.0,0.01629897942904157,0.003084573671695872,-0.0075644909850468445,0
ridge_rich,0,canada,5094,0.003490288240799074,1.873867897668882e-05,0.002583552307019428,0.7218341198499951,1.0,0.002573026347470808,0.004470182384672606,0.00637251610023277,1.0,0.0059228691019981294,0.0050590040457664555,0.0006687969336007396,1.0,0.002442848772082895,0.005369574922772587,0.0035617594141290295,1.0,0.004889319442385798,0.0022355076095798778,0.00585533840122836,0
ridge_rich,0,denmark,5094,0.04200322305905277,0.0025273636819740115,0.0060996776192845294,1.7093592010322616,1.0,0.046545639405357164,0.0007465676729043548,0.007463205983752149,1.0,1.3836028130320699e-05,0.0014643820293590174,0.0014623801753336125,0.0,0.022350515575903174,0.002315727929559899,-0.0009205133780137824,0.0,0.05642492411855926,0.0005975066154538797,-0.007606922148817015,0
ridge_rich,0,eurozone,5094,0.010381942768858206,0.0001537395452956493,0.005747955730536418,1.6073861130939069,1.0,0.012036152642673992,0.00047697862940908694,0.007099253854666844,1.0,0.0019706569196971113,0.0003475181468347023,0.0014349184282758539,0.0,0.0036086193351356766,0.0011638872645593464,-0.0008287751178842344,1.0,0.013442902206148188,-0.0004734767723262711,-0.007929068433687556,0
ridge_rich,0,japan,5094,1.5478469984135983,3.1821711439866776,0.010388182594519884,3.310905663846726,1.0,0.5991984054763861,3.912781427448308e-05,0.004072091645529477,0.0,1.1692465533159293,-0.0007708274847540498,0.0070902025884348715,1.0,2.0318783279336685,0.0013690069892481733,0.014961370198499606,0.0,1.4891784816424831,-0.004184763897760894,0.005850526085713935,0
ridge_rich,0,norway,5094,0.09541275289807162,0.012356641541850313,0.009029911234061062,2.2435280074723303,1.0,0.06879974796106403,0.0015065302219562384,0.007958746843159387,0.0,0.055308914235514095,0.0002976126672430504,-0.004926083436939399,0.0,0.14050916055936113,0.0038426687830038792,-0.009434143877459982,0.0,0.03269411528605559,0.0021925435742770594,-0.00088613209165791,0
ridge_rich,0,south_korea,5094,9.853229915271102,113.04135721386716,0.007432783398226569,2.0502337658592733,0.0,8.992316373360154,-0.0005614129486385143,0.006218339583605476,1.0,5.094491755918625,0.0004199241014625734,0.004262790090490674,0.0,6.776798567527976,-0.0005496736253056084,0.004563892881730177,0.0,10.832909865434658,-0.0021821082868032802,0.005992894328273314,0
ridge_rich,0,sweden,5094,0.14680176155101302,0.027966950017478866,0.014096353729681122,3.4194328086702015,1.0,0.13457118128149403,0.0007892339634815715,0.013531544753913455,0.0,0.043288736236076986,0.0016331756333556235,-0.002497023252609783,0.0,0.19116918875165823,0.003942339519072189,-0.014384521859652784,0.0,0.13830935067399786,0.0017874684489622512,-0.011466899099972222,0
ridge_rich,0,switzerland,5094,0.013163534052282844,0.00019316179659906185,0.015066986205521776,3.006897134033306,1.0,0.005052296068587925,0.0010365512404430085,0.006850327568657392,1.0,0.007994288966171825,0.0016226557875387276,0.010800978265397406,1.0,0.013053808204949946,0.0038582955725854954,0.01876914791457419,0.0,0.01819335510872111,-0.00016562728836387226,0.02063814854358908,0
ridge_rich,0,taiwan,5094,0.28904757896593886,0.09659409600934513,0.009221713435201012,5.461696385689541,0.0,0.20072373285688627,-0.001161170240509683,0.005256232894785877,0.0,0.1455618077595453,-3.401761452335482e-05,0.004618650585223109,1.0,0.268296929285885,0.0015590797268647345,0.010104476759868718,0.0,0.49706283079493474,-0.0027288699392113737,0.013112854980763108,0
ridge_rich,0,uk,5094,0.005000576914255395,4.362965970626841e-05,0.006336261114423721,1.6868671298938869,1.0,0.007023139734393835,0.0020504116886806397,0.010882623197563217,1.0,0.001146309446907967,0.0033055320141994766,0.0018583323584185328,1.0,0.0009944216949634432,0.004023409842568938,0.0027689881734933404,0.0,0.00835997034838587,0.004136391617243091,-0.006457478881259417,0
ridge_rich,0,australia,5099,0.007267662801917833,9.324334760595596e-05,0.004761461827052312,1.0475684425397402,0.0,0.002462697518767598,8.000196320601584e-05,-0.0015269669187689696,1.0,0.0010521880808254114,-0.0016067648368945882,-0.000919816232088684,0.0,0.002577644802649326,-0.000298452744956348,0.001381395689736537,0.0,0.0010550857342637165,-0.0006099104879623624,7.824317984291168e-05,0
ridge_rich,0,canada,5099,0.003384760365172242,1.677224819216339e-05,0.0025032230729387854,0.7000096698425955,0.0,0.00628849522883268,0.0037729094448159606,-0.0008918286793769926,1.0,0.004893519572134686,0.005181752313887552,0.0015587889142064401,1.0,0.0016668738012217688,0.0063189054584257345,0.007548601986410572,1.0,0.008668922563444204,0.0035453753946119424,0.009941872518831081,0
ridge_rich,0,denmark,5099,0.047357963587782624,0.0030651118537903714,0.006878828989038293,1.927275216168914,1.0,0.010131136229135862,8.230226890968563e-05,0.0015469248922918041,1.0,0.007271517263125915,0.0002500530470069513,0.0013013116163819586,0.0,0.031216709134592513,0.0011447680134071775,-0.0033768392728794725,0.0,0.017817747794304672,0.00027742950788405604,-0.0023031305220199633,0
ridge_rich,0,eurozone,5099,0.01397928701195592,0.00026457011939747584,0.007735813348826782,2.1643455675149323,1.0,0.00250538060845118,0.0003830064129047356,0.0017632315778509087,1.0,6.205423082406014e-05,0.0013436141220252139,0.001377790242755764,0.0,0.009968297250684932,0.002241136164044823,-0.003259131206126664,0.0,0.007466301834751166,0.0013592312572392677,-0.002761288514131686,0
ridge_rich,0,japan,5099,1.1821919106903798,1.8904431762276428,0.00790660022439686,2.528755036428137,0.0,0.1892676673942617,-0.00039698263713409016,0.0008702055572906653,0.0,1.1474470973070368,-0.0015914018703955836,0.006075596202591931,1.0,0.1324417971368348,0.0014224480977574016,0.0023077319226860113,0.0,2.576950602380151,-0.00366954459026711,0.013502932312931152,0
ridge_rich,0,norway,5099,0.058524584138945276,0.0054520159665448625,0.005543520352462881,1.3761424930445367,1.0,0.034702474802834615,-0.0016772363689415135,-0.004974260915164736,1.0,0.03205189554248733,-0.001463897318355276,-0.004508060440520505,1.0,0.027260166566746236,0.0010921440847578051,0.0036673528912634294,0.0,0.1899960155920848,-0.0004968840372067974,0.01734325222322015,0
ridge_rich,0,south_korea,5099,5.93309531980329,63.99411920409497,0.004468572822528421,1.2345426286937142,0.0,0.01584951692825598,1.1932559658145765e-05,0.0,1.0,6.014615041906836,0.0008920431616226844,0.005406027356737393,1.0,1.4222367850788942,0.0014503035060779107,0.0025189403698171135,1.0,9.494651616354076,0.00045564500819451686,0.007575225604282587,0
ridge_rich,0,sweden,5099,0.11311882350877749,0.018049662126166873,0.010887975237744497,2.634860864729308,0.0,0.03852242015167562,0.0003797221629748578,-0.003308716522736,0.0,0.007996030923395736,0.00033897068255235076,-0.0004255451464811982,0.0,0.12756268642019286,0.0014915813066905185,-0.01076098307084595,1.0,0.08269615290042687,0.0008556912233705677,0.008724285421158634,0
ridge_rich,0,switzerland,5099,0.008721387202729984,0.00010861231331351943,0.009907886765179981,1.992194047626266,1.0,0.0011483314820993629,0.00011618584205008798,0.0014275519911853237,0.0,0.0068188352902261995,-0.0012222727170273346,0.0065499308637326885,1.0,0.0038758881977881687,0.0019114426600762603,0.00632282588347987,0.0,0.02465009368594584,-0.0016013886082179773,0.02622453963601358,0
ridge_rich,0,taiwan,5099,0.185322015761277,0.05874854756476702,0.005879347195758873,3.501750775056103,0.0,0.03927906389143132,-0.0012533662183893523,0.0,0.0,0.0037769850908553337,2.4777188486092514e-05,-9.567241771495016e-05,1.0,0.17006441716850773,0.0025776524942620173,0.00797234561765515,0.0,0.6375934618605648,-0.001103769535448107,0.019046690758222743,0
ridge_rich,0,uk,5099,0.005862654039831708,5.199267673798356e-05,0.007427845807517964,1.9776754889099235,1.0,0.0007840749156785565,0.0004757364285887814,0.0014653756695610272,1.0,0.0016227553352649027,0.001762018787942125,0.0038065071951669588,0.0,0.003384690796220391,0.00304622875228202,-0.0012260964772102213,1.0,0.0006142522795662408,0.003270196382445305,0.0024963844163598202,0
ridge_rich,0,australia,5104,0.007061412146880807,0.0001013043076332089,0.004629713539027367,1.0178392595329389,1.0,0.0011360119193457585,-0.0007860941820421329,-0.0015283731682420696,1.0,0.007789728562795695,-9.80797714535794e-05,-0.005195530715540295,0.0,0.02116101369685275,0.00020948830363931722,-0.013694613381398579,0.0,0.001337766867655077,-0.0004881507064739025,0.000384990592061545,0
ridge_rich,0,canada,5104,0.0044596838434755115,2.936385056327007e-05,0.003295242922767411,0.9223169377058067,1.0,0.004729546236120319,0.004314466595783757,0.0008155397842289279,1.0,0.005261598058179384,0.005371490980005431,0.0014823052556641992,0.0,0.00785156950833632,0.005437863310947768,-0.0003709198855581943,1.0,0.0008249891833931322,0.0030918300986032127,0.003701651459750884,0
ridge_rich,0,denmark,5104,0.05259957664764719,0.0037346246106658865,0.00763851447737275,2.1405874065104427,0.0,0.004704368159403671,-0.0003258005688175981,0.000353952899066077,0.0,0.03417016793797245,0.0002485267452181058,-0.004699927181412978,0.0,0.10356987568817821,0.00048681552189604155,-0.014584349911352016,1.0,0.010648227199199667,-0.0004988922786742016,-0.002039473915334126,0
ridge_rich,0,eurozone,5104,0.01354401713427833,0.0002465678644777647,0.00749847695096449,2.0969548322350473,1.0,0.00037756254075427265,0.0005932771173132801,0.0003854413350951085,0.0,0.008559539691464169,8.786048902617214e-05,-0.004636921448882439,1.0,0.026117804289327307,-7.280766799482586e-05,-0.014562354280197027,1.0,0.004211920556902227,-0.00032392933847308564,-0.002647036039771407,0
ridge_rich,0,japan,5104,1.2753500916784892,2.5372038674328987,0.008515639194902523,2.7280240529286766,1.0,0.040045870382812154,-0.0007327599687894216,-0.00046604528140481314,0.0,0.4278637903694289,-0.000851454276166085,0.0019948804700513807,0.0,2.247868663723324,0.0010170129609833917,-0.014042962235818494,0.0,1.7210181986138195,-0.004075375969245449,0.007361264091815167,0
ridge_rich,0,norway,5104,0.09665577427518404,0.01834308336918326,0.009115279748457637,2.272756314891756,1.0,0.011519266082405721,-0.00047864186299432864,-0.001575489334350877,1.0,0.009937452449028328,0.0010279694109699682,0.0019718108794572636,0.0,0.10022049698490498,0.0015179734191265346,-0.008046209781820884,1.0,0.3235610778930127,0.0011492470580054949,0.031428208837002675,0
ridge_rich,0,south_korea,5104,8.099223039028773,124.66534665961764,0.006084056216572365,1.6852646994572105,0.0,0.399884709995149,7.479199876695603e-05,-0.00022466861473963785,0.0,5.832831762360911,0.0010723453924860963,-0.003300209258208015,0.0,5.695728273581835,0.0008201572505586247,-0.003450477863622421,1.0,10.752359330758509,3.5673233365610977e-05,0.008054635782808347,0
ridge_rich,0,sweden,5104,0.13903446581301004,0.024810235017960758,0.013344373733975843,3.2385102802171475,0.0,0.037803729206752124,2.905081277132933e-05,-0.003593265781473427,0.0,0.1578058037309411,0.001849641423541266,-0.01333099522524845,0.0,0.23501373638039347,0.0019363195593603117,-0.020754399797766734,1.0,0.22428861756925045,0.0012771798815468533,0.02247636295657556,0
ridge_rich,0,switzerland,5104,0.007179316633902314,0.00010444520013379869,0.008084732052035835,1.6399446018871182,1.0,0.0004807898996374016,0.0009296955451355478,0.0014749265210678467,1.0,0.001837099138353393,0.002423514662290448,0.0003405607933925783,0.0,0.005180877938502859,0.003944385454846269,-0.0019320383325484405,1.0,0.019277539309371372,0.0007632178328418443,0.022398421568350126,0
ridge_rich,0,taiwan,5104,0.2939860251148172,0.13335139839495183,0.009314190964177398,5.555010758287796,0.0,0.07217657905086838,-0.0010426756884301409,0.0012589542782027855,1.0,0.19865764786219842,0.0004732452162695409,0.006785936138914832,1.0,0.12197181860489792,0.0015464804300794565,0.005422911916480519,0.0,0.7002221018843109,-0.0016668730456462198,0.020455581530847432,0
ridge_rich,0,uk,5104,0.007129187349342314,6.974787459487075e-05,0.00902305419186983,2.4049208738651293,1.0,0.0003571746080341942,-0.0005688672424006403,-0.00011917260733886059,0.0,0.0060373116137678595,0.000302698598557546,-0.007322560605883177,0.0,0.013374719090127551,0.0009215061888917239,-0.01603943733256793,0.0,0.0035422143443537557,0.0007769469617075784,-0.003687773595334762,0
ridge_rich,0,australia,5109,0.007850292899175649,8.236416601210353e-05,0.005147745035845313,1.131549348120567,0.0,0.005044176193861327,-9.459151783574527e-05,0.00320949761985822,1.0,0.005467867575056351,0.0006244531315620723,0.004203007208550385,0.0,0.0068042514479109695,0.0007438509209120011,-0.0037267491298609034,0.0,0.004217601982459129,0.0010934351796408602,-0.0016743328741857862,0
ridge_rich,0,canada,5109,0.004147420089577647,2.5115369805396913e-05,0.0030624031123906584,0.8577369900323972,1.0,0.0042684032867508215,0.004115499179161412,0.0009623214896169623,1.0,0.0011326261834778695,0.004531561925790873,0.0036961786674470803,1.0,0.005221937310841529,0.005039630976561281,0.0011842642293013908,1.0,0.0059168488865941615,0.00313018278202137,0.007489013660039915,0
ridge_rich,0,denmark,5109,0.032243526138905756,0.0017079014276433107,0.004691911604106064,1.3121794963632898,1.0,0.019004980304554664,-6.535839458503033e-06,-0.0027694506061743842,0.0,0.013766921351010986,0.0007280757856831658,-0.0012711050518241123,0.0,0.04787271371328039,0.0012872838262955638,-0.00567798690840762,1.0,3.4589504092075174e-05,0.0009671954934223036,0.0009722122219740152,0
ridge_rich,0,eurozone,5109,0.009439907549127595,0.00013704008153748,0.005234714959563795,1.4615353447018478,0.0,0.005619562871133521,0.0003427430778521233,-0.002770315094200992,0.0,0.004561724324100513,0.0012506212624139106,-0.0012733918230497774,0.0,0.01409295656315801,0.0017098586645753744,-0.006104855655836833,1.0,0.002246076933363428,0.0015734851526659438,0.00033192266506706637,0
ridge_rich,0,japan,5109,1.4195389478877918,2.9000817855841174,0.00946624736400036,3.0364496926567943,0.0,0.30234820631989123,-0.0006136549253242912,0.0013940522703743087,1.0,0.22296802694347662,-0.0012432208999577383,-0.0027273348908653425,0.0,2.4056351595900765,0.0004027166507148888,-0.015700381088925824,0.0,1.6096544629740208,-0.003924750677608709,0.0067529800803068606,0
ridge_rich,0,norway,5109,0.12647292770908453,0.026653043971008854,0.011886719971968156,2.9738745281301826,0.0,0.0253353351916612,0.0008194459287563285,-0.001586645907589266,0.0,0.02459975017089633,0.0006880067325257163,-0.0016484525147353142,1.0,0.0009450544052782561,0.00227154262558775,0.002361052286116446,1.0,0.17872214797305297,0.0026572457989944417,0.019437346198821655,0
ridge_rich,0,south_korea,5109,9.33747114836727,141.69781628407762,0.007001006243397859,1.942916059073063,1.0,0.006292139763218074,-4.22924233778043e-05,-3.7565034470292516e-05,1.0,0.36599655757959226,0.0006879392349795653,0.00041312227128786867,0.0,13.925014746413808,0.0004319075757787122,-0.010080311878375336,1.0,21.295524185759177,0.0003413833014744284,0.016208414154788513,0
ridge_rich,0,sweden,5109,0.15166049743881813,0.040259438033369795,0.014505471105673823,3.5326066611355262,1.0,0.02099513738747838,-0.00037372975290220185,-0.002411668397625604,0.0,0.020930973961053922,0.0019397617973988474,-8.724269469128936e-05,1.0,0.004927038369677561,0.0019829150356811182,0.0015061593128447655,1.0,0.316456797857235,0.0019022463975980784,0.032059438572451034,0
ridge_rich,0,switzerland,5109,0.011102891794079668,0.00022243116541378338,0.012480481475950786,2.5361922856355084,0.0,0.0009846490521228102,0.0005499299731193012,-0.0005676657736453323,0.0,0.004422307204547615,-0.00047943754338716733,0.00452976257242591,1.0,0.0016345931958041682,0.0008683667503355295,0.0027203190479193388,0.0,0.022154145875185605,-0.0014244814040005754,0.02344470813894783,0
ridge_rich,0,taiwan,5109,0.23306920556578714,0.09111344196353562,0.007344712154759247,4.403957446065293,1.0,0.005751823481151774,-0.0004990894419371647,-0.000316816629186473,0.0,0.06220465971741618,-0.0004183668188969371,0.0015509522472110734,0.0,0.12996568283845633,0.0015498668787447887,-0.002569105556941874,0.0,0.5441968657143015,-0.001099684722907788,0.01601039737359645,0
ridge_rich,0,uk,5109,0.003747312105745548,2.5440794153688124e-05,0.004757738664279353,1.2640976681341305,0.0,0.001434958609511372,0.0013453884789495893,-0.00047313026139479377,1.0,0.00024223715838433968,0.0022802561852542057,0.0019737883628574357,0.0,0.006008361136538132,0.002124600556192681,-0.005505971627778573,1.0,0.0011156364338373859,0.003731777883508791,0.0051399769456997625,0
shrunk_rich,0,australia,5094,0.009203789841779704,0.00014489896304996892,0.006021781606359131,1.326643799086546,1.0,0.010501900703104416,0.0003376913799304684,0.0071582452992853115,0.0,0.0011268159841539838,0.0004997616575838039,-0.00023471117593732734,0.0,0.007514894390870497,0.0009219430925009319,-0.003984511421466864,0.0,0.012507795885808415,0.0006176763715176268,-0.0075644909850468445,0
shrunk_rich,0,canada,5094,0.004969120327806165,3.606535521947808e-05,0.0036813670396756955,1.0276746075932954,1.0,0.007394605269494203,0.0008956365086926741,0.00637251610023277,1.0,0.0004645738203996608,0.0010138503627239376,0.0006687969336007396,1.0,0.0033514302455832645,0.0010762240486392586,0.0035617594141290295,1.0,0.007297863888477085,0.00044750150021546594,0.00585533840122836,0
shrunk_rich,0,denmark,5094,0.03995379346476883,0.002256573569125192,0.005803046440256906,1.625955807703805,1.0,0.05066912788107114,0.00014935813030183355,0.007463205983752149,1.0,0.008077232794373224,0.0002930480092952246,0.0014623801753336125,0.0,0.00955010311518123,0.00046357479228019524,-0.0009205133780137824,0.0,0.05312498482371275,0.00011952988763638829,-0.007606922148817015,0
shrunk_rich,0,eurozone,5094,0.010312388553771708,0.00015200822961947393,0.0057095951747923816,1.5966173695238168,1.0,0.012727230528534417,9.541392830735418e-05,0.007099253854666844,1.0,0.0024741313839391488,6.951329154762226e-05,0.0014349184282758539,0.0,0.0019217238670272696,0.00023288584882377738,-0.0008287751178842344,1.0,0.01412858044123011,-9.467742174309925e-05,-0.007929068433687556,0
shrunk_rich,0,japan,5094,1.4486996122074107,2.714615298758957,0.00971773086109082,3.098825501607106,1.0,0.603839681095252,7.825685334945118e-06,0.004072091645529477,0.0,1.0778493106631686,-0.0001541179702779627,0.0070902025884348715,1.0,2.194375665586705,0.0002739513733139255,0.014961370198499606,0.0,0.9938356963284605,-0.0008355529721129506,0.005850526085713935,0
shrunk_rich,0,norway,5094,0.08702921724628178,0.010293203305805049,0.008241338837218806,2.0463982060030608,1.0,0.08159994959221173,0.0003014876697657278,0.007958746843159387,0.0,0.052781782847104,5.952961973440144e-05,-0.004926083436939399,0.0,0.10782183211187402,0.0007697159527884612,-0.009434143877459982,0.0,0.014058823057212066,0.0004388934632891331,-0.00088613209165791,0
shrunk_rich,0,south_korea,5094,9.073312649720924,92.49359457921202,0.006842455519486655,1.8879506641598633,0.0,8.39846327467194,-0.0001122573777988319,0.006218339583605476,1.0,5.538898351183889,8.399892837718993e-05,0.004262790090490674,0.0,6.195359713505695,-0.0001099105564307682,0.004563892881730177,0.0,8.526581973086877,-0.00043604089587361185,0.005992894328273314,0
shrunk_rich,0,sweden,5094,0.13622701897687026,0.02454059273708378,0.013089621843767123,3.1731168154612237,1.0,0.1411942362562968,0.00015789663178213361,0.013531544753913455,0.0,0.029577747247216735,0.00032684857738278684,-0.002497023252609783,0.0,0.15803383775033275,0.0007897122475010069,-0.014384521859652784,0.0,0.1233018701348012,0.0003577493846483162,-0.011466899099972222,0
shrunk_rich,0,switzerland,5094,0.013898040143789791,0.00021028438606571784,0.01591383544614783,3.17467762920354,1.0,0.005770459213717549,0.0002073962209862911,0.006850327568657392,1.0,0.009118857793234292,0.00032474186681352214,0.010800978265397406,1.0,0.015730761640989854,0.000772850949134548,0.01876914791457419,0.0,0.018078671021744208,-3.312326315355684e-05,0.02063814854358908,0
shrunk_rich,0,taiwan,5094,0.26714284912652103,0.08128038856969814,0.008518669219002017,5.04779572538492,0.0,0.1717447465713775,-0.00023212620784525132,0.005256232894785877,0.0,0.14471236155191036,-6.803430329452977e-06,0.004618650585223109,1.0,0.3072593858571757,0.0003120104643772687,0.010104476759868718,0.0,0.4290125661589883,-0.0005451785744742709,0.013112854980763108,0
shrunk_rich,0,uk,5094,0.004324198874435085,3.0290179514928103e-05,0.005482651429694512,1.4587014797461313,1.0,0.008320403946878718,0.00041041881071332336,0.010882623197563217,1.0,0.000946363710618292,0.0006619811041119602,0.0018583323584185328,1.0,0.0015536420610071655,0.0008059780368081984,0.0027689881734933404,0.0,0.005740206069677178,0.0008286482347358027,-0.006457478881259417,0
shrunk_rich,0,australia,5099,0.008321463476553721,0.00012225137372205225,0.005449572109483587,1.1994643630802935,0.0,0.002364539503753482,1.6000904674569537e-05,-0.0015269669187689696,1.0,0.0009175623838348912,-0.00032114649828862864,-0.000919816232088684,0.0,0.002211528960530007,-5.968342349336221e-05,0.001381395689736537,0.0,0.0003070171468528837,-0.0001219523419583335,7.824317984291168e-05,0
shrunk_rich,0,canada,5099,0.0051404266661115045,3.753716996805934e-05,0.0038049017779198026,1.0631028448631923,0.0,0.002217699045766519,0.00075572153597955,-0.0008918286793769926,1.0,0.000701296085573011,0.001038500733657343,0.0015587889142064401,1.0,0.008493374760244254,0.00126697941427567,0.007548601986410572,1.0,0.012493784512688677,0.0007100813669273325,0.009941872518831081,0
shrunk_rich,0,denmark,5099,0.045830259384223145,0.0028843250646356385,0.006657980840095706,1.8651039100970281,1.0,0.010586227245827473,1.646099568388995e-05,0.0015469248922918041,1.0,0.008654303452625633,5.001561177365587e-05,0.0013013116163819586,0.0,0.02488334182691876,0.00022905846618976905,-0.0033768392728794725,0.0,0.016283549558861132,5.549205928900762e-05,-0.0023031305220199633,0
shrunk_rich,0,eurozone,5099,0.0124131907357246,0.00021049327842420634,0.006873094086748762,1.9218744364147602,1.0,0.003061076121690043,7.66130189929387e-05,0.0017632315778509087,1.0,0.0020124108461647694,0.0002688672871286228,0.001377790242755764,0.0,0.006713659450137133,0.00044862922822485306,-0.003259131206126664,0.0,0.005493260366950414,0.000271994092396831,-0.002761288514131686,0
shrunk_rich,0,japan,5099,1.1513460957368693,1.7730366446662658,0.007699495488153697,2.462774623932446,0.0,0.14185353347886576,-7.938392081065534e-05,0.0008702055572906653,0.0,0.9574894194614103,-0.00031807783376936924,0.006075596202591931,1.0,0.30248835942737173,0.0002846515342898385,0.0023077319226860113,0.0,2.139390120476037,-0.0007328324640040471,0.013502932312931152,0
shrunk_rich,0,norway,5099,0.06443164837368294,0.0061917561918556465,0.006103423427167352,1.5150407393484635,1.0,0.048860494960566214,-0.00033522229953154495,-0.004974260915164736,1.0,0.044410379108496656,-0.0002926080742351997,-0.004508060440520505,1.0,0.03649203331334938,0.00021852426009097946,0.0036673528912634294,0.0,0.18579920311841747,-9.935705790440309e-05,0.01734325222322015,0
shrunk_rich,0,south_korea,5099,6.421285730627225,63.24309815409355,0.004835789798419498,1.3361239855733178,0.0,0.0031699033856966707,2.3865233224903284e-06,0.0,1.0,6.962923008381267,0.00017847230296229067,0.005406027356737393,1.0,2.964447357015615,0.0002902290204462172,0.0025189403698171135,1.0,9.97893032327056,9.114561214257695e-05,0.007575225604282587,0
shrunk_rich,0,sweden,5099,0.11202909097388787,0.017817303163574456,0.010783991785370319,2.6094778778829135,0.0,0.035344484030336076,7.595596858473351e-05,-0.003308716522736,0.0,0.005159206184679022,6.780332922340064e-05,-0.0004255451464811982,0.0,0.1150725372840391,0.000298494299618939,-0.01076098307084595,1.0,0.08985923058008538,0.00017119683129657694,0.008724285421158634,0
shrunk_rich,0,switzerland,5099,0.008152277440545908,9.643564597786385e-05,0.009256219304111284,1.8621944209253418,1.0,0.0012296662964197402,2.3238248367192454e-05,0.0014275519911853237,0.0,0.005963767058045133,-0.0002443350565733498,0.0065499308637326885,1.0,0.005215177639557589,0.00038258093280105183,0.00632282588347987,0.0,0.023530018737189073,-0.00032007263171056306,0.02622453963601358,0
shrunk_rich,0,taiwan,5099,0.1938377364855877,0.060988198135555116,0.006150118219277025,3.662659512876703,0.0,0.007855812778284843,-0.0002505476010301428,0.0,0.0,0.0031553970181725788,4.95548681018742e-06,-9.567241771495016e-05,1.0,0.2348128834337011,0.000516062316281371,0.00797234561765515,0.0,0.609918692372112,-0.00022065646402989723,0.019046690758222743,0
shrunk_rich,0,uk,5099,0.004862770494018446,3.671778196222784e-05,0.006167021591357721,1.6403802695631589,1.0,0.0010853885831356713,9.516539345242232e-05,0.0014653756695610272,1.0,0.0027394702670530124,0.00035265222193658696,0.0038065071951669588,0.0,0.0014528413592441725,0.0006099885635284373,-0.0012260964772102213,1.0,0.0014598647440866586,0.0006548953708231704,0.0024963844163598202,0
shrunk_rich,0,australia,5104,0.007179214947904166,0.00010323121489671442,0.004706639116432617,1.0348194772670767,1.0,0.002099202383869292,-0.0001571694086554326,-0.0015283731682420696,1.0,0.007909945712559319,-1.9615184734397438e-05,-0.005195530715540295,0.0,0.02090420273937066,4.1901171703086e-05,-0.013694613381398579,0.0,0.0007395533735308213,-9.761107986693846e-05,0.000384990592061545,0
shrunk_rich,0,canada,5104,0.004458866681793095,2.9580733825414535e-05,0.0032972082128147158,0.9221479387168672,1.0,6.59092472241607e-05,0.000864383774003268,0.0008155397842289279,1.0,0.000547680388363947,0.0010766089091785323,0.0014823052556641992,0.0,0.001970313901667353,0.0010899408638034708,-0.0003709198855581943,1.0,0.004164997836678674,0.000619131245710849,0.003701651459750884,0
shrunk_rich,0,denmark,5104,0.052590581996197046,0.0036528842740286113,0.0076372894471494835,2.1402213610240106,0.0,0.0029008736318800743,-6.515162263598417e-05,0.000353952899066077,0.0,0.03279403358759492,4.9710290532808725e-05,-0.004699927181412978,0.0,0.1008739751376364,9.738206537351113e-05,-0.014584349911352016,1.0,0.013409645439840467,-9.975854624103627e-05,-0.002039473915334126,0
shrunk_rich,0,eurozone,5104,0.014015769259645724,0.0002560650161275701,0.0077584484525107,2.1699939379227278,1.0,0.0004844874918490394,0.00011868358502293743,0.0003854413350951085,0.0,0.008431907938292849,1.757271537337318e-05,-0.004636921448882439,1.0,0.02622356085786559,-1.4561109528485631e-05,-0.014562354280197027,1.0,0.004682384111380555,-6.477747382099247e-05,-0.002647036039771407,0
shrunk_rich,0,japan,5104,1.1248027400639293,2.0805375961126766,0.007511944723828845,2.4059973412132196,1.0,0.047990825923449165,-0.0001465090450791955,-0.00046604528140481314,0.0,0.32557275807386077,-0.00017023286715875618,0.0019948804700513807,0.0,2.125573732744698,0.00020348535425667032,-0.014042962235818494,0.0,1.2322036397227407,-0.0008137475816177875,0.007361264091815167,0
shrunk_rich,0,norway,5104,0.099317536883023,0.01949161038481756,0.009368318585104566,2.3353447926218642,1.0,0.015543853216483328,-9.571004651048333e-05,-0.001575489334350877,1.0,0.01858749048980357,0.00020567843726373538,0.0019718108794572636,0.0,0.08744409939698272,0.00030377907925538096,-0.008046209781820884,1.0,0.33323221557860094,0.00022995509739186834,0.031428208837002675,0
shrunk_rich,0,south_korea,5104,7.599844607805827,107.88007607705187,0.005710442471867496,1.5813553691727007,0.0,0.31997694199912985,1.4958847267709207e-05,-0.00022466861473963785,0.0,4.686566352472482,0.00021456109219891798,-0.003300209258208015,0.0,4.819145654716522,0.0001640852715720611,-0.003450477863622421,1.0,10.79047186615162,7.13474848017044e-06,0.008054635782808347,0
shrunk_rich,0,sweden,5104,0.13163696726704752,0.022292674193347017,0.012637729612210458,3.066201385808109,0.0,0.037560745841350496,5.81023007059155e-06,-0.003593265781473427,0.0,0.14232116074618872,0.0003702020798300729,-0.01333099522524845,0.0,0.2188027472760794,0.00038756397470927933,-0.020754399797766734,1.0,0.23497772351385038,0.0002555665047191123,0.02247636295657556,0
shrunk_rich,0,switzerland,5104,0.006718877153726636,0.00010454403203610771,0.007563556687470097,1.5347681236072652,1.0,0.001136157979927388,0.0001860082685890053,0.0014749265210678467,1.0,0.00012741982767083826,0.0004851730340819791,0.0003405607933925783,0.0,0.0023961755877006663,0.0007901227270414957,-0.0019320383325484405,1.0,0.019815507861874138,0.0001526901737986742,0.022398421568350126,0
shrunk_rich,0,taiwan,5104,0.29583720502296046,0.12534858253032397,0.009372594749131742,5.58998971451963,0.0,0.04603531581016895,-0.00020844818201535203,0.0012589542782027855,1.0,0.21053152957243526,9.466696183264834e-05,0.006785936138914832,1.0,0.16079436372097788,0.00030948747333223685,0.005422911916480519,0.0,0.6584444203768598,-0.0003331524059686353,0.020455581530847432,0
shrunk_rich,0,uk,5104,0.006783737621761399,6.45565778157361e-05,0.008588517692296672,2.288388761575079,1.0,4.309878393171651e-06,-0.00011374756263033286,-0.00011917260733886059,0.0,0.005844879122753555,6.054705027068887e-05,-0.007322560605883177,0.0,0.012788715018025587,0.00018436918419146352,-0.01603943733256793,0.0,0.0030481740688708125,0.000155437691572228,-0.003687773595334762,0
shrunk_rich,0,australia,5109,0.008081791913168474,8.614041224387166e-05,0.005299502216434855,1.1649178557340398,0.0,0.004928835238772189,-1.8917587776293327e-05,0.00320949761985822,1.0,0.0062295735150113,0.00012492182554549712,0.004203007208550385,0.0,0.005896850289582423,0.00014881445590339497,-0.0037267491298609034,0.0,0.0028835203964918676,0.00021878270488485997,-0.0016743328741857862,0
shrunk_rich,0,canada,5109,0.0039982204474013384,2.2550166799247143e-05,0.0029541840223177213,0.8268806867811753,1.0,0.0001863193426498988,0.0008244559378766313,0.0009623214896169623,1.0,0.003773474763304474,0.0009079566784421079,0.0036961786674470803,1.0,0.00023561253783155323,0.0010099600738474723,0.0011842642293013908,1.0,0.009303369777318826,0.0006268208906842726,0.007489013660039915,0
shrunk_rich,0,denmark,5109,0.029819595732070277,0.0014614233570585365,0.004340319766721796,1.213535453315429,1.0,0.019040996060911475,-1.3071644742404617e-06,-0.0027694506061743842,0.0,0.009753384270202226,0.00014565757085990995,-0.0012711050518241123,0.0,0.040774542742656905,0.000257589367362319,-0.00567798690840762,1.0,0.005366917900818002,0.00019351395053096652,0.0009722122219740152,0
shrunk_rich,0,eurozone,5109,0.00799892738638086,0.00010610783944084316,0.004438215449467848,1.2384353378523945,0.0,0.005123912574226841,6.855801403998509e-05,-0.002770315094200992,0.0,0.002752344864820122,0.0002502494080634102,-0.0012733918230497774,0.0,0.011618591312631654,0.000342205702233154,-0.006104855655836833,1.0,3.078461332717275e-05,0.0003148951613084197,0.00033192266506706637,0
shrunk_rich,0,japan,5109,1.2712390562828868,2.4961909342558597,0.008479051055647018,2.719230386377961,0.0,0.2284696412639846,-0.0001227008629728426,0.0013940522703743087,1.0,0.3725936053886869,-0.00024852056287880765,-0.0027273348908653425,0.0,2.3571270319180258,8.055630564422932e-05,-0.015700381088925824,0.0,1.1379308925947953,-0.0007837188093160572,0.0067529800803068606,0
shrunk_rich,0,norway,5109,0.13216791887515036,0.029429800703570753,0.012426615532189688,3.1077861048879103,0.0,0.018427067038331302,0.00016394291388568223,-0.001586645907589266,0.0,0.01879995003417889,0.00013763921997691345,-0.0016484525147353142,1.0,0.020109010881055767,0.0004547215051318666,0.002361052286116446,1.0,0.20114442959460987,0.0005320143364340417,0.019437346198821655,0
shrunk_rich,0,south_korea,5109,9.64200498367884,148.628478919927,0.007229536198306032,2.006282646209605,1.0,0.038741572047229056,-8.45834158486739e-06,-3.7565034470292516e-05,1.0,0.36680068848409064,0.00013762571303640046,0.00041312227128786867,0.0,13.465002949282734,8.639643997723465e-05,-0.010080311878375336,1.0,21.659104837151745,6.828598433623108e-05,0.016208414154788513,0
shrunk_rich,0,sweden,5109,0.15990107230950137,0.0443681401118248,0.015303015867066679,3.7245532139384756,1.0,0.024079027477494463,-7.473477750138366e-05,-0.002411668397625604,0.0,0.004906194792210883,0.0003882534903290938,-8.724269469128936e-05,1.0,0.011454592326066049,0.00039689768805109565,0.0015061593128447655,1.0,0.33217135957144706,0.00038073887296542357,0.032059438572451034,0
shrunk_rich,0,switzerland,5109,0.010604578358815923,0.00020113062598514872,0.01191430999557287,2.422364400631861,0.0,0.0005969298104245846,0.00011001019112289473,-0.0005676657736453323,0.0,0.004084461440909459,-9.586912161199318e-05,0.00452976257242591,1.0,0.002246918639160822,0.00017373368540908124,0.0027203190479193388,0.0,0.021150829175037078,-0.0002847339952650395,0.02344470813894783,0
shrunk_rich,0,taiwan,5109,0.2237771763076407,0.08376560852269395,0.007050145842801689,4.228379976098246,1.0,0.006849635303769475,-9.979796315478089e-05,-0.000316816629186473,0.0,0.05164093194347785,-8.365936248728912e-05,0.0015509522472110734,0.0,0.09079313656769372,0.0003101656023046636,-0.002569105556941874,0.0,0.5164393731428554,-0.0002198402213395878,0.01601039737359645,0
shrunk_rich,0,uk,5109,0.003710455330003574,2.1662764681450342e-05,0.004710818870478227,1.2516646059936867,0.0,0.000585461321902403,0.0002692225403677141,-0.00047313026139479377,1.0,0.0011982221683231042,0.000456467392221111,0.0019737883628574357,0.0,0.004666335427307766,0.0004252813788907165,-0.005505971627778573,1.0,0.0034747480867673985,0.000747470501556521,0.0051399769456997625,0
fwd_bias,0,australia,5094,0.00871033333333328,0.00013411231666666542,0.0057002219792003815,1.255516466943686,0.0,0.01102000000000003,0.0,0.0071582452992853115,0.0,0.00035999999999991594,0.0,-0.00023471117593732734,0.0,0.006099999999999994,0.0,-0.003984511421466864,0.0,0.011559999999999793,0.0,-0.0075644909850468445,0
fwd_bias,0,canada,5094,0.005834999999999946,4.625674999999942e-05,0.0043247477860758315,1.2067490702029815,0.0,0.008599999999999941,0.0,0.00637251610023277,0.0,0.0008999999999999009,0.0,0.0006687969336007396,0.0,0.0047999999999999154,0.0,0.0035617594141290295,0.0,0.007900000000000018,0.0,0.00585533840122836,0
fwd_bias,0,denmark,5094,0.0394416666666667,0.002204296416666673,0.005728856038794662,1.6051143438666058,0.0,0.05169999999999941,0.0,0.007463205983752149,0.0,0.010099999999999554,0.0,0.0014623801753336125,0.0,0.0063500000000003,0.0,-0.0009205133780137824,0.0,0.05230000000000068,0.0,-0.007606922148817015,0
fwd_bias,0,eurozone,5094,0.010295000000000025,0.00015199191666666751,0.005699993963157855,1.5939251836312853,0.0,0.012899999999999912,0.0,0.007099253854666844,0.0,0.0025999999999999357,0.0,0.0014349184282758539,0.0,0.0015000000000000568,0.0,-0.0008287751178842344,0.0,0.014300000000000201,0.0,-0.007929068433687556,0
fwd_bias,0,japan,5094,1.4374999999999953,2.631212499999977,0.00964216116959448,3.074869090199245,0.0,0.6049999999999898,0.0,0.004072091645529477,0.0,1.0549999999999784,0.0,0.0070902025884348715,0.0,2.234999999999985,0.0,0.014961370198499606,0.0,0.8699999999999761,0.0,0.005850526085713935,0
fwd_bias,0,norway,5094,0.08493333333333375,0.00984907333333341,0.008043911073391174,1.9971157556357302,0.0,0.08479999999999954,0.0,0.007958746843159387,0.0,0.05215000000000103,0.0,-0.004926083436939399,0.0,0.09965000000000046,0.0,-0.009434143877459982,0.0,0.009400000000001185,0.0,-0.00088613209165791,0
fwd_bias,0,south_korea,5094,8.87833333333339,87.98441666666773,0.006695009705411144,1.8473798887350132,0.0,8.25,0.0,0.006218339583605476,0.0,5.650000000000091,0.0,0.004262790090490674,0.0,6.050000000000182,0.0,0.004563892881730177,0.0,7.9500000000000455,0.0,0.005992894328273314,0
fwd_bias,0,sweden,5094,0.13358333333333333,0.023774186166666673,0.012837581511507193,3.1115378171589505,0.0,0.14284999999999926,0.0,0.013531544753913455,0.0,0.02614999999999945,0.0,-0.002497023252609783,0.0,0.14974999999999916,0.0,-0.014384521859652784,0.0,0.11955000000000027,0.0,-0.011466899099972222,0
fwd_bias,0,switzerland,5094,0.014081666666666633,0.00021508491666666574,0.016125891225972903,3.216622752996122,0.0,0.005950000000000011,0.0,0.006850327568657392,0.0,0.009399999999999964,0.0,0.010800978265397406,0.0,0.01639999999999997,0.0,0.01876914791457419,0.0,0.01805000000000001,0.0,0.02063814854358908,0
fwd_bias,0,taiwan,5094,0.26166666666666755,0.07798243333333386,0.008343179329124208,4.944320560308783,0.0,0.1645000000000003,0.0,0.005256232894785877,0.0,0.14450000000000074,0.0,0.004618650585223109,0.0,0.31700000000000017,0.0,0.010104476759868718,0.0,0.4120000000000026,0.0,0.013112854980763108,0
fwd_bias,0,uk,5094,0.004268922266666664,2.8392639025717726e-05,0.005412744653822074,1.4400547727170343,0.0,0.00864472000000005,0.0,0.010882623197563217,0.0,0.0014695319999999956,0.0,0.0018583323584185328,0.0,0.0021906579999999565,0.0,0.0027689881734933404,0.0,0.00508526499999995,0.0,-0.006457478881259417,0
fwd_bias,0,australia,5099,0.008607333333333323,0.00013105979999999972,0.00563601445040516,1.240669940278597,0.0,0.0023400000000000087,0.0,-0.0015269669187689696,0.0,0.0014099999999999113,0.0,-0.000919816232088684,0.0,0.002120000000000122,0.0,0.001381395689736537,0.0,0.00012000000000012001,0.0,7.824317984291168e-05,0
fwd_bias,0,canada,5099,0.006261666666666706,5.164058333333389e-05,0.004637377942713312,1.294988933662574,0.0,0.0011999999999998678,0.0,-0.0008918286793769926,0.0,0.0020999999999999908,0.0,0.0015587889142064401,0.0,0.010199999999999987,0.0,0.007548601986410572,0.0,0.013449999999999962,0.0,0.009941872518831081,0
fwd_bias,0,denmark,5099,0.04544833333333322,0.0028432434166666535,0.006602730658064164,1.8495610835790546,0.0,0.010699999999999932,0.0,0.0015469248922918041,0.0,0.009000000000000341,0.0,0.0013013116163819586,0.0,0.023299999999999876,0.0,-0.0033768392728794725,0.0,0.015900000000000247,0.0,-0.0023031305220199633,0
fwd_bias,0,eurozone,5099,0.012021666666666686,0.00019853591666666733,0.006657214508854221,1.8612566536397042,0.0,0.0031999999999998696,0.0,0.0017632315778509087,0.0,0.0024999999999999467,0.0,0.001377790242755764,0.0,0.005900000000000016,0.0,-0.003259131206126664,0.0,0.0050000000000001155,0.0,-0.002761288514131686,0
fwd_bias,0,japan,5099,1.1558333333333404,1.7726958333333445,0.007729557554080301,2.472373001800807,0.0,0.13000000000002387,0.0,0.0008702055572906653,0.0,0.910000000000025,0.0,0.006075596202591931,0.0,0.34499999999999886,0.0,0.0023077319226860113,0.0,2.030000000000001,0.0,0.013502932312931152,0
fwd_bias,0,norway,5099,0.06612999999999983,0.0064367704999999924,0.006264268751266625,1.554975646627039,0.0,0.05239999999999867,0.0,-0.004974260915164736,0.0,0.04749999999999943,0.0,-0.004508060440520505,0.0,0.03880000000000017,0.0,0.0036673528912634294,0.0,0.18475000000000108,0.0,0.01734325222322015,0
fwd_bias,0,south_korea,5099,6.543333333333324,63.522499999999994,0.004927662591232698,1.361519324793243,1.0,0.0,0.0,0.0,0.0,7.2000000000000455,0.0,0.005406027356737393,0.0,3.349999999999909,0.0,0.0025189403698171135,0.0,10.099999999999909,0.0,0.007575225604282587,0
fwd_bias,0,sweden,5099,0.11185833333333364,0.017774227916666777,0.010767673768374201,2.605500444150013,0.0,0.03455000000000119,0.0,-0.003308716522736,0.0,0.004450000000000287,0.0,-0.0004255451464811982,0.0,0.11195000000000022,0.0,-0.01076098307084595,0.0,0.09164999999999957,0.0,0.008724285421158634,0
fwd_bias,0,switzerland,5099,0.008009999999999998,9.380233333333331e-05,0.009093569868010952,1.8296945142501355,0.0,0.0012499999999999734,0.0,0.0014275519911853237,0.0,0.005750000000000033,0.0,0.0065499308637326885,0.0,0.005550000000000055,0.0,0.00632282588347987,0.0,0.023249999999999993,0.0,0.02622453963601358,0
fwd_bias,0,taiwan,5099,0.19596666666666696,0.06187260000000019,0.006217975173137078,3.702886697331883,1.0,0.0,0.0,0.0,0.0,0.0030000000000001137,0.0,-9.567241771495016e-05,0.0,0.2510000000000012,0.0,0.00797234561765515,0.0,0.6030000000000015,0.0,0.019046690758222743,0
fwd_bias,0,uk,5099,0.0046351649333333245,3.3675243251731256e-05,0.005879561462138239,1.5636010607870112,0.0,0.0011607169999999778,0.0,0.0014653756695610272,0.0,0.00301864900000004,0.0,0.0038065071951669588,0.0,0.0009698790000000068,0.0,-0.0012260964772102213,0.0,0.0019783939999999944,0.0,0.0024963844163598202,0
fwd_bias,0,australia,5104,0.007229333333333354,0.00010381896000000079,0.004739351621466537,1.0420435932446102,0.0,0.0023400000000000087,0.0,-0.0015283731682420696,0.0,0.007940000000000058,0.0,-0.005195530715540295,0.0,0.02083999999999997,0.0,-0.013694613381398579,0.0,0.0005899999999998684,0.0,0.000384990592061545,0
fwd_bias,0,canada,5104,0.005215000000000043,3.7728916666667155e-05,0.0038578176496476767,1.0785255186133091,0.0,0.001100000000000101,0.0,0.0008155397842289279,0.0,0.0020000000000000018,0.0,0.0014823052556641992,0.0,0.0004999999999999449,0.0,-0.0003709198855581943,0.0,0.0050000000000001155,0.0,0.003701651459750884,0
fwd_bias,0,denmark,5104,0.05258833333333352,0.003633926083333354,0.007636968410723938,2.140129849652362,0.0,0.002449999999999619,0.0,0.000353952899066077,0.0,0.03244999999999987,0.0,-0.004699927181412978,0.0,0.10020000000000007,0.0,-0.014584349911352016,0.0,0.014100000000000001,0.0,-0.002039473915334126,0
fwd_bias,0,eurozone,5104,0.014139999999999976,0.0002586684999999993,0.00782687270977252,2.189227984123,0.0,0.0006999999999999229,0.0,0.0003854413350951085,0.0,0.008399999999999963,0.0,-0.004636921448882439,0.0,0.026249999999999885,0.0,-0.014562354280197027,0.0,0.0047999999999999154,0.0,-0.002647036039771407,0
fwd_bias,0,japan,5104,1.087833333333335,1.991435833333346,0.007265804783181992,2.3269183248383265,0.0,0.0700000000000216,0.0,-0.00046604528140481314,0.0,0.29999999999998295,0.0,0.0019948804700513807,0.0,2.0950000000000273,0.0,-0.014042962235818494,0.0,1.1099999999999852,0.0,0.007361264091815167,0
fwd_bias,0,norway,5104,0.10024833333333318,0.019805068416666616,0.009456839271876604,2.3572314675379267,0.0,0.01655000000000051,0.0,-0.001575489334350877,0.0,0.020749999999999602,0.0,0.0019718108794572636,0.0,0.08425000000000082,0.0,-0.008046209781820884,0.0,0.33564999999999934,0.0,0.031428208837002675,0
fwd_bias,0,south_korea,5104,7.475000000000023,104.0809166666672,0.005616974341134611,1.5553780366015593,0.0,0.2999999999999545,0.0,-0.00022466861473963785,0.0,4.400000000000091,0.0,-0.003300209258208015,0.0,4.600000000000136,0.0,-0.003450477863622421,0.0,10.799999999999955,0.0,0.008054635782808347,0
fwd_bias,0,sweden,5104,0.12998833333333337,0.021730082416666706,0.012480083558412548,3.0277999871949857,0.0,0.037499999999999645,0.0,-0.003593265781473427,0.0,0.13845000000000063,0.0,-0.01333099522524845,0.0,0.21475000000000044,0.0,-0.020754399797766734,0.0,0.23765000000000036,0.0,0.02247636295657556,0
fwd_bias,0,switzerland,5104,0.006726666666666655,0.0001056303333333328,0.007572408079984152,1.5365474530823005,0.0,0.0012999999999999678,0.0,0.0014749265210678467,0.0,0.00029999999999996696,0.0,0.0003405607933925783,0.0,0.0017000000000000348,0.0,-0.0019320383325484405,0.0,0.019949999999999912,0.0,0.022398421568350126,0
fwd_bias,0,taiwan,5104,0.2963000000000007,0.12361781666666723,0.009387332273952784,5.598734453577672,0.0,0.03950000000000031,0.0,0.0012589542782027855,0.0,0.2134999999999998,0.0,0.006785936138914832,0.0,0.17050000000000054,0.0,0.005422911916480519,0.0,0.6480000000000032,0.0,0.020455581530847432,0
fwd_bias,0,uk,5104,0.006703328100000028,6.332281551907576e-05,0.00848732756972515,2.26126385548613,0.0,9.468099999998536e-05,0.0,-0.00011917260733886059,0.0,0.005796770999999978,0.0,-0.007322560605883177,0.0,0.012642213999999985,0.0,-0.01603943733256793,0.0,0.0029246640000000212,0.0,-0.003687773595334762,0
fwd_bias,0,australia,5109,0.008147666666666657,8.747004333333314e-05,0.005342713968358036,1.1744131109220723,0.0,0.004899999999999904,0.0,0.00320949761985822,0.0,0.006420000000000092,0.0,0.004203007208550385,0.0,0.005670000000000064,0.0,-0.0037267491298609034,0.0,0.0025500000000000522,0.0,-0.0016743328741857862,0
fwd_bias,0,canada,5109,0.004643333333333377,2.9102000000000417e-05,0.003431732619278619,0.9602978890561465,0.0,0.0013000000000000789,0.0,0.0009623214896169623,0.0,0.0050000000000001155,0.0,0.0036961786674470803,0.0,0.0016000000000000458,0.0,0.0011842642293013908,0.0,0.010150000000000103,0.0,0.007489013660039915,0
fwd_bias,0,denmark,5109,0.029295000000000057,0.0014097954166666783,0.004264173413833424,1.1921865549183757,0.0,0.01905000000000001,0.0,-0.0027694506061743842,0.0,0.008750000000000036,0.0,-0.0012711050518241123,0.0,0.03900000000000059,0.0,-0.00567798690840762,0.0,0.006699999999999484,0.0,0.0009722122219740152,0
fwd_bias,0,eurozone,5109,0.0077166666666666755,9.985216666666677e-05,0.004282070003888763,1.1947342723349266,0.0,0.0050000000000001155,0.0,-0.002770315094200992,0.0,0.0022999999999999687,0.0,-0.0012733918230497774,0.0,0.01100000000000012,0.0,-0.006104855655836833,0.0,0.0005999999999999339,0.0,0.00033192266506706637,0
fwd_bias,0,japan,5109,1.236500000000002,2.419482500000004,0.008248199164796874,2.6449221774131373,0.0,0.21000000000000796,0.0,0.0013940522703743087,0.0,0.4099999999999966,0.0,-0.0027273348908653425,0.0,2.344999999999999,0.0,-0.015700381088925824,0.0,1.0200000000000102,0.0,0.0067529800803068606,0
fwd_bias,0,norway,5109,0.13359166666666672,0.030184444583333372,0.012561727532627999,3.1412639990773394,0.0,0.01670000000000016,0.0,-0.001586645907589266,0.0,0.01735000000000042,0.0,-0.0016484525147353142,0.0,0.02490000000000059,0.0,0.002361052286116446,0.0,0.20674999999999955,0.0,0.019437346198821655,0
fwd_bias,0,south_korea,5109,9.736666666666663,150.68399999999994,0.007300641921404571,2.0259795963938187,0.0,0.049999999999954525,0.0,-3.7565034470292516e-05,0.0,0.5499999999999545,0.0,0.00041312227128786867,0.0,13.349999999999909,0.0,-0.010080311878375336,0.0,21.75,0.0,0.016208414154788513,0
fwd_bias,0,sweden,5109,0.16204333333333346,0.04548221066666674,0.01551058219596797,3.77445259901555,0.0,0.02484999999999893,0.0,-0.002411668397625604,0.0,0.0008999999999996788,0.0,-8.724269469128936e-05,0.0,0.015550000000001063,0.0,0.0015061593128447655,0.0,0.33610000000000007,0.0,0.032059438572451034,0
fwd_bias,0,switzerland,5109,0.01048,0.00019606133333333327,0.011772904919014674,2.393907429380952,0.0,0.0004999999999999449,0.0,-0.0005676657736453323,0.0,0.0040000000000000036,0.0,0.00452976257242591,0.0,0.0023999999999999577,0.0,0.0027203190479193388,0.0,0.02090000000000003,0.0,0.02344470813894783,0
fwd_bias,0,taiwan,5109,0.2216166666666671,0.08216565833333352,0.006981700693508885,4.187556082192725,0.0,0.00999999999999801,0.0,-0.000316816629186473,0.0,0.04899999999999949,0.0,0.0015509522472110734,0.0,0.08099999999999952,0.0,-0.002569105556941874,0.0,0.5094999999999992,0.0,0.01601039737359645,0
fwd_bias,0,uk,5109,0.0037668632666666645,2.1540441913524996e-05,0.004782300123376675,1.270692949293606,0.0,0.0003730870000000497,0.0,-0.00047313026139479377,0.0,0.0015583369999999652,0.0,0.0019737883628574357,0.0,0.004330829000000036,0.0,-0.005505971627778573,0.0,0.004064525999999957,0.0,0.0051399769456997625,0
combo,0,australia,5094,0.010365147995522165,0.0001730910947395178,0.00677790917493633,1.4940431660502658,1.0,0.01003159687623878,0.0006441314926830668,0.0071582452992853115,0.0,0.002945306301007422,0.0016839399220858436,-0.00023471117593732734,0.0,0.009005444909117033,0.0018922651143092105,-0.003984511421466864,0.0,0.01439831088601573,0.0018485822948540072,-0.0075644909850468445,0
combo,0,canada,5094,0.0037407952843746465,2.224935977547197e-05,0.0027698296915156803,0.7736420276330496,1.0,0.0049066764493330695,0.0027416932793242854,0.00637251610023277,1.0,0.0027681103255996486,0.0027230020116769302,0.0006687969336007396,1.0,0.0013549573367004353,0.0025576205057621718,0.0035617594141290295,1.0,0.00579566882368332,0.001563045546928557,0.00585533840122836,0
combo,0,denmark,5094,0.04143214891253546,0.0024172871598946563,0.0060171148672522054,1.6861188214678504,1.0,0.04880941459909938,0.0004187466828391707,0.007463205983752149,1.0,0.004334872820736635,0.0008349953759266405,0.0014623801753336125,0.0,0.012568331487639917,0.00090060592260508,-0.0009205133780137824,0.0,0.05652009790551382,0.0006112885877099762,-0.007606922148817015,0
combo,0,eurozone,5094,0.010479016287159904,0.00015502338987752762,0.005801613266912434,1.6224155376188967,1.0,0.012447069695947999,0.0002501166231540487,0.007099253854666844,1.0,0.0022578299709836713,0.00018895849670949203,0.0014349184282758539,0.0,0.0019211924450066586,0.00023259241919787533,-0.0008287751178842344,1.0,0.01425823467983589,-2.3066745014855993e-05,-0.007929068433687556,0
combo,0,japan,5094,1.4621218003573355,2.7894189674768897,0.00980847757889245,3.127536090452353,0.0,0.6302586342110885,-0.0001703701755659436,0.004072091645529477,0.0,1.1145793688726258,-0.00040191098992516995,0.0070902025884348715,1.0,2.1945200342433964,0.00027297795197187534,0.014961370198499606,0.0,1.192699513885941,-0.002178803473098218,0.005850526085713935,0
combo,0,norway,5094,0.08875978754496039,0.010693391620446148,0.008404340445603842,2.087090700623072,1.0,0.08142373456973928,0.0003180868482664643,0.007958746843159387,0.0,0.05561663477249468,0.00032659939156334057,-0.004926083436939399,0.0,0.10648427135127392,0.0006437698338240227,-0.009434143877459982,0.0,0.016852756888267706,0.0007020090498978025,-0.00088613209165791,0
combo,0,south_korea,5094,9.035756033365237,92.0243604005137,0.006814090912605408,1.880135983730605,1.0,8.218755529415375,2.3623243262006476e-05,0.006218339583605476,1.0,5.521804651421007,9.69220748523449e-05,0.004262790090490674,1.0,6.049680528958106,2.415477117474608e-07,0.004563892881730177,0.0,8.555610933629623,-0.00045799911451044757,0.005992894328273314,0
combo,0,sweden,5094,0.141422521645307,0.026351216285839862,0.013584725802649663,3.2941349292378264,1.0,0.14060742300283202,0.00021385022415768213,0.013531544753913455,0.0,0.03630520569917728,0.0009680265925592188,-0.002497023252609783,0.0,0.16311217980771353,0.0012735310058659157,-0.014384521859652784,0.0,0.12910418876554886,0.0009107618227735906,-0.011466899099972222,0
combo,0,switzerland,5094,0.013645870903423526,0.0002039810267893671,0.015622800011253128,3.117075547335777,1.0,0.005539983981903029,0.00047356624409298907,0.006850327568657392,1.0,0.008713256688856363,0.0007930580331414289,0.010800978265397406,1.0,0.015343563751136213,0.0012197228513409638,0.01876914791457419,0.0,0.018237273043047453,-0.00021637396520739587,0.02063814854358908,0
combo,0,taiwan,5094,0.28517639070104805,0.0913643820629276,0.009096843722852401,5.388548376526767,0.0,0.18107355710728612,-0.0005311065117869632,0.005256232894785877,0.0,0.15820345733853713,-0.00043911277761050487,0.004618650585223109,1.0,0.31575337972832074,3.9937059610228375e-05,0.010104476759868718,0.0,0.46338893629105016,-0.0016476992590999766,0.013112854980763108,0
combo,0,uk,5094,0.004595007078263332,3.476679408732189e-05,0.005824849603625428,1.5500544306908917,1.0,0.007634483813894977,0.0012778896031052712,0.010882623197563217,1.0,0.0001528865990045869,0.0016651567721236212,0.0018583323584185328,1.0,0.0011027513541890244,0.0013760706166575576,0.0027689881734933404,0.0,0.006891624542211483,0.002283789755215829,-0.006457478881259417,0
combo,0,australia,5099,0.00803118406461123,0.00011571386936261236,0.005260152063823393,1.1576231880343484,1.0,0.0021261439395272586,-0.00013945499697932138,-0.0015269669187689696,1.0,0.000632082366301967,-0.0005073714459795865,-0.000919816232088684,0.0,0.0027545534581645548,-0.0004138474794249544,0.001381395689736537,0.0,0.0008179009355939737,-0.0004551712809395537,7.824317984291168e-05,0
combo,0,canada,5099,0.003827597155677694,2.3492238681644088e-05,0.0028315483588500345,0.7915937118638692,0.0,0.004343098410786617,0.0023321581800329763,-0.0008918286793769926,1.0,0.0018741380570683752,0.002947876018171644,0.0015587889142064401,1.0,0.006146930427367137,0.003006336722758723,0.007548601986410572,1.0,0.011115309630346903,0.0017328441307494663,0.009941872518831081,0
combo,0,denmark,5099,0.0471217688200789,0.0030453181200703855,0.006844770519069464,1.9176630561962755,1.0,0.010429256121742725,3.9171620978321933e-05,0.0015469248922918041,1.0,0.0059532584153405566,0.0004407185392997591,0.0013013116163819586,0.0,0.02732361722417842,0.0005819848509190486,-0.0033768392728794725,0.0,0.017117183785236634,0.00017609187746583536,-0.0023031305220199633,0
combo,0,eurozone,5099,0.013340250322575893,0.00024226087464498537,0.007383957266870388,2.0654065998153515,1.0,0.0027995187559008983,0.00022083939043693882,0.0017632315778509087,1.0,0.0005251803694727997,0.0010885123495047778,0.001377790242755764,0.0,0.008151281373188546,0.0012408024069229585,-0.003259131206126664,0.0,0.006514110077436408,0.0008346771095159816,-0.002761288514131686,0
combo,0,japan,5099,1.1619576629663848,1.8428327670530995,0.007770796902020269,2.4854731839829567,0.0,0.21640146703478536,-0.0005787810025820383,0.0008702055572906653,0.0,0.9865018505130081,-0.0005124490462902165,0.006075596202591931,1.0,0.29379891118426826,0.000342824797024986,0.0023077319226860113,0.0,2.3838252083117197,-0.002372309162183644,0.013502932312931152,0
combo,0,norway,5099,0.06389705216092398,0.006235229761059988,0.006052748371887454,1.5024702858232974,1.0,0.039844683852251706,-0.0011896070313846658,-0.004974260915164736,1.0,0.04126018633360573,-0.0005910408969857195,-0.004508060440520505,0.0,0.03960388472864729,-7.612510138660264e-05,0.0036673528912634294,0.0,0.1925177330414254,-0.0007358200852135262,0.01734325222322015,0
combo,0,south_korea,5099,5.944297642037092,60.5600080838668,0.004476896434070534,1.2368735779862077,0.0,0.10472181092586652,7.883883523972627e-05,0.0,1.0,6.125816915731548,0.0008083937220674202,0.005406027356737393,1.0,2.0460803199048314,0.000981200889240209,0.0025189403698171135,1.0,9.51902116097699,0.00043730609108917287,0.007575225604282587,0
combo,0,sweden,5099,0.1145009170465368,0.01843593505492324,0.01102023737031598,2.667053775343824,0.0,0.03638372120131805,0.0001753026443128874,-0.003308716522736,0.0,0.009189608713068509,0.0004530408222288124,-0.0004255451464811982,0.0,0.11767089242500006,0.0005468122875509284,-0.01076098307084595,1.0,0.08797837995951419,0.0003509738375899736,0.008724285421158634,0
combo,0,switzerland,5099,0.008528652724652546,0.00010480430376416593,0.009686713166612017,1.9481684274957851,0.0,0.0015031650037669042,-0.0002893732972908079,0.0014275519911853237,0.0,0.0060832013383588235,-0.000380874052867253,0.0065499308637326885,1.0,0.005312746326712636,0.00027111030146657357,0.00632282588347987,0.0,0.024522423943385552,-0.0014552571656858218,0.02622453963601358,0
combo,0,taiwan,5099,0.20232759913800819,0.06641134015790837,0.0064210552532806935,3.823079649691582,0.0,0.022430178630017394,-0.0007155381925719107,0.0,1.0,0.0008060043685773621,-6.996738958784238e-05,-9.567241771495016e-05,1.0,0.23118988908882088,0.0006315307244524471,0.00797234561765515,0.0,0.6410797901064669,-0.0012150750097179156,0.019046690758222743,0
combo,0,uk,5099,0.005141627152588328,4.166576496252484e-05,0.006518951295056022,1.73444824199102,1.0,0.0009128489449085064,0.0003131074773947466,0.0014653756695610272,1.0,0.0021531491630072397,0.0010928750879603919,0.0038065071951669588,0.0,0.0018401707048433247,0.0010989225028124811,-0.0012260964772102213,1.0,0.0008096306764895367,0.0014755264574629469,0.0024963844163598202,0
combo,0,australia,5104,0.007226249652413437,0.00010631120521201357,0.004737321463829184,1.0415991082834044,1.0,0.001588571179213183,-0.000490541857512787,-0.0015283731682420696,0.0,0.007993104464649736,3.4658137203107924e-05,-0.005195530715540295,0.0,0.021164261336371615,0.0002116074360086197,-0.013694613381398579,0.0,0.0008262758095516354,-0.000154217782801216,0.000384990592061545,0
combo,0,canada,5104,0.004105093339267896,2.39144495407258e-05,0.003034626594362038,0.8489833025292256,1.0,0.0023723050044492933,0.0025721055822177856,0.0008155397842289279,1.0,0.0020608710508609462,0.003007430163970894,0.0014823052556641992,0.0,0.004399296127724384,0.0028879424190304498,-0.0003709198855581943,1.0,0.002621373558408413,0.0017626780501801217,0.003701651459750884,0
combo,0,denmark,5104,0.054066445469976895,0.0038710403739963344,0.007850485486017307,2.200282961649901,0.0,0.004155779182344332,-0.0002465088916929707,0.000353952899066077,0.0,0.03448811565807475,0.0002944564928773152,-0.004699927181412978,0.0,0.10343937801390002,0.0004679681111769321,-0.014584349911352016,1.0,0.013549307438931457,-7.957611657185148e-05,-0.002039473915334126,0
combo,0,eurozone,5104,0.014216170178155558,0.0002652563022763928,0.007868773194812977,2.2010210453375567,1.0,0.00018239063539104983,0.0002850258031670074,0.0003854413350951085,0.0,0.008824689876755443,0.0002338649145864914,-0.004636921448882439,0.0,0.02657914425684793,0.0001812553645425502,-0.014562354280197027,0.0,0.004896464649483123,5.3125202893401716e-05,-0.002647036039771407,0
combo,0,japan,5104,1.1924564248363878,2.295651880814872,0.00796275861782176,2.550711236270553,1.0,0.027531501681124837,-0.0006494037592484109,-0.00046604528140481314,0.0,0.3627761764900299,-0.00041794053155470894,0.0019948804700513807,0.0,2.1476605909305704,0.00035046003762907274,-0.014042962235818494,0.0,1.4768555806558652,-0.0024448645088435044,0.007361264091815167,0
combo,0,norway,5104,0.09838376850853206,0.019172515110084283,0.009279534429163535,2.3133882361131097,1.0,0.014576231565959219,-0.0001877640187755603,-0.001575489334350877,1.0,0.016687769747866454,0.0003863278743138107,0.0019718108794572636,0.0,0.08917369313096657,0.00046823588964151026,-0.008046209781820884,1.0,0.33119799928615024,0.0004233881373173115,0.031428208837002675,0
combo,0,south_korea,5104,7.87661395153475,114.54023686566767,0.005917576918336368,1.638944795051041,0.0,0.490677402864776,0.00014277119440518513,-0.00022466861473963785,0.0,5.20699676394338,0.0006041057567040205,-0.003300209258208015,0.0,5.44516855601114,0.0006326715542704784,-0.003450477863622421,1.0,10.549298632523005,0.0001877103886986822,0.008054635782808347,0
combo,0,sweden,5104,0.1344590093615911,0.023262953089585883,0.01290743910839983,3.1319348158676488,0.0,0.03902807196192448,0.00014614706938097973,-0.003593265781473427,0.0,0.14811325146218302,0.0009238483646452858,-0.01333099522524845,0.0,0.22499803630000592,0.0009797289294467182,-0.020754399797766734,1.0,0.2303421433587971,0.0006987411502165377,0.02247636295657556,0
combo,0,switzerland,5104,0.006860310202918648,0.00010379568264711417,0.007723811216526407,1.567075149105429,1.0,0.000995144450564256,0.0003460718722825253,0.0014749265210678467,1.0,0.0010280848664282471,0.0015067664613438593,0.0003405607933925783,0.0,0.0034484512776368215,0.001983216658374322,-0.0019320383325484405,1.0,0.01964996535777097,0.00034060011264606775,0.022398421568350126,0
combo,0,taiwan,5104,0.3042290167792326,0.13498706554842113,0.009640429127666427,5.748557131353173,0.0,0.05595626521449404,-0.0005249664360598971,0.0012589542782027855,0.0,0.2136034379049434,-3.2988813942649874e-06,0.006785936138914832,1.0,0.15608968756412978,0.0004594728872273914,0.005422911916480519,0.0,0.686418465379468,-0.0012260056710905434,0.020455581530847432,0
combo,0,uk,5104,0.006923942909069702,6.658988762536773e-05,0.008764922611845537,2.3356848425379537,1.0,0.00023034145131994865,-0.00040915695040378013,-0.00011917260733886059,0.0,0.00597661960912943,0.00022633184440090835,-0.007322560605883177,0.0,0.012905825732696496,0.000331726699290556,-0.01603943733256793,0.0,0.003203867665406812,0.00035134400464602707,-0.003687773595334762,0
combo,0,australia,5109,0.0079988105115767,8.480734891676926e-05,0.005245093060434725,1.1529568305744355,0.0,0.004930677533550698,-2.0126252083802095e-05,0.00320949761985822,1.0,0.005425311293876245,0.0006523544362903258,0.004203007208550385,0.0,0.00678421804259477,0.0007307176568283912,-0.0037267491298609034,0.0,0.0035703515028324695,0.0006691794378857648,-0.0016743328741857862,0
combo,0,canada,5109,0.0035350340419714557,1.8188308849583796e-05,0.002611567108368724,0.731088096535558,1.0,0.001900898171210752,0.0023677912514988055,0.0009623214896169623,1.0,0.0011376239098537244,0.0028564061905357514,0.0036961786674470803,1.0,0.0022651517704253,0.002858456003744248,0.0011842642293013908,1.0,0.007888542307109558,0.0016734427037240398,0.007489013660039915,0
combo,0,denmark,5109,0.03136764339696736,0.001610757957983828,0.004564934680288227,1.2765346549697416,0.0,0.019133775669962994,1.216221489288842e-05,-0.0027694506061743842,0.0,0.013059877213284388,0.0006254987830299538,-0.0012711050518241123,0.0,0.04440459968234922,0.0007843151651249642,-0.00567798690840762,1.0,0.003900022578090301,0.00040640933951222865,0.0009722122219740152,0
combo,0,eurozone,5109,0.00878621854324361,0.00012292504352945903,0.004873524006158246,1.3603278295254144,0.0,0.005400510010636905,0.00022157614216606207,-0.002770315094200992,0.0,0.003998193314131093,0.000939162862149147,-0.0012733918230497774,0.0,0.01289585067050325,0.0010484173086734638,-0.006104855655836833,1.0,0.0008086164565224152,0.0007790786600602872,0.00033192266506706637,0
combo,0,japan,5109,1.348961242693043,2.725033951961703,0.008995877460899396,2.885481202805992,0.0,0.299091311562961,-0.0005920064136504533,0.0013940522703743087,1.0,0.3688865130223178,-0.0002731531030762951,-0.0027273348908653425,0.0,2.4173780166293,0.0004806896890410517,-0.015700381088925824,0.0,1.3581831009067287,-0.0022490686016975784,0.0067529800803068606,0
combo,0,norway,5109,0.12965560248693672,0.028156333320442026,0.012188311554599226,3.0487116938748415,0.0,0.01935754155945446,0.0002522576474512331,-0.001586645907589266,0.0,0.02462329114828421,0.0006902400181080835,-0.0016484525147353142,1.0,0.016160269016646467,0.0008293484097045506,0.002361052286116446,1.0,0.19614184832531478,0.0010065611981930605,0.019437346198821655,0
combo,0,south_korea,5109,9.62445657038129,149.24988289074383,0.007216360654186172,2.0026312192370006,0.0,0.21942974678040628,0.00012728219399300056,-3.7565034470292516e-05,1.0,0.2169511749045796,0.0005760341843389614,0.00041312227128786867,0.0,14.166839650728207,0.0006134924412098898,-0.010080311878375336,1.0,21.396967063607235,0.0002651937398290365,0.016208414154788513,0
combo,0,sweden,5109,0.15740589499258764,0.04301094300767639,0.015061397749162465,3.666433399225356,0.0,0.02580130579493911,9.220781628458344e-05,-0.002411668397625604,0.0,0.01094416134727716,0.0009731280000569732,-8.724269469128936e-05,1.0,0.004609833444220612,0.0010598914249576189,0.0015061593128447655,1.0,0.3273412653489771,0.0008486423360801194,0.032059438572451034,0
combo,0,switzerland,5109,0.010661085479164263,0.00020568204846439542,0.011978553489185095,2.43527211200732,0.0,0.0005353449965129764,4.01160973453885e-05,-0.0005676657736453323,1.0,0.003784247896207238,0.0002448506796957912,0.00452976257242591,1.0,0.0018061864711625963,0.0006737568904403758,0.0027203190479193388,0.0,0.02164368750435597,-0.0008444487276914956,0.02344470813894783,0
combo,0,taiwan,5109,0.2305684219747318,0.09007314624960831,0.007265389695396884,4.356703908258397,1.0,0.005406722160049782,-0.0004881523925411465,-0.000316816629186473,1.0,0.048540904853883404,1.4542488134849308e-05,0.0015509522472110734,0.0,0.1005249109589954,0.0006182924871907673,-0.002569105556941874,0.0,0.5421125821248758,-0.0010335911516487417,0.01601039737359645,0
combo,0,uk,5109,0.0037284851981893314,2.33749606266675e-05,0.0047337448530871355,1.2577467026238116,0.0,0.001042924507813514,0.0008488930725309585,-0.00047313026139479377,1.0,0.000335859254128934,0.0015487185261281837,0.0019737883628574357,0.0,0.005368838488632122,0.0013151751080383728,-0.005505971627778573,1.0,0.002439016318814158,0.0020587817029863132,0.0051399769456997625,0
