model,seed,nation,origin,mae,mse,smape,mase,diracc_h1,abserr_h1,pred_cret_h1,true_cret_h1,diracc_h5,abserr_h5,pred_cret_h5,true_cret_h5,diracc_h14,abserr_h14,pred_cret_h14,true_cret_h14,diracc_h30,abserr_h30,pred_cret_h30,true_cret_h30,fold
random_walk,0,australia,5074,0.03674366666666672,0.0016003136566666704,0.024391377278196697,5.2934782211237215,0.0,0.005310000000000148,0.0,0.0035701717110648945,0.0,0.007980000000000098,0.0,0.005360538409719666,0.0,0.03473999999999999,0.0,0.023129576273248673,0.0,0.04754000000000014,0.0,0.03151861230497333,0
random_walk,0,canada,5074,0.013889999999999951,0.00021886149999999864,0.010364323114432665,2.8702662834032213,0.0,0.005049999999999999,0.0,0.0037832719820559643,0.0,0.006349999999999856,0.0,0.004754871460581495,0.0,0.01784999999999992,0.0,0.013308925405037546,0.0,0.01594999999999991,0.0,0.011900683251169941,0
random_walk,0,denmark,5074,0.08706333333333349,0.009866876666666694,0.012711157282433135,3.542535154220289,0.0,0.0042999999999997485,0.0,0.000632827582966889,0.0,0.007850000000000357,0.0,0.0011549766426435053,0.0,0.08994999999999997,0.0,0.01315514987952081,0.0,0.12785000000000046,0.0,0.018646604132181027,0
random_walk,0,eurozone,5074,0.02317333333333338,0.000699118000000002,0.0128982878742201,3.5872396396894226,0.0,0.001100000000000101,0.0,0.0006172493322063698,0.0,0.0020999999999999908,0.0,0.0011780546633385607,0.0,0.02429999999999999,0.0,0.013547623160786157,0.0,0.03420000000000001,0.0,0.01901483359791864,0
random_walk,0,japan,5074,3.6040000000000134,15.956726666666775,0.02462589624204953,7.735839968970474,0.0,0.23999999999998067,0.0,-0.001666435602972696,0.0,0.585000000000008,0.0,0.004050340468773376,0.0,3.450000000000017,0.0,0.023653109697389724,0.0,6.095000000000027,0.0,0.04141568532466658,0
random_walk,0,norway,5074,0.2550049999999997,0.07576797758333317,0.024547178838596306,6.014270274289749,0.0,0.11865000000000059,0.0,0.011520299848726621,0.0,0.023999999999999133,0.0,0.002341007701973445,0.0,0.22489999999999988,0.0,0.021725180579216137,0.0,0.2729499999999998,0.0,0.026306210954661614,0
random_walk,0,south_korea,5074,14.601666666666627,269.9544166666656,0.011022905504071511,3.045398167869468,0.0,0.5,0.0,0.0003800258463308073,0.0,1.7999999999999545,0.0,-0.0013692900850049057,0.0,20.34999999999991,0.0,0.015351550895363879,0.0,20.0,0.0,0.015089501291618203,0
random_walk,0,sweden,5074,0.23338666666666696,0.06459732900000013,0.022577136832436402,5.440983008614739,0.0,0.027900000000000702,0.0,0.002731814094881821,0.0,0.05900000000000105,0.0,0.005768184501909771,0.0,0.2483000000000004,0.0,0.024053779037288833,0.0,0.25590000000000046,0.0,0.024780971770616108,0
random_walk,0,switzerland,5074,0.019324999999999943,0.0004728569166666644,0.02248242601616669,4.407748251368702,0.0,0.0010000000000000009,0.0,-0.0011808468042745297,0.0,0.0035999999999999366,0.0,0.004239540001305034,0.0,0.02059999999999995,0.0,0.02402027687517722,0.0,0.033399999999999985,0.0,0.03865998478196627,0
random_walk,0,taiwan,5074,0.29798333333333377,0.10742422500000028,0.009553926837291058,5.644660367400837,0.0,0.015499999999999403,0.0,-0.0004999717862017588,0.0,0.11650000000000205,0.0,0.003749873631473446,0.0,0.3019999999999996,0.0,0.009691833056025083,0.0,0.3460000000000001,0.0,0.011096081136525044,0
random_walk,0,uk,5074,0.005454302099999975,4.449884398169158e-05,0.006919387557929657,1.8396927816520807,0.0,9.225400000001382e-05,0.0,0.00011763538151452835,0.0,0.0005837720000000379,0.0,-0.0007447032772377848,0.0,0.003179861000000006,0.0,0.004046759560354596,0.0,0.010342893999999991,0.0,0.01310303746251729,0
random_walk,0,australia,5079,0.034070999999999955,0.0012669837366666636,0.02254524515729638,4.908440360839667,0.0,0.008289999999999909,0.0,0.00553851475412603,0.0,0.026070000000000038,0.0,0.01731481107806327,0.0,0.03499999999999992,0.0,0.02317754316786501,0.0,0.03161999999999998,0.0,0.020962543179713404,0
random_walk,0,canada,5079,0.009536666666666764,0.0001050620000000019,0.007095036176483781,1.9706819862771128,0.0,0.00495000000000001,0.0,0.0036909353113898026,0.0,0.007800000000000029,0.0,0.005809855826869693,0.0,0.0027000000000001467,0.0,0.0020149260548384808,0.0,0.011600000000000055,0.0,0.008628117046252578,0
random_walk,0,denmark,5079,0.09425333333333316,0.010143695499999966,0.013750830912332944,3.83509031818724,0.0,0.010749999999999815,0.0,0.0015794948166763685,0.0,0.052049999999999486,0.0,0.0076245951927842144,0.0,0.0821499999999995,0.0,0.012007437801421104,0.0,0.08755000000000024,0.0,0.012791700308124406,0
random_walk,0,eurozone,5079,0.025151666666666714,0.0007216092500000025,0.01398880408944789,3.893486291898236,0.0,0.0023999999999999577,0.0,0.0013446510135962755,0.0,0.013500000000000068,0.0,0.007540250202320179,0.0,0.02245000000000008,0.0,0.01250799787792041,0.0,0.023700000000000054,0.0,0.013199857485697682,0
random_walk,0,japan,5079,3.893166666666673,17.08860083333338,0.02649908138670339,8.356524502181879,0.0,1.0600000000000023,0.0,0.007297543658475331,0.0,3.3799999999999955,0.0,0.023086091711111995,0.0,1.5349999999999966,0.0,0.010550469877736775,0.0,5.810000000000002,0.0,0.039360225325944576,0
random_walk,0,norway,5079,0.25838333333333385,0.07237962150000027,0.024835174988550153,6.09394796587742,0.0,0.0901000000000014,0.0,0.00873994922288381,0.0,0.24825000000000053,0.0,0.023898616490111765,0.0,0.20165000000000077,0.0,0.019455838457012098,0.0,0.2697000000000003,0.0,0.025937014132145435,0
random_walk,0,south_korea,5079,19.06833333333325,389.77674999999687,0.014403519143730685,3.976988978266696,0.0,6.5499999999999545,0.0,0.004973717943503599,0.0,25.34999999999991,0.0,0.019113544380005773,0.0,18.149999999999864,0.0,0.013721888365355027,0.0,17.399999999999864,0.0,0.013158582118415007,0
random_walk,0,sweden,5079,0.19197999999999926,0.042363688333333045,0.018516111473334856,4.4756623542926715,0.0,0.05289999999999928,0.0,0.005143674134174156,0.0,0.22664999999999935,0.0,0.021854288441563292,0.0,0.17829999999999835,0.0,0.017232141266342878,0.0,0.05844999999999878,0.0,0.0056817920434577025,0
random_walk,0,switzerland,5079,0.020656666666666674,0.0004984313333333337,0.02393595998784016,4.711481830742895,0.0,0.0040999999999999925,0.0,0.00480657431837697,0.0,0.01795000000000002,0.0,0.020874671404474427,0.0,0.010600000000000054,0.0,0.01237972014842269,0.0,0.030100000000000016,0.0,0.03476100557405372,0
random_walk,0,taiwan,5079,0.2523666666666651,0.07548828333333249,0.008069157556096314,4.780549655080419,0.0,0.129999999999999,0.0,0.0041678749699512645,0.0,0.3155000000000001,0.0,0.010085193563769357,0.0,0.21599999999999753,0.0,0.006915568318205883,0.0,0.44299999999999784,0.0,0.014132143643966578,0
random_walk,0,uk,5079,0.007027647366666675,6.169160369580875e-05,0.008918415303705357,2.370369644991427,0.0,0.0018156139999999654,0.0,0.002314315709650644,0.0,0.0050365900000000074,0.0,0.006406876392017224,0.0,0.004818965000000008,0.0,0.006130889811181117,0.0,0.005129895000000051,0.0,0.006525180133871974,0
random_walk,0,australia,5084,0.011369333333333283,0.00018830295999999828,0.007446464177018686,1.6379235892451924,0.0,0.0012700000000001044,0.0,-0.0008365803456784555,0.0,0.0013800000000001589,0.0,-0.0009090730058284719,0.0,0.02293999999999996,0.0,0.014991883137397475,0.0,0.011970000000000036,0.0,0.007850739310200541,0
random_walk,0,canada,5084,0.004358333333333353,2.880875000000034e-05,0.00323190200523952,0.9006175103311116,0.0,0.0018000000000000238,0.0,-0.0013377431298973997,0.0,0.0017499999999999183,0.0,-0.00130055942379308,1.0,0.0,0.0,0.0,0.0,0.008800000000000141,0.0,0.006514439886830203,0
random_walk,0,denmark,5084,0.04724833333333362,0.003068299916666697,0.006862548489040312,1.922495675312826,0.0,0.0006999999999992568,0.0,-0.00010215548073028573,0.0,0.00930000000000053,0.0,0.0013562191278611154,0.0,0.0741000000000005,0.0,0.010755288952989014,0.0,0.026750000000000718,0.0,0.003896000063516275,0
random_walk,0,eurozone,5084,0.013098333333333323,0.0002284115833333329,0.007253330493055277,2.027626318204768,0.0,0.00039999999999995595,0.0,-0.0002225994054657678,0.0,0.0034000000000000696,0.0,0.0018900970132022593,0.0,0.020199999999999996,0.0,0.011177319298684608,0.0,0.007900000000000018,0.0,0.004386215460327572,0
random_walk,0,japan,5084,1.4266666666666699,2.8404933333333546,0.009582200159676039,3.062282192674212,0.0,0.24499999999997613,0.0,-0.0016556015472261314,0.0,0.01999999999998181,0.0,-0.00013504844883603211,0.0,1.3149999999999977,0.0,0.008839650871474966,0.0,2.0200000000000102,0.0,0.01354679872396728,0
random_walk,0,norway,5084,0.05453499999999991,0.0051648839166666665,0.005173544791297805,1.2862031309519082,0.0,0.006550000000000722,0.0,-0.0006232767907472376,0.0,0.10945000000000071,0.0,-0.010466243122989119,0.0,0.11589999999999989,0.0,0.01096489765654799,0.0,0.004099999999999326,0.0,0.0003899451272983517,0
random_walk,0,south_korea,5084,6.816666666666674,60.13733333333352,0.005107698734009969,1.4217188113898154,0.0,0.09999999999990905,0.0,-7.468538783852691e-05,0.0,2.75,0.0,-0.002055883351917516,0.0,10.75,0.0,-0.008060780360119908,0.0,7.400000000000091,0.0,-0.005541839990302709,0
random_walk,0,sweden,5084,0.08133833333333336,0.010131155250000003,0.007792573724752759,1.8962543830654768,0.0,0.035050000000000026,0.0,-0.0033485666142966707,0.0,0.05569999999999986,0.0,-0.005326664502177285,0.0,0.014300000000000423,0.0,0.0013629628915511488,0.0,0.16910000000000025,0.0,-0.016259739092796887,0
random_walk,0,switzerland,5084,0.008486666666666665,9.546266666666664e-05,0.009717976731977199,1.9356838375135395,0.0,0.00044999999999995044,0.0,0.000517762128638515,0.0,0.005700000000000038,0.0,-0.006581629901235447,0.0,0.005750000000000033,0.0,0.006595762491114536,0.0,0.016149999999999998,0.0,0.018416096742005107,0
random_walk,0,taiwan,5084,0.11710000000000077,0.01682181666666679,0.003727665977595674,2.2182103999864915,0.0,0.0940000000000012,0.0,-0.0029941572640319286,0.0,0.1355000000000004,0.0,-0.0043189038805565745,0.0,0.08300000000000196,0.0,-0.002643313641002745,0.0,0.17649999999999721,0.0,0.005597902327408193,0
random_walk,0,uk,5084,0.003133329600000001,1.6073246866732457e-05,0.003962688722691099,1.056847189974466,0.0,0.0023563810000000185,0.0,-0.0029923637665361554,0.0,0.002572707999999979,0.0,-0.0032675262988974643,0.0,0.004660977000000011,0.0,0.005892722593514013,0.0,0.0016516420000000087,0.0,0.002092092104712275,0
random_walk,0,australia,5089,0.013770666666666724,0.0002415844200000018,0.009026054624391865,1.983871798959129,0.0,0.00045999999999990493,0.0,-0.00030320807556745693,0.0,0.016639999999999988,0.0,0.010906863231044889,0.0,0.01699000000000006,0.0,0.011135001849058076,0.0,0.011199999999999877,0.0,-0.007408715274944289,0
random_walk,0,canada,5089,0.005954999999999999,5.024308333333334e-05,0.004416302730850701,1.2305569271177998,0.0,0.0005500000000000504,0.0,0.0004089295397047036,0.0,0.0005500000000000504,0.0,0.0004089295397047036,0.0,0.005249999999999977,0.0,0.0038966148797257164,0.0,0.0005999999999999339,0.0,0.00044609666167298896,0
random_walk,0,denmark,5089,0.04122833333333323,0.0024503354166666514,0.005986753502800695,1.677546845398884,0.0,0.04124999999999979,0.0,0.00599341430764148,0.0,0.039550000000000196,0.0,0.005747121377176756,0.0,0.06494999999999962,0.0,0.009420724768049935,0.0,0.06059999999999999,0.0,-0.008870536014849337,0
random_walk,0,eurozone,5089,0.010669999999999942,0.0001633353333333317,0.005905374466857439,1.6517195176417947,0.0,0.010699999999999932,0.0,0.005925040867672143,0.0,0.010099999999999998,0.0,0.005593723048025702,0.0,0.016799999999999926,0.0,0.009287222285482231,0.0,0.016000000000000014,0.0,-0.008925891176575298,0
random_walk,0,japan,5089,1.5829999999999955,3.2322983333333153,0.010629268880844913,3.3978453581798505,0.0,0.4099999999999966,0.0,-0.0027725200340451006,0.0,0.18500000000000227,0.0,0.001248502802590708,0.0,1.9699999999999989,0.0,0.013215460329783595,0.0,1.0400000000000205,0.0,-0.007047770845545056,0
random_walk,0,norway,5089,0.13319333333333397,0.02224877600000019,0.012701988945752474,3.141352935825719,0.0,0.0588500000000014,0.0,0.005641189301927065,0.0,0.20980000000000132,0.0,0.01996697376302539,0.0,0.1421500000000009,0.0,0.013572071655349731,0.0,0.02734999999999843,0.0,-0.0026325620103226604,0
random_walk,0,south_korea,5089,5.163333333333344,40.62916666666692,0.0038754358856706653,1.076891168138301,0.0,0.5,0.0,-0.0003742515013742409,0.0,13.650000000000091,0.0,-0.010267687098693058,0.0,2.099999999999909,0.0,-0.0015727984069026778,0.0,16.40000000000009,0.0,-0.012349089579575596,0
random_walk,0,sweden,5089,0.08745333333333344,0.011107179833333357,0.008404440023973338,2.0388144169049403,0.0,0.05395000000000039,0.0,0.005159740692969938,0.0,0.056549999999999656,0.0,0.005407731728411105,0.0,0.02585000000000015,0.0,0.002475598436303366,0.0,0.24380000000000024,0.0,-0.023654700932436948,0
random_walk,0,switzerland,5089,0.013965000000000031,0.00023962675000000101,0.016020461196790788,3.1852110908338545,0.0,0.0006000000000000449,0.0,0.0006948465826757982,0.0,0.0024000000000000687,0.0,0.002776494148292223,0.0,0.01715,0.0,0.019673141728528243,0.0,0.012249999999999983,0.0,0.01409162592840087,0
random_walk,0,taiwan,5089,0.1514666666666655,0.03316579999999964,0.004822721750810563,2.869213793776964,0.0,0.07949999999999946,0.0,-0.0025426791774536602,0.0,0.0920000000000023,0.0,-0.002943060345669361,0.0,0.11849999999999739,0.0,0.0037780709847343276,0.0,0.13449999999999918,0.0,0.004287098276406405,0
random_walk,0,uk,5089,0.005253973399999986,3.7035473532000646e-05,0.006660294080584608,1.7721235021015902,0.0,0.0026660130000000226,0.0,0.0033858300407524546,0.0,0.0039746029999999655,0.0,0.005043551093050154,0.0,0.008431220999999933,0.0,0.010668664665780607,0.0,0.009763717999999977,0.0,-0.01249869817661338,0
random_walk,0,australia,5094,0.00871033333333328,0.00013411231666666542,0.0057002219792003815,1.2548546179947828,0.0,0.01102000000000003,0.0,0.0071582452992853115,0.0,0.00035999999999991594,0.0,-0.00023471117593732734,0.0,0.006099999999999994,0.0,-0.003984511421466864,0.0,0.011559999999999793,0.0,-0.0075644909850468445,0
random_walk,0,canada,5094,0.005834999999999946,4.625674999999942e-05,0.0043247477860758315,1.2057598101985385,0.0,0.008599999999999941,0.0,0.00637251610023277,0.0,0.0008999999999999009,0.0,0.0006687969336007396,0.0,0.0047999999999999154,0.0,0.0035617594141290295,0.0,0.007900000000000018,0.0,0.00585533840122836,0
random_walk,0,denmark,5094,0.0394416666666667,0.002204296416666673,0.005728856038794662,1.6048488537965286,0.0,0.05169999999999941,0.0,0.007463205983752149,0.0,0.010099999999999554,0.0,0.0014623801753336125,0.0,0.0063500000000003,0.0,-0.0009205133780137824,0.0,0.05230000000000068,0.0,-0.007606922148817015,0
random_walk,0,eurozone,5094,0.010295000000000025,0.00015199191666666751,0.005699993963157855,1.5936693940133468,0.0,0.012899999999999912,0.0,0.007099253854666844,0.0,0.0025999999999999357,0.0,0.0014349184282758539,0.0,0.0015000000000000568,0.0,-0.0008287751178842344,0.0,0.014300000000000201,0.0,-0.007929068433687556,0
random_walk,0,japan,5094,1.4374999999999953,2.631212499999977,0.00964216116959448,3.085535503716698,0.0,0.6049999999999898,0.0,0.004072091645529477,0.0,1.0549999999999784,0.0,0.0070902025884348715,0.0,2.234999999999985,0.0,0.014961370198499606,0.0,0.8699999999999761,0.0,0.005850526085713935,0
random_walk,0,norway,5094,0.08493333333333375,0.00984907333333341,0.008043911073391174,2.0031451224996077,0.0,0.08479999999999954,0.0,0.007958746843159387,0.0,0.05215000000000103,0.0,-0.004926083436939399,0.0,0.09965000000000046,0.0,-0.009434143877459982,0.0,0.009400000000001185,0.0,-0.00088613209165791,0
random_walk,0,south_korea,5094,8.87833333333339,87.98441666666773,0.006695009705411144,1.8517105399201923,0.0,8.25,0.0,0.006218339583605476,0.0,5.650000000000091,0.0,0.004262790090490674,0.0,6.050000000000182,0.0,0.004563892881730177,0.0,7.9500000000000455,0.0,0.005992894328273314,0
random_walk,0,sweden,5094,0.13358333333333333,0.023774186166666673,0.012837581511507193,3.1142509436448154,0.0,0.14284999999999926,0.0,0.013531544753913455,0.0,0.02614999999999945,0.0,-0.002497023252609783,0.0,0.14974999999999916,0.0,-0.014384521859652784,0.0,0.11955000000000027,0.0,-0.011466899099972222,0
random_walk,0,switzerland,5094,0.014081666666666633,0.00021508491666666574,0.016125891225972903,3.2118210414673722,0.0,0.005950000000000011,0.0,0.006850327568657392,0.0,0.009399999999999964,0.0,0.010800978265397406,0.0,0.01639999999999997,0.0,0.01876914791457419,0.0,0.01805000000000001,0.0,0.02063814854358908,0
random_walk,0,taiwan,5094,0.26166666666666755,0.07798243333333386,0.008343179329124208,4.956718371731825,0.0,0.1645000000000003,0.0,0.005256232894785877,0.0,0.14450000000000074,0.0,0.004618650585223109,0.0,0.31700000000000017,0.0,0.010104476759868718,0.0,0.4120000000000026,0.0,0.013112854980763108,0
random_walk,0,uk,5094,0.004268922266666664,2.8392639025717726e-05,0.005412744653822074,1.439873577853441,0.0,0.00864472000000005,0.0,0.010882623197563217,0.0,0.0014695319999999956,0.0,0.0018583323584185328,0.0,0.0021906579999999565,0.0,0.0027689881734933404,0.0,0.00508526499999995,0.0,-0.006457478881259417,0
random_walk,0,australia,5099,0.008607333333333323,0.00013105979999999972,0.00563601445040516,1.240015917716943,0.0,0.0023400000000000087,0.0,-0.0015269669187689696,0.0,0.0014099999999999113,0.0,-0.000919816232088684,0.0,0.002120000000000122,0.0,0.001381395689736537,0.0,0.00012000000000012001,0.0,7.824317984291168e-05,0
random_walk,0,canada,5099,0.006261666666666706,5.164058333333389e-05,0.004637377942713312,1.2939273370225592,0.0,0.0011999999999998678,0.0,-0.0008918286793769926,0.0,0.0020999999999999908,0.0,0.0015587889142064401,0.0,0.010199999999999987,0.0,0.007548601986410572,0.0,0.013449999999999962,0.0,0.009941872518831081,0
random_walk,0,denmark,5099,0.04544833333333322,0.0028432434166666535,0.006602730658064164,1.8492551613850579,0.0,0.010699999999999932,0.0,0.0015469248922918041,0.0,0.009000000000000341,0.0,0.0013013116163819586,0.0,0.023299999999999876,0.0,-0.0033768392728794725,0.0,0.015900000000000247,0.0,-0.0023031305220199633,0
random_walk,0,eurozone,5099,0.012021666666666686,0.00019853591666666733,0.006657214508854221,1.8609579632537252,0.0,0.0031999999999998696,0.0,0.0017632315778509087,0.0,0.0024999999999999467,0.0,0.001377790242755764,0.0,0.005900000000000016,0.0,-0.003259131206126664,0.0,0.0050000000000001155,0.0,-0.002761288514131686,0
random_walk,0,japan,5099,1.1558333333333404,1.7726958333333445,0.007729557554080301,2.480949416611652,0.0,0.13000000000002387,0.0,0.0008702055572906653,0.0,0.910000000000025,0.0,0.006075596202591931,0.0,0.34499999999999886,0.0,0.0023077319226860113,0.0,2.030000000000001,0.0,0.013502932312931152,0
random_walk,0,norway,5099,0.06612999999999983,0.0064367704999999924,0.006264268751266625,1.559670176030982,0.0,0.05239999999999867,0.0,-0.004974260915164736,0.0,0.04749999999999943,0.0,-0.004508060440520505,0.0,0.03880000000000017,0.0,0.0036673528912634294,0.0,0.18475000000000108,0.0,0.01734325222322015,0
random_walk,0,south_korea,5099,6.543333333333324,63.522499999999994,0.004927662591232698,1.3647110155296824,1.0,0.0,0.0,0.0,0.0,7.2000000000000455,0.0,0.005406027356737393,0.0,3.349999999999909,0.0,0.0025189403698171135,0.0,10.099999999999909,0.0,0.007575225604282587,0
random_walk,0,sweden,5099,0.11185833333333364,0.017774227916666777,0.010767673768374201,2.607772327919181,0.0,0.03455000000000119,0.0,-0.003308716522736,0.0,0.004450000000000287,0.0,-0.0004255451464811982,0.0,0.11195000000000022,0.0,-0.01076098307084595,0.0,0.09164999999999957,0.0,0.008724285421158634,0
random_walk,0,switzerland,5099,0.008009999999999998,9.380233333333331e-05,0.009093569868010952,1.8269631820679637,0.0,0.0012499999999999734,0.0,0.0014275519911853237,0.0,0.005750000000000033,0.0,0.0065499308637326885,0.0,0.005550000000000055,0.0,0.00632282588347987,0.0,0.023249999999999993,0.0,0.02622453963601358,0
random_walk,0,taiwan,5099,0.19596666666666696,0.06187260000000019,0.006217975173137078,3.712171631517369,1.0,0.0,0.0,0.0,0.0,0.0030000000000001137,0.0,-9.567241771495016e-05,0.0,0.2510000000000012,0.0,0.00797234561765515,0.0,0.6030000000000015,0.0,0.019046690758222743,0
random_walk,0,uk,5099,0.0046351649333333245,3.3675243251731256e-05,0.005879561462138239,1.5634043207141395,0.0,0.0011607169999999778,0.0,0.0014653756695610272,0.0,0.00301864900000004,0.0,0.0038065071951669588,0.0,0.0009698790000000068,0.0,-0.0012260964772102213,0.0,0.0019783939999999944,0.0,0.0024963844163598202,0
random_walk,0,australia,5104,0.007229333333333354,0.00010381896000000079,0.004739351621466537,1.0414942771065436,0.0,0.0023400000000000087,0.0,-0.0015283731682420696,0.0,0.007940000000000058,0.0,-0.005195530715540295,0.0,0.02083999999999997,0.0,-0.013694613381398579,0.0,0.0005899999999998684,0.0,0.000384990592061545,0
random_walk,0,canada,5104,0.005215000000000043,3.7728916666667155e-05,0.0038578176496476767,1.0776413727824317,0.0,0.001100000000000101,0.0,0.0008155397842289279,0.0,0.0020000000000000018,0.0,0.0014823052556641992,0.0,0.0004999999999999449,0.0,-0.0003709198855581943,0.0,0.0050000000000001155,0.0,0.003701651459750884,0
random_walk,0,denmark,5104,0.05258833333333352,0.003633926083333354,0.007636968410723938,2.1397758666318194,0.0,0.002449999999999619,0.0,0.000353952899066077,0.0,0.03244999999999987,0.0,-0.004699927181412978,0.0,0.10020000000000007,0.0,-0.014584349911352016,0.0,0.014100000000000001,0.0,-0.002039473915334126,0
random_walk,0,eurozone,5104,0.014139999999999976,0.0002586684999999993,0.00782687270977252,2.188876661617157,0.0,0.0006999999999999229,0.0,0.0003854413350951085,0.0,0.008399999999999963,0.0,-0.004636921448882439,0.0,0.026249999999999885,0.0,-0.014562354280197027,0.0,0.0047999999999999154,0.0,-0.002647036039771407,0
random_walk,0,japan,5104,1.087833333333335,1.991435833333346,0.007265804783181992,2.334990171914085,0.0,0.0700000000000216,0.0,-0.00046604528140481314,0.0,0.29999999999998295,0.0,0.0019948804700513807,0.0,2.0950000000000273,0.0,-0.014042962235818494,0.0,1.1099999999999852,0.0,0.007361264091815167,0
random_walk,0,norway,5104,0.10024833333333318,0.019805068416666616,0.009456839271876604,2.364348037151258,0.0,0.01655000000000051,0.0,-0.001575489334350877,0.0,0.020749999999999602,0.0,0.0019718108794572636,0.0,0.08425000000000082,0.0,-0.008046209781820884,0.0,0.33564999999999934,0.0,0.031428208837002675,0
random_walk,0,south_korea,5104,7.475000000000023,104.0809166666672,0.005616974341134611,1.5590241733700083,0.0,0.2999999999999545,0.0,-0.00022466861473963785,0.0,4.400000000000091,0.0,-0.003300209258208015,0.0,4.600000000000136,0.0,-0.003450477863622421,0.0,10.799999999999955,0.0,0.008054635782808347,0
random_walk,0,sweden,5104,0.12998833333333337,0.021730082416666706,0.012480083558412548,3.0304400979125408,0.0,0.037499999999999645,0.0,-0.003593265781473427,0.0,0.13845000000000063,0.0,-0.01333099522524845,0.0,0.21475000000000044,0.0,-0.020754399797766734,0.0,0.23765000000000036,0.0,0.02247636295657556,0
random_walk,0,switzerland,5104,0.006726666666666655,0.0001056303333333328,0.007572408079984152,1.5342537250991033,0.0,0.0012999999999999678,0.0,0.0014749265210678467,0.0,0.00029999999999996696,0.0,0.0003405607933925783,0.0,0.0017000000000000348,0.0,-0.0019320383325484405,0.0,0.019949999999999912,0.0,0.022398421568350126,0
random_walk,0,taiwan,5104,0.2963000000000007,0.12361781666666723,0.009387332273952784,5.6127731982578535,0.0,0.03950000000000031,0.0,0.0012589542782027855,0.0,0.2134999999999998,0.0,0.006785936138914832,0.0,0.17050000000000054,0.0,0.005422911916480519,0.0,0.6480000000000032,0.0,0.020455581530847432,0
random_walk,0,uk,5104,0.006703328100000028,6.332281551907576e-05,0.00848732756972515,2.2609793320057694,0.0,9.468099999998536e-05,0.0,-0.00011917260733886059,0.0,0.005796770999999978,0.0,-0.007322560605883177,0.0,0.012642213999999985,0.0,-0.01603943733256793,0.0,0.0029246640000000212,0.0,-0.003687773595334762,0
random_walk,0,australia,5109,0.008147666666666657,8.747004333333314e-05,0.005342713968358036,1.1737940158297282,0.0,0.004899999999999904,0.0,0.00320949761985822,0.0,0.006420000000000092,0.0,0.004203007208550385,0.0,0.005670000000000064,0.0,-0.0037267491298609034,0.0,0.0025500000000000522,0.0,-0.0016743328741857862,0
random_walk,0,canada,5109,0.004643333333333377,2.9102000000000417e-05,0.003431732619278619,0.9595106630143362,0.0,0.0013000000000000789,0.0,0.0009623214896169623,0.0,0.0050000000000001155,0.0,0.0036961786674470803,0.0,0.0016000000000000458,0.0,0.0011842642293013908,0.0,0.010150000000000103,0.0,0.007489013660039915,0
random_walk,0,denmark,5109,0.029295000000000057,0.0014097954166666783,0.004264173413833424,1.191989364174165,0.0,0.01905000000000001,0.0,-0.0027694506061743842,0.0,0.008750000000000036,0.0,-0.0012711050518241123,0.0,0.03900000000000059,0.0,-0.00567798690840762,0.0,0.006699999999999484,0.0,0.0009722122219740152,0
random_walk,0,eurozone,5109,0.0077166666666666755,9.985216666666677e-05,0.004282070003888763,1.194542543998994,0.0,0.0050000000000001155,0.0,-0.002770315094200992,0.0,0.0022999999999999687,0.0,-0.0012733918230497774,0.0,0.01100000000000012,0.0,-0.006104855655836833,0.0,0.0005999999999999339,0.0,0.00033192266506706637,0
random_walk,0,japan,5109,1.236500000000002,2.419482500000004,0.008248199164796874,2.6540971480665845,0.0,0.21000000000000796,0.0,0.0013940522703743087,0.0,0.4099999999999966,0.0,-0.0027273348908653425,0.0,2.344999999999999,0.0,-0.015700381088925824,0.0,1.0200000000000102,0.0,0.0067529800803068606,0
random_walk,0,norway,5109,0.13359166666666672,0.030184444583333372,0.012561727532627999,3.1507475921105836,0.0,0.01670000000000016,0.0,-0.001586645907589266,0.0,0.01735000000000042,0.0,-0.0016484525147353142,0.0,0.02490000000000059,0.0,0.002361052286116446,0.0,0.20674999999999955,0.0,0.019437346198821655,0
random_walk,0,south_korea,5109,9.736666666666663,150.68399999999994,0.007300641921404571,2.0307289232614396,0.0,0.049999999999954525,0.0,-3.7565034470292516e-05,0.0,0.5499999999999545,0.0,0.00041312227128786867,0.0,13.349999999999909,0.0,-0.010080311878375336,0.0,21.75,0.0,0.016208414154788513,0
random_walk,0,sweden,5109,0.16204333333333346,0.04548221066666674,0.01551058219596797,3.7777437585378797,0.0,0.02484999999999893,0.0,-0.002411668397625604,0.0,0.0008999999999996788,0.0,-8.724269469128936e-05,0.0,0.015550000000001063,0.0,0.0015061593128447655,0.0,0.33610000000000007,0.0,0.032059438572451034,0
random_walk,0,switzerland,5109,0.01048,0.00019606133333333327,0.011772904919014674,2.390333851195039,0.0,0.0004999999999999449,0.0,-0.0005676657736453323,0.0,0.0040000000000000036,0.0,0.00452976257242591,0.0,0.0023999999999999577,0.0,0.0027203190479193388,0.0,0.02090000000000003,0.0,0.02344470813894783,0
random_walk,0,taiwan,5109,0.2216166666666671,0.08216565833333352,0.006981700693508885,4.198056317765477,0.0,0.00999999999999801,0.0,-0.000316816629186473,0.0,0.04899999999999949,0.0,0.0015509522472110734,0.0,0.08099999999999952,0.0,-0.002569105556941874,0.0,0.5094999999999992,0.0,0.01601039737359645,0
random_walk,0,uk,5109,0.0037668632666666645,2.1540441913524996e-05,0.004782300123376675,1.2705330643781303,0.0,0.0003730870000000497,0.0,-0.00047313026139479377,0.0,0.0015583369999999652,0.0,0.0019737883628574357,0.0,0.004330829000000036,0.0,-0.005505971627778573,0.0,0.004064525999999957,0.0,0.0051399769456997625,0
rw_drift,0,australia,5074,0.04759053495863497,0.0027147291890625464,0.031730193476164716,6.856132857412912,0.0,0.006013005151207063,-0.0004736215074919237,0.0035701717110648945,0.0,0.011491698536638895,-0.002368107537459364,0.005360538409719666,0.0,0.04455183737984236,-0.00663070110488652,0.023129576273248673,0.0,0.06848598984657728,-0.01420864522475673,0.03151861230497333,0
rw_drift,0,canada,5074,0.01863650623917147,0.00039396518028321747,0.01393512811618818,3.851096868158951,0.0,0.0053569085361233615,-0.00023038646796339206,0.0037832719820559643,0.0,0.007883835849169074,-0.0011519323398173084,0.004754871460581495,0.0,0.022140291782133836,-0.0032254105514883747,0.013308925405037546,0.0,0.025126567851740944,-0.006911594038903427,0.011900683251169941,0
rw_drift,0,denmark,5074,0.10720983428692472,0.014877915662637927,0.015682548547472135,4.362279645157493,0.0,0.005602184123489451,-0.00019172043062508338,0.000632827582966889,0.0,0.01435842478224636,-0.0009586021531255111,0.0011549766426435053,0.0,0.10815787868412485,-0.00268408602875077,0.01315514987952081,0.0,0.16680712809805787,-0.005751612918751661,0.018646604132181027,0
rw_drift,0,eurozone,5074,0.028651611278395484,0.001063224247989592,0.015979216229237383,4.4352788716412235,0.0,0.0014541167526254117,-0.0001987886677276004,0.0006172493322063698,0.0,0.0038698800290088986,-0.0009939433386377944,0.0011780546633385607,0.0,0.029251234373127266,-0.0027830413481856405,0.013547623160786157,0.0,0.044792940785886026,-0.005963660031826556,0.01901483359791864,0
rw_drift,0,japan,5074,3.999823111507511,19.668340532289257,0.02737622078310873,8.585458239403867,1.0,0.21430831161879382,-0.00017825709943211995,-0.001666435602972696,0.0,0.7134126568904549,-0.0008912854971598828,0.004050340468773376,0.0,3.8092672163862744,-0.0024955993920480497,0.023653109697389724,0.0,6.863761958122552,-0.005347712982959942,0.04141568532466658,0
rw_drift,0,norway,5074,0.32661967888735527,0.12500491196767152,0.03157097112251331,7.703296114704756,0.0,0.12329056666304439,-0.0004532830554314531,0.011520299848726621,0.0,0.04718181270780519,-0.002266415277157328,0.002341007701973445,0.0,0.28967690552399006,-0.006345962776040761,0.021725180579216137,0.0,0.4112560465403412,-0.013598491662944221,0.026306210954661614,0
rw_drift,0,south_korea,5074,15.320104035512282,294.5120024384602,0.011569244522823065,3.195239134435718,0.0,0.5482349276048808,-3.666867761283279e-05,0.0003800258463308073,1.0,1.5588430481120668,-0.00018334338806468966,-0.0013692900850049057,0.0,21.02512806032496,-0.0005133614865820112,0.015351550895363879,0.0,21.446278716210145,-0.001100060328388717,0.015089501291618203,0
rw_drift,0,sweden,5074,0.369895950885617,0.1629988067180478,0.03607593659955351,8.623447142327603,0.0,0.0367813581326093,-0.0008711818584441372,0.002731814094881821,0.0,0.10332951889305164,-0.004355909292220274,0.005768184501909771,0.0,0.3719376737311748,-0.012196546018215541,0.024053779037288833,0.0,0.5190036765778494,-0.026135455753319284,0.024780971770616108,0
rw_drift,0,switzerland,5074,0.02567297742164303,0.0008327860583203598,0.030009023370370074,5.855628529763289,1.0,0.0005867338352426588,-0.0004878349864874713,-0.0011808468042745297,0.0,0.005664316241302925,-0.002439174932437161,0.004239540001305034,0.0,0.026367420396778196,-0.006829689810824065,0.02402027687517722,0.0,0.04571070565054225,-0.014635049594623039,0.03865998478196627,0
rw_drift,0,taiwan,5074,0.44747294980419006,0.23556694897489436,0.014389882571714727,8.476423150881992,1.0,0.005784359775283576,-0.00031336082667388673,-0.0004999717862017588,0.0,0.16504777041846808,-0.0015668041333689027,0.003749873631473446,0.0,0.4377423038121222,-0.004387051573432344,0.009691833056025083,0.0,0.6361489202246382,-0.009400824800211278,0.011096081136525044,0
rw_drift,0,uk,5074,0.006864582818060768,6.782145709841057e-05,0.008719955081835224,2.3153692677637623,0.0,0.0001860253697492098,-0.00011958440066129278,0.00011763538151452835,1.0,0.00011502726707290911,-0.0005979220033064096,-0.0007447032772377848,0.0,0.004491640288426857,-0.0016741816092581663,0.004046759560354596,0.0,0.013151162910446379,-0.003587532019838742,0.01310303746251729,0
rw_drift,0,australia,5079,0.0444739092446358,0.002183347135161893,0.029545132557878058,6.4071360142259115,0.0,0.008964088903326228,-0.0004517074734771748,0.00553851475412603,0.0,0.02943740166875486,-0.002258537367385853,0.01731481107806327,0.0,0.04440959220332252,-0.006323904628680386,0.02317754316786501,0.0,0.05171079989363969,-0.013551224204315038,0.020962543179713404,0
rw_drift,0,canada,5079,0.012883259267160089,0.00019237166190312453,0.00959936668976185,2.6622307195732056,0.0,0.005177465179842855,-0.00016993576186798194,0.0036909353113898026,0.0,0.008936939453040305,-0.0008496788093394228,0.005809855826869693,0.0,0.005880997649526654,-0.002379100666150408,0.0020149260548384808,0.0,0.018407168764198456,-0.005098072856036648,0.008628117046252578,0
rw_drift,0,denmark,5079,0.11839114382639011,0.016083430768995217,0.017308175664080026,4.8172378990773375,0.0,0.012310735025461206,-0.00022952594578494093,0.0015794948166763685,0.0,0.05985009406850583,-0.0011476297289243027,0.0076245951927842144,0.0,0.10396772514506303,-0.0032133632409883255,0.012007437801421104,0.0,0.13421657218334637,-0.0068857783735464875,0.012791700308124406,0
rw_drift,0,eurozone,5079,0.03141271692760192,0.0011323204907352996,0.01750684227427466,4.862698936408357,0.0,0.0028048255008972234,-0.00022699041201415532,0.0013446510135962755,0.0,0.015523208902211483,-0.0011349520600703559,0.007540250202320179,0.0,0.028109203420421558,-0.0031778657681970747,0.01250799787792041,0.0,0.035804881294337454,-0.006809712360422385,0.013199857485697682,0
rw_drift,0,japan,5079,4.185399615729384,19.84026315973173,0.02852042914466767,8.98379068631324,0.0,1.078877519456853,-0.00013044567786517589,0.007297543658475331,0.0,3.474362977193465,-0.0006522283893242973,0.023086091711111995,0.0,1.7990613172128178,-0.001826239490107653,0.010550469877736775,0.0,6.375255772900317,-0.003913370335945179,0.039360225325944576,0
rw_drift,0,norway,5079,0.32317337681137903,0.11310850060022,0.031172270288920893,7.622015386359167,0.0,0.09429654149661992,-0.00040894384548041863,0.00873994922288381,0.0,0.2692155565072891,-0.0020447192274038934,0.023898616490111765,0.0,0.26024569831440836,-0.005725213836731348,0.019455838457012098,0.0,0.39485271268622313,-0.012268315364423925,0.025937014132145435,0
rw_drift,0,south_korea,5079,22.091392352771027,513.7170333690214,0.016708121657338038,4.607493605534618,0.0,6.745316494845156,-0.00014869334779945239,0.004973717943503599,0.0,26.32629211636049,-0.0007434667390008116,0.019113544380005773,0.0,20.88178984936303,-0.0020817068692032072,0.013721888365355027,0.0,23.246879912450595,-0.004460800434008521,0.013158582118415007,0
rw_drift,0,sweden,5079,0.32655192026051355,0.1161432117740572,0.03174629337040334,7.612960392915764,0.0,0.061653841984714575,-0.0008537274836978905,0.005143674134174156,0.0,0.27034457158161196,-0.004268637418490207,0.021854288441563292,0.0,0.30017631400548517,-0.011952184771772515,0.017232141266342878,0.0,0.317841453070109,-0.02561182451094145,0.0056817920434577025,0
rw_drift,0,switzerland,5079,0.027510878067026942,0.0008956643799329501,0.032031033237458324,6.274826633560462,0.0,0.004544442912467583,-0.0005224267195516305,0.00480657431837697,0.0,0.02016989449227924,-0.002612133597758083,0.020874671404474427,0.0,0.016801121174632616,-0.007313974073722617,0.01237972014842269,0.0,0.043332802098489887,-0.015672801586548286,0.03476100557405372,0
rw_drift,0,taiwan,5079,0.4044486955329642,0.18701097840100664,0.012970697802173664,7.661420176705255,0.0,0.13984175878768923,-0.00031624092569452133,0.0041678749699512645,0.0,0.36467768502798137,-0.001581204628470583,0.010085193563769357,0.0,0.35350180026309275,-0.00442737295971816,0.006915568318205883,0.0,0.7369030843893078,-0.009487227770824226,0.014132143643966578,0
rw_drift,0,uk,5079,0.009537080616306592,0.00011091327359036766,0.012127431114103478,3.2167815508153272,0.0,0.0019778370907354015,-0.00020704242898252987,0.002314315709650644,0.0,0.005847369687335235,-0.0010352121449130048,0.006406876392017224,0.0,0.0070870346932424555,-0.0028985940057563615,0.006130889811181117,0.0,0.009982007049928687,-0.006211272869477864,0.006525180133871974,0
rw_drift,0,australia,5084,0.017093670032619013,0.00039851689359398485,0.0112264353338633,2.462600449149799,1.0,0.0008649020322128997,-0.00026677202156527097,-0.0008365803456784555,1.0,0.0006444095832158769,-0.0013338601078263723,-0.0009090730058284719,0.0,0.028601549083044464,-0.0037348083019140476,0.014991883137397475,0.0,0.024076052180976415,-0.008003160646958513,0.007850739310200541,0
rw_drift,0,canada,5084,0.0046890953275878925,3.314135405282209e-05,0.003477625613991426,0.9689670423642303,1.0,0.0017691329885647367,-2.2924999257143044e-05,-0.0013377431298973997,1.0,0.0015956720188425866,-0.00011462499628537044,-0.00130055942379308,0.0,0.0004320737727498969,-0.0003209499895987626,0.0,0.0,0.00972570259503236,-0.0006877499777117199,0.006514439886830203,0
rw_drift,0,denmark,5084,0.06934305513897933,0.0059232742103795255,0.010093758229463503,2.8215116642773808,1.0,0.0007501463761085958,-0.00021164072826394844,-0.00010215548073028573,0.0,0.016547663754278297,-0.001058203641319794,0.0013562191278611154,0.0,0.09437414703228253,-0.0029629701956955593,0.010755288952989014,0.0,0.07012116282851366,-0.00634922184791897,0.003896000063516275,0
rw_drift,0,eurozone,5084,0.019001415952084103,0.0004395956538695132,0.010545261026066432,2.9414254536914366,1.0,1.1666101488616576e-05,-0.0002161065357757876,-0.0002225994054657678,0.0,0.005340830549595665,-0.0010805326788787628,0.0018900970132022593,0.0,0.025629045144525575,-0.003025491500860393,0.011177319298684608,0.0,0.019513588558872863,-0.00648319607327234,0.004386215460327572,0
rw_drift,0,japan,5084,1.3735827965440175,2.6049455383160693,0.009223945974040726,2.9483398163694257,0.0,0.2498385670152743,3.266930879719688e-05,-0.0016556015472261314,0.0,0.04419441587987194,0.00016334654398284827,-0.00013504844883603211,1.0,1.247245675062203,0.0004573703231501601,0.008839650871474966,1.0,1.8747742058512245,0.000980079263892796,0.01354679872396728,0
rw_drift,0,norway,5084,0.0899998641198632,0.011540767791322347,0.008560676565931229,2.1226388010674713,1.0,0.0032793722170829653,-0.00031117379020959837,-0.0006232767907472376,1.0,0.0931070336731068,-0.001555868951048076,-0.010466243122989119,0.0,0.1615963047487874,-0.004356433062935172,0.01096489765654799,0.0,0.1017774709005792,-0.009335213706289869,0.0003899451272983517,0
rw_drift,0,south_korea,5084,9.385358333695626,105.6481256267927,0.007023630328163914,1.9574582632737254,0.0,0.2655240753053931,0.00012361004129756331,-7.468538783852691e-05,0.0,3.577825018846397,0.0006180502064868446,-0.002055883351917516,0.0,13.069199990217612,0.0017305405781634173,-0.008060780360119908,0.0,12.374633377756254,0.003708301238922831,-0.005541839990302709,0
rw_drift,0,sweden,5084,0.07698153463445442,0.009580839558274459,0.007389580177608396,1.794683594848976,1.0,0.027308581382170516,-0.0007386265680963231,-0.0033485666142966707,1.0,0.017050023785269985,-0.003693132840481994,-0.005326664502177285,0.0,0.12216124627815717,-0.010340771953349063,0.0013629628915511488,1.0,0.06067318891477136,-0.022158797042890956,-0.016259739092796887,0
rw_drift,0,switzerland,5084,0.012348621505551856,0.00021846780646778705,0.014181928300456396,2.816538931327829,0.0,0.0007704640376521299,-0.0003688838166472217,0.000517762128638515,1.0,0.0040988612978717365,-0.0018444190832361835,-0.006581629901235447,0.0,0.01022575688835714,-0.005164373433061077,0.006595762491114536,0.0,0.025712684064454594,-0.011066514499416579,0.018416096742005107,0
rw_drift,0,taiwan,5084,0.13523597030060466,0.030990597133270573,0.004307579361042134,2.5617577777375202,1.0,0.08808960890580764,-0.00018799824064261704,-0.0029941572640319286,1.0,0.10595915282757673,-0.0009399912032127644,-0.0043189038805565745,1.0,0.0003555532184158494,-0.0026319753689955303,-0.002643313641002745,0.0,0.3533292778678323,-0.005639947219275871,0.005597902327408193,0
rw_drift,0,uk,5084,0.006068484263947608,4.83467036941004e-05,0.007695504373971543,2.046851547873321,1.0,0.0021442406582992124,-0.0002690301386812882,-0.0029923637665361554,1.0,0.0015125767827085523,-0.0013451506934061472,-0.0032675262988974643,0.0,0.007625754500383941,-0.003766421941537198,0.005892722593514013,0.0,0.007991091414922713,-0.00807090416043705,0.002092092104712275,0
rw_drift,0,australia,5089,0.019997346464755674,0.000486307291638035,0.013143258433974262,2.880918743133495,1.0,2.5306360408094974e-05,-0.00031989138044687034,-0.00030320807556745693,0.0,0.019064980093484785,-0.001599456902234718,0.010906863231044889,0.0,0.023770182035985243,-0.004478479326257128,0.011135001849058076,1.0,0.003291871024954318,-0.009596741413407935,-0.007408715274944289,0
rw_drift,0,canada,5089,0.006615094085923949,5.994672517961723e-05,0.004907353911963247,1.3669605123374822,0.0,0.0005943162344126396,-3.2956767068073435e-05,0.0004089295397047036,0.0,0.0007715665675871453,-0.0001647838353408169,0.0004089295397047036,0.0,0.005870294394182629,-0.00046139473895436895,0.0038966148797257164,0.0,0.0019288519121032355,-0.000988703012045143,0.00044609666167298896,0
rw_drift,0,denmark,5089,0.06444081250349441,0.005056997402392463,0.00937963255839034,2.622043458709907,0.0,0.0433390907050315,-0.0003044919850567583,0.00599341430764148,0.0,0.049989095315781995,-0.0015224599252841762,0.005747121377176756,0.0,0.09413946297031117,-0.004262887790795498,0.009420724768049935,1.0,0.0017968393583140951,-0.009134759551704957,-0.008870536014849337,0
rw_drift,0,eurozone,5089,0.016569622127359167,0.00033550720834006544,0.009191403211763018,2.5649829679202103,0.0,0.011237653359524646,-0.00029864966177997246,0.005925040867672143,0.0,0.012786661816758027,-0.0014932483088998542,0.005593723048025702,0.0,0.02431255478137917,-0.004181095264919763,0.009287222285482231,1.0,5.9957511474362235e-05,-0.008959489853399429,-0.008925891176575298,0
rw_drift,0,japan,5089,1.6980207999164947,3.7174356406638918,0.011406450340058025,3.6447328446551572,1.0,0.4005887647346924,-6.355494704903606e-05,-0.0027725200340451006,0.0,0.23205019559145512,-0.00031777473524734776,0.001248502802590708,0.0,2.101702879397891,-0.0008897692586929999,0.013215460329783595,1.0,0.7579229663024023,-0.0019066484114853323,-0.007047770845545056,0
rw_drift,0,norway,5089,0.20208291643669504,0.04585442700781247,0.01935394725375694,4.766107634230685,0.0,0.06343156905504976,-0.00044051392429142884,0.005641189301927065,0.0,0.23268767615504515,-0.0022025696214562625,0.01996697376302539,0.0,0.2061086700111705,-0.006167194940077987,0.013572071655349731,1.0,0.10922292574820425,-0.013215417728738549,-0.0026325620103226604,0
rw_drift,0,south_korea,5089,5.106844315720234,40.02695941802012,0.003833160576587431,1.0651095301464935,1.0,0.49606793645034486,-2.9426150308159817e-06,-0.0003742515013742409,1.0,13.630339797958186,-1.4713075153111996e-05,-0.010267687098693058,1.0,2.0449521632165215,-4.119661042716166e-05,-0.0015727984069026778,1.0,16.282043126565668,-8.827845091568966e-05,-0.012349089579575596,0
rw_drift,0,sweden,5089,0.0866413029051835,0.011158448309452087,0.008332159378567782,2.0198834135826624,0.0,0.06078428292719451,-0.0006555300806356303,0.005159740692969938,0.0,0.09067665787590684,-0.0032776504031779806,0.005407731728411105,0.0,0.12112347385705569,-0.009177421128897951,0.002475598436303366,1.0,0.04070784433933028,-0.019665902419066187,-0.023654700932436948,0
rw_drift,0,switzerland,5089,0.02218075024172186,0.000613183701570444,0.025599392670284667,5.059102876688007,0.0,0.001147548436813861,-0.0006345252222333788,0.0006948465826757982,0.0,0.005134271155631143,-0.0031726261111667286,0.002776494148292223,0.0,0.02478415176934501,-0.008883353111266831,0.019673141728528243,0.0,0.0285262582236383,-0.0190357566670004,0.01409162592840087,0
rw_drift,0,taiwan,5089,0.2921122603859903,0.11719626778860062,0.009329459000991152,5.533445379605136,1.0,0.0700454060444784,-0.00030205142510043485,-0.0025426791774536602,1.0,0.04475557502367167,-0.0015102571255016057,-0.002943060345669361,0.0,0.2506047928531565,-0.004228719951404297,0.0037780709847343276,0.0,0.4168992386875132,-0.009061542753008881,0.004287098276406405,0
rw_drift,0,uk,5089,0.009846645106175186,0.00011315853780699942,0.01253130289805224,3.3211951947656804,0.0,0.0030367079517801265,-0.00047169081151753934,0.0033858300407524546,0.0,0.005826330461377371,-0.0023584540575876736,0.005043551093050154,0.0,0.013605072385883599,-0.0066036713612454825,0.010668664665780607,1.0,0.0012814208940148397,-0.014150724345525998,-0.01249869817661338,0
rw_drift,0,australia,5094,0.006203701669893857,6.608592550638673e-05,0.004061146113705666,0.8937365989585129,0.0,0.011414390028221533,-0.00025713551430649087,0.0071582452992853115,1.0,0.0016109364153158445,-0.0012856775715320845,-0.00023471117593732734,1.0,0.0005877573989332419,-0.0035998972002900084,-0.003984511421466864,1.0,0.00022769809592437795,-0.007714065429192918,-0.0075644909850468445,0
rw_drift,0,canada,5094,0.009488893506131024,0.00010844484151726912,0.007045761327081414,1.960810014215389,0.0,0.008837429971252586,-0.00017651063098017986,0.00637251610023277,0.0,0.002086730878060994,-0.000882553154900632,0.0006687969336007396,0.0,0.00812020891377907,-0.0024711488337216055,0.0035617594141290295,0.0,0.015004700361078038,-0.005295318929403486,0.00585533840122836,0
rw_drift,0,denmark,5094,0.028108226547556143,0.0010906276743611763,0.0040806378431326555,1.1437005321892735,0.0,0.05393726487217432,-0.00032422336862274843,0.007463205983752149,0.0,0.021279074151814292,-0.0016211168431137463,0.0014623801753336125,1.0,0.024905795419402743,-0.004539127160718502,-0.0009205133780137824,1.0,0.014503412264853743,-0.009726701058682669,-0.007606922148817015,0
rw_drift,0,eurozone,5094,0.0073843435963639814,7.484701690123446e-05,0.004086334934830874,1.1430988231572312,0.0,0.013482495696608865,-0.00032175705557917585,0.007099253854666844,0.0,0.005510605166285876,-0.001608785277896376,0.0014349184282758539,1.0,0.006637909009295839,-0.004504598778110196,-0.0008287751178842344,1.0,0.0030935996259002785,-0.009652711667378886,-0.007929068433687556,0
rw_drift,0,japan,5094,1.5659544092935798,3.2400913194285734,0.010509321595350124,3.361257688401437,0.0,0.6226022533035973,-0.00011872461209031811,0.004072091645529477,0.0,1.1429903720321875,-0.000593623060451086,0.0070902025884348715,0.0,2.4812414741285806,-0.0016621445692623124,0.014961370198499606,0.0,1.3971595874807008,-0.0035617383627050063,0.005850526085713935,0
rw_drift,0,norway,5094,0.05893034868135126,0.004927821077124597,0.005589022154307414,1.3898670391866097,0.0,0.08711532035883351,-0.00021819092012886375,0.007958746843159387,1.0,0.04057844837163849,-0.0010909546006438275,-0.004926083436939399,1.0,0.06728144142294923,-0.0030546728818031782,-0.009434143877459982,1.0,0.059840327382055136,-0.006545727603863701,-0.00088613209165791,0
rw_drift,0,south_korea,5094,11.384993085960543,157.31380797398594,0.008593954018594497,2.374512298951551,0.0,8.5480797460757,-0.0002253994713792898,0.006218339583605476,0.0,7.139727087309211,-0.0011269973568970868,0.004262790090490674,0.0,10.217008623223364,-0.0031555925993118814,0.004563892881730177,0.0,16.863230700395434,-0.00676198414138127,0.005992894328273314,0
rw_drift,0,sweden,5094,0.05971807493792784,0.005436941364360506,0.005752948809652598,1.3922176261616488,0.0,0.14879511059586292,-0.0005671420780412794,0.013531544753913455,1.0,0.0035418644211606676,-0.002835710390206535,-0.002497023252609783,1.0,0.06682449682421421,-0.007939989092577272,-0.014384521859652784,1.0,0.057344764183559604,-0.017014262341237,-0.011466899099972222,0
rw_drift,0,switzerland,5094,0.02306895252328254,0.0005912090337286789,0.026578321796339736,5.261688752673041,0.0,0.006533610704962611,-0.0006744541779399781,0.006850327568657392,0.0,0.012314121317214544,-0.003372270889700162,0.010800978265397406,0.0,0.024534839036225442,-0.009442358491160555,0.01876914791457419,0.0,0.03538822698048283,-0.020233625338201177,0.02063814854358908,0
rw_drift,0,taiwan,5094,0.4380855872843123,0.22338956912701652,0.014015876675921335,8.29859953713275,0.0,0.1759221665486237,-0.00036599785097496537,0.005256232894785877,0.0,0.20156905080046528,-0.0018299892548759187,0.004618650585223109,0.0,0.4765305330187424,-0.0051239699136525615,0.010104476759868718,0.0,0.7528530111655556,-0.010979935529255486,0.013112854980763108,0
rw_drift,0,uk,5094,0.005423140663358857,3.503978242847329e-05,0.006883922526798967,1.8291822765492238,0.0,0.00902908955256787,-0.00048663414811637214,0.010882623197563217,0.0,0.0033895106539576503,-0.0024331707405815884,0.0018583323584185328,0.0,0.00755484764024017,-0.006812878073628453,0.0027689881734933404,1.0,0.006364843940488307,-0.014599024443489454,-0.006457478881259417,0
rw_drift,0,australia,5099,0.006628199651390461,7.139456648087556e-05,0.004343154462752219,0.9548919224146164,1.0,0.001955165319204921,-0.00025096371499162373,-0.0015269669187689696,1.0,0.0005132079720318039,-0.0012548185749581215,-0.000919816232088684,0.0,0.007498906709940911,-0.0035134920098824716,0.001381395689736537,0.0,0.011623131809772147,-0.007528911449748246,7.824317984291168e-05,0
rw_drift,0,canada,5099,0.009096115054071803,0.00010208168905559083,0.006745989492430119,1.8796452375564332,1.0,0.001012417207625127,-0.00013935732510972687,-0.0008918286793769926,0.0,0.003037652606148189,-0.0006967866255488786,0.0015587889142064401,0.0,0.01282378175004073,-0.0019510025515367007,0.007548601986410572,0.0,0.019066127987205306,-0.00418071975329298,0.009941872518831081,0
rw_drift,0,denmark,5099,0.024375669744757408,0.0009775652033770779,0.003546797535511985,0.9918258774662145,0.0,0.012469894836766748,-0.0002561087865689832,0.0015469248922918041,0.0,0.017844943068507035,-0.0012805439328453824,0.0013013116163819586,1.0,0.0014373262214366633,-0.0035855230119672035,-0.0033768392728794725,1.0,0.0370001614993134,-0.007683263597072656,-0.0023031305220199633,0
rw_drift,0,eurozone,5099,0.006376656406975068,6.815556192316062e-05,0.003536548703241541,0.987108514029651,0.0,0.0036598793346742653,-0.0002536537500063676,0.0017632315778509087,0.0,0.00479823061589979,-0.0012682687500316222,0.001377790242755764,1.0,0.0005277076309593287,-0.0035511525000885354,-0.003259131206126664,1.0,0.008745763568481113,-0.007609612500189618,-0.002761288514131686,0
rw_drift,0,japan,5099,1.131357896558805,1.7088930615948448,0.007565694936351283,2.428413883299094,1.0,0.12109976693855629,5.960132483689825e-05,0.0008702055572906653,1.0,0.8654935295614621,0.00029800662418505067,0.006075596202591931,1.0,0.22034845181238438,0.0008344185477189402,0.0023077319226860113,1.0,1.7627621202842647,0.0017880397451137252,0.013502932312931152,0
rw_drift,0,norway,5099,0.06997080185849663,0.009537771674059316,0.006632027555313186,1.650255146706044,1.0,0.04946455752019219,-0.0002780043020450039,-0.004974260915164736,1.0,0.03283094485534832,-0.001390021510225149,-0.004508060440520505,0.0,0.07982202556043738,-0.0038920602286303466,0.0036673528912634294,0.0,0.27245925429132,-0.008340129061351308,0.01734325222322015,0
rw_drift,0,south_korea,5099,8.129572604314028,86.69709572179136,0.006123804034097059,1.695545178500616,0.0,0.24238061358687446,-0.00018249782136389194,0.0,0.0,8.411460849661808,-0.000912489106820963,0.005406027356737393,0.0,6.73930660593328,-0.002554969499100055,0.0025189403698171135,0.0,17.35221113048692,-0.005474934640928272,0.007575225604282587,0
rw_drift,0,sweden,5099,0.08129403176948369,0.010152223811107785,0.007842151455549238,1.8952215731813313,1.0,0.028708326693520192,-0.0005586654329015027,-0.003308716522736,1.0,0.024725758454387403,-0.002793327164507945,-0.0004255451464811982,1.0,0.030462810727421186,-0.007821316060621936,-0.01076098307084595,0.0,0.2654883257206304,-0.016759962987046944,0.008724285421158634,0
rw_drift,0,switzerland,5099,0.013536121194261893,0.0002381907276811213,0.015434961419377644,3.087390143561338,0.0,0.0016079352992994789,-0.0004091526049976322,0.0014275519911853237,0.0,0.007538212893295038,-0.0020457630249885402,0.0065499308637326885,0.0,0.010547791729252465,-0.0057281364699677,0.00632282588347987,0.0,0.033924608697786685,-0.012274578149931041,0.02622453963601358,0
rw_drift,0,taiwan,5099,0.34870931547372946,0.17127261069697203,0.011104285610628368,6.605556192621623,0.0,0.00989739804465728,-0.00031567072041810537,0.0,1.0,0.04645576182419475,-0.0015783536020893673,-9.567241771495016e-05,0.0,0.3892796630594404,-0.004419390085850497,0.00797234561765515,0.0,0.8985670715836029,-0.009470121612536546,0.019046690758222743,0
rw_drift,0,uk,5099,0.0031818936420368853,1.6525028973240492e-05,0.004040349727472011,1.0732274556702561,0.0,0.001462791433532562,-0.0003817136825469205,0.0014653756695610272,0.0,0.004527868768146481,-0.001908568412734655,0.0038065071951669588,1.0,0.0032486882290233554,-0.005343991555657216,-0.0012260964772102213,0.0,0.0109906566607616,-0.011451410476408085,0.0024963844163598202,0
rw_drift,0,australia,5104,0.00809696292944444,9.345028554375111e-05,0.005312327114415742,1.1664893793286881,1.0,0.0018205898484875416,-0.0003390515725015267,-0.0015283731682420696,1.0,0.0053447094154222,-0.001695257862507522,-0.005195530715540295,1.0,0.01358425917719086,-0.0047467220150209264,-0.013694613381398579,0.0,0.01609595284424392,-0.010171547175044914,0.000384990592061545,0
rw_drift,0,canada,5104,0.00754357051987035,7.670488078267405e-05,0.005587209883056365,1.5588233347486287,0.0,0.0012681537962893064,-0.00012472781994093753,0.0008155397842289279,0.0,0.00284055928611604,-0.0006236390997049259,0.0014823052556641992,1.0,0.001852245634305305,-0.0017461894791737352,-0.0003709198855581943,0.0,0.010035501614675368,-0.0037418345982294784,0.003701651459750884,0
rw_drift,0,denmark,5104,0.035099328581724085,0.0017502717596616126,0.005106595848649179,1.4281627021358356,0.0,0.004123783834987904,-0.0002418845583303514,0.000353952899066077,1.0,0.02408512798114426,-0.0012094227916511046,-0.004699927181412978,1.0,0.07680382872471458,-0.003386383816623142,-0.014584349911352016,1.0,0.03593781802742413,-0.007256536749906783,-0.002039473915334126,0
rw_drift,0,eurozone,5104,0.009196781653827186,0.00012353537797956334,0.00510031093215593,1.4236648319696747,0.0,0.001124711219344876,-0.00023393137707397366,0.0003854413350951085,1.0,0.006277437087542692,-0.0011696568853692595,-0.004636921448882439,1.0,0.020313074567650746,-0.0032750392790337566,-0.014562354280197027,1.0,0.007898217149149067,-0.007017941312215128,-0.002647036039771407,0
rw_drift,0,japan,5104,1.0679966644450654,2.0233381992113206,0.007133871483966852,2.292411565910448,0.0,0.07664241156155072,4.42124985776968e-05,-0.00046604528140481314,1.0,0.26678500522120885,0.00022106249288964948,0.0019948804700513807,0.0,2.188020491842707,0.0006189749800915877,-0.014042962235818494,1.0,0.9105998478331685,0.0013263749573393178,0.007361264091815167,0
rw_drift,0,norway,5104,0.15629113189331326,0.04528864926352639,0.014815090803626387,3.6861124632107356,1.0,0.011787749848917173,-0.0004530915775563712,-0.001575489334350877,0.0,0.04453968805848518,-0.0022654578877826775,0.0019718108794572636,1.0,0.017774452071499525,-0.006343282085791684,-0.008046209781820884,0.0,0.4775830575914881,-0.013592747326696025,0.031428208837002675,0
rw_drift,0,south_korea,5104,7.58384937439752,103.89687411321265,0.005699646119898474,1.581726354766918,1.0,0.09579371432641892,-0.000152923658735038,-0.00022466861473963785,1.0,3.379280779735609,-0.0007646182936749962,-0.003300209258208015,1.0,1.743951791497011,-0.002140931222289163,-0.003450477863622421,0.0,16.91262480640694,-0.004587709762048001,0.008054635782808347,0
rw_drift,0,sweden,5104,0.1353543164933742,0.027615603513054095,0.013008501851760482,3.155538174916204,1.0,0.032348533648420386,-0.0004928513201259327,-0.003593265781473427,1.0,0.11271803855273532,-0.002464256600630354,-0.01333099522524845,1.0,0.1428600000553164,-0.006899918481764979,-0.020754399797766734,0.0,0.3910948990643508,-0.014785539603782375,0.02247636295657556,0
rw_drift,0,switzerland,5104,0.009220485473381619,0.0001881210147282719,0.010412665580034229,2.103057113690477,0.0,0.0015298631739444346,-0.00026101978389730886,0.0014749265210678467,0.0,0.0014487161162076712,-0.0013050989194865886,0.0003405607933925783,1.0,0.0015126309486418466,-0.003654276974562668,-0.0019320383325484405,0.0,0.026819862585386933,-0.007830593516919835,0.022398421568350126,0
rw_drift,0,taiwan,5104,0.4571430309067665,0.2791482762584561,0.014533942646204731,8.659602266769674,0.0,0.04991030324868717,-0.00033206396924479993,0.0012589542782027855,0.0,0.2655169645894908,-0.001660319846223083,0.006785936138914832,0.0,0.31593013834181605,-0.004648895569424364,0.005422911916480519,0.0,0.9588102499580842,-0.00996191907733835,0.020455581530847432,0
rw_drift,0,uk,5104,0.004480112480746797,2.8661604834078345e-05,0.005687160588601717,1.511106359843786,1.0,0.00019103331433500959,-0.0003596647075160481,-0.00011917260733886059,1.0,0.00436922648770488,-0.0017983235375801225,-0.007322560605883177,1.0,0.008651549766001132,-0.0050353059052243914,-0.01603943733256793,1.0,0.005602221916982453,-0.01078994122548094,-0.003687773595334762,0
rw_drift,0,australia,5109,0.01373671704360475,0.0002533659857249048,0.009029234411722114,1.9789808447730857,0.0,0.0055273361607339755,-0.00041164970180126146,0.00320949761985822,0.0,0.009554099970089824,-0.002058248509006467,0.004203007208550385,1.0,0.003089249632411084,-0.005763095825217892,-0.0037267491298609034,1.0,0.016158202573827607,-0.012349491054038266,-0.0016743328741857862,0
rw_drift,0,canada,5109,0.007260242530446629,7.189338200362496e-05,0.005373349339590533,1.5002756907466608,0.0,0.0015130862268972756,-0.00015782487872131933,0.0009623214896169623,0.0,0.006065094911008595,-0.0007891243936067508,0.0036961786674470803,0.0,0.004580148990887878,-0.002209548302098743,0.0011842642293013908,0.0,0.016527980300262257,-0.004734746361640131,0.007489013660039915,0
rw_drift,0,denmark,5109,0.03315789953315272,0.0016573401667972552,0.004828699903986665,1.3491675569849284,1.0,0.017563959914568272,-0.0002157619109080216,-0.0027694506061743842,1.0,0.0013230048438748199,-0.0010788095545402195,-0.0012711050518241123,1.0,0.01822458790257553,-0.0030206667527129436,-0.00567798690840762,0.0,0.05114202359084086,-0.006472857327241743,0.0009722122219740152,0
rw_drift,0,eurozone,5109,0.008146727848000827,0.00010249287320222771,0.004522564831098971,1.2611161566503257,1.0,0.004636456891402796,-0.00020116727601831517,-0.002770315094200992,1.0,0.00048301556615171215,-0.001005836380091902,-0.0012733918230497774,1.0,0.005917045560066114,-0.0028163418642573276,-0.006104855655836833,0.0,0.011474543250172164,-0.006035018280551475,0.00033192266506706637,0
rw_drift,0,japan,5109,1.1859083401862003,2.4094611461748574,0.00791238345275742,2.545504200207494,1.0,0.20245491817453853,5.012052177447936e-05,0.0013940522703743087,0.0,0.44772919104585185,0.0002506026088715043,-0.0027273348908653425,0.0,2.450665566192015,0.000701687304841569,-0.015700381088925824,1.0,0.7934829630364391,0.0015036156532318482,0.0067529800803068606,0
rw_drift,0,norway,5109,0.2093257160774635,0.07427153064925832,0.019800717346276798,4.9369284204196235,1.0,0.010421488019678904,-0.0005962182184724407,-0.001586645907589266,1.0,0.014005159725078542,-0.0029810910923617857,-0.0016484525147353142,0.0,0.11245943378438383,-0.008347055058612432,0.002361052286116446,0.0,0.3934865013734754,-0.01788654655416992,0.019437346198821655,0
rw_drift,0,south_korea,5109,12.256625460531707,231.69612104818654,0.00919811154264975,2.556304398248988,1.0,0.20232939699690178,-0.00018958966024939207,-3.7565034470292516e-05,0.0,1.8111687305529358,-0.0009479483012448739,0.00041312227128786867,1.0,9.821738083408718,-0.0026542552434858325,-0.010080311878375336,0.0,29.29911066731688,-0.005687689807469946,0.016208414154788513,0
rw_drift,0,sweden,5109,0.25194077179489305,0.11356560147759567,0.024299646097975486,5.873538013511032,1.0,0.01712423587863654,-0.0007491550797663948,-0.002411668397625604,1.0,0.037671007637710474,-0.0037457753988342783,-8.724269469128936e-05,0.0,0.12318577941436892,-0.010488171116736186,0.0015061593128447655,0.0,0.5653736776869671,-0.022474652393005955,0.032059438572451034,0
rw_drift,0,switzerland,5109,0.011949798986960636,0.0002602407782343392,0.013443917411492813,2.725573381059942,1.0,0.0003683055830099313,-0.00014948556885835,-0.0005676657736453323,0.0,0.004658275264936784,-0.0007474278442917122,0.00452976257242591,0.0,0.0042419315785936496,-0.0020927979640170354,0.0027203190479193388,0.0,0.024842281493359986,-0.004484567065750824,0.02344470813894783,0
rw_drift,0,taiwan,5109,0.3201804191584795,0.18420115088603478,0.010114335688508896,6.065136939789656,1.0,0.001173790869092528,-0.0002796237827428184,-0.000316816629186473,0.0,0.09310637582317582,-0.0013981189137128064,0.0015509522472110734,1.0,0.042342620532554776,-0.003914732958395449,-0.002569105556941874,0.0,0.7732156320012464,-0.008388713482276048,0.01601039737359645,0
rw_drift,0,uk,5109,0.006212559289766217,6.351764927099827e-05,0.00790394535814438,2.095446909874783,1.0,3.874887290178375e-05,-0.0004239804614316011,-0.00047313026139479377,0.0,0.003228611008239013,-0.002119902307157731,0.0019737883628574357,1.0,0.0003370298475338096,-0.005935726460041357,-0.005505971627778573,0.0,0.014033263608399071,-0.012719413842946075,0.0051399769456997625,0
ridge_returns,0,australia,5074,0.035056671601906404,0.0014616935815240368,0.023256126895476036,5.050441190675337,0.0,0.005359071734041709,-3.305282993919513e-05,0.0035701717110648945,1.0,0.006397408143768546,0.0010653875737208212,0.005360538409719666,1.0,0.03329353608757435,0.00097379198693668,0.023129576273248673,1.0,0.04504520944681589,0.001678956816281239,0.03151861230497333,0
ridge_returns,0,canada,5074,0.01235836701799103,0.00017627259492384974,0.00921555684114796,2.5537655989677606,0.0,0.005075594356430679,-1.9210840108088335e-05,0.0037832719820559643,1.0,0.004939931318358903,0.0010578120688217525,0.004754871460581495,1.0,0.01653513212887403,0.000986429081881744,0.013308925405037546,1.0,0.013646358357050525,0.0017275781396212547,0.011900683251169941,0
ridge_returns,0,denmark,5074,0.07934262897141083,0.008342504707667937,0.011575408688381427,3.228386067913927,0.0,0.004569237735370102,-3.9636829159176396e-05,0.000632827582966889,1.0,0.0006057072299174848,0.001065905942161025,0.0011549766426435053,1.0,0.08333493235176981,0.0009733684768840967,0.01315514987952081,1.0,0.11652838238672203,0.0016653333474885529,0.018646604132181027,0
ridge_returns,0,eurozone,5074,0.021147956850613783,0.0005923940668152206,0.011762289618766483,3.273710692446624,0.0,0.0011714218211411609,-4.00905126543217e-05,0.0006172493322063698,1.0,0.00020080119161369758,0.001065469517462568,0.0011780546633385607,1.0,0.022564977844833578,0.0009734095863520261,0.013547623160786157,1.0,0.031230791771902577,0.0016652559111304725,0.01901483359791864,0
ridge_returns,0,japan,5074,3.441059820283319,14.615098288151577,0.023496506006207233,7.3860954754067585,1.0,0.23551704996930312,-3.1101843659275794e-05,-0.001666435602972696,1.0,0.43364471494328427,0.0010495065545134295,0.004050340468773376,1.0,3.3114851377007994,0.0009605130448346005,0.023653109697389724,1.0,5.851877819238695,0.0016852877264503258,0.04141568532466658,0
ridge_returns,0,norway,5074,0.24332310273905614,0.06941135408486375,0.023407364951273164,5.738753765029932,0.0,0.11922653798232297,-5.630412238347843e-05,0.011520299848726621,1.0,0.01250311376302271,0.0011221129922474487,0.002341007701973445,1.0,0.2148396215109738,0.000981976540001332,0.021725180579216137,1.0,0.25715638352489734,0.001541157165872789,0.026306210954661614,0
ridge_returns,0,south_korea,5074,13.192872458377602,225.68745116855,0.009952781777341647,2.7515728533509067,0.0,0.5192162098039717,-1.4608195037025648e-05,0.0003800258463308073,0.0,3.1999455340387613,0.00106366728336123,-0.0013692900850049057,1.0,19.0106600947272,0.0010176430391816472,0.015351550895363879,1.0,17.72010252062296,0.0017316690373359647,0.015089501291618203,0
ridge_returns,0,sweden,5074,0.22187130458789936,0.05881895813804284,0.02144902908037011,5.172523416198915,0.0,0.028403321324306674,-4.9351041922892975e-05,0.002731814094881821,1.0,0.04794949875170218,0.0010828968435016837,0.005768184501909771,1.0,0.23832340548900177,0.0009777104921700058,0.024053779037288833,1.0,0.2395972759682543,0.0015971789836609373,0.024780971770616108,0
ridge_returns,0,switzerland,5074,0.018330498309570054,0.0004286259746896817,0.021309836331321094,4.180917043763238,1.0,0.0009711204777834714,-3.408274546056578e-05,-0.0011808468042745297,1.0,0.0026731595664685193,0.0010932128505362943,0.004239540001305034,1.0,0.01975737815241263,0.000993925963403096,0.02402027687517722,1.0,0.03191164787790979,0.0017549377723465544,0.03865998478196627,0
ridge_returns,0,taiwan,5074,0.2615042011682276,0.08563908183341239,0.008378422922532842,4.953640808467278,1.0,0.015081344393362173,-1.3500973339597146e-05,-0.0004999717862017588,1.0,0.08374204191379064,0.0010558270130387587,0.003749873631473446,1.0,0.2705751103108227,0.0010128824236639057,0.009691833056025083,1.0,0.29064718347566654,0.001783436433382275,0.011096081136525044,0
ridge_returns,0,uk,5074,0.0046550157642838656,3.365076011578754e-05,0.005900914730896507,1.570099848343514,0.0,0.00011372928620834166,-2.7385659963016036e-05,0.00011763538151452835,0.0,0.0014223141718308074,0.001068737674152178,-0.0007447032772377848,1.0,0.0024005493207174267,0.0009932847829496258,0.004046759560354596,1.0,0.008991705975275766,0.0017215522477183284,0.01310303746251729,0
ridge_returns,0,australia,5079,0.03239998828412203,0.0011490683743764461,0.021426702767358193,4.667705972367032,0.0,0.008363400098940765,-4.917556272488939e-05,0.00553851475412603,1.0,0.024586847844306092,0.0009931435943252701,0.01731481107806327,1.0,0.03358314187205691,0.0009487730518355959,0.02317754316786501,1.0,0.02903425293407591,0.0017308210087901169,0.020962543179713404,0
ridge_returns,0,canada,5079,0.00810925399307647,7.819437199011459e-05,0.006029521416183841,1.6757176616184604,0.0,0.005005037332672879,-4.111490240754648e-05,0.0036909353113898026,1.0,0.0064587067988128855,0.0010014728860452326,0.005809855826869693,1.0,0.0014113476679444847,0.0009621876284390944,0.0020149260548384808,1.0,0.009232989727504526,0.001766645541441365,0.008628117046252578,0
ridge_returns,0,denmark,5079,0.08635182697300922,0.008572540083385212,0.0125898592482219,3.5135845478352814,0.0,0.011013225735481136,-3.870700083137611e-05,0.0015794948166763685,1.0,0.045061933394968,0.0010270386013308708,0.0076245951927842144,1.0,0.07548099818000864,0.0009801685117670257,0.012007437801421104,1.0,0.07532832392101341,0.0017955337979371187,0.012791700308124406,0
ridge_returns,0,eurozone,5079,0.023078338321045052,0.0006112614560322114,0.01282731156883334,3.572534380469624,0.0,0.0024689152749135523,-3.863796501288827e-05,0.0013446510135962755,1.0,0.011665606267974082,0.001027920885674208,0.007540250202320179,1.0,0.020700142846133085,0.0009805731856451394,0.01250799787792041,1.0,0.020493864381807114,0.00179590027751384,0.013199857485697682,0
ridge_returns,0,japan,5079,3.7361814127379036,15.739634212071572,0.02541535482219408,8.01956201553339,0.0,1.0654205485411126,-3.745482849956246e-05,0.007297543658475331,1.0,3.2367349565572283,0.0009894225620807663,0.023086091711111995,1.0,1.3983603986232254,0.0009436872619895208,0.010550469877736775,1.0,5.572539302465742,0.0016394271961111251,0.039360225325944576,0
ridge_returns,0,norway,5079,0.2463934159439696,0.0661292636813888,0.02366806473922522,5.811166829248556,0.0,0.0905455543910918,-4.3410372369599164e-05,0.00873994922288381,1.0,0.23740195979583767,0.0010563436850665618,0.023898616490111765,1.0,0.1915482971027327,0.0009837037383487496,0.019455838457012098,1.0,0.2516276687405643,0.0017592010413373643,0.025937014132145435,0
ridge_returns,0,south_korea,5079,17.608151569151733,337.0109651978564,0.013292811237103784,3.6724460126649516,0.0,6.592832806924434,-3.260648212378309e-05,0.004973717943503599,1.0,24.05579016803972,0.0009847164173903788,0.019113544380005773,1.0,16.90232952970632,0.0009493231399314431,0.013721888365355027,1.0,15.113890581243595,0.0017387603216578215,0.013158582118415007,0
ridge_returns,0,sweden,5079,0.18034426672623832,0.03816026548223654,0.017382715372559168,4.204396527758852,0.0,0.05330698073521667,-3.967506580340933e-05,0.005143674134174156,1.0,0.21595552894760495,0.0010420011790070664,0.021854288441563292,1.0,0.16861755060591577,0.0009434427297606498,0.017232141266342878,1.0,0.04037644370866467,0.0017603397486611533,0.0056817920434577025,0
ridge_returns,0,switzerland,5079,0.01968799305846404,0.00045332667954705273,0.022798657605942615,4.4905416287919415,0.0,0.004140563045211265,-4.766908986503834e-05,0.00480657431837697,1.0,0.01707178446260904,0.0010315091034718107,0.020874671404474427,1.0,0.00978351686403367,0.0009590359952852878,0.01237972014842269,1.0,0.028607693833614722,0.0017521583756978153,0.03476100557405372,0
ridge_returns,0,taiwan,5079,0.21822869974910333,0.05891050056759629,0.006973176121897132,4.13387849153704,0.0,0.13104302756522657,-3.351041063637231e-05,0.0041678749699512645,1.0,0.28423481213226154,0.0010039676115111158,0.010085193563769357,1.0,0.1861639199040539,0.0009580989982350171,0.006915568318205883,1.0,0.3891706181583885,0.0017279087934059586,0.014132143643966578,0
ridge_returns,0,uk,5079,0.006092400380211741,4.790431743251845e-05,0.00772582458371857,2.05491826395351,0.0,0.0018398296025838867,-3.0903218727401275e-05,0.002314315709650644,1.0,0.004227699085807335,0.001031733719504083,0.006406876392017224,1.0,0.004018024366361561,0.0010215983799303822,0.006130889811181117,1.0,0.003675733837651296,0.0018540080312301518,0.006525180133871974,0
ridge_returns,0,australia,5084,0.009962916899167291,0.00015057906117055486,0.0065211352614090185,1.4353081335905722,1.0,0.001261049832863792,-5.893247938468774e-06,-0.0008365803456784555,0.0,0.0029212012639390217,0.0010142882064736371,-0.0009090730058284719,1.0,0.021431575189216234,0.000992728222926746,0.014991883137397475,1.0,0.00933650069793579,0.0017325238757571362,0.007850739310200541,0
ridge_returns,0,canada,5084,0.0035892617814415736,1.974952713853295e-05,0.0026612548091526976,0.74169453373503,1.0,0.001780663023159379,-1.4361554974603179e-05,-0.0013377431298973997,0.0,0.003118670974876725,0.0010159870894490912,-0.00130055942379308,0.0,0.0013121235660682462,0.0009740314493648333,0.0,1.0,0.006434974318331843,0.0017549489687478828,0.006514439886830203,0
ridge_returns,0,denmark,5084,0.03951480552346303,0.002386685228462407,0.005734836907786131,1.6078248134964461,1.0,0.0005501741564399865,-2.1864166632424103e-05,-0.00010215548073028573,1.0,0.0023341877914475617,0.001015997341818754,0.0013562191278611154,1.0,0.06742145380577469,0.0009741186072944816,0.010755288952989014,1.0,0.01451245182787897,0.0017842198536881057,0.003896000063516275,0
ridge_returns,0,eurozone,5084,0.011069437769296994,0.00017825596253571654,0.006125214886769199,1.7135526160139827,1.0,0.0003604989476320153,-2.1980072051583564e-05,-0.0002225994054657678,1.0,0.0015728684189175723,0.0010161663764668035,0.0018900970132022593,1.0,0.01844755132486875,0.0009746514206178962,0.011177319298684608,1.0,0.0046874473280282825,0.0017859859994213223,0.004386215460327572,0
ridge_returns,0,japan,5084,1.3290511288427476,2.374744294022966,0.00892371155629868,2.852754396034133,1.0,0.24466744490584347,-2.2454033792746185e-06,-0.0016556015472261314,0.0,0.1679679097939868,0.000998575628880018,-0.00013504844883603211,1.0,1.16902572238601,0.00098512803580366,0.008839650871474966,1.0,1.7696238068488412,0.001689104330870195,0.01354679872396728,0
ridge_returns,0,norway,5084,0.0539396498368939,0.004675013230704377,0.005116902000941719,1.2721618502367769,0.0,0.006590744727677844,3.8759208271128645e-06,-0.0006232767907472376,0.0,0.12025318633654969,0.0010271482365300068,-0.010466243122989119,1.0,0.10546454850530829,0.000992201984633296,0.01096489765654799,1.0,0.014716276231322212,0.0017883380166034992,0.0003899451272983517,0
ridge_returns,0,south_korea,5084,8.332700551850856,84.87052039223953,0.0062391082097925515,1.7379105805737864,1.0,0.08523980972108802,-1.102335446778094e-05,-7.468538783852691e-05,0.0,4.123651586920232,0.001025352851742385,-0.002055883351917516,0.0,12.062231789888301,0.0009795289098747059,-0.008060780360119908,0.0,9.706700562032665,0.0017212217773701695,-0.005541839990302709,0
ridge_returns,0,sweden,5084,0.08898775530502838,0.012096811248294601,0.008521543789937745,2.0745866570045055,1.0,0.03490543515770028,-1.3788266612440639e-05,-0.0033485666142966707,0.0,0.06606976086457017,0.000988548666380663,-0.005326664502177285,1.0,0.004227027870239652,0.0009602693944866963,0.0013629628915511488,0.0,0.18759757410840727,0.001762690029579061,-0.016259739092796887,0
ridge_returns,0,switzerland,5084,0.007833318526666877,8.086727138721177e-05,0.008966708814221213,1.786664736782928,0.0,0.0004702723874743242,-2.333136605651044e-05,0.000517762128638515,0.0,0.006580087083361774,0.0010123623834712935,-0.006581629901235447,1.0,0.004925648188084386,0.0009482806022249255,0.006595762491114536,1.0,0.01470044857025199,0.0016668703627753852,0.018416096742005107,0
ridge_returns,0,taiwan,5084,0.11917171379058793,0.01805464545493551,0.0037937214396338054,2.2574546107130145,1.0,0.09310084179873712,-2.859822395526002e-05,-0.0029941572640319286,0.0,0.167357415784533,0.0010127152731737466,-0.0043189038805565745,0.0,0.11253187263644193,0.0009388232813557227,-0.002643313641002745,1.0,0.12384150361286572,0.0016734077288926283,0.005597902327408193,0
ridge_returns,0,uk,5084,0.002766358363233364,1.2453859331438806e-05,0.0034976103012173284,0.9330707062051637,1.0,0.0023416317595101876,-1.8702211829258383e-05,-0.0029923637665361554,0.0,0.0033741203195112313,0.0010156748489275845,-0.0032675262988974643,1.0,0.0038831126908831504,0.0009858458383769561,0.005892722593514013,1.0,0.00022352356913546423,0.0018092165509007608,0.002092092104712275,0
ridge_returns,0,australia,5089,0.012343456090741034,0.0001997323886295639,0.008086156794919908,1.7782606342063805,1.0,0.0004545727115288223,-3.5768503943543777e-06,-0.00030320807556745693,1.0,0.015072262692012783,0.0010326808501474592,0.010906863231044889,1.0,0.015431577607092795,0.001026548190859598,0.011135001849058076,0.0,0.014032862348539066,0.0018652518018848732,-0.007408715274944289,0
ridge_returns,0,canada,5089,0.004699627503087226,3.1910460834215756e-05,0.0034834278682805845,0.9711434389248222,0.0,0.0005519770791160283,-1.4702763214116859e-06,0.0004089295397047036,1.0,0.0008449873741427361,0.001036858999414557,0.0004089295397047036,1.0,0.0038828119101046443,0.0010162069863213097,0.0038966148797257164,1.0,0.0018537644100642403,0.001823104302424943,0.00044609666167298896,0
ridge_returns,0,denmark,5089,0.03786290617150208,0.0021422539377172244,0.005496505629523942,1.5406103926661459,0.0,0.04136665203611489,-1.6999982171104986e-05,0.00599341430764148,1.0,0.032345883396264874,0.0010493136172549946,0.005747121377176756,1.0,0.05806798875887953,0.0010024209563253622,0.009420724768049935,0.0,0.0732097731481236,0.0018359506014793765,-0.008870536014849337,0
ridge_returns,0,eurozone,5089,0.009794364847387205,0.00014276219882758168,0.0054192537479757896,1.5161709073415401,0.0,0.010730901425818784,-1.716236205070329e-05,0.005925040867672143,1.0,0.008211053226829135,0.001048544402518251,0.005593723048025702,1.0,0.014992693372063659,0.0010032491128488855,0.009287222285482231,0.0,0.019310392709579016,0.0018368572275004606,-0.008925891176575298,0
ridge_returns,0,japan,5089,1.4600010776080343,2.71925112102503,0.009799352080845432,3.133833155077734,1.0,0.4091183767607163,-5.953512264362447e-06,-0.0027725200340451006,1.0,0.03719146764481707,0.0009976352440405438,0.001248502802590708,1.0,1.8198286276820284,0.0010135751776793656,0.013215460329783595,0.0,1.3225476782110945,0.0019061921779972213,-0.007047770845545056,0
ridge_returns,0,norway,5089,0.1221373195860572,0.01922451958050874,0.011640016776052161,2.8805978336418967,0.0,0.058862994861538454,-1.2491703823040907e-06,0.005641189301927065,1.0,0.19882290499730004,0.0010546494719162406,0.01996697376302539,1.0,0.13173849261822212,0.0010003365194427715,0.013572071655349731,0.0,0.04650553940929747,0.0018396897649666465,-0.0026325620103226604,0
ridge_returns,0,south_korea,5089,6.576811436688157,58.676838652843884,0.004932457987552947,1.3716933797315236,1.0,0.4785809178713407,-1.6029376087106473e-05,-0.0003742515013742409,0.0,14.987025961955624,0.0010000804539770085,-0.010267687098693058,0.0,3.3821581302338473,0.0009590596037243336,-0.0015727984069026778,0.0,18.750884836169007,0.0017577693431814537,-0.012349089579575596,0
ridge_returns,0,sweden,5089,0.09280035566526307,0.012590701634900016,0.008916574418347452,2.163470456901709,0.0,0.05405150757027677,-9.733250002567181e-06,0.005159740692969938,1.0,0.045478812966054605,0.001061013973582033,0.005407731728411105,1.0,0.015213485375939584,0.0010193781024139233,0.002475598436303366,0.0,0.2628917776515891,0.0018289695880022848,-0.023654700932436948,0
ridge_returns,0,switzerland,5089,0.013008451663505793,0.00020839647006446426,0.01491324569905897,2.967036485010717,0.0,0.0006189977802456559,-2.2008792059134324e-05,0.0006948465826757982,1.0,0.0015097407967108456,0.0010308160743417276,0.002776494148292223,1.0,0.016308327519817034,0.0009745857342522551,0.019673141728528243,1.0,0.010701552702746198,0.0017922383207191882,0.01409162592840087,0
ridge_returns,0,taiwan,5089,0.1184019776537241,0.02183246429966018,0.0037673426047829485,2.242873597015006,1.0,0.07920166070056567,-9.529825624377445e-06,-0.0025426791774536602,0.0,0.12366520837055717,0.001010962911003556,-0.002943060345669361,1.0,0.08769096413018218,0.0009836416606503744,0.0037780709847343276,1.0,0.07899215446924401,0.001771503669299306,0.004287098276406405,0
ridge_returns,0,uk,5089,0.0047567448769561945,3.167097299039436e-05,0.00602808075832864,1.6044122701411911,0.0,0.002679957369302155,-1.773948675106053e-05,0.0033858300407524546,1.0,0.0031462398249402224,0.0010532473533491303,0.005043551093050154,1.0,0.0076460263923934235,0.0009983867660727944,0.010668664665780607,0.0,0.011205609534420957,0.0018326220374226632,-0.01249869817661338,0
ridge_returns,0,australia,5094,0.01006469978533262,0.00017383316073534525,0.006582347418135229,1.4499714903014598,0.0,0.01102777740782157,-5.0700970923652025e-06,0.0071582452992853115,0.0,0.001850038091347761,0.0009708828551700993,-0.00023471117593732734,0.0,0.007608855832066164,0.0009831381417880682,-0.003984511421466864,0.0,0.01452837698704701,0.0019332120760420137,-0.0075644909850468445,0
ridge_returns,0,canada,5094,0.004633182836761196,3.1776244154805506e-05,0.0034319590110216246,0.9574131375952627,0.0,0.008622870503890434,-1.700107660482487e-05,0.00637251610023277,1.0,0.00041714610149390374,0.0009786297769313883,0.0006687969336007396,1.0,0.0034739653629125566,0.0009852306406784568,0.0035617594141290295,1.0,0.005399693779100989,0.0018568931712004224,0.00585533840122836,0
ridge_returns,0,denmark,5094,0.04449644588314072,0.0028669078476487716,0.006460582570641648,1.8105236469109045,0.0,0.05180904308079981,-1.580003510034234e-05,0.007463205983752149,1.0,0.003240285899698492,0.0009934517520809381,0.0014623801753336125,0.0,0.012998358164700186,0.0009628570555754939,-0.0009205133780137824,0.0,0.06480779818964333,0.0018106901012526996,-0.007606922148817015,0
ridge_returns,0,eurozone,5094,0.01162104165455388,0.00019757967404590617,0.006431659555777931,1.7989410793022533,0.0,0.012929389803180369,-1.6231763016190345e-05,0.007099253854666844,1.0,0.000800417696303235,0.0009933938666642104,0.0014349184282758539,0.0,0.0032451780535958097,0.0009633764431870903,-0.0008287751178842344,0.0,0.01758113620907209,0.0018104917407189215,-0.007929068433687556,0
ridge_returns,0,japan,5094,1.387776887529218,2.358638652198115,0.009306850226614016,2.978806857536606,1.0,0.6041389926240299,5.807006650244003e-06,0.004072091645529477,1.0,0.9090296293344977,0.000984005966047581,0.0070902025884348715,1.0,2.0874382938831957,0.0009947280393942232,0.014961370198499606,1.0,0.5760721849807453,0.0019804199152688856,0.005850526085713935,0
ridge_returns,0,norway,5094,0.09675838943374954,0.012489296281596575,0.009157226572774079,2.282038020272355,1.0,0.0847353301359206,6.093668567565139e-06,0.007958746843159387,0.0,0.062366857448491686,0.0009622470145424492,-0.004926083436939399,0.0,0.11041890239559571,0.00101421351370327,-0.009434143877459982,0.0,0.029747807459598263,0.0019154896701665904,-0.00088613209165791,0
ridge_returns,0,south_korea,5094,8.276898415362613,78.26759683749476,0.006240397870427286,1.7262722020171493,0.0,8.26658350684761,-1.2538644197163977e-05,0.006218339583605476,1.0,4.321404046359248,0.0010040292534776005,0.004262790090490674,1.0,4.813957586972492,0.0009341185527228294,0.004563892881730177,1.0,5.678654804602729,0.0017158604997100514,0.005992894328273314,0
ridge_returns,0,sweden,5094,0.14466107371671394,0.027893938157339718,0.013893108717403669,3.3725081871312432,0.0,0.14302353646190546,-1.6550195072348017e-05,0.013531544753913455,0.0,0.036293638299440545,0.0009669244840410963,-0.002497023252609783,0.0,0.15983851910853275,0.0009616728696609313,-0.014384521859652784,0.0,0.1398680824363634,0.0019358471830483526,-0.011466899099972222,0
ridge_returns,0,switzerland,5094,0.013052434020747938,0.00018627654214233534,0.014937829115994578,2.977068213767516,1.0,0.005945806199232795,4.844952181038512e-06,0.006850327568657392,1.0,0.008538892983183999,0.0009943149052568528,0.010800978265397406,1.0,0.015540221819932198,0.0009927812671553316,0.01876914791457419,1.0,0.016387848550936224,0.001918389131449804,0.02063814854358908,0
ridge_returns,0,taiwan,5094,0.22607281195742235,0.059331612960415274,0.0072037003744763245,4.282468511000354,0.0,0.16485701407390962,-1.143769192093958e-05,0.005256232894785877,1.0,0.11319837925776,0.0010023046223863665,0.004618650585223109,1.0,0.28659259057995357,0.0009736851477197096,0.010104476759868718,1.0,0.35633928442999263,0.0017816091328658533,0.013112854980763108,0
ridge_returns,0,uk,5094,0.004685385209159883,3.5519879464685e-05,0.005939254604555332,1.5803432209137995,0.0,0.00865948552506246,-1.8689637988801908e-05,0.010882623197563217,1.0,0.0006752035581922833,0.0010049161273335341,0.0018583323584185328,1.0,0.0014164568460125482,0.0009794652774165163,0.0027689881734933404,0.0,0.006558305188139157,0.0018627645934892211,-0.006457478881259417,0
ridge_returns,0,australia,5099,0.010025520722012652,0.0001637192842737972,0.006559999763663227,1.4443271565366855,1.0,0.002297627859495499,-2.7629220968609112e-05,-0.0015269669187689696,0.0,0.002977900313770654,0.001021830300968526,-0.000919816232088684,1.0,0.0006352540100822424,0.0009676632664525487,0.001381395689736537,1.0,0.0025903837964706966,0.001765751339172666,7.824317984291168e-05,0
ridge_returns,0,canada,5099,0.004889298243950975,3.3823802155097044e-05,0.0036186308378844067,1.0103375017361491,1.0,0.001166231371995119,-2.508565283259185e-05,-0.0008918286793769926,1.0,0.0007332120645502371,0.0010148159815982966,0.0015587889142064401,1.0,0.008884416925472038,0.0009768158362327087,0.007548601986410572,1.0,0.011034194024330146,0.0017929954747092462,0.009941872518831081,0
ridge_returns,0,denmark,5099,0.05196024532211491,0.0036820267995394704,0.007544157118493501,2.114219484002091,0.0,0.010794522535336526,-1.367602026794954e-05,0.0015469248922918041,1.0,0.001787065436313462,0.001043054209843606,0.0013013116163819586,0.0,0.03010412991963385,0.0009839665129076811,-0.0033768392728794725,0.0,0.028019044765507317,0.0017519000213722432,-0.0023031305220199633,0
ridge_returns,0,eurozone,5099,0.013729518637494364,0.0002568524812462567,0.007598342866471355,2.1253340113754775,0.0,0.0032227982054815474,-1.2573196638698376e-05,0.0017632315778509087,1.0,0.0006082947926675519,0.0010427239021726941,0.001377790242755764,0.0,0.007685256657282702,0.0009840774222912526,-0.003259131206126664,0.0,0.008180101544974061,0.0017522769333429566,-0.002761288514131686,0
ridge_returns,0,japan,5099,1.1189800902784717,1.6823680226543034,0.00748281807796567,2.4018454236565923,0.0,0.13534265116626898,-3.5779318567097985e-05,0.0008702055572906653,1.0,0.7542196590967478,0.0010426863552585612,0.006075596202591931,1.0,0.19870268145328396,0.0009792445994160064,0.0023077319226860113,1.0,1.7588929579470118,0.0018139041372476513,0.013502932312931152,0
ridge_returns,0,norway,5099,0.06811609909251443,0.0065558666328104625,0.006452385427797722,1.6065121467135348,1.0,0.05196508935297395,-4.118381344783105e-05,-0.004974260915164736,0.0,0.05849965836392279,0.0010410478504239969,-0.004508060440520505,1.0,0.028648770766913856,0.0009607879801017279,0.0036673528912634294,1.0,0.16607220225594155,0.0017670932487929023,0.01734325222322015,0
ridge_returns,0,south_korea,5099,5.8559349064212025,61.99967648778581,0.004410470283064594,1.221343689202925,0.0,0.015710328239720184,-1.1827909768571905e-05,0.0,1.0,5.846382141152617,0.0010185797794010952,0.005406027356737393,1.0,2.021219881824436,0.0009998990445319338,0.0025189403698171135,1.0,7.7408943555847145,0.0017745252153181,0.007575225604282587,0
ridge_returns,0,sweden,5099,0.12094505296705052,0.020266058225302686,0.01163576839399221,2.8196125664265197,1.0,0.03425275867100375,-2.8418987003724754e-05,-0.003308716522736,0.0,0.015395887779263262,0.0010459648039580244,-0.0004255451464811982,0.0,0.12209382253754164,0.0009693583601602216,-0.01076098307084595,1.0,0.07313628821333396,0.0017684901574997614,0.008724285421158634,0
ridge_returns,0,switzerland,5099,0.007026049030911038,7.652843246202331e-05,0.007969908082628112,1.6025384388113315,0.0,0.0012655821740086282,-1.7808357434842466e-05,0.0014275519911853237,1.0,0.00484519981435827,0.001033523085990582,0.0065499308637326885,1.0,0.004659490857741422,0.0010172072032989601,0.00632282588347987,1.0,0.021668285747152516,0.0018060415565101598,0.02622453963601358,0
ridge_returns,0,taiwan,5099,0.16308913743665,0.045896055938126845,0.005170335196533935,3.089376778708804,0.0,0.0006370613117994139,-2.031563317676511e-05,0.0,0.0,0.03436997448075729,0.0009998658804038424,-9.567241771495016e-05,1.0,0.2201354607211492,0.000983763893629801,0.00797234561765515,1.0,0.5476677270843986,0.0017629514546658996,0.019046690758222743,0
ridge_returns,0,uk,5099,0.005223239714202325,4.259014269554506e-05,0.0066219266840250555,1.7617572739611431,0.0,0.0011851825821730388,-3.091029422133303e-05,0.0014653756695610272,1.0,0.0021966509314497173,0.0010379734784217636,0.0038065071951669588,0.0,0.0017316666494650024,0.0009619796650436162,-0.0012260964772102213,1.0,0.0005984128288365476,0.0017419501343605356,0.0024963844163598202,0
ridge_returns,0,australia,5104,0.008489970181842913,0.000128921345415169,0.005561375838465474,1.2231079892836458,0.0,0.0023402531461884646,1.652163655960462e-07,-0.0015283731682420696,0.0,0.009527724619077693,0.0010356952125418993,-0.005195530715540295,0.0,0.02240906346774918,0.001023528507277407,-0.013694613381398579,1.0,0.002182086758026891,0.001807573464192051,0.000384990592061545,0
ridge_returns,0,canada,5104,0.004014399319214782,2.2659604003277753e-05,0.0029680089865553425,0.8295460773260673,0.0,0.0011091936266218738,-6.818956400716932e-06,0.0008155397842289279,1.0,0.0005737619159436047,0.0010572848114108254,0.0014823052556641992,0.0,0.0018723691354560756,0.0010173715180365338,-0.0003709198855581943,1.0,0.0025622012008932327,0.0018064880658982057,0.003701651459750884,0
ridge_returns,0,denmark,5104,0.06063605642789831,0.004573424309266711,0.008798962311420898,2.467231075184132,0.0,0.0024768383392448357,-3.87804399699228e-06,0.000353952899066077,0.0,0.039547190300462276,0.0010249911341874394,-0.004699927181412978,0.0,0.10712397445026411,0.000999987440901412,-0.014584349911352016,0.0,0.026681689152562527,0.0018163549699187697,-0.002039473915334126,0
ridge_returns,0,eurozone,5104,0.016249378507803666,0.00032556976504494016,0.008987713751917625,2.515409150036416,0.0,0.0007068470427868956,-3.7709242444749153e-06,0.0003854413350951085,0.0,0.01025921440958788,0.001023413575233058,-0.004636921448882439,0.0,0.028066158326020885,0.0009997249884915276,-0.014562354280197027,0.0,0.008098885396633948,0.0018151685451770147,-0.002647036039771407,0
ridge_returns,0,japan,5104,1.0477621446124041,2.041297886196818,0.0069993841563114455,2.2489789889752574,1.0,0.06686593429176924,-2.086130661109948e-05,-0.00046604528140481314,1.0,0.14799081780697065,0.0010112978458352182,0.0019948804700513807,0.0,2.2386939249639397,0.0009560039267127049,-0.014042962235818494,1.0,0.8526096256643427,0.0017117857928798169,0.007361264091815167,0
ridge_returns,0,norway,5104,0.09315063659653919,0.017138157055992753,0.008782363173083417,2.1969494900638544,0.0,0.016583805066149537,3.2155590769566745e-06,-0.001575489334350877,1.0,0.009809441465169044,0.0010401333309296248,0.0019718108794572636,0.0,0.09482210538826585,0.0010051216026486513,-0.008046209781820884,1.0,0.31605695054366656,0.0018619715937229317,0.031428208837002675,0
ridge_returns,0,south_korea,5104,7.70238144198034,114.20209828068568,0.005787309140940624,1.6064480081021881,1.0,0.2764112022957761,-1.766371338322047e-05,-0.00022466861473963785,0.0,5.754140402025541,0.0010134818372701335,-0.003300209258208015,0.0,5.9009119752181505,0.0009736633740093344,-0.003450477863622421,1.0,8.503968655136077,0.0017178178349467926,0.008054635782808347,0
ridge_returns,0,sweden,5104,0.13254768829586236,0.022639275277676875,0.01272489967140441,3.090106774946936,0.0,0.037614339862278356,1.0936373397143675e-05,-0.003593265781473427,0.0,0.1497674629983301,0.0010819125724689654,-0.01333099522524845,0.0,0.225758692123188,0.0010524106100042359,-0.020754399797766734,1.0,0.2183771979892537,0.0018417170750816443,0.02247636295657556,0
ridge_returns,0,switzerland,5104,0.006288893363783029,8.937785589762145e-05,0.007075893478512682,1.4344040738555737,0.0,0.0013102615441903387,-1.1650983785489784e-05,0.0014749265210678467,1.0,0.000598798624692698,0.0010199719874021307,0.0003405607933925783,0.0,0.0025780542213633684,0.0009964426099288008,-0.0019320383325484405,1.0,0.01838294079605962,0.0017776517443558997,0.022398421568350126,0
ridge_returns,0,taiwan,5104,0.26079873737899983,0.09925410419124539,0.008255955758422851,4.940277297672412,0.0,0.04017760799546366,-2.1610732321080338e-05,0.0012589542782027855,1.0,0.18134715652237077,0.0010249037491744117,0.006785936138914832,1.0,0.14034282298514356,0.0009613204695035663,0.005422911916480519,1.0,0.5935994509153382,0.0017334570394194077,0.020455581530847432,0
ridge_returns,0,uk,5104,0.007610106650463692,7.660138802103762e-05,0.009627760065300636,2.566828535672898,0.0,9.750597944946371e-05,3.5555128131588097e-06,-0.00011917260733886059,0.0,0.00662350290805136,0.0010399838084961944,-0.007322560605883177,0.0,0.013424816603358813,0.0009844988582285873,-0.01603943733256793,0.0,0.004315791852099959,0.0017493425219072248,-0.003687773595334762,0
ridge_returns,0,australia,5109,0.00767785406727548,8.149619373814871e-05,0.005034828214858836,1.1061104396246666,0.0,0.004930073012701541,-1.9729647219753408e-05,0.00320949761985822,1.0,0.004881024024801839,0.0010091385291483203,0.004203007208550385,0.0,0.007223780078517317,0.001018840943889894,-0.0037267491298609034,0.0,0.0053765973813419965,0.0018526768905916305,-0.0016743328741857862,0
ridge_returns,0,canada,5109,0.003695360836074683,1.8670276269741183e-05,0.0027301974988517205,0.7636191225913562,0.0,0.0013352221968840894,-2.6086025765277347e-05,0.0009623214896169623,1.0,0.0036397965703445223,0.0010068644875415392,0.0036961786674470803,1.0,0.0002652497735864401,0.0009880325470569516,0.0011842642293013908,1.0,0.007694298268397848,0.001817049688005362,0.007489013660039915,0
ridge_returns,0,denmark,5109,0.0317244781023257,0.0016386158027893894,0.004616737116060339,1.2908428223911368,1.0,0.018863831466875425,-2.702772863432124e-05,-0.0027694506061743842,0.0,0.015577243813591046,0.000990666958403295,-0.0012711050518241123,0.0,0.04573756024730713,0.000977659787185886,-0.00567798690840762,1.0,0.005627843041310143,0.0017881179282462141,0.0009722122219740152,0
ridge_returns,0,eurozone,5109,0.00870121889550904,0.00011920722640686958,0.004826547592037921,1.3469515536069296,1.0,0.004951427908367112,-2.6875117894298124e-05,-0.002770315094200992,0.0,0.004092774803606591,0.00099144395528692,-0.0012733918230497774,0.0,0.01276863010963658,0.0009780979356004643,-0.006104855655836833,1.0,0.0026337106693061774,0.0017876013155712707,0.00033192266506706637,0
ridge_returns,0,japan,5109,1.1841588878623734,2.4539806965552478,0.007900901888855507,2.541749071680727,0.0,0.21468829813835555,-3.114472479223541e-05,0.0013940522703743087,0.0,0.5626017434010748,0.0010132158448470535,-0.0027273348908653425,0.0,2.490321178245779,0.0009648990559457668,-0.015700381088925824,1.0,0.7607167280130795,0.0017209302273089998,0.0067529800803068606,0
ridge_returns,0,norway,5109,0.12594727651126292,0.026327979630890154,0.011836816081528439,2.9704553293050764,1.0,0.016373157578707165,-3.1028745082363186e-05,-0.001586645907589266,0.0,0.02804363209818561,0.0010146679488481879,-0.0016484525147353142,1.0,0.013921327692857588,0.0010416999780299952,0.002361052286116446,1.0,0.18711828532572383,0.0018619709603261176,0.019437346198821655,0
ridge_returns,0,south_korea,5109,9.046145769643507,132.06062789460512,0.006782364984805527,1.886710358622478,1.0,0.025188606954770876,-1.864064031860938e-05,-3.7565034470292516e-05,1.0,0.7784486843056584,0.0009975479499917323,0.00041312227128786867,0.0,14.640992737496617,0.0009694354618783418,-0.010080311878375336,1.0,19.385753348251455,0.001774651151887936,0.016208414154788513,0
ridge_returns,0,sweden,5109,0.15404512673523332,0.040752075404998485,0.014736172663168852,3.591280209350609,1.0,0.02450459566600216,-3.348132761368037e-05,-0.002411668397625604,0.0,0.011116252087543188,0.000989792752916992,-8.724269469128936e-05,1.0,0.005118131980603735,0.0010106719632731905,0.0015061593128447655,1.0,0.3169051412926436,0.001858869177424506,0.032059438572451034,0
ridge_returns,0,switzerland,5109,0.009768504881345815,0.00016989699857388135,0.010966133670758531,2.2280522799088627,1.0,0.00047700472977640906,-2.6100187634439308e-05,-0.0005676657736453323,1.0,0.0031145906608053275,0.0010044432687254222,0.00452976257242591,1.0,0.0015415886929498468,0.0009738305445935287,0.0027203190479193388,1.0,0.019303936123705956,0.0018099085717533814,0.02344470813894783,0
ridge_returns,0,taiwan,5109,0.19890208785184893,0.06456903522062166,0.006262834875779013,3.7677769415200273,1.0,0.009727070134239568,-8.645539788209852e-06,-0.000316816629186473,1.0,0.017248204194675765,0.001005284889577749,0.0015509522472110734,0.0,0.11226525399798604,0.0009898882447115973,-0.002569105556941874,1.0,0.4522344942593719,0.0018123358120794805,0.01601039737359645,0
ridge_returns,0,uk,5109,0.0035972768723700034,2.15053154290094e-05,0.004567569998904074,1.2133329203938115,1.0,0.0003552921396434705,-2.2561468209820385e-05,-0.00047313026139479377,1.0,0.0007758046881829461,0.0009916417522342544,0.0019737883628574357,0.0,0.005094502548271929,0.0009677550820756089,-0.005505971627778573,1.0,0.0026811359632956666,0.0017523947170170304,0.0051399769456997625,0
ridge_returns_feat,0,australia,5074,0.02944024896327002,0.0010963114546874665,0.01948526860880838,4.241310975447828,1.0,0.00017511220013188833,0.0036876913494308322,0.0035701717110648945,1.0,0.0006981824759704214,0.0048926820379877065,0.005360538409719666,1.0,0.02837279351692934,0.00427946418015524,0.023129576273248673,1.0,0.0380740098333221,0.006355581438700064,0.03151861230497333,0
ridge_returns_feat,0,canada,5074,0.006015960659355131,5.4426274824495006e-05,0.004472414503387775,1.2431539987636648,1.0,0.004301425190361252,0.006994490047298158,0.0037832719820559643,1.0,0.003854299366106151,0.007629977919066894,0.004754871460581495,1.0,0.00794471587919765,0.007407223660372282,0.013308925405037546,1.0,0.005156549540484834,0.008068726501499621,0.011900683251169941,0
ridge_returns_feat,0,denmark,5074,0.06148504414651314,0.005196721862874727,0.008954343332931988,2.5017756845339654,1.0,0.0242672459216422,0.004196730827620945,0.000632827582966889,1.0,0.024515205059561396,0.004753353849736567,0.0011549766426435053,1.0,0.06227730094427386,0.00406558232738478,0.01315514987952081,1.0,0.08670454935597682,0.006038988221823183,0.018646604132181027,0
ridge_returns_feat,0,eurozone,5074,0.02251728268716183,0.0006705059053769233,0.012530247421287343,3.4856827833779827,1.0,0.0006273004404877547,0.00026529531014931517,0.0006172493322063698,1.0,0.0011618687956647111,0.0005264428670321299,0.0011780546633385607,1.0,0.02320521032970646,0.0006143265277742288,0.013547623160786157,1.0,0.03345612093456318,0.0004174588458319532,0.01901483359791864,0
ridge_returns_feat,0,japan,5074,3.175486462085464,13.062147849750312,0.021659100063401517,6.816053022842754,0.0,0.6975299516848565,0.0031691781439159286,-0.001666435602972696,1.0,0.055273688387245556,0.0036683453317931606,0.004050340468773376,1.0,2.8388278108774045,0.004231164949047491,0.023653109697389724,1.0,5.707339838124227,0.0026858595431273843,0.04141568532466658,0
ridge_returns_feat,0,norway,5074,0.16706035396981747,0.036022617735445954,0.01599877549543497,3.940103609313535,1.0,0.04517464383730463,0.007149707568566426,0.011520299848726621,1.0,0.06785106539835262,0.008929840632385704,0.002341007701973445,1.0,0.1472284318547672,0.007556491743561223,0.021725180579216137,1.0,0.15369005530453173,0.011579180758748196,0.026306210954661614,0
ridge_returns_feat,0,south_korea,5074,12.040783946347704,185.84001985589637,0.00907872082544304,2.5112873897901724,0.0,1.1758498378314926,-0.0005139104609501644,0.0003800258463308073,0.0,4.407117699812716,0.001979959373567313,-0.0013692900850049057,1.0,16.727004261148522,0.0027504015175574166,0.015351550895363879,1.0,17.711537590253783,0.001738168777950873,0.015089501291618203,0
ridge_returns_feat,0,sweden,5074,0.22939763330109397,0.0629292003918129,0.022186245147337077,5.347985996090974,1.0,0.026022189841363286,0.00018409923593201228,0.002731814094881821,1.0,0.053359378628096366,0.0005529007273981395,0.005768184501909771,1.0,0.24196564159247735,0.0006208805889686557,0.024053779037288833,1.0,0.2517306183995327,0.00040871744025393076,0.024780971770616108,0
ridge_returns_feat,0,switzerland,5074,0.017148644576423032,0.0003938113312546064,0.019918322944151832,3.911353590948109,0.0,0.0040877376049214265,0.003637369903054599,-0.0011808468042745297,1.0,0.0008717968668046083,0.0032145164990138894,0.004239540001305034,1.0,0.01802346759402751,0.0030360808459188775,0.02402027687517722,1.0,0.030686183437680925,0.0031975925353568027,0.03865998478196627,0
ridge_returns_feat,0,taiwan,5074,0.34464970035867165,0.14125751952041546,0.01106050689397153,6.528655420049773,1.0,0.04366912529176048,-0.0019099194572624642,-0.0004999717862017588,0.0,0.15841207429777882,-0.0013525024195082701,0.003749873631473446,0.0,0.30721953316968253,-0.00016833462313432584,0.009691833056025083,0.0,0.44056898910580244,-0.0030543377171603496,0.011096081136525044,0
ridge_returns_feat,0,uk,5074,0.0027610185360161356,1.2405344984361027e-05,0.003494502216478222,0.9312696248923402,1.0,0.0026604897391967475,0.003504152098491594,0.00011763538151452835,0.0,0.005007132368683442,0.005624820140650351,-0.0007447032772377848,1.0,0.0007831959472170968,0.005040963188815941,0.004046759560354596,1.0,0.0044400923112632995,0.007499064314273291,0.01310303746251729,0
ridge_returns_feat,0,australia,5079,0.028165424615158727,0.0008890331717587586,0.01859731722751178,4.057653340413617,1.0,0.0047198887637993625,0.0023889381613955646,0.00553851475412603,1.0,0.02034523554939205,0.0038279665947392612,0.01731481107806327,1.0,0.029622418001661988,0.003596233727332346,0.02317754316786501,1.0,0.024182077548053238,0.0049706576111950935,0.020962543179713404,0
ridge_returns_feat,0,canada,5079,0.004204175473674044,2.6626523265840826e-05,0.0031203924406436457,0.8687619230811675,1.0,0.0023580960137976614,0.005444455059873029,0.0036909353113898026,1.0,9.782993914275728e-05,0.005737195502785179,0.005809855826869693,1.0,0.005102331166474183,0.00581158716814205,0.0020149260548384808,1.0,0.003927200510592588,0.005715380339957961,0.008628117046252578,0
ridge_returns_feat,0,denmark,5079,0.07923747804913009,0.007411519099606984,0.011545487623601731,3.224107563698472,1.0,0.0005351535536259888,0.001500923817142127,0.0015794948166763685,1.0,0.03689296261078301,0.002226299385065903,0.0076245951927842144,1.0,0.06718327407164892,0.0021983767175125677,0.012007437801421104,1.0,0.06886826712863225,0.002743304964595477,0.012791700308124406,0
ridge_returns_feat,0,eurozone,5079,0.02349093969692625,0.0006344801482450368,0.013058319431966055,3.636405209480762,1.0,0.0019595745848135504,0.00024689319564064006,0.0013446510135962755,1.0,0.011801167483681763,0.0009519939480751625,0.007540250202320179,1.0,0.02034916799835429,0.0011771343948792756,0.01250799787792041,1.0,0.02183925150216126,0.0010426813458615635,0.013199857485697682,0
ridge_returns_feat,0,japan,5079,3.9422586411367955,17.928841452068262,0.026839266037957096,8.461898436216742,0.0,1.0633056964513798,-2.284148699283423e-05,0.007297543658475331,1.0,3.370290025165474,6.709033764318355e-05,0.023086091711111995,1.0,1.3490142893213317,0.0012842722963817173,0.010550469877736775,0.0,6.106185149783158,-0.0020486345893444154,0.039360225325944576,0
ridge_returns_feat,0,norway,5079,0.21394166586539692,0.05098719326606892,0.02051559417621972,5.045795186158264,1.0,0.054582668318865046,0.0034544058224123216,0.00873994922288381,1.0,0.20405775099527368,0.004296315768981753,0.023898616490111765,1.0,0.16446627360461008,0.003616186211651583,0.019455838457012098,1.0,0.20931464281206935,0.005865980191629852,0.025937014132145435,0
ridge_returns_feat,0,south_korea,5079,14.54105166122215,238.81990582105905,0.010963847709360831,3.0327559927849337,0.0,6.955763726962687,-0.00030893038980167923,0.004973717943503599,1.0,21.307253915888168,0.0030727652420473512,0.019113544380005773,1.0,12.868120696522283,0.0040127043586467934,0.013721888365355027,1.0,13.44045024292791,0.0030096253683419218,0.013158582118415007,0
ridge_returns_feat,0,sweden,5079,0.18225890118547858,0.038645437139671175,0.017569100677033236,4.249032726172505,1.0,0.05125949577540467,0.00015991080769866907,0.005143674134174156,1.0,0.2165357478095249,0.0009854961937735122,0.021854288441563292,1.0,0.16638621700727185,0.001160734248943246,0.017232141266342878,1.0,0.047440792639751095,0.0010726506401476537,0.0056817920434577025,0
ridge_returns_feat,0,switzerland,5079,0.018566517927215517,0.00042220112259278627,0.021483489233454,4.234749646969733,1.0,0.003279709383732232,0.0009635060840558444,0.00480657431837697,1.0,0.01579741970730164,0.0025264260769361064,0.020874671404474427,1.0,0.0077516448707420915,0.0033416753519900323,0.01237972014842269,1.0,0.028618896311955466,0.0017390166629158606,0.03476100557405372,0
ridge_returns_feat,0,taiwan,5079,0.28447334370933175,0.09673909769891621,0.009101649799463173,5.388742352988619,0.0,0.16480723151176946,-0.0011188944275459176,0.0041678749699512645,0.0,0.3407186955961059,-0.0008105415850906897,0.010085193563769357,1.0,0.21128429722424968,0.00015149217980859632,0.006915568318205883,0.0,0.5124774581333789,-0.002234630703453288,0.014132143643966578,0
ridge_returns_feat,0,uk,5079,0.004654939640500896,3.073163277546513e-05,0.005895637248793563,1.570074172396074,1.0,0.000388918962290985,0.001819021448695694,0.002314315709650644,1.0,0.0026585566009580397,0.0030301318313162716,0.006406876392017224,1.0,0.002695462602623322,0.002706242404056637,0.006130889811181117,1.0,0.001660959805445561,0.0044171118292086866,0.006525180133871974,0
ridge_returns_feat,0,australia,5084,0.013328645188845,0.00024836341285115683,0.008737800006444694,1.9201919521070216,1.0,0.0019520369401151427,-0.002123801381729085,-0.0008365803456784555,1.0,0.0012955662677167634,-0.0017632781847614406,-0.0009090730058284719,0.0,0.02476346663694673,-0.0012013815554276735,0.014991883137397475,0.0,0.015488124335039766,-0.0023191934770353953,0.007850739310200541,0
ridge_returns_feat,0,canada,5084,0.00450073968920582,2.8521094088641504e-05,0.003337696622122192,0.9300447358028945,0.0,0.0032662903117113284,0.0010884121151129474,-0.0013377431298973997,0.0,0.003773470024842407,0.0015016904395285368,-0.00130055942379308,0.0,0.0034222762939764007,0.0025384785504247195,0.0,0.0,0.008928349950695802,-9.532924991287018e-05,0.006514439886830203,0
ridge_returns_feat,0,denmark,5084,0.05084899284458994,0.003356473280338927,0.007388254089228014,2.06900353813686,1.0,0.008335620009810363,-0.0013194285784737568,-0.00010215548073028573,0.0,0.013333039875409014,-0.0005887105190530679,0.0013562191278611154,1.0,0.07408301072294421,2.47922424105474e-06,0.010755288952989014,0.0,0.03412698163303318,-0.0010770950218264592,0.003896000063516275,0
ridge_returns_feat,0,eurozone,5084,0.012327431834985702,0.00020316230111553735,0.006824606231517146,1.9082905121129146,0.0,0.0009258403190028908,0.00029255399071388607,-0.0002225994054657678,1.0,0.0024189946167381127,0.000545718349213426,0.0018900970132022593,1.0,0.018971367814588636,0.0006834223052677817,0.011177319298684608,1.0,0.006762367683239567,0.0006328199629997127,0.004386215460327572,0
ridge_returns_feat,0,japan,5084,1.5764104885282402,3.6086021831880064,0.010595134682966523,3.383701238807155,1.0,0.02339884755190269,-0.001497364050180381,-0.0016556015472261314,1.0,0.1581889428888701,-0.001203850111733956,-0.00013504844883603211,1.0,1.2539174155508022,0.0004123425396892062,0.008839650871474966,0.0,2.581614945713227,-0.003799213184540743,0.01354679872396728,0
ridge_returns_feat,0,norway,5084,0.054032422416371635,0.005127743606324,0.005125750613179037,1.2743498832832745,1.0,0.011283696952462563,-0.0016979087475925544,-0.0006232767907472376,1.0,0.10333022299102979,-0.0005823262417922827,-0.010466243122989119,0.0,0.11631873037125118,-3.9833404935665047e-05,0.01096489765654799,0.0,0.012355404383180613,-0.0007856213102417311,0.0003899451272983517,0
ridge_returns_feat,0,south_korea,5084,9.205488220387117,102.56629376392067,0.006889924396709603,1.9199436338804456,1.0,0.01586484259178178,-8.653461973417843e-05,-7.468538783852691e-05,0.0,5.0065660715793,0.0016838437284849557,-0.002055883351917516,0.0,13.796041102720892,0.002272279078125105,-0.008060780360119908,0.0,9.41504754933544,0.001503758667993394,-0.005541839990302709,0
ridge_returns_feat,0,sweden,5084,0.08197391636194253,0.010377317756765815,0.00785312268305163,1.911071838186705,0.0,0.037479030668990276,0.00023164700382601828,-0.0033485666142966707,0.0,0.0591178077359924,0.00032592737872233474,-0.005326664502177285,1.0,0.009787256226859498,0.0004303196926495297,0.0013629628915511488,0.0,0.17388081044268588,0.0004558757806743404,-0.016259739092796887,0
ridge_returns_feat,0,switzerland,5084,0.009240952204541837,0.00012062202773237951,0.01058739981177486,2.107725274025933,0.0,0.0016733148622917193,-0.0014088811339142491,0.000517762128638515,1.0,0.0043184382900074425,-0.0015912777370431785,-0.006581629901235447,0.0,0.006257753142547395,-0.0005845339584324854,0.006595762491114536,0.0,0.019095318094868086,-0.0033954670155953814,0.018416096742005107,0
ridge_returns_feat,0,taiwan,5084,0.1264339438972205,0.020160237797219406,0.0040247705503031524,2.3950221115638026,1.0,0.056482576700073395,-0.0011939578222192216,-0.0029941572640319286,1.0,0.1164472622914694,-0.0006061578733644917,-0.0043189038805565745,0.0,0.09549782470923063,0.0003974155641013831,-0.002643313641002745,0.0,0.2425751485785561,-0.002103737905157945,0.005597902327408193,0
ridge_returns_feat,0,uk,5084,0.0033206544519181072,1.781269459581525e-05,0.004200245436923633,1.1200303748401865,1.0,0.001169898411600756,-0.0015055927585008722,-0.0029923637665361554,1.0,0.0020249888900636392,-0.0006947491137930344,-0.0032675262988974643,0.0,0.004972443686675709,-0.00039501776801287146,0.005892722593514013,0.0,0.002080772012562737,-0.0005442849521989338,0.002092092104712275,0
ridge_returns_feat,0,australia,5089,0.009955261052788952,0.00013966817302240174,0.006515990474134988,1.4342051936897817,0.0,0.0036133416116161943,0.0020760472281281667,-0.00030320807556745693,1.0,0.011529549044441811,0.0033623737245826388,0.010906863231044889,1.0,0.012104366951764867,0.0032146943645924085,0.011135001849058076,0.0,0.017995882447308986,0.004468813181239469,-0.007408715274944289,0
ridge_returns_feat,0,canada,5089,0.004527222571178169,2.8508607501788714e-05,0.003354859484897264,0.9355172284747865,1.0,0.004628973597772035,0.0038439993970868017,0.0004089295397047036,1.0,0.005406691193913238,0.004419972251495676,0.0004089295397047036,1.0,0.001381360818471844,0.004919359832486091,0.0038966148797257164,1.0,0.004594184843375482,0.0038552679331532755,0.00044609666167298896,0
ridge_returns_feat,0,denmark,5089,0.032899800099685066,0.001697445670790576,0.004774413284430844,1.3386657041229102,1.0,0.03513818519382905,0.0008902854989927127,0.00599341430764148,1.0,0.024628648004803466,0.002172145263374325,0.005747121377176756,1.0,0.04854015186002414,0.0023885714548258206,0.009420724768049935,0.0,0.0778691020186617,0.0025134849854574386,-0.008870536014849337,0
ridge_returns_feat,0,eurozone,5089,0.0078952238748966,9.680349499708675e-05,0.004366719637508742,1.2221832586989938,1.0,0.010290538863511722,0.00022738306961056316,0.005925040867672143,1.0,0.004939607660525036,0.0028619097348769993,0.005593723048025702,1.0,0.01052834873362296,0.0034771341528418097,0.009287222285482231,0.0,0.021523367768081947,0.0030629048408621178,-0.008925891176575298,0
ridge_returns_feat,0,japan,5089,1.6476331440981247,3.5264558306049656,0.01106687063143905,3.5365777831061918,1.0,0.272115853173176,-0.0009315486355293822,-0.0027725200340451006,0.0,0.27145808555070516,-0.0005840114411562689,0.001248502802590708,1.0,1.8295241686849693,0.0009481665570218262,0.013215460329783595,1.0,0.6327911472225765,-0.002753619605091732,-0.007047770845545056,0
ridge_returns_feat,0,norway,5089,0.10379841921222237,0.014826454373425526,0.009880878374527146,2.4480764972699975,1.0,0.038056885304536436,0.0019968048706141,0.005641189301927065,1.0,0.17752940530582606,0.0030973050097393828,0.01996697376302539,1.0,0.11279948914031301,0.0028174322045607545,0.013572071655349731,0.0,0.0714551297213255,0.00423077403109755,-0.0026325620103226604,0
ridge_returns_feat,0,south_korea,5089,5.903948393620226,48.48322182594089,0.004429396275948438,1.2313576272886868,0.0,0.561665670597904,4.6147238734353924e-05,-0.0003742515013742409,0.0,14.551456690231362,0.0006743893418180998,-0.010267687098693058,0.0,3.4664560671860727,0.0010220825973127645,-0.0015727984069026778,0.0,17.11650253490052,0.0005360602490511162,-0.012349089579575596,0
ridge_returns_feat,0,sweden,5089,0.09093277686789515,0.012110635150881434,0.008737759204861051,2.1199312751272807,1.0,0.05163561782304882,0.0002218933180053611,0.005159740692969938,1.0,0.04360665625796045,0.0012403220293591753,0.005407731728411105,1.0,0.010228221852024433,0.0014967964094200349,0.002475598436303366,0.0,0.25857918137799096,0.001416120366090899,-0.023654700932436948,0
ridge_returns_feat,0,switzerland,5089,0.012761557825967114,0.0002007849263239153,0.014628021602354891,2.9107236321939087,1.0,7.196595415881468e-05,0.0006115298980464843,0.0006948465826757982,1.0,0.0008845280405221922,0.0017541047263577208,0.002776494148292223,1.0,0.014912675749893967,0.002588542394630967,0.019673141728528243,1.0,0.011513307214379931,0.000853079936723417,0.01409162592840087,0
ridge_returns_feat,0,taiwan,5089,0.1636153729616814,0.04146658144696398,0.00521132545543132,3.099345191300324,1.0,0.04745724187759848,-0.0010240582555468758,-0.0025426791774536602,1.0,0.07970075178216973,-0.0003929491108866711,-0.002943060345669361,1.0,0.09855302277060574,0.0006369585767802386,0.0037780709847343276,0.0,0.18869612153073945,-0.0017326738385767503,0.004287098276406405,0
ridge_returns_feat,0,uk,5089,0.0038068783393202226,2.4403543396679707e-05,0.004821888213989811,1.2840298305946614,1.0,0.0009793362217384027,0.002143407124279695,0.0033858300407524546,1.0,0.0012608248487794294,0.003446387254098613,0.005043551093050154,1.0,0.006048211470682796,0.003026959704211127,0.010668664665780607,0.0,0.013630066176683608,0.004906518161921541,-0.01249869817661338,0
ridge_returns_feat,0,australia,5094,0.011934769963785775,0.00022155005627631604,0.007798429269389292,1.7193832463849945,1.0,0.009639247516908256,0.000899706280649902,0.0071582452992853115,0.0,0.0047151555283408975,0.002835098761046235,-0.00023471117593732734,0.0,0.010870249730616788,0.0031048957605602965,-0.003984511421466864,0.0,0.017211642440119412,0.0036775295431517737,-0.0075644909850468445,0
ridge_returns_feat,0,canada,5094,0.0032544431504494707,1.5206468557600151e-05,0.0024088469445527456,0.672506727572909,1.0,0.0025542324073879463,0.004484090569119374,0.00637251610023277,1.0,0.004982186789575627,0.004363028467929303,0.0006687969336007396,1.0,0.0014266195133683102,0.004617917540187284,0.0035617594141290295,1.0,0.002382854519605848,0.004092817578098715,0.00585533840122836,0
ridge_returns_feat,0,denmark,5094,0.044146071161389126,0.0027744048119157493,0.006409795366632542,1.7962671887506934,1.0,0.04721474753553778,0.0006496842169613784,0.007463205983752149,1.0,0.0007813031802577086,0.0013493314827383812,0.0014623801753336125,0.0,0.016933671972049424,0.001532357467020085,-0.0009205133780137824,0.0,0.0633777447837991,0.001603834488708445,-0.007606922148817015,0
ridge_returns_feat,0,eurozone,5094,0.010878750450117132,0.0001659984810193538,0.006022310850785292,1.6840341561399275,1.0,0.012212364833515288,0.0003797004540101982,0.007099253854666844,1.0,0.0020771472562908233,0.00028872353430828165,0.0014349184282758539,0.0,0.002168452137464305,0.00036910986602279824,-0.0008287751178842344,0.0,0.015051511038022936,0.0004149643076672616,-0.007929068433687556,0
ridge_returns_feat,0,japan,5094,1.4709715301532535,2.848132640802155,0.009868657366284941,3.1573807869525954,0.0,0.666664121372861,-0.00041597725566901877,0.004072091645529477,0.0,1.1619934022824907,-0.0007218724268036478,0.0070902025884348715,1.0,2.1503189653827235,0.0005709642004326153,0.014961370198499606,0.0,1.26291440700399,-0.002653510074316943,0.005850526085713935,0
ridge_returns_feat,0,norway,5094,0.09154586719216494,0.011370715949207133,0.008666609588904176,2.1591011462046446,1.0,0.08145902891937595,0.0003147621980012426,0.007958746843159387,0.0,0.05831679716100879,0.0005809138331360975,-0.004926083436939399,0.0,0.10627623662937324,0.0006241796415112763,-0.009434143877459982,0.0,0.022614152433186874,0.001244363542725395,-0.00088613209165791,0
ridge_returns_feat,0,south_korea,5094,9.008804266263004,91.60699770547954,0.006793796482637267,1.878922223981651,1.0,8.074959662997117,0.00013233687820382275,0.006218339583605476,1.0,5.534720017530162,8.71578396838192e-05,0.004262790090490674,1.0,5.718254708146787,0.0002507966832624352,0.004563892881730177,0.0,8.075230850151229,-9.468983766008477e-05,0.005992894328273314,0
ridge_returns_feat,0,sweden,5094,0.14853383552074326,0.029093227583430366,0.014261809188692501,3.462794540988086,1.0,0.1404705613526236,0.00022689975352391462,0.013531544753913455,0.0,0.0427001652771235,0.00157713403618783,-0.002497023252609783,0.0,0.1702488870472596,0.0019530569037191669,-0.014384521859652784,0.0,0.14027603894779084,0.001974677728767221,-0.011466899099972222,0
ridge_returns_feat,0,switzerland,5094,0.01314822467295829,0.00019093301891293218,0.015048573329188504,2.9989166525658417,1.0,0.005366425889123727,0.0006739573485851437,0.006850327568657392,1.0,0.008356482198938475,0.001204816662977593,0.010800978265397406,1.0,0.014682745368694183,0.001981924051866056,0.01876914791457419,1.0,0.01766634365117592,0.00044312771571311435,0.02063814854358908,0
ridge_returns_feat,0,taiwan,5094,0.2980743403965242,0.09877081283112377,0.009510702789498738,5.6463843026189515,0.0,0.19170559855455238,-0.0008719632671108833,0.005256232894785877,0.0,0.17314829345830063,-0.0009182241381575712,0.004618650585223109,0.0,0.3187739992491956,-5.683506318808062e-05,0.010104476759868718,0.0,0.4810996072476357,-0.0022161915971688705,0.013112854980763108,0
ridge_returns_feat,0,uk,5094,0.005010820370557434,4.257107009078717e-05,0.006349454867110861,1.6901099163300393,1.0,0.006970412175302143,0.002117012674583757,0.010882623197563217,1.0,0.0006366664299863878,0.002662373398043017,0.0018583323584185328,1.0,0.0005006486773101448,0.002136844619634944,0.0027689881734933404,0.0,0.008375640471467438,0.004156144006804759,-0.006457478881259417,0
ridge_returns_feat,0,australia,5099,0.007789134782083628,0.00011093213359832578,0.0051020879209671835,1.1221421015056623,1.0,0.0018752306447531453,-0.00030309972127126757,-0.0015269669187689696,1.0,0.0003319146310953869,-0.0007032149269007894,-0.000919816232088684,0.0,0.0032230426588930605,-0.0007194999583024609,0.001381395689736537,0.0,0.0010861751664641428,-0.0006301949882069176,7.824317984291168e-05,0
ridge_returns_feat,0,canada,5099,0.003108392085021857,1.4584290263535502e-05,0.002298764049318266,0.6423263496929954,0.0,0.00631951031202993,0.0037958622598565947,-0.0008918286793769926,1.0,0.004344504598812415,0.004775936986644316,0.0015587889142064401,1.0,0.002995567830613277,0.005337608775957453,0.007548601986410572,1.0,0.007750364202905757,0.00422508898839785,0.009941872518831081,0
ridge_returns_feat,0,denmark,5099,0.04949982936708484,0.0033395945345357867,0.007188567422247758,2.014107190100734,1.0,0.010508534641362921,2.770164747612747e-05,0.0015469248922918041,1.0,0.0034468423751636834,0.0008031321204495084,0.0013013116163819586,0.0,0.030874101419852806,0.0010952535442279752,-0.0033768392728794725,0.0,0.020963442112305053,0.0007323323510286621,-0.0023031305220199633,0
ridge_returns_feat,0,eurozone,5099,0.014750015168169702,0.0002909192868427834,0.00816010259530595,2.2833072107571275,1.0,0.002622988055877462,0.00031816911915013007,0.0017632315778509087,1.0,0.0008984995938432494,0.0018725044720832723,0.001377790242755764,0.0,0.009982817323182624,0.0022491259666641474,-0.003259131206126664,0.0,0.008559339540125555,0.0019610371885798593,-0.002761288514131686,0
ridge_returns_feat,0,japan,5099,1.1617136067624396,1.872079063909933,0.007769452768808527,2.4935711852635114,0.0,0.301427542249769,-0.0011486758308137295,0.0008702055572906653,0.0,1.0270685758192144,-0.0007842925821388739,0.006075596202591931,1.0,0.24171961370885242,0.0006914092476040285,0.0023077319226860113,0.0,2.499628950521725,-0.0031499681698385603,0.013502932312931152,0
ridge_returns_feat,0,norway,5099,0.06301350536267633,0.0062500867560950964,0.00596900389843365,1.4861679268310128,1.0,0.030677433720979863,-0.002059092021223026,-0.004974260915164736,1.0,0.037869364423402274,-0.0009123692259723619,-0.004508060440520505,0.0,0.04257716602269568,-0.0003577349142374608,0.0036673528912634294,0.0,0.198000795143626,-0.0012555445427129578,0.01734325222322015,0
ridge_returns_feat,0,south_korea,5099,5.41280736685059,59.31528034391459,0.004077334228700079,1.1289227465839875,0.0,0.1455859571972269,0.00010960133945790856,0.0,1.0,5.3359591818159515,0.0014023971849348761,0.005406027356737393,1.0,0.8519135267697493,0.0018789687897115908,0.0025189403698171135,1.0,8.32617548672306,0.0013345688921853908,0.007575225604282587,0
ridge_returns_feat,0,sweden,5099,0.11783550222512644,0.019311487479230584,0.011338786342344566,2.747119081717735,0.0,0.037113647275392125,0.0002450745880090239,-0.003308716522736,0.0,0.012973195971119011,0.000814551996216777,-0.0004255451464811982,0.0,0.12181745691469814,0.000942960909113688,-0.01076098307084595,1.0,0.08195718375168504,0.0009262795010083748,0.008724285421158634,0
ridge_returns_feat,0,switzerland,5099,0.008735042453127255,0.00010910048822304372,0.009923042789996027,1.9923347010816634,0.0,0.0018189377795556627,-0.0006504260864000219,0.0014275519911853237,0.0,0.006248795819017827,-0.0005702149062153481,0.0065499308637326885,1.0,0.005227380938748416,0.0003686395426668427,0.00632282588347987,0.0,0.024972313158920012,-0.0019702976581606004,0.02622453963601358,0
ridge_returns_feat,0,taiwan,5099,0.20480410886993852,0.067651232572006,0.006500303854211781,3.879578174681984,0.0,0.03870496800228551,-0.001235035921200303,0.0,1.0,0.0033508882226307435,-0.00020254576644621465,-9.567241771495016e-05,1.0,0.2210127946658602,0.0009558134646046463,0.00797234561765515,0.0,0.6525218521088902,-0.0015804645050587118,0.019046690758222743,0
ridge_returns_feat,0,uk,5099,0.0055352250239593375,4.858865390991192e-05,0.007015257060344063,1.866987441234325,1.0,0.0007618080712762376,0.0005038545842732217,0.0014653756695610272,1.0,0.0015778819130957134,0.001818610461826658,0.0038065071951669588,0.0,0.0023370717939644736,0.0017258212884490127,-0.0012260964772102213,1.0,0.00010840234848952246,0.002632989145277765,0.0024963844163598202,0
ridge_returns_feat,0,australia,5104,0.007282289358160355,0.00011055770459225449,0.004773850199007457,1.0491233895367769,1.0,0.001042721805120772,-0.0008470299039646432,-0.0015283731682420696,0.0,0.008041939737029047,6.652896541193236e-05,-0.005195530715540295,0.0,0.02155490798359394,0.0004664773447299728,-0.013694613381398579,1.0,0.0005080896478824037,5.3457530478466845e-05,0.000384990592061545,0
ridge_returns_feat,0,canada,5104,0.004133731134273244,2.5426687047406336e-05,0.0030541239856778095,0.854205118744326,1.0,0.004531343803149568,0.004168081591440655,0.0008155397842289279,1.0,0.004569685503754473,0.004860916812447092,0.0014823052556641992,0.0,0.007646597726090221,0.005286648319278686,-0.0003709198855581943,1.0,0.0009240913980008703,0.004384286616039794,0.003701651459750884,0
ridge_returns_feat,0,denmark,5104,0.0564949421412531,0.004187589685859997,0.008201183547092402,2.2987325537466594,0.0,0.005650488685032151,-0.00046256523415572065,0.000353952899066077,0.0,0.035971385652308285,0.0005086972327077319,-0.004699927181412978,0.0,0.10702313177756029,0.0009854305217110503,-0.014584349911352016,0.0,0.016564293469482294,0.000356017517222471,-0.002039473915334126,0
ridge_returns_feat,0,eurozone,5104,0.014662340511693817,0.0002812634673292223,0.008114341372087296,2.2697351450304395,1.0,7.186942384018735e-05,0.00042500642198965363,0.0003854413350951085,0.0,0.00918195521310139,0.0004305586597202113,-0.004636921448882439,0.0,0.02719779264559863,0.0005218479225092702,-0.014562354280197027,0.0,0.00580751164720783,0.000554719663930707,-0.002647036039771407,0
ridge_returns_feat,0,japan,5104,1.2405225144703251,2.4633307696164737,0.008282966460579551,2.6627313123882517,1.0,0.11381575212999451,-0.0012242706107149037,-0.00046604528140481314,0.0,0.4118492830947673,-0.0007447727854091704,0.0019948804700513807,0.0,2.213747977373629,0.0007901026525452826,-0.014042962235818494,0.0,1.5906459975568055,-0.0032044231065526682,0.007361264091815167,0
ridge_returns_feat,0,norway,5104,0.09675413089672229,0.018502452343861428,0.009124650804866198,2.28193758305483,1.0,0.013367856476175888,-0.0003027337920674854,-0.001575489334350877,1.0,0.014972587098496248,0.0005494010709084456,0.0019718108794572636,0.0,0.09196337762838702,0.0007334334653463112,-0.008046209781820884,1.0,0.32622020432609666,0.0008965674792993629,0.031428208837002675,0
ridge_returns_feat,0,south_korea,5104,8.063105475040834,121.10329041115261,0.006057019534602905,1.681682454584707,0.0,0.6107574997722622,0.0002326716454715148,-0.00022466861473963785,0.0,5.686943086612018,0.0009632134379232682,-0.003300209258208015,0.0,6.314163384335188,0.001282761756538771,-0.003450477863622421,1.0,9.658156323167304,0.0008546600788000697,0.008054635782808347,0
ridge_returns_feat,0,sweden,5104,0.1369949963976224,0.024146505650516743,0.013149650773424226,3.1937876242488854,0.0,0.04008941191111326,0.00024764262860754645,-0.003593265781473427,0.0,0.15360347597058244,0.0014483574569581399,-0.01333099522524845,0.0,0.23311105387654152,0.0017546664331251054,-0.020754399797766734,1.0,0.22067827753671487,0.0016220031746042392,0.02247636295657556,0
ridge_returns_feat,0,switzerland,5104,0.006948737709818409,9.660694892353577e-05,0.007823263464597526,1.5849048636311482,1.0,0.0009277429086715916,0.00042256990581407574,0.0014749265210678467,1.0,0.0018665160758141175,0.002456833132373895,0.0003405607933925783,0.0,0.0048319102063947295,0.0035496507535543852,-0.0019320383325484405,1.0,0.01860676285141183,0.0015239442512455677,0.022398421568350126,0
ridge_returns_feat,0,taiwan,5104,0.30642471573398816,0.13827723695478247,0.009710704453374429,5.804564400119832,0.0,0.0675122126348775,-0.000893774068162005,0.0012589542782027855,0.0,0.21837678351537448,-0.0001555440928271179,0.006785936138914832,1.0,0.14470642192427263,0.0008222791780703902,0.005422911916480519,0.0,0.6946836581868006,-0.0014899601415439398,0.020455581530847432,0
ridge_returns_feat,0,uk,5104,0.0071136663809769985,6.927368225190502e-05,0.009003548392110677,2.399383175377199,1.0,0.00047884451575797016,-0.0007220998652907253,-0.00011917260733886059,0.0,0.006097728966365512,0.000378713975167705,-0.007322560605883177,0.0,0.01307372167223253,0.0005429481330984414,-0.01603943733256793,0.0,0.003510535139512161,0.0007371056868209736,-0.003687773595334762,0
ridge_returns_feat,0,australia,5109,0.007845359629400969,8.431964694791354e-05,0.005144553708787005,1.1302421370154647,0.0,0.004983342905033217,-5.467875349985e-05,0.00320949761985822,1.0,0.0046569641605380685,0.0011559743507924072,0.004203007208550385,0.0,0.007903290144306796,0.001464081615274036,-0.0037267491298609034,0.0,0.004865961528818907,0.001518237506384657,-0.0016743328741857862,0
ridge_returns_feat,0,canada,5109,0.004104421479281798,2.433378794616898e-05,0.003030672682562544,0.8481484942302778,1.0,0.0038385634828872472,0.0037984154502292825,0.0009623214896169623,1.0,0.0013944867924158277,0.004724601360228458,0.0036961786674470803,1.0,0.005577290826398018,0.00530144981511753,0.0011842642293013908,1.0,0.004476190872052754,0.0041932394899970695,0.007489013660039915,0
ridge_returns_feat,0,denmark,5109,0.03288994233522675,0.0017859451395915997,0.004785678381085698,1.338264599825629,1.0,0.018957041037387157,-1.3495581525097667e-05,-0.0027694506061743842,0.0,0.0161533985290232,0.0010742249781358038,-0.0012711050518241123,0.0,0.049265596835774694,0.0014892176968797318,-0.00567798690840762,1.0,0.0008659247199247488,0.001097794409940769,0.0009722122219740152,0
ridge_returns_feat,0,eurozone,5109,0.009696080260195276,0.0001445664259972122,0.00537624463146836,1.5009564208421702,0.0,0.005598879859006978,0.00033130310073185685,-0.002770315094200992,0.0,0.00518700129550731,0.0015960925928594821,-0.0012733918230497774,0.0,0.014543551865609183,0.001958714468904896,-0.006104855655836833,1.0,0.0026098458913197398,0.0017744205191660585,0.00033192266506706637,0
ridge_returns_feat,0,japan,5109,1.3958501455197867,2.89475782894112,0.009307527601436473,2.996135778691781,0.0,0.38130711623307434,-0.001138636616194617,0.0013940522703743087,1.0,0.3529885935014363,-0.000378796991097569,-0.0027273348908653425,0.0,2.5254213794505063,0.0011978167545539785,-0.015700381088925824,0.0,1.439043006143379,-0.00278757321568715,0.0067529800803068606,0
ridge_returns_feat,0,norway,5109,0.12599219006132797,0.026390093783682036,0.011841078504878444,2.9715146113939337,0.0,0.01999844363053782,0.0003130834667207889,-0.001586645907589266,0.0,0.030270893529186438,0.0012258727191615934,-0.0016484525147353142,1.0,0.010747917972775411,0.0013426036278563396,0.002361052286116446,1.0,0.18742793958250203,0.0018326286816833398,0.019437346198821655,0
ridge_returns_feat,0,south_korea,5109,9.49122791131925,145.16733964945766,0.0071163312352413195,1.979538963038234,0.0,0.3492308336367387,0.00022478284355808455,-3.7565034470292516e-05,1.0,0.7600811510023959,0.0009837623323051346,0.00041312227128786867,0.0,15.112254382244146,0.0013230824051963246,-0.010080311878375336,1.0,20.482886140280698,0.0009515128040192911,0.016208414154788513,0
ridge_returns_feat,0,sweden,5109,0.15356001135541023,0.040730951492160425,0.014689254462137516,3.579970632087547,0.0,0.02709799381176481,0.00021787902150075894,-0.002411668397625604,0.0,0.01667676412918162,0.0015281067134813456,-8.724269469128936e-05,1.0,0.004236193602027427,0.001916080423249038,0.0015061593128447655,1.0,0.3173263949668712,0.0018181111766539767,0.032059438572451034,0
ridge_returns_feat,0,switzerland,5109,0.010502314497141592,0.00020156023699960572,0.011798456827573633,2.395423459772324,1.0,0.0004193767226507994,-9.151236186215103e-05,-0.0005676657736453323,1.0,0.003534334573260356,0.0005283949945336367,0.00452976257242591,1.0,0.0011184717858265802,0.001453489694981238,0.0027203190479193388,0.0,0.02145434351693354,-0.0006293831024956249,0.02344470813894783,0
ridge_returns_feat,0,taiwan,5109,0.2324114400173521,0.0910609466056287,0.007323847833670573,4.402540335801227,1.0,0.019426243352022254,-0.0009325593570875564,-0.000316816629186473,1.0,0.04724878660399412,5.54710261856635e-05,0.0015509522472110734,0.0,0.11734392375301184,0.00115059137951316,-0.002569105556941874,0.0,0.5469911302925965,-0.0011882989654373763,0.01601039737359645,0
ridge_returns_feat,0,uk,5109,0.003779257671970578,2.6693455831178355e-05,0.004798235408519888,1.2747135988539307,0.0,0.0014743565107321333,0.0013952707060564437,-0.00047313026139479377,1.0,0.0005172445740269094,0.002628069696087314,0.0019737883628574357,0.0,0.00622245180288894,0.002395422653443726,-0.005505971627778573,1.0,0.0010565193318371469,0.003806447531883937,0.0051399769456997625,0
nlinear,0,australia,5074,0.0305329706878662,0.0011677238045142277,0.020225080649207864,4.398733986694173,1.0,0.004716890792846762,0.0003994091403603334,0.0035701717110648945,1.0,0.0028723157882690753,0.0034343782607102135,0.005360538409719666,1.0,0.01856945529937737,0.010832788959695881,0.023129576273248673,1.0,0.04512608810424812,0.001624570875128676,0.03151861230497333,0
nlinear,0,canada,5074,0.00996845567067463,0.00013536245225812796,0.007430140230308669,2.0599080064173605,1.0,0.004951823806762734,7.368653918007256e-05,0.0037832719820559643,1.0,0.0008328079223631768,0.004132552642920832,0.004754871460581495,1.0,0.009209166908264121,0.006464709859458312,0.013308925405037546,1.0,0.01292154026031489,0.0022705268641721476,0.011900683251169941,0
nlinear,0,denmark,5074,0.06986390284220377,0.0068597528922457246,0.010187462871221964,2.8427045273119624,1.0,0.0019760139465327953,0.00034206891088866425,0.000632827582966889,1.0,0.02084784927368144,0.004215876997936647,0.0011549766426435053,1.0,0.03208259124755841,0.008482913935988807,0.01315514987952081,1.0,0.12245136795043976,0.0007944481788384721,0.018646604132181027,0
nlinear,0,eurozone,5074,0.018694460830688493,0.0004894657242896206,0.010392548248500801,2.893908699703692,1.0,0.0003997148513794624,0.00039299910298113935,0.0006172493322063698,1.0,0.005268614387512249,0.004127539348280356,0.0011780546633385607,1.0,0.008857102012634233,0.008630883737899896,0.013547623160786157,1.0,0.03290414524078367,0.000727110494519426,0.01901483359791864,0
nlinear,0,japan,5074,3.012906514485678,11.559893942680402,0.020541992901324982,6.467081752921682,1.0,0.5089935302734432,-0.0052098396871634025,-0.001666435602972696,1.0,0.2583404541015568,0.0022637016478097337,0.004050340468773376,1.0,2.052478637695316,0.009648882648961694,0.023653109697389724,1.0,5.517669067382826,0.003997348445389049,0.04141568532466658,0
nlinear,0,norway,5074,0.22704483306884757,0.06309150685219027,0.021836750321471688,5.354832220768415,0.0,0.14999178161621174,-0.003065414446669667,0.011520299848726621,1.0,0.007642807006835284,0.0015961076704237845,0.002341007701973445,1.0,0.11701486816406259,0.010480544132442687,0.021725180579216137,1.0,0.26436143798828127,0.0008383752242161443,0.026306210954661614,0
nlinear,0,south_korea,5074,10.395639648437493,163.11788830252507,0.007834810036476753,2.168167693586314,1.0,0.9627197265624545,0.0011113361134828552,0.0003800258463308073,0.0,10.087915039062409,0.006280676139953056,-0.0013692900850049057,1.0,6.0322998046874545,0.010825453057246377,0.015351550895363879,1.0,14.596118164062545,0.004099595226188567,0.015089501291618203,0
nlinear,0,sweden,5074,0.20325741149902346,0.051253036379322166,0.01963957261394466,4.738574564418987,0.0,0.06625110931396527,-0.003767350459911339,0.002731814094881821,1.0,0.03635410003662187,0.00221793164242523,0.005768184501909771,1.0,0.1968550430297853,0.005031414205684913,0.024053779037288833,1.0,0.2214304458618166,0.0033739845344765893,0.024780971770616108,0
nlinear,0,switzerland,5074,0.01613647031466165,0.00036432243751889,0.018736480891367105,3.68049152976523,0.0,0.002023353481292678,0.0012069817914901494,-0.0011808468042745297,1.0,0.002994599628448502,0.007752487615482396,0.004239540001305034,1.0,0.01078698797225952,0.01151428047141129,0.02402027687517722,1.0,0.03162699890136722,0.002090220997337711,0.03865998478196627,0
nlinear,0,taiwan,5074,0.19556230621337853,0.06266249863638311,0.006261571965648245,3.704511882902274,0.0,0.03788323974609398,0.0007215584033883803,-0.0004999717862017588,1.0,0.017135070800780028,0.004300228834377795,0.003749873631473446,1.0,0.039639877319334715,0.00842504640402593,0.009691833056025083,1.0,0.18875195312499926,0.005058149601456947,0.011096081136525044,0
nlinear,0,uk,5074,0.00414233378617351,3.058023049231916e-05,0.00525146134561071,1.3971762887165664,0.0,0.0009333357831421418,-0.0010731230807732779,0.00011763538151452835,0.0,0.0043320094459838865,0.004768365645233847,-0.0007447032772377848,1.0,0.004466102981780962,0.009702907446352027,0.004046759560354596,1.0,0.00679331883505252,0.004516204828848557,0.01310303746251729,0
nlinear,0,australia,5079,0.0286732984822591,0.00089781832569458,0.018944039388907943,4.13082021510151,0.0,0.019727741661071718,-0.007692217772861407,0.00553851475412603,1.0,0.023495524139404367,0.0017232829012828114,0.01731481107806327,1.0,0.0260779870986938,0.005959504184259991,0.02317754316786501,1.0,0.019214930076599135,0.008276425095479384,0.020962543179713404,0
nlinear,0,canada,5079,0.006235789635976152,5.1042297807595746e-05,0.004635514759003316,1.2885800390595867,0.0,0.009738768196105863,-0.003583725497076314,0.0036909353113898026,1.0,0.005524544906616136,0.0016983702668375202,0.005809855826869693,1.0,0.0031886886596679265,0.004389328368103713,0.0020149260548384808,1.0,0.0034806671142577628,0.006046994245816372,0.008628117046252578,0
nlinear,0,denmark,5079,0.07070682416280114,0.00596400050632063,0.010299728210300394,2.8770022999348575,0.0,0.03107703933715822,-0.0029934827569843368,0.0015794948166763685,1.0,0.025321318054198905,0.003922638112166538,0.0076245951927842144,1.0,0.05451914215087861,0.004054771241095397,0.012007437801421104,1.0,0.02493121566772505,0.009165698653337363,0.012791700308124406,0
nlinear,0,eurozone,5079,0.019022166500091555,0.00042955048867825867,0.010563467657603721,2.9446376453639456,0.0,0.007409372138976966,-0.002812446239926573,0.0013446510135962755,1.0,0.006242617034912135,0.004060582701240658,0.007540250202320179,1.0,0.015220988845825234,0.004044740432723277,0.01250799787792041,1.0,0.007361610984802258,0.009118387764641418,0.013199857485697682,0
nlinear,0,japan,5079,3.5593420003255214,14.137212877966268,0.024201815599070742,7.639983382173526,0.0,2.2842065429687466,-0.008494825463388136,0.007297543658475331,1.0,3.1136517333984273,0.0018386835484666079,0.023086091711111995,1.0,1.4281365966796784,0.000738116906752163,0.010550469877736775,1.0,5.008312377929684,0.005524099910029687,0.039360225325944576,0
nlinear,0,norway,5079,0.2151447545369465,0.0519102034319906,0.020652538699862055,5.074169925612924,0.0,0.15672851715087965,-0.006512637992773164,0.00873994922288381,1.0,0.21349435424804675,0.0033804495319637337,0.023898616490111765,1.0,0.10448972167968762,0.009421599223784804,0.019455838457012098,1.0,0.1186590301513668,0.014608381126729351,0.025937014132145435,0
nlinear,0,south_korea,5079,15.510205078125,287.5529269055132,0.01170647804782564,3.234887578692048,0.0,7.7976562500000455,-0.0009502143754644091,0.004973717943503599,1.0,24.5716552734375,0.0005923299439543155,0.019113544380005773,1.0,14.260449218749955,0.0029564982220836446,0.013721888365355027,1.0,9.622753906249955,0.005902877183406619,0.013158582118415007,0
nlinear,0,sweden,5079,0.15153990854899094,0.028533138927093256,0.014594601888686129,3.532875632178745,0.0,0.10170527191162115,-0.004769107501876039,0.005143674134174156,1.0,0.20543841094970716,0.0020656643885205712,0.021854288441563292,1.0,0.11459459075927647,0.006191080183380981,0.017232141266342878,1.0,0.07293576812744185,0.01272673515557533,0.0056817920434577025,0
nlinear,0,switzerland,5079,0.017566600265502923,0.00035885180151032375,0.02031868830133015,4.006683135977424,0.0,0.006142052459716774,-0.0024026165774560138,0.00480657431837697,1.0,0.014571129226684576,0.003962841800332687,0.020874671404474427,1.0,0.009733286190032997,0.0010180066098172556,0.01237972014842269,1.0,0.022181043434143066,0.009262984432131433,0.03476100557405372,0
nlinear,0,taiwan,5079,0.16628502502441372,0.04438853982572407,0.005312018208911472,3.149916070633357,0.0,0.19384141540527366,-0.002053170226786176,0.0041678749699512645,1.0,0.23312406921386852,0.0026430353239314947,0.010085193563769357,1.0,0.20247744750976437,0.00043435121552010125,0.006915568318205883,1.0,0.27068876647949125,0.005520659107086304,0.014132143643966578,0
nlinear,0,uk,5079,0.004860660077687584,3.096378848725193e-05,0.006161007663683679,1.6394620420798347,0.0,0.004536622170288052,-0.003478457399780059,0.002314315709650644,1.0,0.0033003032293396073,0.0022133111804264484,0.006406876392017224,1.0,0.001217410475738534,0.004585593879931132,0.006130889811181117,1.0,0.00428245673876948,0.011940006242294458,0.006525180133871974,0
nlinear,0,australia,5084,0.009023086233774806,0.00011859564316422519,0.005906648167284244,1.299911380622732,1.0,0.006993080329894985,-0.005455673963235536,-0.0008365803456784555,0.0,0.010409538421630948,0.005927887838118505,-0.0009090730058284719,1.0,0.007298875961303741,0.010246213738280592,0.014991883137397475,1.0,0.0014519239044188392,0.008798831826701882,0.007850739310200541,0
nlinear,0,canada,5084,0.005121354134877494,3.836767745261091e-05,0.0037945850546622483,1.0582901438953634,1.0,0.006608813667297264,-0.006264756026716777,-0.0013377431298973997,0.0,0.0021884229660034116,0.0003255609960764979,-0.00130055942379308,0.0,0.010676116752624587,0.00789781517924256,0.0,1.0,0.002497316360473567,0.008355442125024622,0.006514439886830203,0
nlinear,0,denmark,5084,0.028729833933512368,0.0014071998080866716,0.004167017750487129,1.1689932235274514,1.0,0.020807574462891054,-0.0031435133631019683,-0.00010215548073028573,1.0,0.0038290817260744348,0.0007980468198171498,0.0013562191278611154,1.0,0.001395408630370909,0.010956720807064134,0.010755288952989014,1.0,0.01486469802856405,0.006054424001577618,0.003896000063516275,0
nlinear,0,eurozone,5084,0.007874888623555499,0.00010270945969852917,0.004354529449028738,1.2190353550873492,1.0,0.005182555198669503,-0.003111172605542151,-0.0002225994054657678,1.0,0.0019161861419678683,0.000825307648661522,0.0018900970132022593,1.0,0.0008229909896850796,0.010724364505930048,0.011177319298684608,1.0,0.0028224145889281793,0.005948615555983979,0.004386215460327572,0
nlinear,0,japan,5084,1.1778320109049494,1.9004081688970726,0.007910728245003119,2.5281686866513153,1.0,0.20629821777345114,-0.003051802468144675,-0.0016556015472261314,1.0,0.13521667480469546,-0.001048567344752762,-0.00013504844883603211,1.0,0.1075573730468875,0.009559224422321159,0.008839650871474966,1.0,0.4438629150390625,0.010585797033653673,0.01354679872396728,0
nlinear,0,norway,5084,0.09382382191975912,0.011596126957144993,0.008886311271430747,2.2128265061165973,1.0,0.12989128417968665,-0.013064232211711307,-0.0006232767907472376,0.0,0.12559279174804772,0.0015344393301267442,-0.010466243122989119,1.0,0.05245207366943383,0.015887962078736488,0.01096489765654799,1.0,0.14826849212646565,0.014390335527523756,0.0003899451272983517,0
nlinear,0,south_korea,5084,13.489219563802097,242.43044992977414,0.010070013470043158,2.8133805190452232,1.0,4.220556640625091,-0.003231921023406682,-7.468538783852691e-05,1.0,0.024658203125,-0.002037430236396167,-0.002055883351917516,0.0,27.4539794921875,0.012397794768034863,-0.008060780360119908,0.0,17.24643554687509,0.007326668267248851,-0.005541839990302709,0
nlinear,0,sweden,5084,0.1200749078877766,0.02387494901578616,0.011467245366319581,2.7993267263698507,1.0,0.06707019653320323,-0.009787668804000506,-0.0033485666142966707,1.0,0.03422059631347629,-0.00205074399776274,-0.005326664502177285,1.0,0.11937959289550726,0.012669371824281789,0.0013629628915511488,0.0,0.22795239868164074,0.005597474409950377,-0.016259739092796887,0
nlinear,0,switzerland,5084,0.006242699295679725,5.19573341272398e-05,0.007146679180321455,1.4238678863830796,0.0,0.004724486446380571,-0.0049315629634841575,0.000517762128638515,0.0,0.0063281744003296225,0.0007226924148151999,-0.006581629901235447,1.0,0.0010405794143676372,0.007784764847795331,0.006595762491114536,1.0,0.008485258865356449,0.00878252103383131,0.018416096742005107,0
nlinear,0,taiwan,5084,0.1796714660644536,0.043755421350308805,0.005709656498773538,3.4034937199401227,1.0,0.05318656921386733,-0.0046922748338043664,-0.0029941572640319286,0.0,0.13894056701660062,0.00010942158560759185,-0.0043189038805565745,0.0,0.30608320617675844,0.007070130932201721,-0.002643313641002745,1.0,0.08041194152832176,0.008137906800020083,0.005597902327408193,0
nlinear,0,uk,5084,0.003375389748009228,1.5178838015248172e-05,0.004263778839658552,1.1384921555179426,1.0,0.0001998909039001573,-0.0027381748236808006,-0.0029923637665361554,0.0,0.00555258856277463,0.0037713679973025802,-0.0032675262988974643,1.0,0.00200312626098631,0.008414580842324711,0.005892722593514013,1.0,0.003036030844879134,0.005926373474576405,0.002092092104712275,0
nlinear,0,australia,5089,0.010084983211517318,0.00014324533266846278,0.006605664410628296,1.4528936231341056,0.0,0.001790678138732904,0.0008765965373737822,-0.00030320807556745693,1.0,0.012226927261352438,0.0029042057843106017,0.010906863231044889,1.0,0.009631146507263155,0.004838115620095868,0.011135001849058076,0.0,0.022027486190795864,0.0071104942994725424,-0.007408715274944289,0
nlinear,0,canada,5089,0.004692966607411727,2.8620606808845563e-05,0.003478560297640943,0.9697670138510531,1.0,0.0003781213760376545,0.00012781114017625862,0.0004089295397047036,1.0,0.004016767501830998,0.003390369867478836,0.0004089295397047036,1.0,0.0024480379104614425,0.005708401182432217,0.0038966148797257164,1.0,0.010354478073120177,0.008113407520424139,0.00044609666167298896,0
nlinear,0,denmark,5089,0.032723882649739564,0.0015995996339693576,0.004748983768387409,1.3315077683213168,1.0,0.03808578796386719,0.0004610180360927168,0.00599341430764148,1.0,0.014251960754394943,0.003679933581877074,0.005747121377176756,1.0,0.02213248672485335,0.006220459059937337,0.009420724768049935,0.0,0.09064590682983376,0.004369066859538293,-0.008870536014849337,0
nlinear,0,eurozone,5089,0.008494070663452128,0.00010778873984296546,0.004698376386556994,1.3148849389927408,1.0,0.010044245719909695,0.00036413034757098355,0.005925040867672143,1.0,0.0038973182678223584,0.00343896167990936,0.005593723048025702,1.0,0.006023138618469259,0.005967475512668414,0.009287222285482231,0.0,0.02393729610443107,0.004398574051977839,-0.008925891176575298,0
nlinear,0,japan,5089,1.3036732584635415,2.407189925524273,0.008749252241608668,2.7982818255549953,1.0,0.14946289062498863,-0.0017609249407162346,-0.0027725200340451006,0.0,0.20432617187501023,-0.00013051580570543208,0.001248502802590708,1.0,1.1659466552734443,0.0054149869349170935,0.013215460329783595,0.0,2.3078289794922,0.008525053200421451,-0.007047770845545056,0
nlinear,0,norway,5089,0.10119337122599277,0.014420566863181642,0.009637292275371297,2.3866366719070475,1.0,0.04969035186767634,0.0008801109288234819,0.005641189301927065,1.0,0.19990792999267626,0.0009504527415187418,0.01996697376302539,1.0,0.01920937652587895,0.011748744438318541,0.013572071655349731,0.0,0.13249410705566333,0.010056552043769387,-0.0026325620103226604,0
nlinear,0,south_korea,5089,9.197596842447933,116.4952798224493,0.006886564818206195,1.9182977677977182,0.0,1.78369140625,0.0009602059500966628,-0.0003742515013742409,0.0,25.44467773437509,0.008787972303619196,-0.010267687098693058,0.0,4.550805664062409,0.0018324122781144452,-0.0015727984069026778,0.0,19.57736816406259,0.0023750020801450887,-0.012349089579575596,0
nlinear,0,sweden,5089,0.10087483851114917,0.015576621751693628,0.009683126077743695,2.351712247211713,1.0,0.05272081298828191,0.00011785545881112154,0.005159740692969938,1.0,0.018087460327148364,0.0036812530384643972,0.005407731728411105,1.0,0.08144016876220661,0.010235117617636465,0.002475598436303366,0.0,0.2968423126220703,0.0050731499263278,-0.023654700932436948,0
nlinear,0,switzerland,5089,0.011436436125437422,0.0001641368922010435,0.0131012857501017,2.608482863326613,0.0,0.004092286872863782,-0.004053950921563248,0.0006948465826757982,1.0,0.00010163602828983098,0.0026590704010090588,0.002776494148292223,1.0,0.012176639175415005,0.005745005226439016,0.019673141728528243,1.0,0.006533965301513622,0.006600083751547187,0.01409162592840087,0
nlinear,0,taiwan,5089,0.11208801422119154,0.01786994662705395,0.0035671465316489915,2.1232689911125466,1.0,0.053378616333006335,-0.0008347373484640078,-0.0025426791774536602,0.0,0.2309043273925795,0.004427172986806632,-0.002943060345669361,1.0,0.0812868957519548,0.006361467469013797,0.0037780709847343276,1.0,0.06813456726074207,0.006451849049757169,0.004287098276406405,0
nlinear,0,uk,5089,0.0041070831443288155,2.436966091817451e-05,0.005202476796827795,1.3852865271739692,1.0,0.002623516218841604,5.406081883708076e-05,0.0033858300407524546,1.0,0.0005110976319580018,0.004396419921500419,0.005043551093050154,1.0,0.0025867484917602157,0.007407541992312619,0.010668664665780607,0.0,0.013900219412200876,0.0052484530143602735,-0.01249869817661338,0
nlinear,0,australia,5094,0.012823265869140621,0.00026084458118309144,0.008373420315462513,1.8473844545175564,1.0,0.009291334152221609,0.0011262810132810558,0.0071582452992853115,1.0,0.002157092208862288,-0.0016422375821578982,-0.00023471117593732734,0.0,0.021213723297119236,0.009804400233138024,-0.003984511421466864,0.0,0.016358901100158585,0.0031235154831615545,-0.0075644909850468445,0
nlinear,0,canada,5094,0.005089613374074305,4.03607601494105e-05,0.0037692920975569005,1.0517311492558414,0.0,0.009660594558715818,-0.0007887105480420726,0.00637251610023277,1.0,0.0038353610992432063,0.0035138793739632832,0.0006687969336007396,1.0,0.004472705078125028,0.006869275715848131,0.0035617594141290295,1.0,0.001569499397277907,0.004694779467101063,0.00585533840122836,0
nlinear,0,denmark,5094,0.04617376515706374,0.00325053071388986,0.0067004701858071145,1.8787723833792631,1.0,0.04401983566284162,0.0011122066455045835,0.007463205983752149,1.0,0.0053363975524902685,0.0022341752032337065,0.0014623801753336125,0.0,0.07183904037475575,0.009444363688566474,-0.0009205133780137824,0.0,0.05314231948852566,0.00012204130851030463,-0.007606922148817015,0
nlinear,0,eurozone,5094,0.011996886609395345,0.00022109057439874378,0.006636298785910609,1.8571220022187342,1.0,0.010848655509948735,0.0011322913591236517,0.007099253854666844,1.0,0.0014763526916503622,0.002248789649927143,0.0014349184282758539,0.0,0.018410782432556116,0.009296275136605739,-0.0008287751178842344,0.0,0.014557006263733019,0.00014193136472502918,-0.007929068433687556,0
nlinear,0,japan,5094,1.3541138102213541,2.4796603530913117,0.009083807087115082,2.9065504260946757,1.0,0.412139892578125,0.0012998906458059015,0.004072091645529477,0.0,1.4034454345703011,-0.0023528395050074866,0.0070902025884348715,1.0,0.6198071289062455,0.010834684153474865,0.014961370198499606,1.0,0.26109374999998636,0.0040983297563869665,0.005850526085713935,0
nlinear,0,norway,5094,0.11697783248901376,0.021255437592171158,0.0110420548978797,2.7589117887473655,1.0,0.06756296386718752,0.0016228872315055718,0.007958746843159387,0.0,0.09348543243408258,0.0038873736269227645,-0.004926083436939399,0.0,0.26897138671875,0.015828811399957624,-0.009434143877459982,0.0,0.037380177307129614,0.002633035925820268,-0.00088613209165791,0
nlinear,0,south_korea,5094,8.995796712239569,110.32972650756429,0.006787016847100794,1.8762093020874768,1.0,5.505395507812409,0.0020730082271444737,0.006218339583605476,1.0,0.6290283203125,0.004736254740011947,0.004262790090490674,1.0,4.619775390624909,0.008034906600147818,0.004563892881730177,0.0,15.056958007812455,-0.005387964023775062,0.005992894328273314,0
nlinear,0,sweden,5094,0.14951375737508138,0.03282661421914631,0.014342391397125454,3.485639625651123,1.0,0.09450927581787028,0.004599628509956314,0.013531544753913455,0.0,0.0867845397949214,0.0057660206459068065,-0.002497023252609783,0.0,0.3174955169677727,0.015871163634753927,-0.014384521859652784,1.0,0.09383505249023472,-0.002455429715446074,-0.011466899099972222,0
nlinear,0,switzerland,5094,0.011203823461532595,0.00015632656490791519,0.012814608859089702,2.555427336155968,1.0,0.0047373536109924785,0.0013999512062981378,0.006850327568657392,0.0,0.009491980075836182,-0.00010626728645945483,0.010800978265397406,1.0,0.0037169761657714906,0.014545984207565267,0.01876914791457419,1.0,0.01303439846038823,0.005777641310634642,0.02063814854358908,0
nlinear,0,taiwan,5094,0.1711395950317378,0.04691913728609721,0.005451139879246398,3.2418755725779236,0.0,0.17848588562011614,-0.0004481649210568993,0.005256232894785877,1.0,0.04805421447753844,0.003085060916738459,0.004618650585223109,1.0,0.002685409545897244,0.010019305851654387,0.010104476759868718,1.0,0.34010369873046997,0.0023006864726998837,0.013112854980763108,0
nlinear,0,uk,5094,0.005290683798763022,5.107156233920502e-05,0.006700706775281854,1.7845056280597267,0.0,0.009329326752899214,-0.0008669166607407548,0.010882623197563217,1.0,0.0004654853849792584,0.002446253733882346,0.0018583323584185328,1.0,0.007073286901916553,0.01165762334594938,0.0027689881734933404,0.0,0.007621454832183794,0.003205040644163487,-0.006457478881259417,0
nlinear,0,australia,5099,0.01112053652572631,0.00020665672457059736,0.007268580724002626,1.6020806644086414,0.0,0.0054326464843750255,0.002014535808579176,-0.0015269669187689696,0.0,0.012735240020751881,0.0073575124948280675,-0.000919816232088684,1.0,0.001286524543762102,0.0022187678809922175,0.001381395689736537,0.0,0.0010951321029664118,-0.0006360390754559449,7.824317984291168e-05,0
nlinear,0,canada,5099,0.00522622181574505,3.9396790256161847e-05,0.003868418973715202,1.079960278424725,1.0,0.00018421764373788285,-0.0010288079433083974,-0.0008918286793769926,1.0,0.00319019126892095,0.0039221658410499485,0.0015587889142064401,1.0,0.0025379014968871516,0.005675723430450217,0.007548601986410572,1.0,0.010542325592040935,0.002157663443620948,0.009941872518831081,0
nlinear,0,denmark,5099,0.05472661641438794,0.0042278781668844,0.00794011263275021,2.2267808398426205,1.0,0.0007745216369627883,0.0014350307285027708,0.0015469248922918041,1.0,0.045485910797118834,0.007852345284476332,0.0013013116163819586,0.0,0.035586775970458895,0.0017761253217065277,-0.0033768392728794725,0.0,0.017444588470459266,0.00022345273245405288,-0.0023031305220199633,0
nlinear,0,eurozone,5099,0.014463546485900885,0.00029375497473952235,0.007998926678616477,2.238961764300095,1.0,0.000585437011718648,0.0014408822842332655,0.0017632315778509087,1.0,0.011614206314086939,0.007753788909119749,0.001377790242755764,0.0,0.009197513008117664,0.0018169134247511323,-0.003259131206126664,0.0,0.0053162078857422745,0.00017437215917125553,-0.002761288514131686,0
nlinear,0,japan,5099,1.1945326131184903,2.303457804897865,0.00798687648513397,2.564015852608415,1.0,0.5598315429687375,0.0046090275430073335,0.0008702055572906653,1.0,0.006470336914048858,0.0061186633812485855,0.006075596202591931,1.0,0.3444500732422,0.0046064846596962136,0.0023077319226860113,1.0,1.4623150634765523,0.0037944656765164153,0.013502932312931152,0
nlinear,0,norway,5099,0.08661669667561848,0.011467950221157815,0.008198715567562388,2.0428470974033632,0.0,0.061559642028807815,0.0008669774489729698,-0.004974260915164736,0.0,0.15671247558593748,0.010288540778286523,-0.004508060440520505,1.0,0.014918167114258196,0.005073837169845357,0.0036673528912634294,0.0,0.19216331024169975,-0.0007022346100647351,0.01734325222322015,0
nlinear,0,south_korea,5099,8.708437500000006,111.47667184253535,0.0065566279463465165,1.8162761972952308,0.0,2.5745849609375,0.0019364524635930877,0.0,1.0,0.5311767578125455,0.005008197094344266,0.005406027356737393,0.0,6.305200195312409,-0.0022273612394205266,0.0025189403698171135,0.0,12.194238281249909,-0.0015779341244548703,0.007575225604282587,0
nlinear,0,sweden,5099,0.12842126286824543,0.021977433714742194,0.012342505099405533,2.993906717940054,0.0,0.05916832580566478,0.002350937823166381,-0.003308716522736,0.0,0.12276682739257794,0.011248506713374089,-0.0004255451464811982,0.0,0.13846232299804662,0.0025315771613932366,-0.01076098307084595,0.0,0.10132580261230473,-0.000925510146826723,0.008724285421158634,0
nlinear,0,switzerland,5099,0.0068875028228759716,8.990617665121609e-05,0.007814221175930816,1.5709380866146778,1.0,0.00040110826492312235,0.0018852027622788604,0.0014275519911853237,1.0,0.0026341681480407386,0.00953629114551093,0.0065499308637326885,1.0,0.00323680334091192,0.002640165019781607,0.00632282588347987,0.0,0.02548934650421142,-0.0025625336342662668,0.02622453963601358,0
nlinear,0,taiwan,5099,0.1695299265543621,0.05454375223649978,0.0053756554201321435,3.211383827428093,0.0,0.03998136901855531,0.0012741649950495154,0.0,0.0,0.2696754760742195,0.008468132977273706,-9.567241771495016e-05,1.0,0.21201808166503966,0.0012423333093374439,0.00797234561765515,1.0,0.5625169982910165,0.0012901412034989823,0.019046690758222743,0
nlinear,0,uk,5099,0.006219350604435218,5.9566251097238846e-05,0.007874030433713881,2.097737566377746,1.0,0.0008642107829589518,0.00037453580714313554,0.0014653756695610272,1.0,0.0026093138782653513,0.007085208820139543,0.0038065071951669588,0.0,0.0063874970868530445,0.006821300626950717,-0.0012260964772102213,1.0,0.0009917256011047204,0.0012457805476635032,0.0024963844163598202,0
nlinear,0,australia,5104,0.010476112524668372,0.00019085124560305153,0.0068535814575710246,1.5092416876751562,1.0,0.0020346974182128275,-0.00019927621055095283,-0.0015283731682420696,0.0,0.018739638786315904,0.007023682502210348,-0.005195530715540295,0.0,0.02722734535217275,0.004160049033006507,-0.013694613381398579,1.0,0.008373577308654845,0.005833051747863596,0.000384990592061545,0
nlinear,0,canada,5104,0.004148714110056565,2.7850366805039748e-05,0.003066889511776544,0.8573012404301369,1.0,0.0003407245635986822,0.0005629977535875265,0.0008155397842289279,1.0,0.00393403148651128,0.004391626921907125,0.0014823052556641992,0.0,0.008507200241088864,0.005921391990862777,-0.0003709198855581943,1.0,0.006825712203979428,0.008732913701423551,0.003701651459750884,0
nlinear,0,denmark,5104,0.06731170303344716,0.0056929267159611645,0.009758639336106515,2.738857624178827,0.0,0.01245172195434563,-0.0014462555588647965,0.000353952899066077,0.0,0.0339596038818355,0.00021810814949083785,-0.004699927181412978,0.0,0.10188555679321265,0.0002435267986037711,-0.014584349911352016,0.0,0.06889043426513641,0.00788583130633586,-0.002039473915334126,0
nlinear,0,eurozone,5104,0.017993450902303056,0.00040485708557276237,0.009943320090403785,2.78539213168355,0.0,0.0033153297424315387,-0.001441396149440978,0.0003854413350951085,0.0,0.009009877586364734,0.00033582551885893297,-0.004636921448882439,0.0,0.02646541404724112,0.00011862936542915688,-0.014562354280197027,0.0,0.01901952533721918,0.007800708389337733,-0.002647036039771407,0
nlinear,0,japan,5104,1.2480498860677112,2.5624775792916235,0.00832906852305341,2.678888510519315,0.0,0.09809204101563296,0.00018696984667441357,-0.00046604528140481314,1.0,0.8217199707031284,0.007438699863968039,0.0019948804700513807,0.0,3.0382836914062636,0.006259092229626536,-0.014042962235818494,1.0,0.9034564208984364,0.0013738591586184648,0.007361264091815167,0
nlinear,0,norway,5104,0.09222686757405588,0.015953379148103516,0.008700264742955804,2.1751624797219744,1.0,0.01093876495361279,-0.0026181771895532695,-0.001575489334350877,1.0,0.001750935363769912,0.0021380193207155788,0.0019718108794572636,0.0,0.1501545608520516,0.006249325433349104,-0.008046209781820884,1.0,0.15625247344970639,0.016920470600895743,0.031428208837002675,0
nlinear,0,south_korea,5104,8.060130208333316,149.3964321507216,0.006052652829407127,1.6810619177660793,0.0,2.587182617187409,0.0017112031586670022,-0.00022466861473963785,1.0,2.5696289062500455,-0.001371542623584869,-0.003300209258208015,0.0,5.436132812500091,0.0006259097442508226,-0.003450477863622421,1.0,1.508544921875,0.006933454162514159,0.008054635782808347,0
nlinear,0,sweden,5104,0.14437205159505204,0.02749225431925556,0.013848877692696921,3.3657701653087617,1.0,0.005799244689940863,-0.0030367350459607496,-0.003593265781473427,0.0,0.14245576477050825,0.000383071901016284,-0.01333099522524845,0.0,0.22247604827880885,0.0007387118033677438,-0.020754399797766734,1.0,0.12924073944091852,0.010315789018257804,0.02247636295657556,0
nlinear,0,switzerland,5104,0.006633190698623659,9.741902065403386e-05,0.007466640742933679,1.5129332317129964,0.0,0.002030216026306153,-0.0008294282135180375,0.0014749265210678467,1.0,0.002075603199005127,0.002693619245101292,0.0003405607933925783,0.0,0.0028689071655273457,0.00132629256932244,-0.0019320383325484405,1.0,0.015247073841094916,0.005325477841880408,0.022398421568350126,0
nlinear,0,taiwan,5104,0.26018150024414066,0.10552622693750685,0.008237630995711011,4.928585053165132,1.0,0.015175323486328551,0.0017422050199925466,0.0012589542782027855,1.0,0.10121511840820219,0.0035746300553338834,0.006785936138914832,1.0,0.021765731811523636,0.006113079450413674,0.005422911916480519,1.0,0.5473499450683619,0.0032048239774243596,0.020455581530847432,0
nlinear,0,uk,5104,0.00888809197690023,0.00010206306242480167,0.011229908426727641,2.9978828368460193,1.0,0.0008902844109802688,-0.0012404465016497702,-0.00011917260733886059,0.0,0.00816891799670405,0.002981136203722695,-0.007322560605883177,0.0,0.014624367805938676,0.002491632084504052,-0.01603943733256793,0.0,0.009977206123046867,0.008837166479413017,-0.003687773595334762,0
nlinear,0,australia,5109,0.008824763758341484,0.00013476138083346785,0.005785612721216691,1.2713400430371447,1.0,0.0024947756958006995,0.001576707954848158,0.00320949761985822,1.0,0.004432008209228622,0.0013033757287609926,0.004203007208550385,0.0,0.008736359024047902,0.002009669462777863,-0.0037267491298609034,1.0,0.0010358612823486713,-0.0009938470569097314,-0.0016743328741857862,0
nlinear,0,canada,5109,0.00439538757960003,2.970375371481394e-05,0.0032462463007389528,0.9082744976396906,1.0,0.0004810264587402635,0.0006063508784957797,0.0009623214896169623,1.0,0.00018751525878912823,0.0035578069777294436,0.0036961786674470803,1.0,0.0038141340255737344,0.004001709575709728,0.0011842642293013908,1.0,0.0074692157745361865,0.0019834301279123313,0.007489013660039915,0
nlinear,0,denmark,5109,0.040830191853841076,0.0026678984317135535,0.005933299629814174,1.6613467973022393,1.0,0.015897844696044494,-0.00045772475465063903,-0.0027694506061743842,1.0,0.0021793693542484505,-0.0015879516714983936,-0.0012711050518241123,1.0,0.03475827178955093,-0.000615990473009112,-0.00567798690840762,1.0,0.005496724700927658,0.0001746724755694776,0.0009722122219740152,0
nlinear,0,eurozone,5109,0.011107170626322434,0.0001932937875463167,0.006152260257770163,1.7193936747211342,1.0,0.004181429290771588,-0.00045301470966533806,-0.002770315094200992,1.0,0.0005789840698242621,-0.001594201189297973,-0.0012733918230497774,1.0,0.009988429450988878,-0.0005598548935149896,-0.006104855655836833,1.0,0.00010297698974603975,0.00027496316810494265,0.00033192266506706637,0
nlinear,0,japan,5109,1.3700296427408878,3.185267654875167,0.009130816986068378,2.9407131157017923,1.0,0.14174377441406705,0.00045332152487262374,0.0013940522703743087,0.0,1.1153564453125,0.004674720547987815,-0.0027273348908653425,0.0,3.7594171142578148,0.009352068027957888,-0.015700381088925824,1.0,0.9615856933593818,0.00038796941502740925,0.0067529800803068606,0
nlinear,0,norway,5109,0.12935877746582017,0.027885194843176735,0.012167897678369528,3.0509152762931935,1.0,0.0028427047729486787,-0.0018569786097184108,-0.001586645907589266,1.0,0.025272576904296074,-0.0040545147695269365,-0.0016484525147353142,1.0,0.038005300903320105,0.00595405374831276,0.002361052286116446,1.0,0.15140829010009682,0.005240023978920945,0.019437346198821655,0
nlinear,0,south_korea,5109,10.66533203125,167.7982836311656,0.00799871246451446,2.224416114212194,0.0,0.696044921875,0.00048524712732835057,-3.7565034470292516e-05,1.0,1.060278320312591,0.0012090492945701415,0.00041312227128786867,1.0,6.0058105468749545,-0.005532869094292899,-0.010080311878375336,0.0,24.966748046874955,-0.002419624565241861,0.016208414154788513,0
nlinear,0,sweden,5109,0.15924332366943356,0.044692176890626725,0.015244537499968836,3.7124666575670884,0.0,0.06762867889404234,0.004138053574837413,-0.002411668397625604,1.0,0.008938394165038943,-0.0009541112172250361,-8.724269469128936e-05,1.0,0.00017896728515687244,0.0014888375969053806,0.0015061593128447655,0.0,0.3406331039428707,-0.00043949984637049836,0.032059438572451034,0
nlinear,0,switzerland,5109,0.009596281197865804,0.00016034604000815132,0.010773406304058509,2.1887705909203348,0.0,0.0032951504707335877,0.0031675001282424993,-0.0005676657736453323,1.0,0.0022025716781616245,0.002038019802191054,0.00452976257242591,1.0,0.0005851075172423892,0.0020578012362491307,0.0027203190479193388,1.0,0.01833665199279788,0.00290519980825181,0.02344470813894783,0
nlinear,0,taiwan,5109,0.19669014892578124,0.05473161135737829,0.0061945059121484595,3.725876463894594,1.0,0.002544387817383864,-0.00039744308728877206,-0.000316816629186473,1.0,0.07025149536132957,0.0037703704733445245,0.0015509522472110734,1.0,0.05910578918457077,-0.0006937757461382279,-0.002569105556941874,1.0,0.4115497741699201,0.0030979309654522373,0.01601039737359645,0
nlinear,0,uk,5109,0.0042750235789754155,3.058892033841631e-05,0.005424915241731856,1.4419315020401147,0.0,0.0004069842638244614,4.2975722467741835e-05,-0.00047313026139479377,1.0,0.00022088615493776054,0.0016942509996906744,0.0019737883628574357,0.0,0.00491362543756102,0.0007386256122468764,-0.005505971627778573,0.0,0.0053976612640991295,-0.0016916455703781352,0.0051399769456997625,0
nlinear_feat,0,australia,5074,0.12997128839111324,0.025838840139875714,0.085321338813317,18.724320321953368,0.0,0.05185736988067635,-0.03185399142745632,0.0035701717110648945,0.0,0.05748089923858646,-0.03390984281660051,0.005360538409719666,0.0,0.20235727802276604,-0.11979607150415986,0.023129576273248673,1.0,0.005319587745666432,0.03498443923816928,0.03151861230497333,0
nlinear_feat,0,canada,5074,0.0885579421869914,0.011835269137009285,0.06535066539536206,18.29984705449201,1.0,0.019564162635803184,0.01830635162541411,0.0037832719820559643,1.0,0.015020835494995222,0.015913267703764587,0.004754871460581495,1.0,0.11164270744323734,0.09275679231630435,0.013308925405037546,1.0,0.007669837951660208,0.017573299231899316,0.011900683251169941,0
nlinear_feat,0,denmark,5074,0.33310772478739425,0.16790565298132581,0.04840080700625207,13.553878309296058,1.0,0.3322353355407719,0.04835512901697469,0.000632827582966889,0.0,0.0831927734375002,-0.011153616237859033,0.0011549766426435053,0.0,0.2059245445251463,-0.017220712183749678,0.01315514987952081,1.0,0.02854401168823273,0.014513575358482387,0.018646604132181027,0
nlinear_feat,0,eurozone,5074,0.07520750446319584,0.007343825960944863,0.04183827847653624,11.642146485004089,1.0,0.11283587799072259,0.06199143375841088,0.0006172493322063698,0.0,0.03172429313659664,-0.016768185049460867,0.0011780546633385607,1.0,0.015403418922424361,0.02204118385878535,0.013547623160786157,1.0,0.09769678401947024,0.07142244278297255,0.01901483359791864,0
nlinear_feat,0,japan,5074,12.353862426757813,253.56720572563867,0.08461367995769636,26.51706513098649,1.0,7.112203979492193,-0.052354258663731994,-0.001666435602972696,1.0,1.7935699462890682,0.01636712824035108,0.004050340468773376,1.0,3.103191528320309,0.044460876139577464,0.023653109697389724,1.0,6.071503295898424,0.081033794844817,0.04141568532466658,0
nlinear_feat,0,norway,5074,0.7785952282206217,0.8809075604728203,0.07358467716609478,18.36309929919466,1.0,0.37451287994384685,0.04703666339421755,0.011520299848726621,0.0,0.4166126861572259,-0.039095446937264675,0.002341007701973445,0.0,0.9052553009033204,-0.06875105860515725,0.021725180579216137,0.0,0.98945146484375,-0.07253934512848902,0.026306210954661614,0
nlinear_feat,0,south_korea,5074,54.65222005208334,4527.027112076601,0.04165537156284434,11.398546112312342,1.0,62.565014648437455,0.04682803102754052,0.0003800258463308073,1.0,58.94357910156259,-0.04727719476657563,-0.0013692900850049057,0.0,49.763989257812455,-0.022614184858320865,0.015351550895363879,0.0,75.75957031250005,-0.0433128123617649,0.015089501291618203,0
nlinear_feat,0,sweden,5074,0.593383288675944,0.4814312201239475,0.05703315879246805,13.833645415112583,1.0,0.7039248245239254,0.06929675912797952,0.002731814094881821,1.0,0.14452740020751875,0.019759023688553617,0.005768184501909771,0.0,0.7148918853759767,-0.046828081865083415,0.024053779037288833,1.0,0.6903785217285154,0.0887258647561747,0.024780971770616108,0
nlinear_feat,0,switzerland,5074,0.05048846940676369,0.003603144749033954,0.05870004178018262,11.51567724408515,0.0,0.06704570283889766,0.0750553637229361,-0.0011808468042745297,1.0,0.02417654066085817,0.032254661360197126,0.004239540001305034,0.0,0.031031169128417968,-0.012386742910970808,0.02402027687517722,0.0,0.1083382959365845,-0.09259612914713766,0.03865998478196627,0
nlinear_feat,0,taiwan,5074,1.6050712498982749,4.235500734080225,0.05172277755409838,30.404660454685285,1.0,0.20867208862304665,-0.007255399184125199,-0.0004999717862017588,0.0,0.3311506042480481,-0.006946160566529523,0.003749873631473446,1.0,0.31913430786132935,0.0198324819601174,0.009691833056025083,1.0,0.061595184326172614,0.013058568235044673,0.011096081136525044,0
nlinear_feat,0,uk,5074,0.045055284509169506,0.003067814913602832,0.05569660170857676,15.196789647350178,1.0,0.062041534421783395,0.07625061014889581,0.00011763538151452835,0.0,0.009756568562347412,0.01162926736206436,-0.0007447032772377848,0.0,0.010241164302612349,-0.009045360175999712,0.004046759560354596,1.0,0.013673545273986787,0.030166155017242662,0.01310303746251729,0
nlinear_feat,0,australia,5079,0.13268891316986078,0.024850341136740634,0.08695154960520958,19.115835074958046,0.0,0.14698699611663812,-0.09752459895591832,0.00553851475412603,1.0,0.10264006355285638,0.08271227867902813,0.01731481107806327,1.0,0.2430630908966065,0.1708292779185348,0.02317754316786501,1.0,0.3104160408782959,0.20632030823177752,0.020962543179713404,0
nlinear_feat,0,canada,5079,0.09496015689849856,0.012813643894626466,0.07013547968991647,19.62281761068691,1.0,0.023039494895935153,0.020693159616434288,0.0036909353113898026,1.0,0.06410738925933845,0.05232329436189414,0.005809855826869693,1.0,0.11033566703796382,0.08106376676599612,0.0020149260548384808,1.0,0.08931816196441655,0.0726815376433322,0.008628117046252578,0
nlinear_feat,0,denmark,5079,0.3693112672678632,0.19009958696358378,0.05383297987121594,15.026970563337581,0.0,0.3359743476867676,-0.04900422187965272,0.0015794948166763685,1.0,0.25778262481689485,0.04455224575262687,0.0076245951927842144,1.0,0.5410685882568362,0.0876827157526398,0.012007437801421104,1.0,0.4977938896179195,0.08256787596134493,0.012791700308124406,0
nlinear_feat,0,eurozone,5079,0.0713251931699117,0.008155682728284245,0.039519043355023944,11.041163416899254,0.0,0.06790164928436271,-0.03741465591151161,0.0013446510135962755,1.0,0.03113903198242185,0.024718747739674078,0.007540250202320179,1.0,0.1532793153762817,0.09396592069205922,0.01250799787792041,1.0,0.1302659906387329,0.08279652002001912,0.013199857485697682,0
nlinear_feat,0,japan,5079,12.222069651285809,237.15547671352095,0.08320740969127362,26.234177278567547,1.0,0.9846307373046841,0.0005206401400315805,0.007297543658475331,1.0,4.15745117187501,0.050770294377105785,0.023086091711111995,1.0,13.793573608398447,0.10067320427650284,0.010550469877736775,1.0,11.215534057617191,0.11121984515773778,0.039360225325944576,0
nlinear_feat,0,norway,5079,0.6419130127461751,0.6043503595432641,0.061321300844694865,15.139461387969265,0.0,0.4161212554931648,-0.03227897294543164,0.00873994922288381,0.0,0.2667532501220702,-0.001804359742984632,0.023898616490111765,1.0,0.7635961395263671,0.0898790100231451,0.019455838457012098,1.0,0.046666156005858994,0.021496994766884554,0.025937014132145435,0
nlinear_feat,0,south_korea,5079,67.5950056966146,7177.6403636797895,0.05078927087631079,14.097959582622778,0.0,60.364794921875045,-0.04182859953988714,0.004973717943503599,1.0,4.712158203125,0.022626528831058947,0.019113544380005773,1.0,40.943408203125045,0.04400170294455416,0.013721888365355027,1.0,146.15312500000005,0.11734099715376618,0.013158582118415007,0
nlinear_feat,0,sweden,5079,0.6143624734497072,0.5294473878289389,0.059509791673986,14.322736713767037,0.0,0.8893668243408204,-0.08505962337621713,0.005143674134174156,1.0,0.09302159576416003,0.030687289922488422,0.021854288441563292,1.0,1.2923658966064462,0.13397742174317123,0.017232141266342878,1.0,0.9732968292236333,0.09583661915988952,0.0056817920434577025,0
nlinear_feat,0,switzerland,5079,0.05868774820009867,0.005355895183908639,0.0671522480807752,13.385812134838414,1.0,0.033648756694793724,0.043404949287117155,0.00480657431837697,1.0,0.009832142734527594,0.009494542076048041,0.020874671404474427,1.0,0.08090696067810055,0.10213688077577596,0.01237972014842269,1.0,0.12705956954956055,0.16947877023317737,0.03476100557405372,0
nlinear_feat,0,taiwan,5079,1.8573360610961913,5.4558652072262355,0.059176784177003124,35.18328067458147,0.0,0.5604242858886721,-0.013924952121884077,0.0041678749699512645,1.0,0.44300241088867054,0.024076591119778275,0.010085193563769357,1.0,1.4582395629882825,0.0523923363302503,0.006915568318205883,1.0,2.389503723144532,0.08709581771158263,0.014132143643966578,0
nlinear_feat,0,uk,5079,0.030318296868804943,0.0012278781705316163,0.038569141712832856,10.226120753657115,0.0,0.0387922459877319,-0.04833738203210561,0.002314315709650644,0.0,0.029443556078918465,-0.03164232952236503,0.006406876392017224,1.0,0.02361710318850707,0.03564576178373498,0.006130889811181117,1.0,0.0013436852862244164,0.004820135981843391,0.006525180133871974,0
nlinear_feat,0,australia,5084,0.10311342655181882,0.017314284824177475,0.0682135037142537,14.855041079845757,0.0,0.007253145027160679,0.003931857287062877,-0.0008365803456784555,0.0,0.10778028217315683,0.06771395801602922,-0.0009090730058284719,1.0,0.018078993644714325,0.02665062067185498,0.014991883137397475,0.0,0.06335799449920665,-0.03442208531849295,0.007850739310200541,0
nlinear_feat,0,canada,5084,0.09271020216623942,0.0116580488020595,0.06854946244231166,19.15788102269649,1.0,0.010463207626342674,-0.00914953731242226,-0.0013377431298973997,0.0,0.018189766693115228,0.012135774672033375,-0.00130055942379308,0.0,0.24444958667755134,0.1668281347533762,0.0,1.0,0.08244907951354974,0.0655724749254024,0.006514439886830203,0
nlinear_feat,0,denmark,5084,0.22267767219543458,0.06639466633365858,0.03261967605793861,9.060570639905057,1.0,0.031884024810791445,-0.004766293186469254,-0.00010215548073028573,1.0,0.006297667694092013,0.0004380312428386723,0.0013562191278611154,0.0,0.3301146583557131,-0.03807571645517014,0.010755288952989014,0.0,0.26955579223632853,-0.03607535436404402,0.003896000063516275,0
nlinear_feat,0,eurozone,5084,0.04745914632797242,0.003119094318441165,0.02650113447117359,7.346691497706691,1.0,0.09456627655029304,-0.05429010682378322,-0.0002225994054657678,1.0,0.02708421535491934,0.016820275227855647,0.0018900970132022593,0.0,0.0664933620452881,-0.026096901203430344,0.011177319298684608,1.0,0.08212830181121822,0.04888067471676798,0.004386215460327572,0
nlinear_feat,0,japan,5084,13.120233052571617,232.22514340623792,0.08842613437011053,28.162048626606722,0.0,4.513855590820299,0.028415595618431867,-0.0016556015472261314,0.0,9.753287353515617,0.06364952945673016,-0.00013504844883603211,1.0,5.68276794433595,0.04616643453879269,0.008839650871474966,1.0,7.75689697265625,0.06392578432786578,0.01354679872396728,0
nlinear_feat,0,norway,5084,0.5464210457865397,0.4531075780511833,0.05141048941425969,12.887291829259457,1.0,0.9183758575439445,-0.09209941965576093,-0.0006232767907472376,1.0,0.038138783264159315,-0.014139183762390059,-0.010466243122989119,1.0,0.416977868652344,0.049448170063850994,0.01096489765654799,1.0,0.6989991973876961,0.06474206032132315,0.0003899451272983517,0
nlinear_feat,0,south_korea,5084,56.576590169270844,5333.194161964694,0.04118818842349538,11.799902571336581,1.0,15.128027343750091,-0.011437850117280799,-7.468538783852691e-05,0.0,82.2486572265625,0.05767596194224327,-0.002055883351917516,0.0,93.5390625,0.0599929150611594,-0.008060780360119908,0.0,123.63156738281259,0.08324197409137163,-0.005541839990302709,0
nlinear_feat,0,sweden,5084,0.4303393917338054,0.24262881282972254,0.041105835805577653,10.032575347183077,1.0,0.5802347167968751,-0.06047644177412058,-0.0033485666142966707,0.0,0.2036398849487302,0.014011452773248764,-0.005326664502177285,0.0,0.4681839218139654,-0.044255089249836205,0.0013629628915511488,0.0,0.6734127182006837,0.04697887818028383,-0.016259739092796887,0
nlinear_feat,0,switzerland,5084,0.04763088178634646,0.0036632144479459205,0.0561177219470795,10.863903539711181,0.0,0.08305959281921382,-0.09990184487023904,0.000517762128638515,0.0,0.04258007698059085,0.041568492092016976,-0.006581629901235447,1.0,0.03071266565322872,0.041107555110158275,0.006595762491114536,0.0,0.036810935783386234,-0.024065532434142143,0.018416096742005107,0
nlinear_feat,0,taiwan,5084,1.682857748921712,4.170380478016362,0.05328303476186349,31.878160207992938,1.0,0.6078492736816408,-0.022575300489420747,-0.0029941572640319286,0.0,0.7386166992187491,0.019000527209269615,-0.0043189038805565745,0.0,1.4737868347167975,0.043283709601078364,-0.002643313641002745,1.0,1.802352935791017,0.06103640738102544,0.005597902327408193,0
nlinear_feat,0,uk,5084,0.034186199203462726,0.0017402380578313474,0.04338018889949501,11.53073349324211,1.0,0.03670003337435912,-0.05079187636533136,-0.0029923637665361554,1.0,0.006906927962493925,-0.012093004926958346,-0.0032675262988974643,1.0,0.0006046961572265808,0.005130182192536691,0.005892722593514013,0.0,0.04310988514022829,-0.054001223108768655,0.002092092104712275,0
nlinear_feat,0,australia,5089,0.1442217256393433,0.02956186974741962,0.09762185374291653,20.77731029432945,0.0,0.2579911109161377,0.1567690049031346,-0.00030320807556745693,0.0,0.025305020790099997,-0.005727033430583987,0.010906863231044889,1.0,0.01161910144805911,0.018679225066537696,0.011135001849058076,1.0,0.2253441873931885,-0.1694771884819351,-0.007408715274944289,0
nlinear_feat,0,canada,5089,0.09378213644027708,0.013273723336050751,0.07125728770506448,19.379388352055354,1.0,0.12649823284149164,0.0902800283586081,0.0004089295397047036,1.0,0.05572558498382563,0.0409979005058158,0.0004089295397047036,1.0,0.044676975059509294,0.03645603827648225,0.0038966148797257164,0.0,0.03835753707885736,-0.02848052842316186,0.00044609666167298896,0
nlinear_feat,0,denmark,5089,0.25617669611612964,0.1163413664472735,0.03831385095243976,10.423618266588258,1.0,0.03594794921875,0.011187335189274955,0.00599341430764148,1.0,0.007844196319579666,0.006883068905303539,0.005747121377176756,1.0,0.050695986175536945,0.0020750995985310853,0.009420724768049935,1.0,0.26924693832397484,-0.0492627049542478,-0.008870536014849337,0
nlinear_feat,0,eurozone,5089,0.045422752774556464,0.004094752510339054,0.025640172284968517,7.031457104288032,0.0,0.049692540168762234,-0.021893835687549563,0.005925040867672143,1.0,0.018922319984435942,0.015990060828456897,0.005593723048025702,0.0,0.02787205562591555,-0.006168247658560451,0.009287222285482231,0.0,0.05689020080566398,0.022455809501126026,-0.008925891176575298,0
nlinear_feat,0,japan,5089,12.186171498616535,207.88089770763673,0.08293533126614391,26.15712334842571,0.0,7.588702392578114,0.04733854386918065,-0.0027725200340451006,1.0,13.200489501953115,0.08653596519656981,0.001248502802590708,1.0,15.969353027343743,0.11434804935307381,0.013215460329783595,0.0,5.357420043945325,0.028738089452569972,-0.007047770845545056,0
nlinear_feat,0,norway,5089,0.9008868939208985,1.1367235114679417,0.08888364772599461,21.247337372230696,1.0,0.8703268905639643,0.08555354197792886,0.005641189301927065,1.0,0.29053816070556593,0.04697565176993577,0.01996697376302539,0.0,0.599806300354004,-0.044990639042414106,0.013572071655349731,1.0,0.3283728210449226,-0.034793236438695814,-0.0026325620103226604,0
nlinear_feat,0,south_korea,5089,45.69982259114585,2973.1988014308636,0.03416027943070858,9.531388379707957,0.0,74.037109375,0.05357152337452116,-0.0003742515013742409,0.0,90.41086425781259,0.05585560910397475,-0.010267687098693058,0.0,12.029321289062409,0.007403264317910426,-0.0015727984069026778,0.0,58.91818847656259,0.03132330014620316,-0.012349089579575596,0
nlinear_feat,0,sweden,5089,0.3078719545491538,0.1372754658850485,0.029906024085996182,7.1774711788632,0.0,0.2665851394653327,-0.020599554428865515,0.005159740692969938,1.0,0.015839649963378832,0.003895972607744085,0.005407731728411105,0.0,0.026145738220215264,-2.8357696180107543e-05,0.002475598436303366,0.0,0.3403899429321289,0.009219042443538246,-0.023654700932436948,0
nlinear_feat,0,switzerland,5089,0.06423481298764548,0.006549230417732878,0.07603884979157516,14.651016021903793,1.0,0.039427388858795154,0.045327922677544104,0.0006948465826757982,1.0,0.02580969514846798,0.03215772282581649,0.002776494148292223,1.0,0.005761378669738804,0.026196238319896197,0.019673141728528243,0.0,0.06041429920196528,-0.057414497002292994,0.01409162592840087,0
nlinear_feat,0,taiwan,5089,1.5290534800211593,3.3612715203342187,0.04869846393846405,28.96466551254014,1.0,0.014919723510743665,-0.0030205838064441826,-0.0025426791774536602,0.0,0.8903663024902357,0.025182270304232226,-0.002943060345669361,1.0,1.0858454589843767,0.037748588030924735,0.0037780709847343276,1.0,1.3681051940917968,0.04688106199381942,0.004287098276406405,0
nlinear_feat,0,uk,5089,0.041636699715746045,0.002541300851842293,0.05373618324128066,14.043728146058061,1.0,0.06913278709155268,0.08740523932211829,0.0033858300407524546,0.0,0.02096616002133178,-0.021852853022809576,0.005043551093050154,0.0,0.0309618376603088,-0.02908111005786824,0.010668664665780607,1.0,0.055523396520263724,-0.0867077896968948,-0.01249869817661338,0
nlinear_feat,0,australia,5094,0.09486072198867798,0.016781951421589898,0.06235403264829844,13.666114774078205,1.0,0.21283646106719978,0.1362181043263716,0.0071582452992853115,1.0,0.13435518753051756,-0.09191870031070337,-0.00023471117593732734,1.0,0.0684378613281249,-0.04981139914784669,-0.003984511421466864,0.0,0.03520124061584462,0.015294146691466625,-0.0075644909850468445,0
nlinear_feat,0,canada,5094,0.08906286684672038,0.012896614250080167,0.06674019206450797,18.40418601968128,1.0,0.04948950519561768,0.042274887630744974,0.00637251610023277,0.0,0.0033270906448363835,-0.0018058225250888486,0.0006687969336007396,1.0,0.09358486766815188,0.07058427738266944,0.0035617594141290295,1.0,0.019389162635803148,0.020082558403653538,0.00585533840122836,0
nlinear_feat,0,denmark,5094,0.20138297569274907,0.06877494375599023,0.02923062576068528,8.194107020020509,1.0,0.3039568489074709,0.05024935424482929,0.007463205983752149,0.0,0.03911579284667965,-0.00421313620383584,0.0014623801753336125,0.0,0.10060614929199208,0.013564921534393183,-0.0009205133780137824,0.0,0.07076335983276394,0.0026716955122095673,-0.007606922148817015,0
nlinear_feat,0,eurozone,5094,0.03367059056599935,0.0020689749948057125,0.018800124489519614,5.2122185199987925,1.0,0.005905971717834468,0.010332742608508293,0.007099253854666844,1.0,0.0443282775878906,0.025587741255039737,0.0014349184282758539,0.0,0.009760598754882777,0.0045518529270871695,-0.0008287751178842344,0.0,0.015288951301574816,0.0005460366853345452,-0.007929068433687556,0
nlinear_feat,0,japan,5094,10.284824350992839,160.0613535408146,0.0689892290478731,22.075958737028557,1.0,8.770462036132812,0.06131366449217717,0.004072091645529477,1.0,5.543865966796886,0.043543796786654085,0.0070902025884348715,1.0,0.19508850097656705,0.016256756868278675,0.014961370198499606,1.0,8.496734008789076,0.06125829804614591,0.005850526085713935,0
nlinear_feat,0,norway,5094,0.6417816819763185,0.7004671597986457,0.06114635751215736,15.136363963427595,0.0,0.6368521713256836,-0.053420355123923575,0.007958746843159387,1.0,0.03978673858642523,-0.008700721458452526,-0.004926083436939399,1.0,0.015116748046875017,-0.010873095531377124,-0.009434143877459982,1.0,0.3461180145263665,-0.03407358202607955,-0.00088613209165791,0
nlinear_feat,0,south_korea,5094,59.912434082031254,5850.519614563682,0.046382923120373364,12.495643213287439,0.0,75.94497070312491,-0.05253960040512112,0.006218339583605476,0.0,5.8773193359375,-0.00017188785211949136,0.004262790090490674,1.0,103.80861816406241,0.07979278508748446,0.004563892881730177,0.0,39.111157226562455,-0.023842517466274863,0.005992894328273314,0
nlinear_feat,0,sweden,5094,0.3604779231262206,0.20678702735142993,0.03505431786823198,8.403883061202414,1.0,0.678151933288575,0.0753842559270014,0.013531544753913455,0.0,0.053249536132812025,0.0025811309328185234,-0.002497023252609783,1.0,0.2122095306396492,-0.03512972846858098,-0.014384521859652784,1.0,0.23854333496093716,-0.03474790172154679,-0.011466899099972222,0
nlinear_feat,0,switzerland,5094,0.060516964330673204,0.0056270120911469405,0.06971411663578134,13.803029428546841,1.0,0.012583696556091262,0.02118538355780986,0.006850327568657392,1.0,0.01568591594696045,0.028568949878567607,0.010800978265397406,0.0,0.0451646752357483,-0.03379560156612967,0.01876914791457419,1.0,0.022039001083373977,0.045273073109142206,0.02063814854358908,0
nlinear_feat,0,taiwan,5094,1.6911315241495766,3.97290185519348,0.05434290916393933,32.034889279364414,0.0,0.6094722900390614,-0.014358121921962435,0.005256232894785877,1.0,0.6129813232421881,0.023977584668149195,0.004618650585223109,1.0,1.9145909729003918,0.06905325628643383,0.010104476759868718,1.0,1.1661142578124988,0.04932135539533185,0.013112854980763108,0
nlinear_feat,0,uk,5094,0.030204715132389322,0.0013370066338127553,0.03805195417560621,10.187810536001345,1.0,0.05698620497775264,0.07980176472585579,0.010882623197563217,0.0,0.010395732590637197,-0.01136264948174804,0.0018583323584185328,1.0,0.007960204016174366,0.012766612486429465,0.0027689881734933404,0.0,0.01958130562030025,0.01818206332882291,-0.006457478881259417,0
nlinear_feat,0,australia,5099,0.08268807910410567,0.011187900469894986,0.053867675909796985,11.912462353171199,1.0,0.20026143291473386,-0.14168646483283806,-0.0015269669187689696,1.0,0.03292096420288093,-0.02263993426377018,-0.000919816232088684,0.0,0.052859050025940046,-0.03364417042513372,0.001381395689736537,0.0,0.10455151008605967,-0.07052416025649258,7.824317984291168e-05,0
nlinear_feat,0,canada,5099,0.10336005808512368,0.015082331229042366,0.07642256092726639,21.358595375977686,0.0,0.0038522089004515703,0.001968279621391057,-0.0008918286793769926,0.0,0.0060051364898681125,-0.0029051827836108378,0.0015587889142064401,1.0,0.13000733127594,0.09907971625987674,0.007548601986410572,1.0,0.06159693756103524,0.05425076401524209,0.009941872518831081,0
nlinear_feat,0,denmark,5099,0.25594180844624836,0.10948521283969298,0.03696258101611934,10.414060881223039,0.0,0.16559757690429677,-0.02266619565297567,0.0015469248922918041,1.0,0.2059120506286618,0.03062076181500122,0.0013013116163819586,1.0,0.013836325836181551,-0.001370183333630326,-0.0033768392728794725,1.0,0.0031562072753903436,-0.002760941883345311,-0.0023031305220199633,0
nlinear_feat,0,eurozone,5099,0.050282292079925545,0.0039655958415527005,0.027547937144467852,7.783715390832137,1.0,0.03863370399475108,0.02280900322728681,0.0017632315778509087,1.0,0.0041092662811279546,0.003638356618332554,0.001377790242755764,1.0,0.021274169540405286,-0.015099875444353176,-0.003259131206126664,1.0,0.011796404838561925,-0.009306318715780134,-0.002761288514131686,0
nlinear_feat,0,japan,5099,11.855328318277994,239.37519253764899,0.08068687616594059,25.446981867314673,0.0,2.682127075195325,-0.01723882885417572,0.0008702055572906653,1.0,0.30642761230467386,0.008113174218622881,0.006075596202591931,1.0,18.833082275390638,0.12082890344229485,0.0023077319226860113,1.0,0.8924212646484477,0.019381830321781424,0.013502932312931152,0
nlinear_feat,0,norway,5099,0.7241388463338215,0.7699306075673464,0.06844741687112413,17.078750369459346,0.0,0.8712319976806633,0.07467844235149391,-0.004974260915164736,1.0,0.17975049896240236,-0.021753926785869352,-0.004508060440520505,0.0,0.0841104202270504,-0.004299807591629379,0.0036673528912634294,0.0,0.8804396011352544,-0.06814703982846972,0.01734325222322015,0
nlinear_feat,0,south_korea,5099,53.979973958333325,5604.562706104715,0.04059184224202705,11.258339033969891,0.0,60.0589599609375,0.044224144597209816,0.0,1.0,3.3658935546875455,0.002882426752809218,0.005406027356737393,0.0,54.47512207031241,-0.039250924001587466,0.0025189403698171135,1.0,35.03500976562509,0.03341621610659201,0.007575225604282587,0
nlinear_feat,0,sweden,5099,0.38018408437093115,0.22498918242206906,0.03608538141869055,8.863296146057985,1.0,0.32520820007324147,-0.035001137750360296,-0.003308716522736,0.0,0.02228674774169903,0.0017038794025915952,-0.0004255451464811982,1.0,0.07825062866210963,-0.01835203271349851,-0.01076098307084595,1.0,0.003927998352050821,0.0083519310392598,0.008724285421158634,0
nlinear_feat,0,switzerland,5099,0.061338609266281124,0.005550279511704265,0.06935007625615532,13.99043455290243,1.0,0.0009815979003906516,0.0025471508556413297,0.0014275519911853237,0.0,0.009631990909576449,-0.004446431782031722,0.0065499308637326885,1.0,0.07530417747497553,0.0883814810372978,0.00632282588347987,0.0,0.08196015787124633,-0.06945439577442895,0.02622453963601358,0
nlinear_feat,0,taiwan,5099,1.605087321980794,3.9641128734236295,0.05123899656834147,30.404964906099405,0.0,0.93205404663086,0.029289380376076656,0.0,0.0,0.8135711975097664,0.02552010643162465,-9.567241771495016e-05,1.0,0.1959180145263666,0.01415129038318907,0.00797234561765515,1.0,1.2396070251464835,0.05709785679187293,0.019046690758222743,0
nlinear_feat,0,uk,5099,0.03254129788448283,0.0015101526512493518,0.04075117609604372,10.975921341737463,0.0,0.019704404531433073,-0.02370689575562704,0.0014653756695610272,1.0,0.016624452027526826,0.02451415162000104,0.0038065071951669588,0.0,0.0012898694470825367,0.00040419423316048655,-0.0012260964772102213,0.0,0.007276856578735336,-0.006716583449867063,0.0024963844163598202,0
nlinear_feat,0,australia,5104,0.11266089402898155,0.01810641008611424,0.07315906996367977,16.230497471167105,0.0,0.056784543876647886,0.03491660148975601,-0.0015283731682420696,0.0,0.12783986137390135,0.07534203728753916,-0.005195530715540295,0.0,0.07072693431854238,0.03204000309934933,-0.013694613381398579,0.0,0.09696833400726312,-0.06496689812670432,0.000384990592061545,0
nlinear_feat,0,canada,5104,0.09046953443527221,0.011101501390894535,0.06705770576089974,18.694863525179944,1.0,0.06613657417297358,0.04866588542419914,0.0008155397842289279,1.0,0.0716241655349732,0.05316838104530418,0.0014823052556641992,0.0,0.17820722675323486,0.12381444758366096,-0.0003709198855581943,1.0,0.03810301113128656,0.03146920777431751,0.003701651459750884,0
nlinear_feat,0,denmark,5104,0.26956206853230785,0.09651598785138615,0.0391900037098809,10.96825801929673,1.0,0.2038001281738282,0.029366888485949396,0.000353952899066077,0.0,0.09904453811645464,0.009576650977173086,-0.004699927181412978,0.0,0.31567788085937476,0.030660837942499686,-0.014584349911352016,1.0,0.2979971351623538,-0.046145338349576855,-0.002039473915334126,0
nlinear_feat,0,eurozone,5104,0.05078774138768514,0.004878361425381367,0.02794217250810786,7.861959110307776,0.0,0.03304553050994863,-0.01797444462622369,0.0003854413350951085,1.0,0.04272099361419679,-0.028558131895143134,-0.004636921448882439,0.0,0.19515931415557852,0.08894866375655074,-0.014562354280197027,1.0,0.0006219932556152941,-0.0029905574488283968,-0.002647036039771407,0
nlinear_feat,0,japan,5104,13.200362253824869,239.91305632341817,0.08986564392954452,28.334042710329417,1.0,1.0285101318359295,-0.007338808799878234,-0.00046604528140481314,1.0,0.5857733154296909,0.0058786055867651316,0.0019948804700513807,0.0,12.037795410156264,0.06408368477694072,-0.014042962235818494,0.0,6.185759277343749,-0.03436938311352312,0.007361264091815167,0
nlinear_feat,0,norway,5104,0.570140565999349,0.45985926645435454,0.05472547521494378,13.44671460660231,0.0,0.24096476898193409,0.02112186239094967,-0.001575489334350877,1.0,0.0244846237182621,0.004293522301025306,0.0019718108794572636,0.0,0.5142759979248055,0.04008995849538387,-0.008046209781820884,0.0,0.5569396911621087,-0.021273942050921923,0.031428208837002675,0
nlinear_feat,0,south_korea,5104,54.65895263671875,4274.1168149835075,0.04090797965668054,11.399950294545903,1.0,14.677099609375091,-0.011278383394715891,-0.00022466861473963785,0.0,71.91044921875005,0.04931629686675106,-0.003300209258208015,0.0,42.27170410156259,0.027818450158035597,-0.003450477863622421,0.0,68.635498046875,-0.04427364491752865,0.008054635782808347,0
nlinear_feat,0,sweden,5104,0.4994643580118815,0.4512440020875362,0.047304630372731464,11.644097429236085,0.0,0.19418330078124946,0.014875330063168673,-0.003593265781473427,0.0,0.22610921478271528,0.008349515593185499,-0.01333099522524845,0.0,1.6331625411987307,0.12722189867695866,-0.020754399797766734,1.0,0.16626046905517633,0.006805092350415065,0.02247636295657556,0
nlinear_feat,0,switzerland,5104,0.0771467723051707,0.009118044732416638,0.08895085911825755,17.596044022088307,1.0,0.11586479110717773,0.12489407579294044,0.0014749265210678467,0.0,0.010886797714233398,-0.012093034331088407,0.0003405607933925783,0.0,0.019225732994079592,0.019703256281869978,-0.0019320383325484405,0.0,0.02429690666198725,-0.00494767991017522,0.022398421568350126,0
nlinear_feat,0,taiwan,5104,1.8034562042236328,4.688529014096761,0.05806165066708059,34.16264140161399,0.0,0.4608435821533199,-0.01352873118225953,0.0012589542782027855,1.0,0.44310021972656344,0.020724272904474435,0.006785936138914832,1.0,1.0551347961425783,0.03834374334581893,0.005422911916480519,1.0,0.17425347900390875,0.014995878749699824,0.020455581530847432,0
nlinear_feat,0,uk,5104,0.03225254785982463,0.0013780243157153586,0.0411214017906211,10.878528251599395,0.0,0.01099374926898189,0.013624333155827163,-0.00011917260733886059,0.0,0.029618960721313425,0.029541916637457324,-0.007322560605883177,0.0,0.03078557119033809,0.022578407871040464,-0.01603943733256793,1.0,0.03311754809600831,-0.04642383068376475,-0.003687773595334762,0
nlinear_feat,0,australia,5109,0.10248109763844807,0.01687715748377,0.06639217041010072,14.763944582539693,0.0,0.0065677994918822424,-0.001094761807322393,0.00320949761985822,1.0,0.026356294212341203,0.021275018438891638,0.004203007208550385,0.0,0.06434236660003667,0.03776976560237864,-0.0037267491298609034,1.0,0.11017579624176022,-0.07683132183848061,-0.0016743328741857862,0
nlinear_feat,0,canada,5109,0.0884513321304321,0.011710234242717646,0.06463277752414935,18.277816870848106,1.0,0.005753023338317842,0.005209899293492311,0.0009623214896169623,1.0,0.04046928977966302,0.03312014180993196,0.0036961786674470803,1.0,0.15652182998657227,0.11074105031025061,0.0011842642293013908,1.0,0.006370386695861763,0.012160814375872478,0.007489013660039915,0
nlinear_feat,0,denmark,5109,0.25667308827718094,0.126707237076677,0.036709167429903926,10.443816053802205,0.0,0.04100808944702106,0.0031827362324452014,-0.0027694506061743842,0.0,0.21194864807128866,0.029072996908760772,-0.0012711050518241123,1.0,0.10980254211425766,-0.021839439992013994,-0.00567798690840762,1.0,0.06663633956909187,0.010590462190794707,0.0009722122219740152,0
nlinear_feat,0,eurozone,5109,0.06155317408243816,0.006571030525212591,0.03399295549193122,9.528451640559206,1.0,0.03455551013946523,-0.02212896536272131,-0.002770315094200992,1.0,0.006425722885131879,-0.004839601863759708,-0.0012733918230497774,0.0,0.02360856761932384,0.006952051729990807,-0.006104855655836833,1.0,0.05474319057464605,0.030161708320131243,0.00033192266506706637,0
nlinear_feat,0,japan,5109,13.366791412353512,309.6451813759541,0.08659692421435317,28.69127615554251,0.0,5.2824755859375045,-0.03427712601933064,0.0013940522703743087,1.0,0.0401763916015625,-0.0024597511002527332,-0.0027273348908653425,0.0,14.375063476562502,0.07688269696884237,-0.015700381088925824,1.0,4.379585571289056,0.035240980756973427,0.0067529800803068606,0
nlinear_feat,0,norway,5109,0.8419325283813474,1.1462017386060712,0.07928413420851148,19.85690389757673,1.0,0.866014282226562,-0.08751958439170014,-0.001586645907589266,1.0,0.3814136672973625,-0.03859114348501403,-0.0016484525147353142,1.0,0.1434139694213865,0.015852303752197983,0.002361052286116446,0.0,1.5170508377075187,-0.13283599912022406,0.019437346198821655,0
nlinear_feat,0,south_korea,5109,64.84880615234374,5914.411924319127,0.047583963967920744,13.525198181363118,0.0,7.0797119140625,0.005267430905618274,-3.7565034470292516e-05,0.0,13.492333984374909,-0.009770982769023655,0.00041312227128786867,0.0,95.77985839843745,0.06008654414971763,-0.010080311878375336,1.0,31.264941406250045,0.03905667462857871,0.016208414154788513,0
nlinear_feat,0,sweden,5109,0.5145000564575196,0.37300141536728754,0.0501334367625026,11.994627221420895,1.0,0.39971369781494204,-0.042024644930927585,-0.002411668397625604,1.0,0.2820831161499022,-0.02781337825232338,-8.724269469128936e-05,0.0,0.06806436614990297,-0.005103327594656013,0.0015061593128447655,1.0,0.234474847412109,0.009802537118454767,0.032059438572451034,0
nlinear_feat,0,switzerland,5109,0.05165689106941223,0.0041338404556213034,0.058232163739863146,11.782177039189957,1.0,0.04772487573623663,-0.056290692744730614,-0.0005676657736453323,1.0,0.01949989671707153,0.026323090270965785,0.00452976257242591,0.0,0.025630919647216754,-0.02672116282100036,0.0027203190479193388,0.0,0.07074397630691531,-0.05823669127200064,0.02344470813894783,0
nlinear_feat,0,taiwan,5109,1.9340918304443362,5.995059206348547,0.060239720651158186,36.63725544680195,0.0,0.1835174713134755,0.005481400942480527,-0.000316816629186473,0.0,0.07286450195312355,-0.0007562332242095274,0.0015509522472110734,0.0,1.8537663574218755,0.05463522961909665,-0.002569105556941874,1.0,1.2357280578613299,0.053808948311048946,0.01601039737359645,0
nlinear_feat,0,uk,5109,0.020577557500696817,0.0007234296724920127,0.026022778578782112,6.94064672326506,0.0,0.01798785107748413,0.02208715169801367,-0.00047313026139479377,0.0,0.00787084428863527,-0.008035510780893153,0.0019737883628574357,1.0,0.011103334706481949,-0.019762196656713808,-0.005505971627778573,0.0,0.02989642196432496,-0.03329928751776771,0.0051399769456997625,0
dlinear,0,australia,5074,0.03893694744618733,0.0018048204909239104,0.02587615627580422,5.609453329011744,0.0,0.011734622459411703,-0.004336696604340624,0.0035701717110648945,0.0,0.010354725265502962,-0.0016007775977869576,0.005360538409719666,0.0,0.03966294303894036,-0.0033213596264878987,0.023129576273248673,1.0,0.03596664234161384,0.007765013216710208,0.03151861230497333,0
dlinear,0,canada,5074,0.012802414518992096,0.00018548137801368538,0.009550840521585228,2.645524747301297,0.0,0.006883252716064492,-0.0013769535071657645,0.0037832719820559643,0.0,0.009248149299621478,-0.002177667227580363,0.004754871460581495,0.0,0.022000681304931602,-0.0031202884741457237,0.013308925405037546,1.0,0.009679524421691843,0.004695463262832758,0.011900683251169941,0
dlinear,0,denmark,5074,0.09882986941019695,0.012236236252475762,0.01444874573492374,4.021305792786352,0.0,0.02447414474487264,-0.0029743715460033627,0.000632827582966889,0.0,0.02899975357055684,-0.003118434768460924,0.0011549766426435053,0.0,0.10396674652099591,-0.002065618214761517,0.01315514987952081,1.0,0.08893925247192414,0.0057119319200583515,0.018646604132181027,0
dlinear,0,eurozone,5074,0.026170320326487237,0.0008604690858297172,0.014585754252440148,4.051174214264011,0.0,0.006228572273254462,-0.002882865098473471,0.0006172493322063698,0.0,0.007584173583984333,-0.003083063599680136,0.0011780546633385607,0.0,0.027966112709045365,-0.002059942182672449,0.013547623160786157,1.0,0.02414607715606687,0.00562749301814979,0.01901483359791864,0
dlinear,0,japan,5074,3.671230794270834,16.799557221137494,0.025098138927479238,7.880148144737912,0.0,0.5160919189453068,0.0019136106353614551,-0.001666435602972696,1.0,0.08905944824218182,0.0034347808781491672,0.004050340468773376,0.0,3.834918823242191,-0.002674023126960657,0.023653109697389724,1.0,5.205901489257826,0.006149352175294297,0.04141568532466658,0
dlinear,0,norway,5074,0.30418576833089184,0.10651806831518101,0.029376723080359362,7.174194326913092,0.0,0.16692522277832111,-0.004725524950943745,0.011520299848726621,0.0,0.11080557250976497,-0.00851324171790018,0.002341007701973445,0.0,0.29104803314208993,-0.006480723458385451,0.021725180579216137,1.0,0.14992242736816408,0.01194281126766113,0.026306210954661614,0
dlinear,0,south_korea,5074,14.138035481770839,252.05545080773044,0.010674684816054877,2.9487008802733863,0.0,5.0344726562500455,-0.0034530434660434003,0.0003800258463308073,1.0,0.17600097656259095,-0.0015032776523152902,-0.0013692900850049057,0.0,22.975292968749955,-0.001997731694362437,0.015351550895363879,1.0,13.473803710937545,0.004948923020571152,0.015089501291618203,0
dlinear,0,sweden,5074,0.27072071411132814,0.08615328408502923,0.026260738367271233,6.311357999142123,0.0,0.08187706298828168,-0.0053064159917582685,0.002731814094881821,0.0,0.1408052795410164,-0.008053212732378235,0.005768184501909771,0.0,0.27579829559326186,-0.002699803638112066,0.024053779037288833,1.0,0.17511525268554706,0.007889606036068586,0.024780971770616108,0
dlinear,0,switzerland,5074,0.01930809988975524,0.0004646028771201032,0.022469761930822663,4.403893584803163,1.0,0.0009376264572144022,-0.0022893080963352535,-0.0011808468042745297,0.0,0.006536779117584213,-0.0034718594556033626,0.004239540001305034,1.0,0.018894232940673827,0.0020110372970082533,0.02402027687517722,1.0,0.025657116889953646,0.009096265813430093,0.03865998478196627,0
dlinear,0,taiwan,5074,0.2820298924763995,0.09797704871838828,0.009042315193854426,5.34245636719229,1.0,0.0003343048095700851,-0.0005107579581223661,-0.0004999717862017588,0.0,0.15054566955566528,-0.0010985140941731089,0.003749873631473446,0.0,0.32632391357421753,-0.000784709796320905,0.009691833056025083,1.0,0.10369374084472582,0.007783565653661652,0.011096081136525044,0
dlinear,0,uk,5074,0.006320352820158903,5.329377447288991e-05,0.008031117036165328,2.1318048116074757,0.0,0.002286361219543509,-0.002801847037075116,0.00011763538151452835,1.0,0.003539737570922852,-0.005272172917806091,-0.0007447032772377848,0.0,0.004782153701568648,-0.0020453339236009248,0.004046759560354596,1.0,0.0007542954356994924,0.012153230303374032,0.01310303746251729,0
dlinear,0,australia,5079,0.03722956113433837,0.0015765278513090253,0.024670467719898427,5.363478632506663,1.0,0.006601010742187441,0.0011308976657729197,0.00553851475412603,1.0,0.024683563919067453,0.0009284109398091993,0.01731481107806327,1.0,0.02814078464508052,0.0045848010593845905,0.02317754316786501,1.0,0.022630991477966322,0.006004120177116122,0.020962543179713404,0
dlinear,0,canada,5079,0.011249188435872392,0.000154483404657838,0.008378075145334913,2.3245620074250586,1.0,0.004638160324096585,0.00023292373651223036,0.0036909353113898026,1.0,0.007641940307617112,0.00011806697923388215,0.005809855826869693,0.0,0.005765001869201702,-0.002292246727310586,0.0020149260548384808,1.0,0.0058726015090941885,0.004269361687308861,0.008628117046252578,0
dlinear,0,denmark,5079,0.09641190737406416,0.011324432438948802,0.014072524393368412,3.922920913795153,0.0,0.017890584564209,-0.001050544948012159,0.0015794948166763685,0.0,0.0530913604736325,-0.0001531394601003452,0.0076245951927842144,1.0,0.05086037063598603,0.004590457819527779,0.012007437801421104,1.0,0.06166245880126997,0.0037994284930553267,0.012791700308124406,0
dlinear,0,eurozone,5079,0.02567253487269084,0.0007976778728275809,0.01428508130877304,3.974116861908463,0.0,0.004404821205139076,-0.0011246313788381807,0.0013446510135962755,0.0,0.014018400573730494,-0.00029068254555535903,0.007540250202320179,1.0,0.014078129386901894,0.004682692491905165,0.01250799787792041,1.0,0.01705451831817628,0.0037188532252261245,0.013199857485697682,0
dlinear,0,japan,5079,3.948800720214844,17.427836559344822,0.026889650919992306,8.475940743878267,1.0,0.7542993164062466,0.002110058896486696,0.007297543658475331,1.0,3.2906079101562398,0.0006174779330633693,0.023086091711111995,1.0,1.429311523437491,0.0007300045239107974,0.010550469877736775,1.0,4.556682739257809,0.008622708801557348,0.039360225325944576,0
dlinear,0,norway,5079,0.28140267639160144,0.091123073015358,0.027093613813442666,6.636857127223342,1.0,0.08663822326660231,0.00033721678503445,0.00873994922288381,0.0,0.2671804962158202,-0.0018460614791419388,0.023898616490111765,1.0,0.16568318786621106,0.003498045794130754,0.019455838457012098,1.0,0.18801690216064415,0.007926713394784466,0.025937014132145435,0
dlinear,0,south_korea,5079,19.150417480468757,403.82768125003616,0.014470519839987556,3.9941088671810396,0.0,7.0383789062500455,-0.0003718415953055119,0.004973717943503599,1.0,20.253662109375,0.00387201895437781,0.019113544380005773,1.0,14.990917968749955,0.0024019256346720238,0.013721888365355027,1.0,12.952587890624955,0.003379820056092066,0.013158582118415007,0
dlinear,0,sweden,5079,0.21766509114583338,0.05861970905215474,0.02103676376176297,5.0744632476564915,0.0,0.05945940704345709,-0.0006396444851969327,0.005143674134174156,1.0,0.2211158630371095,0.0005393466290363558,0.021854288441563292,1.0,0.1612445236206046,0.0016612624709805917,0.017232141266342878,1.0,0.0021470108032222157,0.005473656120808538,0.0056817920434577025,0
dlinear,0,switzerland,5079,0.021881851377487174,0.0005702694347788302,0.025385104352698074,4.9909284422162585,0.0,0.004194113063812233,-0.00011060375878428513,0.00480657431837697,1.0,0.01764160289764405,0.00036234941180564295,0.020874671404474427,1.0,0.007580545234680214,0.003542053454496596,0.01237972014842269,1.0,0.023240635204315185,0.008028516807594727,0.03476100557405372,0
dlinear,0,taiwan,5079,0.27588510742187455,0.08574523508516982,0.008828301441253532,5.226056485777869,0.0,0.1656031188964846,-0.0011444932386809618,0.0041678749699512645,0.0,0.3804286041259779,-0.002088171263311682,0.010085193563769357,0.0,0.2471914215087878,-0.0010026042680652254,0.006915568318205883,1.0,0.27476095581054594,0.005390541726703571,0.014132143643966578,0
dlinear,0,uk,5079,0.00777754576238302,8.267895382422084e-05,0.009880851623621864,2.623304418364512,0.0,0.0024076634682006492,-0.0007558294957726608,0.002314315709650644,1.0,0.005010598906524666,3.3167983864660006e-05,0.006406876392017224,1.0,0.0009510969228820887,0.004923837835322946,0.006130889811181117,1.0,0.0011479080746764625,0.007979497354134647,0.006525180133871974,0
dlinear,0,australia,5084,0.009476946554819735,0.00013088845024741995,0.006200831641907102,1.3652967910304272,1.0,0.0010102737426758157,-0.00017103117664943036,-0.0008365803456784555,1.0,0.002502377357482821,-0.0025596213819531594,-0.0009090730058284719,1.0,0.013815332565307648,0.005990153313625674,0.014991883137397475,1.0,0.007216379585266219,0.003125129348546635,0.007850739310200541,0
dlinear,0,canada,5084,0.004083254381815604,3.232279179779434e-05,0.0030265301180568073,0.8437744693076914,0.0,0.003713757133483986,0.0014203263213576362,-0.0013377431298973997,1.0,0.0027146551132202212,-0.003321381134240905,-0.00130055942379308,0.0,0.004207820701599196,0.0031202490929214425,0.0,1.0,0.0018618097305298509,0.005139719534417884,0.006514439886830203,0
dlinear,0,denmark,5084,0.03642606460571291,0.0017668177299766696,0.005284910023204827,1.4821464956043933,1.0,0.005926917266846132,-0.0009675269632002053,-0.00010215548073028573,0.0,0.017212947082519747,-0.0011553952490680713,0.0013562191278611154,1.0,0.03290158081054706,0.005994041723640177,0.010755288952989014,0.0,0.03743813934326212,-0.001560926534047643,0.003896000063516275,0
dlinear,0,eurozone,5084,0.009762622381846116,0.00012951557376477115,0.005399888634505596,1.5112571632110539,1.0,0.0012454299926758505,-0.0009159968350211952,-0.0002225994054657678,0.0,0.005311385917663669,-0.0010641310299994158,0.0018900970132022593,1.0,0.009745806312561056,0.005800241811085604,0.011177319298684608,0.0,0.01079438571929936,-0.0016118404083525443,0.004386215460327572,0
dlinear,0,japan,5084,1.4265631510416663,2.702110547749054,0.009583430374165869,3.0620600005795073,0.0,0.25799621582029886,8.774616417138461e-05,-0.0016556015472261314,1.0,0.23705383300782046,-0.0017371268032819625,-0.00013504844883603211,0.0,1.871583862304675,-0.0037651147555859852,0.008839650871474966,1.0,1.1907806396484375,0.005583245984927824,0.01354679872396728,0
dlinear,0,norway,5084,0.08137228963216157,0.010136164854727035,0.007707694311734184,1.9191582231156483,0.0,0.042292706298828975,0.003394333210185845,-0.0006232767907472376,0.0,0.13143786163330162,0.0020894573743101383,-0.010466243122989119,1.0,0.018289552307129142,0.012684278119131982,0.01096489765654799,1.0,0.03846815338134846,0.0040412088672641,0.0003899451272983517,0
dlinear,0,south_korea,5084,11.18103678385418,168.18149215602907,0.008354829989849087,2.3319741310191127,1.0,2.752050781250091,-0.0021322572926544777,-7.468538783852691e-05,1.0,1.5732421875,-0.0008792197181789991,-0.002055883351917516,0.0,18.765380859375,0.005968249257841489,-0.008060780360119908,1.0,1.497045898437591,-0.004418225537962074,-0.005541839990302709,0
dlinear,0,sweden,5084,0.1134666785685221,0.02061368309394593,0.010839048802192969,2.6452679536189363,1.0,0.027352143859863176,-0.0007344686450893472,-0.0033485666142966707,1.0,0.05067815399169895,-0.0004790837169091873,-0.005326664502177285,1.0,0.09024293518066351,0.009921616765131109,0.0013629628915511488,1.0,0.1129402297973634,-0.005370751215916862,-0.016259739092796887,0
dlinear,0,switzerland,5084,0.009174022302627568,0.00011537339389638271,0.010510405664930575,2.0924595478615395,0.0,0.0014827686309814014,-0.0011893001365523683,0.000517762128638515,1.0,0.001775035190582308,-0.004527398381119142,-0.006581629901235447,0.0,0.006154714488983193,-0.0004658864907468907,0.006595762491114536,1.0,0.01501095418930054,0.0013100470385645228,0.018416096742005107,0
dlinear,0,taiwan,5084,0.12038926544189472,0.02588026625815469,0.003830261410662782,2.2805185367202685,1.0,0.01288398742675767,-0.002583236442317158,-0.0029941572640319286,1.0,0.05836843872070219,-0.0024561908615795135,-0.0043189038805565745,0.0,0.14944219970703188,0.0021109710287676242,-0.002643313641002745,1.0,0.1331309967041001,0.0013784049786945407,0.005597902327408193,0
dlinear,0,uk,5084,0.003363217427611287,1.7651973103021716e-05,0.004250345697394359,1.134386528517185,1.0,0.0013231404346923936,-0.0013110080326208407,-0.0029923637665361554,1.0,0.00023448600311282153,-0.003565872168453679,-0.0032675262988974643,1.0,0.0011503626081847962,0.007341761814534158,0.005892722593514013,1.0,0.001021138115692155,0.0007991595123823153,0.002092092104712275,0
dlinear,0,australia,5089,0.013250617874145498,0.000254175668439361,0.008688175304738211,1.908950943016623,1.0,0.0018907431411743225,-0.0015504540654820032,-0.00030320807556745693,1.0,0.008247005920410055,0.005516144619363051,0.010906863231044889,0.0,0.01836429985046384,-0.0009061400863297602,0.011135001849058076,0.0,0.017837279663085903,0.004364746976390048,-0.007408715274944289,0
dlinear,0,canada,5089,0.005587586797078455,4.745584702745532e-05,0.0041442167285505515,1.1546336925301182,1.0,0.00047825717926031075,5.335086412296968e-05,0.0004089295397047036,1.0,0.0023598775863646893,0.002161622437038251,0.0004089295397047036,0.0,0.005559369277954085,-0.00023009211797067418,0.0038966148797257164,1.0,0.008052069854736388,0.006413589722255529,0.00044609666167298896,0
dlinear,0,denmark,5089,0.04049759849548344,0.0023785503756354473,0.0058817869972612935,1.6478138481383113,0.0,0.046893923950195315,-0.0008228340741483649,0.00599341430764148,1.0,0.011601222991943771,0.004064735722772109,0.005747121377176756,1.0,0.053013891601562335,0.0017379519249701308,0.009420724768049935,1.0,0.05439293136596657,-0.0009049727368457064,-0.008870536014849337,0
dlinear,0,eurozone,5089,0.01049652903238932,0.00015896934231989524,0.005810513672279092,1.6248661546664738,0.0,0.012208490371704128,-0.0008381453595371932,0.005925040867672143,1.0,0.0029075235366822216,0.00398664245554238,0.005593723048025702,1.0,0.013910263633728048,0.0016036321948377777,0.009287222285482231,1.0,0.01435298843383781,-0.000915145543726246,-0.008925891176575298,0
dlinear,0,japan,5089,1.5993095296223951,3.4129628573539876,0.010741959583584018,3.4328531026659954,1.0,0.014254760742176131,-0.0026759967715075817,-0.0027725200340451006,1.0,0.20587585449217727,0.0026360596603273293,0.001248502802590708,0.0,2.2391278076171943,-0.0018190408148049094,0.013215460329783595,0.0,1.778623657226575,0.004975437707707014,-0.007047770845545056,0
dlinear,0,norway,5089,0.13727924499511707,0.025127549703729626,0.013101036129198594,3.2377187994395142,0.0,0.07607756652832087,-0.00165742368982521,0.005641189301927065,1.0,0.13513532409668016,0.0071517287067841655,0.01996697376302539,0.0,0.16340016479492192,-0.002044824338299055,0.013572071655349731,0.0,0.08836855010986255,0.00584845348933905,-0.0026325620103226604,0
dlinear,0,south_korea,5089,7.685520019531267,82.01112766355317,0.005757450823744173,1.602931303728207,0.0,1.8092041015625,0.000979280200083272,-0.0003742515013742409,0.0,22.55136718750009,0.006639364024310788,-0.010267687098693058,0.0,7.065576171874909,0.0037091657939964905,-0.0015727984069026778,1.0,12.613989257812591,-0.0028373316116685338,-0.012349089579575596,0
dlinear,0,sweden,5089,0.09138295033772804,0.012445250047261746,0.008776784258805613,2.1304262457066763,0.0,0.0791318695068366,-0.0024175204346834483,0.005159740692969938,1.0,0.0035762054443360114,0.005748733939264022,0.005407731728411105,1.0,0.020146173095703546,0.0005467703235934472,0.002475598436303366,0.0,0.24611256103515622,0.00022171873387440675,-0.023654700932436948,0
dlinear,0,switzerland,5089,0.014268799438476568,0.0002525748812566431,0.01637630333457171,3.254503274208331,0.0,0.0016252506256103638,-0.0011884383339363066,0.0006948465826757982,1.0,0.00037832078933719426,0.0023393366988492146,0.002776494148292223,1.0,0.01599568758010861,0.0013363546180606308,0.019673141728528243,1.0,0.011930033397674511,0.0003706062502042362,0.01409162592840087,0
dlinear,0,taiwan,5089,0.1404539754231769,0.031284243965009124,0.0044724733208809375,2.6606017848260977,0.0,0.12417176818847508,0.0014259223957135204,-0.0025426791774536602,0.0,0.19450448608398574,0.0032689272825549482,-0.002943060345669361,1.0,0.01111744689941574,0.004131791196113963,0.0037780709847343276,1.0,0.002987167358398324,0.004382103936677144,0.004287098276406405,0
dlinear,0,uk,5089,0.0053706632597076455,3.7143894855585445e-05,0.006810812861602792,1.8114820650598424,0.0,0.0045512496401672875,-0.0024011843287941206,0.0033858300407524546,1.0,0.0017145154099731386,0.002871045030678367,0.005043551093050154,1.0,0.007048513781066856,0.0017574657405018555,0.010668664665780607,0.0,0.01017910143887324,0.0005282904717620452,-0.01249869817661338,0
dlinear,0,australia,5094,0.00923287137730914,0.00015584305435298624,0.006041571573094548,1.330134088075653,1.0,0.006706399917602468,0.0028080851372086625,0.0071582452992853115,0.0,0.006977438812255876,0.004304623423710422,-0.00023471117593732734,1.0,0.004651499862670994,-0.0009447218737813127,-0.003984511421466864,1.0,0.008254457550048722,-0.0021572048513843916,-0.0075644909850468445,0
dlinear,0,canada,5094,0.006024368845621764,5.372780324306634e-05,0.004467113560362484,1.2448914885797693,1.0,0.006772272682189939,0.0013577303981525677,0.00637251610023277,1.0,0.0009931732177734798,0.0014063128287640754,0.0006687969336007396,0.0,0.006185797500610324,-0.0010306721983011525,0.0035617594141290295,1.0,0.000931372070312575,0.005166802208790369,0.00585533840122836,0
dlinear,0,denmark,5094,0.03831929890950517,0.0024896931208059623,0.0055667632465237395,1.5591806363796126,1.0,0.03384842224121076,0.0025832833217027578,0.007463205983752149,1.0,0.0008820358276366846,0.0013347552963343834,0.0014623801753336125,1.0,0.0028597770690916846,-0.0005058473904822195,-0.0009205133780137824,1.0,0.03979326324462917,-0.0018138205712449997,-0.007606922148817015,0
dlinear,0,eurozone,5094,0.009996140549977616,0.00017131739104398665,0.005535465756496396,1.5474058526231211,1.0,0.008063926506042485,0.0026673441168328683,0.007099253854666844,1.0,0.0002263135910034464,0.0013100996137748362,0.0014349184282758539,1.0,0.00040862998962398756,-0.0006029321262852228,-0.0008287751178842344,1.0,0.010802867317199816,-0.0019332915033253714,-0.007929068433687556,0
dlinear,0,japan,5094,1.4777229207356763,2.874466677034039,0.009913853775655204,3.171872373277134,1.0,0.5200042724609375,0.0005730854182186159,0.004072091645529477,0.0,1.2469665527343636,-0.0012955481927905798,0.0070902025884348715,1.0,2.0512951660156205,0.0012382216483742391,0.014961370198499606,1.0,0.5918890380859239,0.0018739492842892906,0.005850526085713935,0
dlinear,0,norway,5094,0.06862287424723305,0.0074258977433901705,0.006498716584628505,1.618464393723487,1.0,0.03587618103027346,0.004599381448731944,0.007958746843159387,0.0,0.09295232849121149,0.003837334157049748,-0.004926083436939399,1.0,0.07870763854980467,-0.00197529841568585,-0.009434143877459982,0.0,0.08767696075439524,0.007348782846543941,-0.00088613209165791,0
dlinear,0,south_korea,5094,9.881514485677084,131.40728614221018,0.007455634530692793,2.0609391241038706,0.0,13.631494140624909,-0.004077175444867863,0.006218339583605476,1.0,5.443359375,0.0001562259822343502,0.004262790090490674,0.0,9.569067382812591,-0.0026642653327137032,0.004563892881730177,1.0,5.0756347656249545,0.002170910606577594,0.005992894328273314,0
dlinear,0,sweden,5094,0.1213289654541016,0.019742023446624044,0.011664714017714826,2.828562783457655,1.0,0.11724582519531168,0.0024388768144672046,0.013531544753913455,0.0,0.05524176177978468,0.00277062045143599,-0.002497023252609783,0.0,0.1716710845947258,0.002088417143370459,-0.014384521859652784,1.0,0.1148597564697269,-0.0004474055084288742,-0.011466899099972222,0
dlinear,0,switzerland,5094,0.012404189481735233,0.00018147841733587693,0.014195135855604089,2.829213169353929,1.0,0.003192758846283006,0.0031802900466368906,0.006850327568657392,1.0,0.006574392318725586,0.0032590178249985546,0.010800978265397406,1.0,0.014566809654235846,0.0021155867524194952,0.01876914791457419,1.0,0.017175669574737595,0.0010095761875424508,0.02063814854358908,0
dlinear,0,taiwan,5094,0.20428020528157506,0.05878864155444917,0.0065088308262427575,3.869653935670045,1.0,0.15727998352050676,0.00023128024566175962,0.005256232894785877,1.0,0.09783410644531187,0.0014939144232704862,0.004618650585223109,1.0,0.23508248901367068,0.002620945959985279,0.010104476759868718,1.0,0.3694997558593762,0.0013606502439230549,0.013112854980763108,0
dlinear,0,uk,5094,0.004026484283832802,2.9479343632372727e-05,0.005106723318345217,1.3581011716242832,1.0,0.006614812020538374,0.0025660608716261486,0.010882623197563217,1.0,0.001172813704528819,0.0033389685091314313,0.0018583323584185328,1.0,0.001234587300811718,0.0012094148498427398,0.0027689881734933404,1.0,0.0034143801900023973,-0.0021171620539817805,-0.006457478881259417,0
dlinear,0,australia,5099,0.010062120700836171,0.00014630683897788913,0.0065820659433284716,1.4495999343613233,1.0,0.005593139915466283,-0.005186245159338428,-0.0015269669187689696,1.0,0.01024771495819099,-0.007630474609423421,-0.000919816232088684,1.0,0.00036765933990468014,0.0016207691108386763,0.001381395689736537,1.0,0.0008615691757201116,0.0006398294171891723,7.824317984291168e-05,0
dlinear,0,canada,5099,0.006702767899831138,6.154187447845194e-05,0.004968847251185991,1.3850776607892585,1.0,0.0035058652877808516,-0.003501920201548797,-0.0008918286793769926,0.0,0.008312432289123484,-0.004625644704119251,0.0015587889142064401,1.0,0.006792600250244085,0.002528020336898724,0.007548601986410572,1.0,0.008543305015563885,0.003638356975989097,0.009941872518831081,0
dlinear,0,denmark,5099,0.05169341173807774,0.003585997551813333,0.00750283635329867,2.1033622457642767,0.0,0.04765476684570302,-0.005361119685930973,0.0015469248922918041,0.0,0.046919408416748354,-0.005501448273560453,0.0013013116163819586,1.0,0.011225165557861239,-0.0017485668074030422,-0.0033768392728794725,1.0,0.012401558685303016,-0.0005062976757598803,-0.0023031305220199633,0
dlinear,0,eurozone,5099,0.013783302326202396,0.0002548183070157902,0.007625254582824851,2.1336597441186664,0.0,0.012810826492309468,-0.005314428311873383,0.0017632315778509087,0.0,0.01251434993743894,-0.005538180710584858,0.001377790242755764,1.0,0.002732554817199695,-0.001748360627529921,-0.003259131206126664,1.0,0.004203269958496181,-0.0004394899389200611,-0.002761288514131686,0
dlinear,0,japan,5099,1.0730428466796875,1.756638604983439,0.007175877389449826,2.3032429916100314,0.0,0.66934020996095,-0.0036183932422639152,0.0008702055572906653,1.0,0.48989807128907614,0.002809389519795829,0.006075596202591931,1.0,0.333192749023425,7.906769929114834e-05,0.0023077319226860113,0.0,2.0695385742187398,-0.0002648170748005092,0.013502932312931152,0
dlinear,0,norway,5099,0.05736081095377609,0.004514290530060441,0.005435265911648185,1.3528496312952678,1.0,0.033212696838379685,-0.00813995723670883,-0.004974260915164736,1.0,0.04854970855712892,-0.009136842871721765,-0.004508060440520505,1.0,0.02244107055664024,0.0015478764549549703,0.0036673528912634294,1.0,0.08081515808105522,0.00979377917059845,0.01734325222322015,0
dlinear,0,south_korea,5099,7.326812337239592,86.6762704701223,0.005515278432530343,1.5281173976591438,0.0,2.01953125,-0.001521602184248322,0.0,0.0,11.576953125000045,-0.0033007194775324425,0.005406027356737393,0.0,6.620507812499909,-0.0024653046248487975,0.0025189403698171135,0.0,11.042871093749909,-0.0007101117299323524,0.007575225604282587,0
dlinear,0,sweden,5099,0.11247391118367514,0.015613144253984024,0.010821442294411098,2.622123398920899,1.0,0.0505547653198235,-0.008169960992859802,-0.003308716522736,1.0,0.0727335464477541,-0.00740670950093355,-0.0004255451464811982,0.0,0.11857916717529271,0.0006335991815607881,-0.01076098307084595,1.0,0.07296638946533207,0.0017847049665965092,0.008724285421158634,0
dlinear,0,switzerland,5099,0.008152107407251993,9.130044341124331e-05,0.00926340400892064,1.8593757914248341,0.0,0.005374402999877903,-0.0047247474899869395,0.0014275519911853237,0.0,0.009039401531219515,-0.0037664000237471215,0.0065499308637326885,1.0,0.004262301254272516,0.0014705738853910799,0.00632282588347987,1.0,0.020895556926727288,0.0026871783837466644,0.02622453963601358,0
dlinear,0,taiwan,5099,0.20471873372395813,0.058510727188996574,0.006500818063060784,3.8779609241549635,0.0,0.07282495117187437,-0.0023250360922301995,0.0,1.0,0.042408721923827386,-0.0014491009066124186,-9.567241771495016e-05,1.0,0.24217135620117247,0.00028149947312010266,0.00797234561765515,1.0,0.5706041564941415,0.0010325468778981594,0.019046690758222743,0
dlinear,0,uk,5099,0.005186023613682045,3.969683992611151e-05,0.006573047065616898,1.749204578816443,0.0,0.0038896829471130046,-0.003453732851033731,0.0014653756695610272,0.0,0.00638133153036502,-0.00425746325546386,0.0038065071951669588,0.0,0.0036642204717102222,0.003398250414719056,-0.0012260964772102213,0.0,0.0030029651297607263,-0.0012952816799773929,0.0024963844163598202,0
dlinear,0,australia,5104,0.009359243564605697,0.00016153424723889894,0.00612193349419317,1.3483399037139967,1.0,0.0002968643951415384,-0.001334346488676769,-0.0015283731682420696,0.0,0.00866204307556151,0.0004711318945549576,-0.005195530715540295,1.0,0.01932972991943349,-0.0009861669694092628,-0.013694613381398579,0.0,0.004735391426086366,-0.0027091646938627884,0.000384990592061545,0
dlinear,0,canada,5104,0.004399548136393235,2.6332634290654042e-05,0.0032542678739190564,0.909134246083443,0.0,0.0015853887557983892,-0.00036007873178312184,0.0008155397842289279,1.0,0.0008889379501342276,0.0008237378088500074,0.0014823052556641992,0.0,0.0016393146514892543,0.0008446753522910504,-0.0003709198855581943,1.0,0.004927608489990298,5.369150129639505e-05,0.003701651459750884,0
dlinear,0,denmark,5104,0.06667911496480296,0.005666611642299399,0.009666853568041124,2.7131181379276796,0.0,0.012530400085449145,-0.0014576407639978254,0.000353952899066077,0.0,0.04796335754394487,0.002239111631331488,-0.004699927181412978,1.0,0.087045430755615,-0.0019025932881693314,-0.014584349911352016,1.0,0.006236415863036804,-0.0011369035997637823,-0.002039473915334126,0
dlinear,0,eurozone,5104,0.017777344328562417,0.0003989215929543807,0.009823997244563955,2.751938762823371,0.0,0.003427386474609273,-0.001503200822235783,0.0003854413350951085,0.0,0.01234785690307616,0.0021718691123139003,-0.004636921448882439,1.0,0.02267491626739493,-0.0019708703858826834,-0.014562354280197027,1.0,0.0027134826660155653,-0.001149782230001676,-0.002647036039771407,0
dlinear,0,japan,5104,1.094123535156251,2.1623077006119784,0.007308260957390027,2.3484918352533204,1.0,0.45131591796874204,-0.0034760375394125268,-0.00046604528140481314,1.0,0.06562438964843409,0.0015588443456254783,0.0019948804700513807,1.0,1.9707788085937636,-0.0008271879097626481,-0.014042962235818494,0.0,1.4150683593749989,-0.002032672256193263,0.007361264091815167,0
dlinear,0,norway,5104,0.11592562062581374,0.02153254034461979,0.010951332904911671,2.7340954654160625,1.0,0.03570282592773388,-0.004982722709411805,-0.001575489334350877,1.0,0.0012369262695308691,0.001854378362997308,0.0019718108794572636,0.0,0.10846468811035237,0.0023006714357619983,-0.008046209781820884,1.0,0.3000236450195306,0.0033830775945930995,0.031428208837002675,0
dlinear,0,south_korea,5104,8.996415201822924,171.79707833311983,0.006751835001915866,1.8763382974334872,1.0,0.12937011718759095,-0.00032156887709820824,-0.00022466861473963785,0.0,6.0239746093750455,0.0012153116863950686,-0.003300209258208015,1.0,3.573144531249909,-0.006138947509894925,-0.003450477863622421,0.0,21.7808837890625,-0.008256601566553964,0.008054635782808347,0
dlinear,0,sweden,5104,0.14463169240315754,0.028849374793633357,0.01387883652660399,3.3718232155768937,1.0,0.006262730407714301,-0.0029922695052835803,-0.003593265781473427,0.0,0.15421456909179732,0.0015067212821033035,-0.01333099522524845,0.0,0.24600319366455103,0.0029848611085968755,-0.020754399797766734,0.0,0.2671792388916021,-0.0028284228202211156,0.02247636295657556,0
dlinear,0,switzerland,5104,0.0077935562451680465,0.0001182735778394293,0.008787963215615565,1.777595545230695,0.0,0.004643104839324952,-0.003802969891579119,0.0014749265210678467,1.0,1.5428256988525568e-05,0.0003580718562225396,0.0003405607933925783,1.0,0.002148909854888914,-0.004379613256160922,-0.0019320383325484405,0.0,0.021967795562744086,-0.0022936252975369774,0.022398421568350126,0
dlinear,0,taiwan,5104,0.2978999170939127,0.11867892506951351,0.009440771242587015,5.6430802241915154,0.0,0.06171562194824176,-0.0007087590897998401,0.0012589542782027855,0.0,0.27506803894042875,-0.001965478595209579,0.006785936138914832,0.0,0.23708055114746074,-0.0021256666372953953,0.005422911916480519,0.0,0.65167810058594,-0.00011731008369500024,0.020455581530847432,0
dlinear,0,uk,5104,0.00845347877343648,9.133587430157456e-05,0.010684410611177385,2.8512912549050498,0.0,0.00021532214495845192,0.00015182741863518034,-0.00011917260733886059,0.0,0.007736843926727244,0.0024387994943568412,-0.007322560605883177,0.0,0.013166378590087846,0.0006594960375689698,-0.01603943733256793,0.0,0.002926930320434562,2.8523868300856366e-06,-0.003687773595334762,0
dlinear,0,australia,5109,0.010969948585510243,0.00017189474484309924,0.007189315182164697,1.5803862050851036,0.0,0.009800517005920328,-0.003220171947409024,0.00320949761985822,1.0,0.003138587417602645,0.0021504625620880863,0.004203007208550385,0.0,0.01985536708831792,0.009263297764957944,-0.0037267491298609034,1.0,0.008084364624023399,-0.007001144431879068,-0.0016743328741857862,0
dlinear,0,canada,5109,0.005158865617116292,3.529153990680024e-05,0.0038113636526084503,1.0660416156527788,0.0,0.0030129125595093065,-0.0012693945346714832,0.0009623214896169623,1.0,0.0019119968414307298,0.0022843750584950863,0.0036961786674470803,1.0,0.005898866081237797,0.005538322296135144,0.0011842642293013908,0.0,0.0125067619323731,-0.0017469513838207957,0.007489013660039915,0
dlinear,0,denmark,5109,0.039721632436116455,0.00252541070097835,0.005773310065771193,1.6162404298169055,1.0,0.004576300048827697,-0.0021034570517334127,-0.0027694506061743842,0.0,0.022783532714843346,0.002035271667047961,-0.0012711050518241123,0.0,0.0783473869323732,0.005696076661015364,-0.00567798690840762,0.0,0.01706765518188469,-0.0015062775092060043,0.0009722122219740152,0
dlinear,0,eurozone,5109,0.010610095551808689,0.00018110256434079782,0.005877946891320376,1.6424462893127363,1.0,0.0009278501510621151,-0.002255647352490479,-0.002770315094200992,0.0,0.005818144035339312,0.00194468382172072,-0.0012733918230497774,0.0,0.021175506019592394,0.005614279845175392,-0.006104855655836833,0.0,0.0028623144149779733,-0.0012525141788681615,0.00033192266506706637,0
dlinear,0,japan,5109,1.476229207356773,3.6731698204796097,0.009836493234401146,3.16866617803332,0.0,0.36082946777344205,-0.0010024584351849008,0.0013940522703743087,0.0,0.7998809814453125,0.0025866207971313973,-0.0027273348908653425,0.0,4.049517211914065,0.01125943646165091,-0.015700381088925824,0.0,1.7723461914062568,-0.005010346582998685,0.0067529800803068606,0
dlinear,0,norway,5109,0.137489535776774,0.029081335480430556,0.012935684793988354,3.2426784888459044,1.0,0.014322479248047415,-0.00022573161404318756,-0.001586645907589266,0.0,0.08501699676513752,0.006403313316637406,-0.0016484525147353142,1.0,0.13397450103759745,0.014969887246796643,0.002361052286116446,0.0,0.24526986999511635,-0.003663524908560568,0.019437346198821655,0
dlinear,0,south_korea,5109,11.851895345052071,201.92837596839638,0.008887795130549509,2.471891818486635,1.0,2.680419921875,-0.002053434695013234,-3.7565034470292516e-05,0.0,5.117822265624909,-0.0034376454984910636,0.00041312227128786867,0.0,17.682934570312455,0.0032499886481252857,-0.010080311878375336,0.0,28.824047851562455,-0.005328810127459306,0.016208414154788513,0
dlinear,0,sweden,5109,0.16791264460245767,0.04574402048502849,0.016085583281788694,3.914576009255897,1.0,0.0037605194091803185,-0.0027771303609102254,-0.002411668397625604,0.0,0.059736647033691526,0.00568695825405432,-8.724269469128936e-05,1.0,0.10519632263183532,0.011636230219962454,0.0015061593128447655,0.0,0.4537875152587887,-0.011473264795200304,0.032059438572451034,0
dlinear,0,switzerland,5109,0.010576073131561281,0.00018470003383107164,0.011883868170905677,2.412246719378364,1.0,0.002604755687713678,-0.0035301504333580974,-0.0005676657736453323,1.0,0.003311337280273441,0.0007813333150200777,0.00452976257242591,1.0,0.003497691440582318,0.0066716301101046585,0.0027203190479193388,0.0,0.02210897035598758,-0.0013731349931305611,0.02344470813894783,0
dlinear,0,taiwan,5109,0.24582875823974604,0.08244816516482031,0.00774841423675349,4.656702887644458,1.0,0.03388021850586043,-0.0013909450114372986,-0.000316816629186473,0.0,0.09427830505370949,-0.0014352943290565326,0.0015509522472110734,0.0,0.1941823120117192,0.0035788242583820484,-0.002569105556941874,0.0,0.5502292785644514,-0.00129099987228155,0.01601039737359645,0
dlinear,0,uk,5109,0.0039658263322479275,2.713075110205511e-05,0.005034984643652167,1.3376417262847051,1.0,0.0006258450208435073,-0.0012672986463663804,-0.00047313026139479377,1.0,0.00026350347595216483,0.001640308641274655,0.0019737883628574357,0.0,0.007647809702697739,0.00419661586022055,-0.005505971627778573,0.0,0.004681809480346688,-0.0007829292696618712,0.0051399769456997625,0
dlinear_raw_level,0,australia,5074,0.019029830596923817,0.0007189495306464108,0.012428551890918262,2.741533520057603,1.0,0.018196565170288004,0.0157088230510394,0.0035701717110648945,1.0,0.08699122295379635,0.062005221836353264,0.005360538409719666,1.0,0.00022839084625236872,0.022979249492911094,0.023129576273248673,1.0,0.002480856933593678,0.033136439284344996,0.03151861230497333,0
dlinear_raw_level,0,canada,5074,0.012538611361185725,0.00022282175038911258,0.00925890311792175,2.5910117660696965,1.0,0.0099077333450317,0.011164445927481793,0.0037832719820559643,1.0,0.03143190155029307,0.02796374822262098,0.004754871460581495,1.0,0.0009229074478149801,0.013992251080369092,0.013308925405037546,1.0,0.013961704254150442,0.022202859974268588,0.011900683251169941,0
dlinear_raw_level,0,denmark,5074,0.09926162020365395,0.015580976100044698,0.014311519869382035,4.038873376120522,0.0,0.06681490020751912,-0.009245790790160335,0.000632827582966889,1.0,0.3609586280822752,0.05287177582782753,0.0011549766426435053,1.0,0.10494657974243182,0.02828794874305232,0.01315514987952081,1.0,0.06410067977905243,0.0278662729927558,0.018646604132181027,0
dlinear_raw_level,0,eurozone,5074,0.01731193891525268,0.0005085032280941188,0.009542543128673302,2.679893851410078,1.0,0.010253780937194756,0.006352757549660456,0.0006172493322063698,1.0,0.07520488986968998,0.04247687562054055,0.0011780546633385607,1.0,0.005663423919677779,0.01667886980831846,0.013547623160786157,1.0,0.00350737857818606,0.020944612165811095,0.01901483359791864,0
dlinear_raw_level,0,japan,5074,4.02670387776693,23.698219705721574,0.027179707272771025,8.643156714993813,1.0,5.518133544921881,-0.04076803762037655,-0.001666435602972696,1.0,12.22156372070313,0.08512033945006489,0.004050340468773376,1.0,5.186412963867184,0.05819044990084032,0.023653109697389724,1.0,1.3484503173827989,0.050351250980969556,0.04141568532466658,0
dlinear_raw_level,0,norway,5074,0.31486398473103855,0.13533271916993053,0.02944700705241744,7.42603911222254,1.0,0.06094857940673748,0.017386891922531525,0.011520299848726621,1.0,0.9712714538574225,0.09275644718108125,0.002341007701973445,1.0,0.3400888610839843,0.053706339443113926,0.021725180579216137,1.0,0.4820060165405273,0.07113500407272097,0.026306210954661614,0
dlinear_raw_level,0,south_korea,5074,52.78270100911459,3941.1018262660714,0.039652492279851424,11.008629673440927,0.0,110.10722656250005,-0.08700009289198188,0.0003800258463308073,0.0,103.44985351562491,0.07443361406553115,-0.0013692900850049057,1.0,61.918627929687545,0.06066254356521633,0.015351550895363879,1.0,33.000927734374955,0.039500578008585883,0.015089501291618203,0
dlinear_raw_level,0,sweden,5074,0.37186257344563795,0.18321884763966656,0.034904762931394565,8.669295348166694,1.0,0.009104420471190977,0.003621656161556713,0.002731814094881821,1.0,1.0118407852172844,0.0998400585542684,0.005768184501909771,1.0,0.2682795776367186,0.04940880516397161,0.024053779037288833,1.0,0.24117407684326153,0.04758686133780109,0.024780971770616108,0
dlinear_raw_level,0,switzerland,5074,0.021308464454015106,0.0006306296938363775,0.024297711522854273,4.860147318837646,0.0,0.031659080886840774,0.035543103837969055,-0.0011808468042745297,1.0,0.059243383693695084,0.07154325404806916,0.004239540001305034,1.0,0.00503727035522461,0.02980714179932217,0.02402027687517722,1.0,0.0004873867034912438,0.03810645471380468,0.03865998478196627,0
dlinear_raw_level,0,taiwan,5074,0.8642339024861657,1.0156899340323478,0.027181625225203097,16.37107284812734,1.0,0.6808286132812498,-0.022711291858718733,-0.0004999717862017588,1.0,2.1329035034179675,0.07002889664420142,0.003749873631473446,1.0,1.1080823669433606,0.04446902511588198,0.009691833056025083,1.0,0.997962219238282,0.04242742984754633,0.011096081136525044,0
dlinear_raw_level,0,uk,5074,0.01606805576125691,0.0003036666366815214,0.020124314019225705,5.419627599866095,1.0,0.017325772283416696,0.02196838536950161,0.00011763538151452835,0.0,0.03708976854022217,0.0455013780350337,-0.0007447032772377848,1.0,0.008855269813751176,0.015230621802151284,0.004046759560354596,1.0,0.013536931428161592,0.02999710752423057,0.01310303746251729,0
dlinear_raw_level,0,australia,5079,0.015644329806009907,0.0004688287874630021,0.010193496207824043,2.253801175137393,1.0,0.00903185707092291,0.011537949204629454,0.00553851475412603,1.0,0.0682958672332763,0.06130237600377883,0.01731481107806327,1.0,0.006891130065918016,0.027678334533319894,0.02317754316786501,1.0,0.002893505554199205,0.022859033085970325,0.020962543179713404,0
dlinear_raw_level,0,canada,5079,0.013035226039886478,0.00022034778699124425,0.009614843001359931,2.693633534832684,1.0,0.005826746368408298,0.00801822650419597,0.0036909353113898026,1.0,0.03952381114959724,0.03474136187012188,0.005809855826869693,1.0,0.016927320861816364,0.014555577554521155,0.0020149260548384808,1.0,0.012415414810180714,0.017781002106886535,0.008628117046252578,0
dlinear_raw_level,0,denmark,5079,0.1046661660766602,0.01639903087985936,0.015095810640316199,4.2587798857233485,0.0,0.09887708435058595,-0.013043418669395372,0.0015794948166763685,1.0,0.2916638122558597,0.0493059257133255,0.0076245951927842144,1.0,0.14705566024780303,0.033148217510813455,0.012007437801421104,1.0,0.05970022735595659,0.021421448338890172,0.012791700308124406,0
dlinear_raw_level,0,eurozone,5079,0.015528088359832755,0.0004072220843471749,0.008546782200521406,2.403753197338544,1.0,0.0018223144531250846,0.00236443513351596,0.0013446510135962755,1.0,0.05662323627471921,0.038561322562124724,0.007540250202320179,1.0,0.016370426559448203,0.02153113134593264,0.01250799787792041,1.0,0.002245823287963855,0.014441691721710075,0.013199857485697682,0
dlinear_raw_level,0,japan,5079,3.892349304199217,23.24354400559029,0.02627502105936129,8.354770066764319,0.0,7.481105957031247,-0.04538199519783739,0.007297543658475331,1.0,9.134822387695323,0.08293678102610715,0.023086091711111995,1.0,7.257120361328134,0.058976704141362184,0.010550469877736775,1.0,1.095813598632816,0.046613318517172625,0.039360225325944576,0
dlinear_raw_level,0,norway,5079,0.3022757797749838,0.13124483443215754,0.02821721167577062,7.12914741647592,1.0,0.007297743225096909,0.009444517717201246,0.00873994922288381,1.0,0.771997398376465,0.09476509029153649,0.023898616490111765,1.0,0.43870600280761707,0.0605197153747524,0.019455838457012098,1.0,0.33572386627197304,0.057311070232226355,0.025937014132145435,0
dlinear_raw_level,0,south_korea,5079,53.93582194010417,4240.161146975519,0.04056132937600456,11.249130463572255,0.0,113.21708984375005,-0.0846857392565005,0.004973717943503599,1.0,80.76611328125,0.07768262676126353,0.019113544380005773,1.0,74.33769531250005,0.06803720034138407,0.013721888365355027,1.0,33.294116210937545,0.037864289885953445,0.013158582118415007,0
dlinear_raw_level,0,sweden,5079,0.3264403278096516,0.1557835944202256,0.030679110051343814,7.610358819151069,0.0,0.11780234069824225,-0.006347066774598573,0.005143674134174156,1.0,0.7318555953979491,0.08932810183197261,0.021854288441563292,1.0,0.3057497619628915,0.04610781533437328,0.017232141266342878,1.0,0.29510755157470747,0.033885690821548665,0.0056817920434577025,0
dlinear_raw_level,0,switzerland,5079,0.016700112930933642,0.00039376993397968605,0.018969933017790454,3.809050119999111,1.0,0.023696688365936303,0.032143302103473145,0.00480657431837697,1.0,0.04420995817184448,0.07050293701617598,0.020874671404474427,1.0,0.01535025568008419,0.03003987991726288,0.01237972014842269,1.0,0.0032221768379211424,0.031097100781937313,0.03476100557405372,0
dlinear_raw_level,0,taiwan,5079,0.8787138956705731,1.0155845237571641,0.027647714206275053,16.64536551655933,0.0,0.9882425842285159,-0.027960448527014018,0.0041678749699512645,1.0,1.7783028564453112,0.0651026869008355,0.010085193563769357,1.0,1.1279554443359388,0.04227173112082968,0.006915568318205883,1.0,0.6672327575683603,0.035047578076768136,0.014132143643966578,0
dlinear_raw_level,0,uk,5079,0.011763127665534456,0.00017536658731428248,0.014746941269820143,3.9676095418212585,1.0,0.0124467676841431,0.018037284093007217,0.002314315709650644,1.0,0.031839376679412834,0.04598553474045901,0.006406876392017224,1.0,0.009692504494659415,0.018349426607308917,0.006130889811181117,1.0,0.012193960053741404,0.021867002477285378,0.006525180133871974,0
dlinear_raw_level,0,australia,5084,0.01948351573944092,0.0005605063055184596,0.012686409662049043,2.8068936933617112,1.0,0.019054795455932583,-0.013473203066951676,-0.0008365803456784555,0.0,0.046929304275512784,0.02955094190948422,-0.0009090730058284719,1.0,0.003714848670959503,0.012579333287504841,0.014991883137397475,0.0,0.013050601425171005,-0.0007117744172837852,0.007850739310200541,0
dlinear_raw_level,0,canada,5084,0.011769692230224593,0.00019491534556228429,0.008686685506959184,2.4321202861372666,1.0,0.0032691654205321274,-0.0037719423153159113,-0.0013377431298973997,0.0,0.029781558799743646,0.020605112600888383,-0.00130055942379308,0.0,0.014748544502258376,0.010894095097112208,0.0,1.0,0.006457329750060969,0.011267802656036816,0.006514439886830203,0
dlinear_raw_level,0,denmark,5084,0.10948526153564447,0.017620096233882533,0.015809165472482508,4.454864901324962,1.0,0.1831358177185063,-0.027193378420225886,-0.00010215548073028573,1.0,0.19653646163940408,0.02959520754149247,0.0013562191278611154,1.0,0.09790295791625958,0.024790374214719624,0.010755288952989014,1.0,0.010936036682128503,0.005484416711788776,0.003896000063516275,0
dlinear_raw_level,0,eurozone,5084,0.01720791159311931,0.00045582313857004027,0.00947867790547165,2.663790387648531,1.0,0.01988547134399421,-0.01135176648971658,-0.0002225994054657678,1.0,0.03189431018829336,0.01944868747039998,0.0018900970132022593,1.0,0.003550559425353983,0.013129114808376493,0.011177319298684608,0.0,0.01017807369232182,-0.0012684076236072954,0.004386215460327572,0
dlinear_raw_level,0,japan,5084,4.052455037434895,24.17815582217869,0.027321373842668792,8.698430535805906,1.0,10.144622192382826,-0.07273240601409228,-0.0016556015472261314,0.0,7.922995605468742,0.05198577814113147,-0.00013504844883603211,1.0,4.1593457031250125,0.03629586191713567,0.008839650871474966,1.0,1.092864990234375,0.020800129786853323,0.01354679872396728,0
dlinear_raw_level,0,norway,5084,0.34042739618937184,0.15645128389493954,0.0317446383752661,8.028949900808223,1.0,0.236846812438964,-0.023425892353131843,-0.0006232767907472376,0.0,0.7938152191162118,0.063070276243268,-0.010466243122989119,1.0,0.37812613067626977,0.04592442362317971,0.01096489765654799,1.0,0.28359678497314533,0.02699996299728631,0.0003899451272983517,0
dlinear_raw_level,0,south_korea,5084,56.54127034505211,4607.4514471431,0.04259921603252611,11.792536088426056,1.0,140.8306640625001,-0.11121169228195492,-7.468538783852691e-05,0.0,59.6556396484375,0.04162034197156533,-0.002055883351917516,0.0,83.6912841796875,0.053042488055251975,-0.008060780360119908,0.0,22.07565917968759,0.010900536382779212,-0.005541839990302709,0
dlinear_raw_level,0,sweden,5084,0.3649739837646485,0.19534071329489341,0.03435582260199586,8.508700486673968,1.0,0.37844390716552745,-0.04023658119550566,-0.0033485666142966707,0.0,0.6201495132446286,0.052436406233204516,-0.005326664502177285,1.0,0.3417211303710932,0.033392467099544056,0.0013629628915511488,1.0,0.16276875915527356,-0.0006040376158632391,-0.016259739092796887,0
dlinear_raw_level,0,switzerland,5084,0.012578183231353764,0.0002465341439773605,0.014301329361401592,2.868898584393006,0.0,0.0005017953872680225,-5.961207400004582e-05,0.000517762128638515,0.0,0.032060274410247835,0.029886441549763495,-0.006581629901235447,1.0,0.0006616100311279682,0.0058390479336689945,0.006595762491114536,1.0,0.013799668598175052,0.002701298604622923,0.018416096742005107,0
dlinear_raw_level,0,taiwan,5084,0.8572990539550783,0.9882910813820961,0.02696858362535208,16.239706894805487,1.0,1.2178441619873048,-0.042618745838062834,-0.0029941572640319286,0.0,1.6898877563476553,0.04825426391098178,-0.0043189038805565745,0.0,1.2786879577636725,0.03732369678312421,-0.002643313641002745,1.0,0.4510689086914077,0.01976330384350576,0.005597902327408193,0
dlinear_raw_level,0,uk,5084,0.010980714448426302,0.00017441839946869624,0.013763587832187596,3.7037077774171454,0.0,0.00596586542553712,0.004566384431168461,-0.0029923637665361554,0.0,0.021534799198913546,0.023759427693119443,-0.0032675262988974643,1.0,0.004329912779083234,0.011335952852945487,0.005892722593514013,1.0,0.0011590209762573078,0.003557584938099255,0.002092092104712275,0
dlinear_raw_level,0,australia,5089,0.01710823696645099,0.0004120577920327976,0.011160286117113153,2.46469903521873,1.0,0.018574917678833014,-0.012624277699725971,-0.00030320807556745693,1.0,0.032083642501831156,0.0316064350906408,0.010906863231044889,1.0,0.011659134941101046,0.003507139125269127,0.011135001849058076,1.0,0.005001419410705532,-0.004093529651762988,-0.007408715274944289,0
dlinear_raw_level,0,canada,5089,0.007787170314788816,0.00010152833073914912,0.005756632273511108,1.6091614397161171,0.0,0.007139672279357967,-0.004912524350742333,0.0004089295397047036,1.0,0.02861143207550043,0.02145439884893452,0.0004089295397047036,1.0,0.0009811676025390792,0.0046231686115004,0.0038966148797257164,1.0,0.009926516723632872,0.00779767152621122,0.00044609666167298896,0
dlinear_raw_level,0,denmark,5089,0.10217574556986478,0.015547256187647686,0.014802173951301007,4.157446731382288,0.0,0.23328623123168946,-0.02838472628100016,0.00599341430764148,1.0,0.1718985900878902,0.030349412313719834,0.005747121377176756,1.0,0.062251000976562665,0.01836743187688791,0.009420724768049935,0.0,0.07208406677246071,0.0016721875984861917,-0.008870536014849337,0
dlinear_raw_level,0,eurozone,5089,0.0157824562327067,0.000394746948929381,0.00871844280014974,2.4431294279183873,0.0,0.03438416004180911,-0.013241125516606441,0.005925040867672143,1.0,0.025063028907775786,0.019340803858919627,0.005593723048025702,1.0,0.00536558017730715,0.0063304354668914375,0.009287222285482231,1.0,0.006460141372680583,-0.005312388314566055,-0.008925891176575298,0
dlinear_raw_level,0,japan,5089,3.964554097493492,23.68365639020427,0.026811780722214105,8.509754729893372,1.0,10.361325073242199,-0.07551852652917039,-0.0027725200340451006,1.0,7.827122192382802,0.052691958457112886,0.001248502802590708,1.0,3.4686358642578057,0.036068101517982294,0.013215460329783595,0.0,3.4659252929687625,0.016249241635582088,-0.007047770845545056,0
dlinear_raw_level,0,norway,5089,0.26947340092976907,0.09642790661904191,0.025232290200255008,6.355506225068825,0.0,0.24609194793701228,-0.01816314325569186,0.005641189301927065,1.0,0.6688779281616206,0.08108725880696602,0.01996697376302539,1.0,0.2294697845458984,0.03509978555747688,0.013572071655349731,0.0,0.34590543823242115,0.03016258710293946,-0.0026325620103226604,0
dlinear_raw_level,0,south_korea,5089,54.79436197916668,4216.751808009744,0.04133511464103394,11.428191958515999,1.0,130.2935791015625,-0.10300891560088174,-0.0003742515013742409,0.0,77.84519042968759,0.04692299587904717,-0.010267687098693058,0.0,76.26186523437491,0.054014581382285674,-0.0015727984069026778,0.0,28.46848144531259,0.008991063427265734,-0.012349089579575596,0
dlinear_raw_level,0,sweden,5089,0.32176074035644525,0.13899438249226204,0.03051980098630265,7.501262801868352,0.0,0.43673303527832097,-0.037394244919046284,0.005159740692969938,1.0,0.5613536102294923,0.05755978528794731,0.005407731728411105,1.0,0.21060104980468708,0.02241925641733129,0.002475598436303366,0.0,0.25992462615966794,0.001544939455492095,-0.023654700932436948,0
dlinear_raw_level,0,switzerland,5089,0.009280089565912874,0.00014587670254201016,0.010555868496767646,2.116651930488876,1.0,0.001133371543884265,0.0020060629043168942,0.0006948465826757982,1.0,0.028379191780090296,0.03503608554494332,0.002776494148292223,1.0,0.009844667053222622,0.008427471548571302,0.019673141728528243,1.0,0.012123510074615429,0.00014652532277842305,0.01409162592840087,0
dlinear_raw_level,0,taiwan,5089,0.7757456410725914,0.8341782542876575,0.024466586200917708,14.694850971574713,1.0,1.1254429473876968,-0.03924948330083775,-0.0025426791774536602,0.0,1.7208220825195326,0.050720747532772475,-0.002943060345669361,1.0,1.1254191284179704,0.03896511165145039,0.0037780709847343276,1.0,0.5028326721191405,0.02015370652193069,0.004287098276406405,0
dlinear_raw_level,0,uk,5089,0.010561309653747552,0.00016776512433488758,0.013248907374031579,3.5622458709780482,1.0,0.0027714789937133277,0.0068934906421104685,0.0033858300407524546,1.0,0.019960952081176764,0.029995227766686436,0.005043551093050154,1.0,0.0018049739708861923,0.008394249655751869,0.010668664665780607,0.0,0.010838686437957712,0.0013665868929383896,-0.01249869817661338,0
dlinear_raw_level,0,australia,5094,0.019441012805938716,0.0005942874283840734,0.012734540209970235,2.8007705060688135,0.0,0.041647238731384206,-0.020167877048903434,0.0071582452992853115,0.0,0.025777339820861833,0.01643376094233172,-0.00023471117593732734,1.0,0.008117364768981838,-0.009311503418866914,-0.003984511421466864,1.0,0.0194588412475587,-0.020428397093587517,-0.0075644909850468445,0
dlinear_raw_level,0,canada,5094,0.0089252110226949,0.00012935937794653912,0.006586950831900192,1.8443291771562307,0.0,0.011288635826110838,-0.0020006141492743,0.00637251610023277,1.0,0.03118137607574467,0.0235679721522927,0.0006687969336007396,1.0,0.0007765567779540739,0.0029863879807222548,0.0035617594141290295,1.0,0.0017995733261109148,0.004524539134973489,0.00585533840122836,0
dlinear_raw_level,0,denmark,5094,0.11467110641479485,0.02059418342573798,0.016600181881048018,4.665872648046392,0.0,0.24761738128662092,-0.028798373151575036,0.007463205983752149,1.0,0.15678130950927738,0.023892722434594123,0.0014623801753336125,0.0,0.08708829269409168,0.011630758394154062,-0.0009205133780137824,1.0,0.020271073150635033,-0.004651666818950212,-0.007606922148817015,0
dlinear_raw_level,0,eurozone,5094,0.01953873664220173,0.0006127160561126367,0.010793965217334804,3.024602873663325,0.0,0.03707136135101319,-0.013439455518713376,0.007099253854666844,1.0,0.021207993507385225,0.013063169657084168,0.0014349184282758539,1.0,0.00111852130889889,-0.00021070824447859984,-0.0008287751178842344,1.0,0.006638047790527235,-0.011631210482913846,-0.007929068433687556,0
dlinear_raw_level,0,japan,5094,4.590102945963543,32.690121639549815,0.03108714612373766,9.852469986424463,0.0,11.547958374023438,-0.07666968980106735,0.004072091645529477,1.0,5.041180419921886,0.04029263883717861,0.0070902025884348715,1.0,2.3674670410156295,0.030569089016036645,0.014961370198499606,1.0,0.42263732910157614,0.008680347843678765,0.005850526085713935,0
dlinear_raw_level,0,norway,5094,0.251493871612549,0.10340360603442446,0.02356553722233841,5.931460623146204,0.0,0.43211546173095705,-0.033274205090412,0.007958746843159387,0.0,0.7376676376342779,0.06259415665836965,-0.004926083436939399,0.0,0.25747388916015623,0.01476187427528665,-0.009434143877459982,0.0,0.11020465545654368,0.009453754498875375,-0.00088613209165791,0
dlinear_raw_level,0,south_korea,5094,58.47384358723957,4749.425180438854,0.04396224288991995,12.195603433092048,0.0,125.42116699218741,-0.09276411461058524,0.006218339583605476,1.0,70.376708984375,0.055891336789785306,0.004262790090490674,1.0,70.40615234374991,0.05619833610602942,0.004563892881730177,1.0,26.234057617187545,0.025517739740712815,0.005992894328273314,0
dlinear_raw_level,0,sweden,5094,0.33597683156331376,0.1678351884509355,0.031886699363631484,7.83268495125773,0.0,0.498432310485839,-0.03449999019597374,0.013531544753913455,0.0,0.5630447250366206,0.04993550463064515,-0.002497023252609783,0.0,0.33426206512451095,0.01744376321693438,-0.014384521859652784,1.0,0.035534080505371435,-0.008044815857456018,-0.011466899099972222,0
dlinear_raw_level,0,switzerland,5094,0.010145732507705693,0.0001519026033909,0.011555913340696002,2.3140923528949284,1.0,0.004920041847229051,0.0011891703746348655,0.006850327568657392,1.0,0.0160067081451416,0.028929048132677118,0.010800978265397406,1.0,0.014590532302856452,0.0020882382796203925,0.01876914791457419,0.0,0.02356439342498784,-0.0063909812696085035,0.02063814854358908,0
dlinear_raw_level,0,taiwan,5094,0.7617598800659182,0.8276221400057777,0.0240380856158359,14.42992048039856,0.0,1.3595733795166005,-0.03903864203452154,0.005256232894785877,1.0,1.5215354003906256,0.05199893472125376,0.004618650585223109,1.0,0.8172971191406262,0.03569466815637263,0.010104476759868718,1.0,0.15113012695312378,0.017880140535227535,0.013112854980763108,0
dlinear_raw_level,0,uk,5094,0.01213102376169739,0.00023361552774922746,0.015238884041696845,4.091697973319935,1.0,0.00387061417507939,0.006024639802253746,0.010882623197563217,1.0,0.019476684859313975,0.026167304187438855,0.0018583323584185328,1.0,7.111204763798895e-05,0.0028587453273706,0.0027689881734933404,1.0,0.00025041139401249524,-0.006776541371795419,-0.006457478881259417,0
dlinear_raw_level,0,australia,5099,0.01696558839925131,0.0004245143860353168,0.011139485046316311,2.444148362075621,1.0,0.03604813316345212,-0.02534966418385782,-0.0015269669187689696,1.0,0.0060403422927857164,-0.004869849140132603,-0.000919816232088684,0.0,0.01212320922851573,-0.006543977853799264,0.001381395689736537,0.0,0.029013113250732525,-0.019019542739921774,7.824317984291168e-05,0
dlinear_raw_level,0,canada,5099,0.007761400400797528,8.061584032515058e-05,0.005739696912355609,1.6038362766307754,1.0,0.00985173339843759,-0.008243769236466246,-0.0008918286793769926,1.0,0.01719907093048101,0.014234697903347736,0.0015587889142064401,1.0,0.0034528327941893977,0.004999676435865319,0.007548601986410572,1.0,0.010917834854125896,0.0018792753952224105,0.009941872518831081,0
dlinear_raw_level,0,denmark,5099,0.11787578160603829,0.019436849494841372,0.01708319547012637,4.796268235812051,0.0,0.252697605895996,-0.0356409123849683,0.0015469248922918041,1.0,0.06807607116699188,0.011089975583300705,0.0013013116163819586,0.0,0.09458774490356436,0.010261388795050482,-0.0033768392728794725,1.0,0.01679994888305636,-0.004742396584295844,-0.0023031305220199633,0
dlinear_raw_level,0,eurozone,5099,0.01935262698491414,0.0005752307972708578,0.010703071052646295,2.995793037359338,0.0,0.039688825798034566,-0.020328673431788048,0.0017632315778509087,1.0,0.001963970184326147,0.00029557457669020167,0.001377790242755764,1.0,0.00318042411804198,-0.0015009609160819095,-0.003259131206126664,1.0,0.015751053810119542,-0.011510109669567548,-0.002761288514131686,0
dlinear_raw_level,0,japan,5099,4.3534466756184935,29.76616879049636,0.029535914217043286,9.344496891240581,0.0,12.140012817382825,-0.08384767533677653,0.0008702055572906653,1.0,3.173523559570299,0.026979313044749598,0.006075596202591931,1.0,3.5068035888672,0.0254676946187701,0.0023077319226860113,1.0,2.0132183837890523,0.00011237685113689516,0.013502932312931152,0
dlinear_raw_level,0,norway,5099,0.2749601035563153,0.101529876305958,0.025737691766092124,6.4849096191619,1.0,0.30117992095947344,-0.034054860279836806,-0.004974260915164736,0.0,0.5736293228149414,0.04861941578022552,-0.004508060440520505,1.0,0.22163279724121132,0.024361968477385296,0.0036673528912634294,1.0,0.06016334075927787,0.011728428665627975,0.01734325222322015,0
dlinear_raw_level,0,south_korea,5099,52.95529622395836,4023.759013244114,0.039975617015216354,11.044627012858909,0.0,119.671875,-0.0944177210213052,0.0,1.0,47.531567382812455,0.04037943824981287,0.005406027356737393,1.0,65.53891601562509,0.05056422779080633,0.0025189403698171135,1.0,16.90671386718759,0.02012860676664076,0.007575225604282587,0
dlinear_raw_level,0,sweden,5099,0.3438500363667806,0.15193133083560315,0.032669617772494025,8.016234312370933,1.0,0.35545016632080007,-0.037999990096551126,-0.003308716522736,0.0,0.379459713745117,0.035226058308863765,-0.0004255451464811982,0.0,0.3162977874755857,0.0193488361449718,-0.01076098307084595,0.0,0.13360290985107426,-0.004019090252691541,0.008724285421158634,0
dlinear_raw_level,0,switzerland,5099,0.00950890385309855,0.00016275944809554378,0.01082391486937714,2.1688411037996564,0.0,0.012643547058105442,-0.013106715602805153,0.0014275519911853237,1.0,0.00401753234863278,0.011101048832833457,0.0065499308637326885,0.0,0.009540411758422906,-0.004570901251607215,0.00632282588347987,0.0,0.03504444789886474,-0.013571040435839905,0.02622453963601358,0
dlinear_raw_level,0,taiwan,5099,0.6568314682006837,0.62869693604515,0.020776811014488146,12.442274925714292,0.0,1.3547635040283197,-0.04416343893339755,0.0,0.0,1.3212272949218757,0.04117775829723582,-9.567241771495016e-05,1.0,0.7015733032226557,0.029924635496531123,0.00797234561765515,1.0,0.23631460571289153,0.011625494669347303,0.019046690758222743,0
dlinear_raw_level,0,uk,5099,0.010967026007978302,0.00018058771411613773,0.013820566600609681,3.699090775164142,0.0,0.0036621720180053385,-0.0031653426838119834,0.0014653756695610272,1.0,0.005055607709136933,0.010149336715128906,0.0038065071951669588,0.0,0.0026124965146484547,0.0020731325419935573,-0.0012260964772102213,0.0,0.00913979975119017,-0.009088899214039166,0.0024963844163598202,0
dlinear_raw_level,0,australia,5104,0.017047001839955615,0.00042596699430244594,0.011173006843037686,2.4558771935824106,1.0,0.023342576141357485,-0.016903854530091085,-0.0015283731682420696,1.0,0.003484787483215346,-0.007484348987340895,-0.005195530715540295,1.0,0.009755078201293843,-0.007260893557402318,-0.013694613381398579,0.0,0.03659908084869379,-0.023781962862594264,0.000384990592061545,0
dlinear_raw_level,0,canada,5104,0.007075996996561681,7.747690699910936e-05,0.005233597137226233,1.462202707033371,0.0,0.01000227985382085,-0.006624735796596823,0.0008155397842289279,1.0,0.010155683517456104,0.008975496735156952,0.0014823052556641992,0.0,0.0016856870651245082,0.0008790402433903242,-0.0003709198855581943,0.0,0.013367030143737857,-0.0062251810145460525,0.003701651459750884,0
dlinear_raw_level,0,denmark,5104,0.11516456748962399,0.01718637785165174,0.016678344917910058,4.685951171781851,0.0,0.21139724426269524,-0.030657238089075143,0.000353952899066077,0.0,0.09679434356689409,0.009254553610682548,-0.004699927181412978,0.0,0.16264986953735328,0.008983294328604534,-0.014584349911352016,1.0,0.028908866882324524,-0.006234006436716054,-0.002039473915334126,0
dlinear_raw_level,0,eurozone,5104,0.018801126461029057,0.0004895367814500541,0.010395572874545523,2.910420574445498,0.0,0.028367042732238668,-0.015354533146917754,0.0003854413350951085,1.0,0.006241599464416492,-0.0011894172708139823,-0.004636921448882439,1.0,0.0211672763824462,-0.002803167180392959,-0.014562354280197027,1.0,0.018796403121948302,-0.01308058208095626,-0.002647036039771407,0
dlinear_raw_level,0,japan,5104,4.072069091796878,29.997553727972335,0.027599917180218005,8.74053130874902,1.0,12.196311035156242,-0.08517396696664398,-0.00046604528140481314,1.0,2.0013464355468784,0.015202170110961399,0.0019948804700513807,0.0,5.741210327148451,0.023980208428278575,-0.014042962235818494,0.0,2.1359088134765614,-0.006852116022088078,0.007361264091815167,0
dlinear_raw_level,0,norway,5104,0.28550146657307945,0.10326844988760421,0.026718908835537035,6.7335267295802135,1.0,0.2493745101928706,-0.025620363213024626,-0.001575489334350877,1.0,0.4799156082153324,0.046524459376089865,0.0019718108794572636,0.0,0.35374781494140706,0.025311779170000576,-0.008046209781820884,1.0,0.28587016448974545,0.004723921455468032,0.031428208837002675,0
dlinear_raw_level,0,south_korea,5104,48.9766658528646,3475.139168728613,0.03694343209175075,10.214823544572724,1.0,121.64255371093759,-0.09575343133142099,-0.00022466861473963785,0.0,42.902880859375045,0.028423586099904027,-0.003300209258208015,0.0,63.43784179687509,0.043115463541777116,-0.003450477863622421,1.0,2.8255615234375,0.010151274941243267,0.008054635782808347,0
dlinear_raw_level,0,sweden,5104,0.2899948259480797,0.10660937173635024,0.027614731874665576,6.760698642751749,1.0,0.314707804870606,-0.03426865900359357,-0.003593265781473427,0.0,0.36229104614257857,0.021184078729559033,-0.01333099522524845,0.0,0.3909750411987307,0.016715175870308577,-0.020754399797766734,0.0,0.3406331420898443,-0.009899014230610213,0.02247636295657556,0
dlinear_raw_level,0,switzerland,5104,0.011030893545150754,0.00022111095779421962,0.012498961349932848,2.5159845658304105,0.0,0.013137303161621094,-0.013531160940218029,0.0014749265210678467,1.0,0.0035748388290405275,0.004389826983307024,0.0003405607933925783,1.0,0.00988219528198242,-0.013237609656209995,-0.0019320383325484405,0.0,0.04011484689712519,-0.02316124876339036,0.022398421568350126,0
dlinear_raw_level,0,taiwan,5104,0.6474135965983074,0.6107614643035784,0.020464408562273686,12.263873382297312,0.0,1.2624907684326168,-0.03978506044175824,0.0012589542782027855,1.0,0.9465448913574228,0.03632858904621728,0.006785936138914832,1.0,0.7325868835449221,0.028394577467901867,0.005422911916480519,1.0,0.35211183166504156,0.009392317319482126,0.020455581530847432,0
dlinear_raw_level,0,uk,5104,0.011438000350299071,0.0001852346334717519,0.014413089823322216,3.8579466804706817,1.0,0.0014140304246216262,-0.001900669326595931,-0.00011917260733886059,0.0,0.009596806866943308,0.004771324247980594,-0.007322560605883177,1.0,0.009796391579132036,-0.003588181929887992,-0.01603943733256793,1.0,0.007447436916656502,-0.013140282816245978,-0.003687773595334762,0
dlinear_raw_level,0,australia,5109,0.01885281757863363,0.0005018434543659987,0.012393469765679215,2.7160321305072643,0.0,0.0324170226287841,-0.018217526881381788,0.00320949761985822,0.0,0.025880501213073837,-0.012849295616919313,0.004203007208550385,0.0,0.013790356063842824,0.005313233543378278,-0.0037267491298609034,1.0,0.02969986984252926,-0.0213846131736572,-0.0016743328741857862,0
dlinear_raw_level,0,canada,5109,0.009338925813039144,0.00011937755505662986,0.006911573434678489,1.9298202940511422,0.0,0.016390459823608428,-0.011238970028787761,0.0009623214896169623,0.0,0.005777596473693913,-0.0005760566302529981,0.0036961786674470803,1.0,0.004381808662414555,0.004420364758009567,0.0011842642293013908,0.0,0.023699560546875054,-0.010085541735901758,0.007489013660039915,0
dlinear_raw_level,0,denmark,5109,0.08608724072774253,0.011036796371504714,0.012543666581751186,3.502818751956644,1.0,0.202926065063477,-0.032756471496899565,-0.0027694506061743842,0.0,0.025628820037841393,0.0024474167533377394,-0.0012711050518241123,0.0,0.1508108993530275,0.016102019341203703,-0.00567798690840762,0.0,0.014729722595214767,-0.0011664099184297498,0.0009722122219740152,0
dlinear_raw_level,0,eurozone,5109,0.012622941112518308,0.00022432328025148143,0.007017719003382176,1.9540354456972477,1.0,0.02642281398773183,-0.017539039192722424,-0.002770315094200992,1.0,0.012148484039306684,-0.008026417900817854,-0.0012733918230497774,0.0,0.018760325813293566,0.004284567386250443,-0.006104855655836833,0.0,0.014489750099182075,-0.007714829733687791,0.00033192266506706637,0
dlinear_raw_level,0,japan,5109,4.5000707804361975,34.89990172607498,0.030507652753168815,9.65921959114716,0.0,12.835438842773442,-0.08759749890520642,0.0013940522703743087,0.0,0.7791595458984375,0.0024493150193755555,-0.0027273348908653425,0.0,7.546328125000002,0.033968757624704575,-0.015700381088925824,0.0,2.6895062255859443,-0.011152443394577327,0.0067529800803068606,0
dlinear_raw_level,0,norway,5109,0.2177157200113932,0.07109687803648697,0.02057769935256025,5.134805917962838,1.0,0.3624332351684565,-0.03665610957513291,-0.001586645907589266,0.0,0.27244261016845783,0.023928232598481182,-0.0016484525147353142,1.0,0.2959227050781248,0.030002190865380387,0.002361052286116446,0.0,0.24941453857421791,-0.00405851452590541,0.019437346198821655,0
dlinear_raw_level,0,south_korea,5109,48.90064778645834,3597.967058964729,0.037025390573276216,10.198968828433568,1.0,122.9644775390625,-0.0969725993564601,-3.7565034470292516e-05,1.0,26.28769531250009,0.019962222677663385,0.00041312227128786867,0.0,90.85737304687495,0.05659793649487232,-0.010080311878375336,1.0,3.1315185546875455,0.018520581254671698,0.016208414154788513,0
dlinear_raw_level,0,sweden,5109,0.21458871754964182,0.07078658361027555,0.020622296822107835,5.002743227382429,1.0,0.287094297790528,-0.030703995768761462,-0.002411668397625604,0.0,0.186303533935547,0.017811974435717564,-8.724269469128936e-05,1.0,0.3013604537963861,0.03025641856136494,0.0015061593128447655,0.0,0.425087640380859,-0.008663175953222321,0.032059438572451034,0
dlinear_raw_level,0,switzerland,5109,0.018810782861709594,0.0005080406351944384,0.021323669668986193,4.290462885670222,1.0,0.01689365797042852,-0.019939440615692784,-0.0005676657736453323,0.0,0.018819690990448,-0.01696355907109104,0.00452976257242591,0.0,0.008402852725982624,-0.006836610509863316,0.0027203190479193388,0.0,0.042447028827667266,-0.024760096336457805,0.02344470813894783,0
dlinear_raw_level,0,taiwan,5109,0.6257503987630209,0.6101671765134299,0.01983917264313871,11.853510182167533,1.0,1.5565299835205089,-0.05089591427122781,-0.000316816629186473,1.0,0.5572052307128921,0.019020505611997775,0.0015509522472110734,0.0,0.9653996582031255,0.027629577282056412,-0.002569105556941874,1.0,0.4267494354248029,0.0026178307310159277,0.01601039737359645,0
dlinear_raw_level,0,uk,5109,0.007852553738025922,9.181230814885029e-05,0.00991977167134391,2.648604012854627,0.0,0.0017513074220886216,0.001745851875378056,-0.00047313026139479377,1.0,0.002924033717346175,0.005666886538426505,0.0019737883628574357,0.0,0.007232722956481918,0.0036724146754033554,-0.005505971627778573,0.0,0.009935899312652596,-0.007471865647629836,0.0051399769456997625,0
patchtst,0,australia,5074,0.04306499322636921,0.002830026325362298,0.028762878125497455,6.204160455859758,0.0,0.005522984008789145,-0.0001434657446496118,0.0035701717110648945,0.0,0.019421903038024935,-0.007736547868359667,0.005360538409719666,0.0,0.09889482036590569,-0.04417291696196818,0.023129576273248673,0.0,0.09104324146270759,-0.02973949083978937,0.03151861230497333,0
patchtst,0,canada,5074,0.023290824228922532,0.0009604360876252141,0.017464611717844896,4.812877429585846,0.0,0.00806235179901127,-0.002263576093212952,0.0037832719820559643,0.0,0.022708904647827044,-0.0123547004533684,0.004754871460581495,0.0,0.07329107418060299,-0.042503674161214915,0.013308925405037546,0.0,0.04970893096923823,-0.025665392307484377,0.011900683251169941,0
patchtst,0,denmark,5074,0.1340942593129476,0.030782473664206132,0.01969814976772687,5.456184703800843,0.0,0.049187184143066,-0.006630032064293617,0.000632827582966889,0.0,0.08615774688720723,-0.01159510026466441,0.0011549766426435053,0.0,0.38511470336914044,-0.0444252518860149,0.01315514987952081,0.0,0.296897473907471,-0.02520135936701275,0.018646604132181027,0
patchtst,0,eurozone,5074,0.03538990653355914,0.0021365493812502603,0.019819185857537266,5.478369198594079,0.0,0.012996083641052314,-0.0066997719192945894,0.0006172493322063698,0.0,0.022672493362426716,-0.01161471553586808,0.0011780546633385607,0.0,0.10129961452484126,-0.04418239948026372,0.013547623160786157,0.0,0.07880878162384031,-0.02535812610866676,0.01901483359791864,0
patchtst,0,japan,5074,4.027141723632813,26.306248666863144,0.02768231298813095,8.644096533403786,0.0,0.6032348632812443,0.0025168444027178862,-0.001666435602972696,0.0,1.8325286865234318,-0.008692650948540537,0.004050340468773376,0.0,10.231082763671878,-0.048187715609021714,0.023653109697389724,0.0,9.277129516601576,-0.022323994662903957,0.04141568532466658,0
patchtst,0,norway,5074,0.29437210154215504,0.13623275325702894,0.02854292369566525,6.942739867395497,1.0,0.011931211853028145,0.010367824537063183,0.011520299848726621,0.0,0.16985327148437435,-0.01434589558776335,0.002341007701973445,0.0,0.5866918395996095,-0.03597048458271142,0.021725180579216137,0.0,0.5891371337890625,-0.0313644106493451,0.026306210954661614,0
patchtst,0,south_korea,5074,22.67625569661459,936.726438665608,0.017225724535296454,4.729475691309886,0.0,7.7072021484375455,-0.005493951336487562,0.0003800258463308073,1.0,12.570654296875091,-0.010984626501156248,-0.0013692900850049057,0.0,78.72639160156245,-0.04539232573089466,0.015351550895363879,0.0,46.663745117187545,-0.020477924640859197,0.015089501291618203,0
patchtst,0,sweden,5074,0.3066544553120931,0.14596477615534476,0.0299029157428676,7.149087412316203,1.0,0.010071446228026915,0.003716124209626387,0.002731814094881821,0.0,0.082119023132325,-0.0022693550566188973,0.005768184501909771,0.0,0.6274475799560548,-0.03788339323984511,0.024053779037288833,0.0,0.5800978195190432,-0.03230323708785153,0.024780971770616108,0
patchtst,0,switzerland,5074,0.02478265878359476,0.000977754670761408,0.029026405661340845,5.6525599439926175,0.0,0.005923643016815139,0.0057938200733459785,-0.0011808468042745297,0.0,0.008926388931274398,-0.0063057769408960684,0.004239540001305034,0.0,0.0539321081161499,-0.04013148647711164,0.02402027687517722,0.0,0.06334537220001224,-0.03597959971526278,0.03865998478196627,0
patchtst,0,taiwan,5074,0.5566896240234375,0.5414901139013015,0.017944425958258032,10.54530071369215,0.0,0.04555078125000023,0.0009686138054052809,-0.0004999717862017588,0.0,0.3903585205078137,-0.008870667707354347,0.003749873631473446,0.0,1.6343111267089832,-0.04391490984962609,0.009691833056025083,0.0,1.1614349060058586,-0.0266482241495387,0.011096081136525044,0
patchtst,0,uk,5074,0.013662944280411786,0.0003321604821562773,0.017410028480811676,4.608402598159764,1.0,0.0006042852381286101,0.0008878325966434248,0.00011763538151452835,1.0,0.0077736939078979495,-0.010714637794825538,-0.0007447032772377848,0.0,0.0379018321988831,-0.04528763575692087,0.004046759560354596,0.0,0.030280052271636992,-0.02575263505545917,0.01310303746251729,0
patchtst,0,australia,5079,0.04105828771336873,0.0024242221551406843,0.027358662319083453,5.915064323303301,0.0,0.019015942993164003,-0.007211781771376969,0.00553851475412603,0.0,0.05623695156097419,-0.020417354501365677,0.01731481107806327,0.0,0.10865676536560054,-0.05060543328011076,0.02317754316786501,0.0,0.07290905906677247,-0.028051367551461138,0.020962543179713404,0
patchtst,0,canada,5079,0.02116861931482951,0.0007640406564891641,0.015824075048505172,4.3743394014077435,0.0,0.01105376586914053,-0.004570069704737993,0.0036909353113898026,0.0,0.03156486053466789,-0.017912328043999212,0.005809855826869693,0.0,0.06734339485168461,-0.04949490173326312,0.0020149260548384808,0.0,0.042474860191345165,-0.023334316649345918,0.008628117046252578,0
patchtst,0,denmark,5079,0.1293645956166585,0.028577500268412208,0.019006523847253563,5.263738592788818,0.0,0.06668533096313478,-0.008259070647302864,0.0015794948166763685,0.0,0.16646130218505828,-0.016966833157978024,0.0076245951927842144,0.0,0.4109477653503415,-0.049556221363325374,0.012007437801421104,0.0,0.26223447265625044,-0.026022288452530677,0.012791700308124406,0
patchtst,0,eurozone,5079,0.03408865418752036,0.0019920158375716893,0.019093306194833144,5.276934906435744,0.0,0.017022170829772865,-0.008231679932708727,0.0013446510135962755,0.0,0.04317532386779788,-0.016777370504751525,0.007540250202320179,0.0,0.10859238014221195,-0.04950075725835389,0.01250799787792041,0.0,0.06956609115600587,-0.02605114068768077,0.013199857485697682,0
patchtst,0,japan,5079,4.293012369791666,25.47549113282107,0.029381126277474967,9.214777102530215,0.0,1.7062646484374966,-0.004475466540369471,0.007297543658475331,0.0,6.06569335937499,-0.018731563339542553,0.023086091711111995,0.0,8.998693237304678,-0.05294893218387349,0.010550469877736775,0.0,9.373592529296872,-0.02493142046030549,0.039360225325944576,0
patchtst,0,norway,5079,0.31766747497558584,0.14161416037904437,0.03079719935062315,7.492159180621364,1.0,0.0801522842407234,0.000968715732932132,0.00873994922288381,0.0,0.49799829101562487,-0.024633378013033155,0.023898616490111765,0.0,0.6935114044189454,-0.04910729108953396,0.019455838457012098,0.0,0.5424862014770504,-0.026936540679916205,0.025937014132145435,0
patchtst,0,south_korea,5079,26.60001220703125,1150.9073378011192,0.020213817116762154,5.54783438698313,0.0,29.591113281250045,-0.017695410106533905,0.004973717943503599,0.0,47.2261962890625,-0.01679320682309183,0.019113544380005773,0.0,84.60761718749995,-0.051914591016895176,0.013721888365355027,0.0,49.972851562499955,-0.02510827606200909,0.013158582118415007,0
patchtst,0,sweden,5079,0.2664136705525716,0.10170337899913472,0.02591397832315172,6.210947160959888,0.0,0.09443636627197272,-0.00405736835195157,0.005143674134174156,0.0,0.36047915191650404,-0.013132106443846296,0.021854288441563292,0.0,0.6829930664062491,-0.05045123656647094,0.017232141266342878,0.0,0.3613217391967769,-0.029969919183558912,0.0056817920434577025,0
patchtst,0,switzerland,5079,0.025427309026718137,0.0009115791775512802,0.02966298538858109,5.799595182381827,0.0,0.005063864040374733,-0.0011333337250786137,0.00480657431837697,0.0,0.027010678195953375,-0.010704813626788559,0.020874671404474427,0.0,0.047082808303833046,-0.043819225509224326,0.01237972014842269,0.0,0.055925855445861816,-0.030819519179280472,0.03476100557405372,0
patchtst,0,taiwan,5079,0.5529290761311845,0.5224007739841514,0.01776759907633112,10.474065133468043,0.0,0.3635592041015627,-0.007531963243947183,0.0041678749699512645,0.0,0.7910674133300795,-0.015396706742612943,0.010085193563769357,0.0,1.6829461975097644,-0.04827604804884585,0.006915568318205883,0.0,1.2603986206054678,-0.02661193664465858,0.014132143643966578,0
patchtst,0,uk,5079,0.014025126811466464,0.0003413229611361742,0.01789949654248786,4.730563889523104,0.0,0.0061175757683105125,-0.005505073659176886,0.002314315709650644,0.0,0.01649486423397828,-0.014730438812920882,0.006406876392017224,0.0,0.042594954878814706,-0.0494085762891741,0.006130889811181117,0.0,0.025872188704193166,-0.026826923667699613,0.006525180133871974,0
patchtst,0,australia,5084,0.02593320606867473,0.0012027354759474697,0.017091304527625365,3.7360686611327933,1.0,0.002933646392822231,-0.0027717253744628163,-0.0008365803456784555,1.0,0.01887052806854239,-0.013423639676259837,-0.0009090730058284719,0.0,0.09618203750610355,-0.0494278380611424,0.014991883137397475,0.0,0.054052636566162215,-0.028100423808901265,0.007850739310200541,0
patchtst,0,canada,5084,0.020763054682413743,0.000739256475032246,0.015427650752749471,4.2905324546716885,0.0,0.0038481060028077163,0.0015199598037182644,-0.0013377431298973997,1.0,0.018601319503784186,-0.015230190596412499,-0.00130055942379308,0.0,0.06353583831787102,-0.04833732025487794,0.0,0.0,0.040520667076110906,-0.023840685303882076,0.006514439886830203,0
patchtst,0,denmark,5084,0.10696292475382493,0.020945021099761214,0.015622051323167675,4.352233100103109,1.0,0.03340799636840863,-0.00498977223452558,-0.00010215548073028573,0.0,0.06889589614868186,-0.008734803951385742,0.0013562191278611154,0.0,0.39616661834716815,-0.04813916078748951,0.010755288952989014,0.0,0.22541783752441447,-0.029419941905800426,0.003896000063516275,0
patchtst,0,eurozone,5084,0.028045167528788252,0.0014543641135708132,0.015618039145668498,4.341401179272138,1.0,0.008504798889160226,-0.004967272336389505,-0.0002225994054657678,0.0,0.018528239059448337,-0.00845353627113879,0.0018900970132022593,0.0,0.10441288337707522,-0.04799256760579526,0.011177319298684608,0.0,0.06015036945343022,-0.029505041083153,0.004386215460327572,0
patchtst,0,japan,5084,2.4688393351236972,10.287014934926011,0.016650947926703723,5.299263597562796,1.0,0.009812011718736358,-0.001589243599371063,-0.0016556015472261314,1.0,2.1103143310546955,-0.014488260830046073,-0.00013504844883603211,0.0,8.456956787109362,-0.04942373052661367,0.008839650871474966,0.0,4.8848876953125,-0.0195331618950956,0.01354679872396728,0
patchtst,0,norway,5084,0.1767080437723795,0.05602872351713287,0.01683889547083998,4.1676435163550325,0.0,0.07349311523437585,0.0063479146176549615,-0.0006232767907472376,1.0,0.06411973266601478,-0.016649016589157895,-0.010466243122989119,0.0,0.6499242919921873,-0.052135954054416074,0.01096489765654799,0.0,0.3040811706542961,-0.02895141992290535,0.0003899451272983517,0
patchtst,0,south_korea,5084,24.042498372395833,812.802262153268,0.017965109182881116,5.01442624090623,1.0,14.825537109375091,-0.011209369921730168,-7.468538783852691e-05,1.0,16.0086669921875,-0.014108518785542978,-0.002055883351917516,1.0,53.9239501953125,-0.0495056162392183,-0.008060780360119908,1.0,23.07998046874991,-0.023026324234456014,-0.005541839990302709,0
patchtst,0,sweden,5084,0.18172288904825837,0.051286637523474704,0.01737583186693398,4.23653658415771,1.0,0.005068589782714739,-0.002863635451676617,-0.0033485666142966707,1.0,0.09628115081787136,-0.014601603800582683,-0.005326664502177285,0.0,0.5325130691528326,-0.050688893769595206,0.0013629628915511488,1.0,0.1952739578247069,-0.03537117069465529,-0.016259739092796887,0
patchtst,0,switzerland,5084,0.016250131940841676,0.00045430614281862246,0.018724675699021497,3.7064160748644657,0.0,0.002568348026275591,-0.002440941949995694,0.000517762128638515,1.0,0.0009861499786376626,-0.007724718078028402,-0.006581629901235447,0.0,0.049732087516784707,-0.051944162481279775,0.006595762491114536,0.0,0.04124862079620362,-0.02931090964121111,0.018416096742005107,0
patchtst,0,taiwan,5084,0.5360952234903973,0.44555242529330175,0.017070629657226295,10.155183604863142,1.0,0.05206314086914077,-0.004656376676689445,-0.0029941572640319286,1.0,0.2880823669433603,-0.013563650669147359,-0.0043189038805565745,1.0,1.3729577026367181,-0.047413334268070706,-0.002643313641002745,0.0,0.9402179412841782,-0.024589995201462305,0.005597902327408193,0
patchtst,0,uk,5084,0.013300144623159793,0.0002774646495301619,0.016883199754135377,4.48603315503113,1.0,0.001690410800506581,-0.0051445424989112745,-0.0029923637665361554,1.0,0.006388546366882353,-0.011427921196683592,-0.0032675262988974643,0.0,0.04103774535919191,-0.04722342155285581,0.005892722593514013,0.0,0.02607732145385744,-0.03146152567111806,0.002092092104712275,0
patchtst,0,australia,5089,0.02777439447784423,0.0012509064696206314,0.01826442067409312,4.001319563644541,1.0,0.020580137138366705,-0.013963499263798026,-0.00030320807556745693,0.0,0.03651462791442861,-0.01318487489524987,0.010906863231044889,0.0,0.08943771274566648,-0.04892402472585593,0.011135001849058076,1.0,0.03326190151214603,-0.029740425069737158,-0.007408715274944289,0
patchtst,0,canada,5089,0.02143109140396117,0.0007909549386535839,0.01593404142764027,4.428577327093057,0.0,0.011215437889099178,-0.007963084061016718,0.0004089295397047036,0.0,0.021544922828674373,-0.01573625852681842,0.0004089295397047036,0.0,0.06957130069732664,-0.049015046843541105,0.0038966148797257164,0.0,0.033664386558532655,-0.024896021558342946,0.00044609666167298896,0
patchtst,0,denmark,5089,0.11287020123799649,0.020417058352022448,0.016437515749151962,4.592595303222025,0.0,0.13369497604370117,-0.013563686805721046,0.00599341430764148,0.0,0.13401771926879924,-0.013862533690131013,0.005747121377176756,0.0,0.3879095024108885,-0.048208862516462406,0.009420724768049935,1.0,0.14299714813232445,-0.03011952347993036,-0.008870536014849337,0
patchtst,0,eurozone,5089,0.02930860099156698,0.0013928558468139832,0.016267872799349166,4.536981095833843,0.0,0.034696369171142605,-0.013416848722213584,0.005925040867672143,0.0,0.03486669960021982,-0.013850552200270582,0.005593723048025702,0.0,0.10161551818847658,-0.04825091557043554,0.009287222285482231,1.0,0.037221122550964436,-0.03000390766070332,-0.008925891176575298,0
patchtst,0,japan,5089,2.6815755615234376,11.739712135063035,0.018084074016846353,5.755893287638006,1.0,1.2284515380859489,-0.011125928261963205,-0.0027725200340451006,0.0,3.2988238525390727,-0.02125149575708897,0.001248502802590708,0.0,9.084022216796882,-0.04923239536015074,0.013215460329783595,1.0,2.2350329589843625,-0.022364122488435882,-0.007047770845545056,0
patchtst,0,norway,5089,0.2305697516886393,0.0827876889662943,0.022085071646226802,5.437967113316812,0.0,0.14109335937500056,-0.007937304036587075,0.005641189301927065,0.0,0.37978997955322313,-0.016475774130101747,0.01996697376302539,0.0,0.6904187118530274,-0.05414362202397732,0.013572071655349731,1.0,0.28660093231201245,-0.030644239452550834,-0.0026325620103226604,0
patchtst,0,south_korea,5089,22.938038736979152,788.9350572943687,0.01715721150705867,4.78407449908335,1.0,28.019775390625,-0.021574201893271777,-0.0003742515013742409,1.0,8.587792968749909,-0.016781973359730442,-0.010267687098693058,1.0,62.28134765625009,-0.04937998450698998,-0.0015727984069026778,1.0,24.46962890624991,-0.031062808481412275,-0.012349089579575596,0
patchtst,0,sweden,5089,0.22102385320027682,0.06895618758565192,0.02116903015190327,5.1527666380310055,0.0,0.2332923690795905,-0.01734608397393661,0.005159740692969938,0.0,0.2251692550659179,-0.016300438442300034,0.005407731728411105,0.0,0.5334203659057621,-0.04989335988591157,0.002475598436303366,1.0,0.10144259948730472,-0.03366443596548135,-0.023654700932436948,0
patchtst,0,switzerland,5089,0.020428507019678757,0.0006335828417873824,0.02359697494801915,4.659441971232215,0.0,0.009450684833526624,-0.010306269634240249,0.0006948465826757982,0.0,0.017173359966278112,-0.017262791423744206,0.002776494148292223,0.0,0.05904204282760617,-0.04974827473576987,0.019673141728528243,0.0,0.0417520253181457,-0.034775217843185165,0.01409162592840087,0
patchtst,0,taiwan,5089,0.5079521921793619,0.43371268171954597,0.0162311017962989,9.622073743707858,1.0,0.20332762145996242,-0.009075351135001242,-0.0025426791774536602,1.0,0.4163677825927721,-0.016371961499824967,-0.002943060345669361,0.0,1.6478180999755843,-0.050084171833450875,0.0037780709847343276,0.0,1.0546223907470704,-0.029831824318923582,0.004287098276406405,0
patchtst,0,uk,5089,0.01329085187650046,0.00029077885228064623,0.01690537970598529,4.482898785383564,0.0,0.012108820574462942,-0.01208540283019808,0.0033858300407524546,0.0,0.01460467549374389,-0.013615315903460355,0.005043551093050154,0.0,0.04443725575112911,-0.04688730671449668,0.010668664665780607,1.0,0.01466596224749761,-0.031571390397000486,-0.01249869817661338,0
patchtst,0,australia,5094,0.026808416709899884,0.0010621357297237138,0.017475908289134534,3.862155927007758,0.0,0.03225271224975579,-0.013938271458364505,0.0071582452992853115,1.0,0.011232018585205061,-0.007585522580734861,-0.00023471117593732734,1.0,0.05882983100891104,-0.043249616643960424,-0.003984511421466864,1.0,0.03277213470458995,-0.029325905040370626,-0.0075644909850468445,0
patchtst,0,canada,5094,0.020728032576243085,0.0006792974916678596,0.015400398668222622,4.2832953941594205,0.0,0.018082969284057615,-0.0070741876852151876,0.00637251610023277,0.0,0.017568190002441364,-0.012467804337366967,0.0006687969336007396,0.0,0.06073274974822995,-0.042467054493828586,0.0035617594141290295,0.0,0.04057573261260994,-0.024589570828495895,0.00585533840122836,0
patchtst,0,denmark,5094,0.10870097366333002,0.018913401212136503,0.015754544207704307,4.422952875305176,0.0,0.13390030212402326,-0.011981996294344452,0.007463205983752149,0.0,0.07175481948852536,-0.00897368233134643,0.0014623801753336125,1.0,0.27256804122924816,-0.04125346138866489,-0.0009205133780137824,1.0,0.16708969039916965,-0.032304927012552484,-0.007606922148817015,0
patchtst,0,eurozone,5094,0.028387397518157952,0.001291537060596905,0.01568279059593862,4.394378494451545,0.0,0.034395947265625004,-0.01194298492702326,0.007099253854666844,0.0,0.019163782119751005,-0.009190075332211221,0.0014349184282758539,1.0,0.07199933090209965,-0.041439672346918685,-0.0008287751178842344,1.0,0.043326494789123426,-0.032343882420940974,-0.007929068433687556,0
patchtst,0,japan,5094,2.6948789062499987,11.24199249809925,0.01815615497225126,5.784448378053302,0.0,2.4486236572265625,-0.012512184454943075,0.004072091645529477,0.0,3.1742431640624886,-0.014396265998660883,0.0070902025884348715,0.0,8.731623535156245,-0.04480509368655107,0.014961370198499606,0.0,4.066910400390611,-0.021797254403851586,0.005850526085713935,0
patchtst,0,norway,5094,0.20525756795247407,0.063033492366323,0.01933321605715732,4.840981508243268,0.0,0.22651758422851564,-0.013443672714008438,0.007958746843159387,1.0,0.09813062591552679,-0.014261802902653652,-0.004926083436939399,1.0,0.31666284484863283,-0.04001832481586428,-0.009434143877459982,1.0,0.31138519592285085,-0.03069307434861571,-0.00088613209165791,0
patchtst,0,south_korea,5094,20.70217203776042,685.8515312477954,0.015645684686286892,4.317750722158267,0.0,21.89064941406241,-0.010367063605096524,0.006218339583605476,0.0,12.0880126953125,-0.004879580273275353,0.004262790090490674,0.0,55.64316406250009,-0.038217806754525616,0.004563892881730177,0.0,44.809521484374955,-0.028264696006209317,0.005992894328273314,0
patchtst,0,sweden,5094,0.22538590377807624,0.07612574770434302,0.02151025701223595,5.254459864192989,0.0,0.34345165100097574,-0.01931661774901972,0.013531544753913455,1.0,0.054550947570801256,-0.007726166341997449,-0.002497023252609783,1.0,0.21388132171630936,-0.035294880262815354,-0.014384521859652784,1.0,0.24268228149414028,-0.03515667093821422,-0.011466899099972222,0
patchtst,0,switzerland,5094,0.018531939284006756,0.0005370417827612116,0.021335550210368294,4.226862767066079,0.0,0.011556303787231492,-0.0064978488566810435,0.006850327568657392,0.0,0.016811907291412354,-0.008599610358864515,0.010800978265397406,0.0,0.05057469081878663,-0.0402814400949518,0.01876914791457419,0.0,0.04500561466217046,-0.03163614685512601,0.02063814854358908,0
patchtst,0,taiwan,5094,0.5441280248006186,0.48339605783310174,0.01742220571709879,10.307347937974653,0.0,0.42769624328613176,-0.008467743804701512,0.005256232894785877,0.0,0.4640793762207025,-0.010291106857242981,0.004618650585223109,0.0,1.6391943511962879,-0.04328232785307102,0.010104476759868718,0.0,1.305039001464845,-0.029027456646126378,0.013112854980763108,0
patchtst,0,uk,5094,0.012431557853545121,0.0002531993302351205,0.015737941392934583,4.193065735734971,0.0,0.016073353890655562,-0.009447278681037084,0.010882623197563217,0.0,0.008654621312103261,-0.009136134461278492,0.0018583323584185328,0.0,0.03446960078576655,-0.04171517642496213,0.0027689881734933404,1.0,0.01887888944424443,-0.030802182245280738,-0.006457478881259417,0
patchtst,0,australia,5099,0.02809699966430664,0.001258252684947033,0.018346843267278787,4.0477956963629325,1.0,0.0401418993759155,-0.028091299561472487,-0.0015269669187689696,1.0,0.019930012664794994,-0.014012516451255836,-0.000919816232088684,0.0,0.07091544269561778,-0.04589547468301418,0.001381395689736537,0.0,0.04972870754241954,-0.032882199685486134,7.824317984291168e-05,0
patchtst,0,canada,5099,0.02171519760131834,0.0008143558874114586,0.016139196271274945,4.4872857820376355,1.0,0.020650902938842863,-0.016365330193929817,-0.0008918286793769926,0.0,0.02144345474243159,-0.01447370512695834,0.0015587889142064401,0.0,0.07169466743469233,-0.04675820763680131,0.007548601986410572,0.0,0.04865031681060783,-0.02649684275699248,0.009941872518831081,0
patchtst,0,denmark,5099,0.11782729331970211,0.023543259434552502,0.017067223221886658,4.794295287472752,0.0,0.13242687683105459,-0.017768903897486914,0.0015469248922918041,0.0,0.09024912414550812,-0.011825114447765975,0.0013013116163819586,1.0,0.2844033821105958,-0.045541287990074675,-0.0033768392728794725,1.0,0.18927242584228487,-0.030134753505360223,-0.0023031305220199633,0
patchtst,0,eurozone,5099,0.03075837343851724,0.0016137841073870407,0.016982407181991458,4.761406348576773,0.0,0.03471767921447744,-0.01753471029857723,0.0017632315778509087,0.0,0.024042007446289038,-0.011951464570401533,0.001377790242755764,1.0,0.0749409996032715,-0.0456078895824841,-0.003259131206126664,1.0,0.04860596847534171,-0.030009281483122874,-0.002761288514131686,0
patchtst,0,japan,5099,2.62045155843099,11.86078310081494,0.01754835771765447,5.624693091692937,0.0,4.5537854003906375,-0.030072906996917094,0.0008702055572906653,0.0,3.479827270507826,-0.01735943194881023,0.006075596202591931,0.0,6.91769592285155,-0.04501414956698565,0.0023077319226860113,0.0,5.123447875976552,-0.020933799785553868,0.013502932312931152,0
patchtst,0,norway,5099,0.2071626565551758,0.06858973713864117,0.019621542732890872,4.885912853719306,1.0,0.22142413787841875,-0.026271299488765297,-0.004974260915164736,1.0,0.04945760650634767,-0.009223607264435005,-0.004508060440520505,0.0,0.5206338577270504,-0.046699925261030686,0.0036673528912634294,0.0,0.4750250198364263,-0.027871829220610895,0.01734325222322015,0
patchtst,0,south_korea,5099,21.499995930989584,750.2989494761823,0.016193066175107677,4.484148947661469,0.0,28.15673828125,-0.02142628467094592,0.0,0.0,23.993579101562545,-0.012723995018109257,0.005406027356737393,0.0,60.65041503906241,-0.04409796057665875,0.0025189403698171135,0.0,51.10659179687491,-0.03135924725448356,0.007575225604282587,0
patchtst,0,sweden,5099,0.22110134516398106,0.07648738139284403,0.021180153493841836,5.154573221345473,1.0,0.24765921936035085,-0.02735207732554452,-0.003308716522736,1.0,0.052424098205566594,-0.00545244378440849,-0.0004255451464811982,1.0,0.33328984375000026,-0.04350098860054282,-0.01076098307084595,0.0,0.4283788726806641,-0.03272352119572704,0.008724285421158634,0
patchtst,0,switzerland,5099,0.01643990563074748,0.00046155284812271285,0.01876202379331406,3.749700662178209,0.0,0.020905346870422337,-0.022719395569542427,0.0014275519911853237,0.0,0.017848133563995394,-0.01392291386503986,0.0065499308637326885,0.0,0.04424080543518072,-0.0452254916926315,0.00632282588347987,0.0,0.051351742267608635,-0.03264331966161238,0.02622453963601358,0
patchtst,0,taiwan,5099,0.5411929901123046,0.4862018110483248,0.017250504049120593,10.251749949332986,0.0,0.5769753417968744,-0.018570701466940218,0.0,1.0,0.4167049102783196,-0.013474461766890157,-9.567241771495016e-05,0.0,1.6245222778320318,-0.04478884905127188,0.00797234561765515,0.0,1.5097654571533212,-0.02934240653176049,0.019046690758222743,0
patchtst,0,uk,5099,0.014250050748716218,0.0003369853255534998,0.018023548140856698,4.806428947268831,0.0,0.014785113988830534,-0.01736293018952751,0.0014653756695610272,0.0,0.011211036291870147,-0.010404198556277005,0.0038065071951669588,1.0,0.035878454546600325,-0.04767268259484277,-0.0012260964772102213,0.0,0.027739667571929916,-0.03308822012190062,0.0024963844163598202,0
patchtst,0,australia,5104,0.026525404074351,0.0010009784471178955,0.017320109498550913,3.821383697165495,1.0,0.018895950431823794,-0.013956628841978336,-0.0015283731682420696,1.0,0.0026097912979126114,-0.006909156279971785,-0.005195530715540295,1.0,0.03202229415893565,-0.03510988631706307,-0.013694613381398579,0.0,0.041667383003234804,-0.02717516081398434,0.000384990592061545,0
patchtst,0,canada,5104,0.020911835180918357,0.0006874140613367841,0.015509833345870031,4.321276849811049,0.0,0.014925742721557667,-0.010307524361980512,0.0008155397842289279,0.0,0.017348641395568798,-0.011449416323292539,0.0014823052556641992,1.0,0.05385415935516358,-0.04114975648840309,-0.0003709198855581943,0.0,0.0357048244476319,-0.02303716554536575,0.003701651459750884,0
patchtst,0,denmark,5104,0.12064602198282882,0.021202133508593804,0.01744648851586972,4.908987029645133,0.0,0.04209335021972649,-0.0057447808610477935,0.000353952899066077,1.0,0.01149918975830122,-0.006370738490916298,-0.004699927181412978,1.0,0.14762759246826196,-0.03646704420247459,-0.014584349911352016,1.0,0.16246237182617218,-0.025843670885392814,-0.002039473915334126,0
patchtst,0,eurozone,5104,0.031610986493428556,0.0014673414238283275,0.017423369292807262,4.893391130563017,0.0,0.011202573966979879,-0.005800944979008109,0.0003854413350951085,1.0,0.003656109428405774,-0.006661881980247998,-0.004636921448882439,1.0,0.03905022335052499,-0.03662583536320202,-0.014562354280197027,1.0,0.04122062416076666,-0.0256719656141185,-0.002647036039771407,0
patchtst,0,japan,5104,2.813453755696611,11.077018458319204,0.01875247190545302,6.038964487837918,1.0,3.4660711669921795,-0.023818351450504698,-0.00046604528140481314,0.0,2.231853637695309,-0.012942269703182782,0.0019948804700513807,1.0,4.176865234374986,-0.04264347659279805,-0.014042962235818494,0.0,4.338179321289061,-0.021721749943729295,0.007361264091815167,0
patchtst,0,norway,5104,0.21409642771402987,0.07268066873742324,0.020303268170331134,5.049445230611617,1.0,0.056291700744628415,-0.006952874673441075,-0.001575489334350877,1.0,0.018289576721191025,0.00023400999797512135,0.0019718108794572636,1.0,0.2662854492187492,-0.03391176401465202,-0.008046209781820884,0.0,0.5345998703002923,-0.01910562236214393,0.031428208837002675,0
patchtst,0,south_korea,5104,24.713304036458332,898.4268423473037,0.018524585288711648,5.15433289587706,1.0,13.787084960937591,-0.010604598387403488,-0.00022466861473963785,1.0,2.1729003906250455,-0.0016690693910585868,-0.003300209258208015,1.0,46.38967285156241,-0.038929662447107896,-0.003450477863622421,0.0,39.080322265625,-0.02140406519872329,0.008054635782808347,0
patchtst,0,sweden,5104,0.2421901475016277,0.08134640177965292,0.023181144676966598,5.646220052888991,1.0,0.08431916351318414,-0.011720231312390498,-0.003593265781473427,0.0,0.16320867156982466,0.0023653295237844826,-0.01333099522524845,1.0,0.10006900329589818,-0.030574633581695324,-0.020754399797766734,0.0,0.5608384490966802,-0.03140035286337157,0.02247636295657556,0
patchtst,0,switzerland,5104,0.016654667695363355,0.0004333516298721099,0.018876363201639774,3.798684730212929,0.0,0.013599358367919923,-0.014063064897163925,0.0014749265210678467,0.0,0.009129593181610107,-0.010075674062743614,0.0003405607933925783,1.0,0.031872375297546385,-0.03886343416293606,-0.0019320383325484405,0.0,0.040944305133819525,-0.024125544067948545,0.022398421568350126,0
patchtst,0,taiwan,5104,0.5486614323933922,0.5257940275916336,0.01746911301707827,10.393223701165669,0.0,0.4327521514892574,-0.012621039275896199,0.0012589542782027855,0.0,0.337178939819335,-0.003952209447939317,0.006785936138914832,0.0,1.3527650604248045,-0.038434419146848406,0.005422911916480519,0.0,1.4821338806152369,-0.02696272342564597,0.020455581530847432,0
patchtst,0,uk,5104,0.014674265412033078,0.000303637355804949,0.018491188017123707,4.9495131842008115,1.0,0.006606012217071577,-0.008469255592198384,-0.00011917260733886059,1.0,0.0015284837315673316,-0.005386547789735888,-0.007322560605883177,1.0,0.015201558021087691,-0.03567295221998206,-0.01603943733256793,1.0,0.0196733628390503,-0.028854183412305917,-0.003687773595334762,0
patchtst,0,australia,5109,0.022520267381032293,0.0007881621166359117,0.014792309914187047,3.244383474214437,0.0,0.03393408004760734,-0.01923160654604015,0.00320949761985822,0.0,0.0222969507598878,-0.010470728570338742,0.004203007208550385,1.0,0.06331552371978755,-0.0463142090704422,-0.0037267491298609034,1.0,0.044732280464172325,-0.03151091787675146,-0.0016743328741857862,0
patchtst,0,canada,5109,0.020577152665456136,0.0006598440009616432,0.015253585073459447,4.252117170921503,0.0,0.02042700557708743,-0.014266817816839042,0.0009623214896169623,0.0,0.020946859359741277,-0.01188059695368746,0.0036961786674470803,0.0,0.06251153049468994,-0.04616048798849404,0.0011842642293013908,0.0,0.049486914062500054,-0.02956585391193599,0.007489013660039915,0
patchtst,0,denmark,5109,0.11067864850362147,0.01840507306933537,0.016088187365296908,4.503422831796804,1.0,0.054390336608887146,-0.01071908223466104,-0.0027694506061743842,1.0,0.0759775489807133,-0.012376756703033247,-0.0012711050518241123,1.0,0.2865512947082518,-0.048415875280806625,-0.00567798690840762,0.0,0.20456431732177727,-0.029145967721967713,0.0009722122219740152,0
patchtst,0,eurozone,5109,0.029081900800069182,0.001267277410058592,0.0161102695805515,4.501887831452395,1.0,0.013917997932433979,-0.010522424592777049,-0.002770315094200992,1.0,0.02028082256317143,-0.012572589545539884,-0.0012733918230497774,1.0,0.07438719043731679,-0.04839687551715686,-0.006104855655836833,0.0,0.05208359165191645,-0.028899268986875944,0.00033192266506706637,0
patchtst,0,japan,5109,2.702049763997399,10.916755203592468,0.017961498185689675,5.79984033365101,0.0,4.036976928710942,-0.025751241308369588,0.0013940522703743087,1.0,1.63433837890625,-0.013673543732024047,-0.0027273348908653425,1.0,4.842328491210935,-0.04892266649231037,-0.015700381088925824,0.0,4.725898437500007,-0.024926279230889394,0.0067529800803068606,0
patchtst,0,norway,5109,0.23429177729288722,0.0780389059197908,0.02218586966719475,5.525750756585665,1.0,0.17888240051269477,-0.018741839278091192,-0.001586645907589266,1.0,0.07938024291992107,-0.009225354275836407,-0.0016484525147353142,0.0,0.5489459548950197,-0.051029609644167404,0.002361052286116446,0.0,0.556898211669921,-0.03380579251690838,0.019437346198821655,0
patchtst,0,south_korea,5109,22.184126790364598,784.1835796313093,0.01669116882526536,4.6268347734158555,1.0,26.1805419921875,-0.019903419597694406,-3.7565034470292516e-05,0.0,23.73562011718741,-0.017572541892993374,0.00041312227128786867,1.0,49.700244140625045,-0.048527440972354306,-0.010080311878375336,0.0,62.109814453124955,-0.030791001594358918,0.016208414154788513,0
patchtst,0,sweden,5109,0.25737781717936203,0.09892161692102527,0.02482995168601618,6.00029277622511,1.0,0.1840850738525397,-0.020460409169529226,-0.002411668397625604,1.0,0.0628267150878905,-0.006196321873002607,-8.724269469128936e-05,0.0,0.4669653518676764,-0.044742835153347565,0.0015061593128447655,0.0,0.7346140838623043,-0.03939468720769411,0.032059438572451034,0
patchtst,0,switzerland,5109,0.018643236808776855,0.00049779797497949,0.021100270557372448,4.252248095406936,1.0,0.016130956935882623,-0.0190567232404568,-0.0005676657736453323,0.0,0.015165509033203128,-0.012753944184376326,0.00452976257242591,0.0,0.04391851873397823,-0.048270402181167384,0.0027203190479193388,0.0,0.046623824310302764,-0.029631489792830316,0.02344470813894783,0
patchtst,0,taiwan,5109,0.5278260182698566,0.4485653717545549,0.01673333735076416,9.998541102558908,1.0,0.48503874206543074,-0.015805416525643157,-0.000316816629186473,0.0,0.4143504791259751,-0.011640566629132989,0.0015509522472110734,1.0,1.3980360870361324,-0.04798393508884461,-0.002569105556941874,0.0,1.3980476531982404,-0.028549906007681012,0.01601039737359645,0
patchtst,0,uk,5109,0.012883264611833704,0.0002532397032206339,0.016360055698049398,4.345422837965699,1.0,0.008005317276550294,-0.010679382006407282,-0.00047313026139479377,0.0,0.008255353852081315,-0.008527065120097797,0.0019737883628574357,1.0,0.031126025002655044,-0.04599574316506715,-0.005505971627778573,0.0,0.030485017831481942,-0.03407110456612399,0.0051399769456997625,0
patchtst_feat,0,australia,5074,0.05286193580245971,0.004208182409460578,0.035484822811853875,7.615557490091544,0.0,0.014331477622985922,-0.006094955987087089,0.0035701717110648945,1.0,0.004336865997314421,0.008261806512691294,0.005360538409719666,1.0,0.03189657703399651,0.0019133569022003656,0.023129576273248673,0.0,0.09958375259399421,-0.03568322878952256,0.03151861230497333,0
patchtst_feat,0,canada,5074,0.04209779642740885,0.002504566597305796,0.031682458936466866,8.699199833777152,0.0,0.030574906921386757,-0.019344430895469604,0.0037832719820559643,1.0,0.05900667915344249,0.04789026166319131,0.004754871460581495,1.0,0.032781113243103066,0.037298469800134376,0.013308925405037546,1.0,0.029921563148498587,0.03385089441690422,0.011900683251169941,0
patchtst_feat,0,denmark,5074,0.16075769892374672,0.04066421795268908,0.023736506429203757,6.541098048343346,0.0,0.2742085464477535,-0.04054578017867059,0.000632827582966889,0.0,0.03049511489868184,-0.0033392875074150035,0.0011549766426435053,0.0,0.2112355567932127,-0.018016474409876956,0.01315514987952081,0.0,0.25283915100097687,-0.018571768172715598,0.018646604132181027,0
patchtst_feat,0,eurozone,5074,0.035235072886149105,0.002028356884386013,0.01980143599126892,5.454400898930084,0.0,0.07271576538085944,-0.04102886141828305,0.0006172493322063698,0.0,0.007364232444763141,-0.0029592351251138903,0.0011780546633385607,0.0,0.03572437248229976,-0.006433251840460503,0.013547623160786157,0.0,0.0754438610076904,-0.02342273220615062,0.01901483359791864,0
patchtst_feat,0,japan,5074,6.047175638834634,45.7997119934182,0.04157457979795734,12.98001748232002,1.0,0.4631713867187557,-0.004890329944106146,-0.001666435602972696,1.0,10.345739746093756,0.0730963487694533,0.004050340468773376,1.0,2.755023803710941,0.004809949604136755,0.023653109697389724,1.0,5.703505859375014,0.0027123868382665354,0.04141568532466658,0
patchtst_feat,0,norway,5074,0.3673607051595052,0.22329693311879165,0.035747932327038566,8.66416960052915,0.0,0.30550840606689533,-0.0184164375431013,0.011520299848726621,0.0,0.07999617004394466,-0.005483382280516492,0.002341007701973445,0.0,0.33807657470703134,-0.011113931446306142,0.021725180579216137,0.0,0.5133905975341797,-0.02376058734139346,0.026306210954661614,0
patchtst_feat,0,south_korea,5074,23.385065917968753,795.1894825621641,0.017731772227213876,4.877308770831341,0.0,19.053393554687545,-0.014204627724325137,0.0003800258463308073,1.0,1.039697265624909,-0.0005781462911215937,-0.0013692900850049057,0.0,46.712109374999955,-0.02024390565735702,0.015351550895363879,1.0,26.969921874999955,0.0350836604782509,0.015089501291618203,0
patchtst_feat,0,sweden,5074,0.32150079320271824,0.15206517127667293,0.03144127187261101,7.495202609712703,0.0,0.49705154724121137,-0.04709111906421513,0.002731814094881821,1.0,0.05543044738769609,0.0003499275036805106,0.005768184501909771,0.0,0.41918895111084,-0.016897338609555296,0.024053779037288833,0.0,0.4166246902465822,-0.015884280164555807,0.024780971770616108,0
patchtst_feat,0,switzerland,5074,0.029691233822504673,0.0012732624196004276,0.03496562979769657,6.772133710847328,1.0,0.025299296474456834,-0.031528966641121876,-0.0011808468042745297,1.0,0.016576412010192887,0.023532125039419507,0.004239540001305034,0.0,0.021715857219696044,-0.0013177466096653035,0.02402027687517722,0.0,0.05723446559906009,-0.028531419124755274,0.03865998478196627,0
patchtst_feat,0,taiwan,5074,0.49033385009765607,0.3724908288178361,0.015793713496288685,9.288331731443476,1.0,0.4472394409179685,-0.015034966502021102,-0.0004999717862017588,1.0,0.3690160980224597,0.015535705051880509,0.003749873631473446,0.0,0.49419157409667847,-0.006217115133284357,0.009691833056025083,1.0,0.10158612060546801,0.007851003329298022,0.011096081136525044,0
patchtst_feat,0,uk,5074,0.014900131695893363,0.00033538577511162587,0.019088620991155346,5.025696087974394,0.0,0.02804498529638677,-0.036296129795045,0.00011763538151452835,1.0,0.029250201094787598,-0.038786861079975476,-0.0007447032772377848,0.0,0.0158945456502686,-0.016346647267873396,0.004046759560354596,0.0,0.014716325846466094,-0.005592609821321666,0.01310303746251729,0
patchtst_feat,0,australia,5079,0.06614521321741738,0.006152816299431165,0.04449934259703657,9.529213531528788,1.0,0.02548810344696051,0.02237736938261937,0.00553851475412603,0.0,0.05567678710937507,-0.020034404967909685,0.01731481107806327,0.0,0.0710761560440063,-0.024466068022803777,0.02317754316786501,0.0,0.11371594860076906,-0.05657049228466862,0.020962543179713404,0
patchtst_feat,0,canada,5079,0.0494874540710449,0.0037261570955410667,0.03719790332770603,10.22621820529778,0.0,0.025464857673644925,-0.015443676713037258,0.0036909353113898026,1.0,0.018106908607482985,0.019168123416613867,0.005809855826869693,1.0,0.006134946250915485,0.006578208680580649,0.0020149260548384808,1.0,0.0033259334564208487,0.006161880118157914,0.008628117046252578,0
patchtst_feat,0,denmark,5079,0.18226539901733402,0.05255955579511959,0.026944469850713495,7.416228608486842,0.0,0.05106033096313478,-0.005945103997615196,0.0015794948166763685,0.0,0.16872866287231414,-0.017306001751664357,0.0076245951927842144,0.0,0.3094901695251462,-0.0340009651162554,0.012007437801421104,0.0,0.32278182449340864,-0.03520225583149685,0.012791700308124406,0
patchtst_feat,0,eurozone,5079,0.044910394668579094,0.0031090860315463333,0.025260243571267903,6.9521439005706185,0.0,0.07197252731323234,-0.03978680748152188,0.0013446510135962755,1.0,0.01425375137329099,0.015440271367071828,0.007540250202320179,0.0,0.08134411678314213,-0.03357630307644396,0.01250799787792041,0.0,0.11954184398651124,-0.05523108850541005,0.013199857485697682,0
patchtst_feat,0,japan,5079,5.2509890136718775,44.143924075208425,0.03634791626278135,11.271035152216317,0.0,6.620052490234372,-0.039175487641810496,0.007297543658475331,0.0,6.553806762695302,-0.02217394864894458,0.023086091711111995,1.0,1.1692144775390716,0.018512768777867415,0.010550469877736775,1.0,1.2825585937499966,0.030803720004676165,0.039360225325944576,0
patchtst_feat,0,norway,5079,0.3704115443929037,0.19165088094546892,0.035957697589025034,8.73612337285936,0.0,0.2265279403686531,-0.013381016000163243,0.00873994922288381,0.0,0.4813700256347655,-0.022974294954091957,0.023898616490111765,0.0,0.2953266281127931,-0.009168621112626245,0.019455838457012098,0.0,0.5834951507568356,-0.031049488491126456,0.025937014132145435,0
patchtst_feat,0,south_korea,5079,31.70423421223959,1489.0683507083459,0.024200790351800734,6.612396994657634,0.0,35.668627929687545,-0.02241556149364592,0.004973717943503599,1.0,21.14794921875,0.03478395769239981,0.019113544380005773,0.0,49.790844726562455,-0.024381022457113946,0.013721888365355027,0.0,67.42744140624995,-0.038826879904297826,0.013158582118415007,0
patchtst_feat,0,sweden,5079,0.3752659415690104,0.16891192714710834,0.036574021665982115,8.748638647403999,0.0,0.396816928100586,-0.03410144106687802,0.005143674134174156,0.0,0.3708646652221681,-0.01415844159416592,0.021854288441563292,0.0,0.26409925231933506,-0.008399265168901063,0.017232141266342878,0.0,0.6641705551147457,-0.06086348372710061,0.0056817920434577025,0
patchtst_feat,0,switzerland,5079,0.02583196225484212,0.0011439315456764501,0.030297829039421784,5.891890631731074,1.0,0.001937714767456078,0.007070210893849867,0.00480657431837697,1.0,0.0016831766128539982,0.022809932591025105,0.020874671404474427,1.0,0.0070356461524963,0.020512822255815653,0.01237972014842269,0.0,0.04644984941482544,-0.0194006238552909,0.03476100557405372,0
patchtst_feat,0,taiwan,5079,0.571060084533691,0.4282290682380859,0.018387754930222013,10.817518518614774,0.0,0.5987066802978518,-0.01517289374157804,0.0041678749699512645,0.0,0.32054357910156384,-0.00016205062552766616,0.010085193563769357,0.0,0.6170473022460925,-0.012968366867986029,0.006915568318205883,0.0,1.0959927978515616,-0.021202200787432488,0.014132143643966578,0
patchtst_feat,0,uk,5079,0.020131612823972574,0.0006569419510812708,0.025975422324546815,6.790233125385001,0.0,0.013889186981994595,-0.015527622125471811,0.002314315709650644,0.0,0.02585988641644288,-0.02693311159127882,0.006406876392017224,0.0,0.05070285549832154,-0.060339059862026395,0.006130889811181117,1.0,0.006123405797302195,0.014258758816018388,0.006525180133871974,0
patchtst_feat,0,australia,5084,0.03343520581436157,0.002342488428386032,0.022107060482912885,4.816844638906802,1.0,0.0034239542007445944,-0.0030955166559070886,-0.0008365803456784555,0.0,0.0024507686233521397,0.0007047983365624933,-0.0009090730058284719,0.0,0.08713882080078128,-0.043191114823601336,0.014991883137397475,1.0,0.003251478614807235,0.005724288562771641,0.007850739310200541,0
patchtst_feat,0,canada,5084,0.042953352934519455,0.002573793632143189,0.031988757703326494,8.875994289925877,1.0,0.042389124298095604,-0.033369610193115476,-0.0013377431298973997,0.0,0.02972100048065185,0.0205610526040019,-0.00130055942379308,0.0,0.01318362255096428,-0.009839644993834103,0.0,0.0,0.011322854995727605,-0.0018754662259135924,0.006514439886830203,0
patchtst_feat,0,denmark,5084,0.14709690416971843,0.03146542651053235,0.021546585823257126,5.985251588095252,1.0,0.11189682312011762,-0.016567624138576743,-0.00010215548073028573,1.0,0.04443065338134744,0.007810277899288048,0.0013562191278611154,0.0,0.08274441528320331,-0.0012622667449743614,0.010755288952989014,0.0,0.30164979400634806,-0.04094266588787306,0.003896000063516275,0
patchtst_feat,0,eurozone,5084,0.034372445958455414,0.002014316944001234,0.019231122540891675,5.320865966135796,1.0,0.06569545555114753,-0.03747129070518417,-0.0002225994054657678,1.0,0.016504986953735257,0.011014974679429579,0.0018900970132022593,0.0,0.02640590057373049,-0.0034591661143731096,0.011177319298684608,1.0,0.011593476486206011,0.010788477916735133,0.004386215460327572,0
patchtst_feat,0,japan,5084,4.332859029134116,31.842047403457297,0.028848526181951432,9.300306342255874,0.0,1.2729193115234239,0.006916502522303136,-0.0016556015472261314,0.0,5.989310302734367,0.039513538788486714,-0.00013504844883603211,1.0,0.09072692871095,0.00944666061201836,0.008839650871474966,1.0,1.47747802734375,0.0036563974147572702,0.01354679872396728,0
patchtst_feat,0,norway,5084,0.3213472721862792,0.167649720087466,0.030905145727655743,7.57894687097915,1.0,0.019548304748534306,-0.002485743302330787,-0.0006232767907472376,1.0,0.10611668853759681,-0.020719409019640506,-0.010466243122989119,0.0,0.3608856338500974,-0.023580626704466433,0.01096489765654799,0.0,0.4946987319946281,-0.04779336451817136,0.0003899451272983517,0
patchtst_feat,0,south_korea,5084,29.872601725260417,1321.8661356998875,0.02214233702567515,6.230382369382671,1.0,34.27768554687509,-0.026009482034918888,-7.468538783852691e-05,0.0,43.189697265625,0.029754333538887033,-0.002055883351917516,0.0,47.9716796875,0.027418764250247578,-0.008060780360119908,1.0,10.423486328124909,-0.01340042884489814,-0.005541839990302709,0
patchtst_feat,0,sweden,5084,0.23970929036458327,0.08238290200143053,0.02296067135407529,5.588383408995627,1.0,0.0567199691772462,-0.00879128139451577,-0.0033485666142966707,1.0,0.024960617065429958,-0.007722918697290259,-0.005326664502177285,0.0,0.13057463073730524,-0.011151885744963296,0.0013629628915511488,0.0,0.1882890838623048,0.0018285258844414451,-0.016259739092796887,0
patchtst_feat,0,switzerland,5084,0.024401401980717972,0.0009564716287404495,0.028246367363100353,5.565600875107619,0.0,0.030082567310333208,-0.03469863645255781,0.000517762128638515,0.0,0.04419780664443973,0.0433529061946976,-0.006581629901235447,0.0,0.014075635337829628,-0.009628011634533574,0.006595762491114536,0.0,0.05857932691574097,-0.05006361047526178,0.018416096742005107,0
patchtst_feat,0,taiwan,5084,0.3711277776082356,0.2357690863783812,0.011764194827539091,7.030226268270338,1.0,0.012745056152343892,-0.0034008132255762616,-0.0029941572640319286,0.0,1.645244354248046,0.04690034881291988,-0.0043189038805565745,1.0,0.0306992492675775,-0.003622770120461915,-0.002643313641002745,1.0,0.010522872924806137,0.005930659688411085,0.005597902327408193,0
patchtst_feat,0,uk,5084,0.01995174191953024,0.0005585303356160863,0.025480232296731475,6.729564097805506,1.0,0.02928104323916625,-0.04094309970894348,-0.0029923637665361554,1.0,0.003976048369598417,-0.008338491872557743,-0.0032675262988974643,0.0,0.01669663894439699,-0.015378870288560925,0.005892722593514013,0.0,0.020719579144287126,-0.024475234129077286,0.002092092104712275,0
patchtst_feat,0,australia,5089,0.061987579705556246,0.0058934906455690855,0.04165904264424752,8.930243846600291,0.0,0.012516176338195795,0.007914199699687959,-0.00030320807556745693,0.0,0.04098736045837392,-0.01617621325329488,0.010906863231044889,0.0,0.08194838912963864,-0.043754102543388025,0.011135001849058076,1.0,0.01421285308837894,-0.01689013037769821,-0.007408715274944289,0
patchtst_feat,0,canada,5089,0.03345563785552979,0.0018060763687585116,0.02511425462982548,6.91336136259726,0.0,0.04517303848266607,-0.03374747596533608,0.0004089295397047036,1.0,0.0020980939865111736,0.0019673458632005606,0.0004089295397047036,1.0,0.021053508567810075,0.01937201985963873,0.0038966148797257164,0.0,0.026935618209838808,-0.019779076278821084,0.00044609666167298896,0
patchtst_feat,0,denmark,5089,0.1485833466847738,0.032178897457489496,0.021774184853447457,6.045733706832316,0.0,0.2323616439819336,-0.02824611531775196,0.00599341430764148,1.0,0.02062202835083049,0.0027545980575036937,0.005747121377176756,0.0,0.3270870155334471,-0.03895034496028856,0.009420724768049935,0.0,0.10610067596435524,0.0066089792362332275,-0.008870536014849337,0
patchtst_feat,0,eurozone,5089,0.03212740995407105,0.0015038281925995544,0.01789919101016073,4.973333652522841,0.0,0.06719472885131839,-0.031879156628072176,0.005925040867672143,1.0,0.00041638908386221196,0.005823663242653959,0.005593723048025702,0.0,0.05329009876251223,-0.02047425915940676,0.009287222285482231,1.0,0.015090633201599202,-0.017418116343181675,-0.008925891176575298,0
patchtst_feat,0,japan,5089,4.561201436360679,28.777633624850964,0.030657641048894353,9.790434067126622,1.0,1.1104553222656364,-0.010320523791201366,-0.0027725200340451006,0.0,2.2206072998046977,-0.013841562565914048,0.001248502802590708,1.0,3.017326660156243,0.03312409973564205,0.013215460329783595,0.0,5.9908276367187625,0.03288562831240091,-0.007047770845545056,0
patchtst_feat,0,norway,5089,0.2953125231424967,0.12714224937364113,0.02848726585911925,6.964919627307007,0.0,0.45424853363037165,-0.03875003482289139,0.005641189301927065,0.0,0.34420839080810595,-0.013004599599463018,0.01996697376302539,0.0,0.705376139831543,-0.0556625974475159,0.013572071655349731,1.0,0.3272589294433601,-0.03468237535549227,-0.0026325620103226604,0
patchtst_feat,0,south_korea,5089,34.26933756510415,1891.652159957091,0.02619393649089551,7.147388049414597,1.0,50.2449951171875,-0.03871554230536859,-0.0003742515013742409,0.0,43.43088378906259,0.022042186459081518,-0.010267687098693058,1.0,77.33041992187509,-0.06128279620815193,-0.0015727984069026778,1.0,44.87539062499991,-0.046940919160705315,-0.012349089579575596,0
patchtst_feat,0,sweden,5089,0.2185279810587565,0.08062800165269467,0.021080803174323894,5.09457994678749,0.0,0.7688148300170905,-0.07100832834600698,0.005159740692969938,1.0,0.1639308197021485,0.020920754504329522,0.005407731728411105,0.0,0.21041087493896526,-0.017855353158550868,0.002475598436303366,1.0,0.02186939697265622,-0.021509828782009268,-0.023654700932436948,0
patchtst_feat,0,switzerland,5089,0.03328732189178467,0.001548359013475444,0.038711359295203765,7.592348505110552,1.0,0.047716249179840076,0.054463006872550304,0.0006948465826757982,0.0,0.04434902486801151,-0.049817656770481084,0.002776494148292223,0.0,0.05412865314483639,-0.04378370192074897,0.019673141728528243,0.0,0.06749223155975337,-0.0661366235706584,0.01409162592840087,0
patchtst_feat,0,taiwan,5089,0.4966376500447589,0.363184345182492,0.015925475926736325,9.40774381173466,1.0,0.6249966278076187,-0.022760634904317078,-0.0025426791774536602,1.0,0.23604132080077989,-0.010533831217032628,-0.002943060345669361,0.0,0.5142598266601546,-0.012722246266789038,0.0037780709847343276,0.0,1.193288543701172,-0.034405775501167524,0.004287098276406405,0
patchtst_feat,0,uk,5089,0.017239111664254757,0.000413751527746426,0.021917223313260688,5.814615455719589,0.0,0.016285794871032766,-0.01747826433889274,0.0033858300407524546,1.0,0.007809174336883551,0.014879481751336843,0.005043551093050154,1.0,0.0029169582238158798,0.006990478959160611,0.010668664665780607,0.0,0.028165041418426462,0.023139449580031217,-0.01249869817661338,0
patchtst_feat,0,australia,5094,0.04951184777959186,0.0033470070040947653,0.03220320830889992,7.1329268874144836,0.0,0.09368292808532708,-0.05539419543747833,0.0071582452992853115,1.0,0.01696467411041258,-0.011358198219067117,-0.00023471117593732734,0.0,0.047132087821960544,0.02639728200531569,-0.003984511421466864,1.0,0.02120466129302989,-0.02159065919335201,-0.0075644909850468445,0
patchtst_feat,0,canada,5094,0.043620101356506354,0.0028856617912108155,0.03222276775755269,9.013772944723668,0.0,0.08410107383728027,-0.057760684396175724,0.00637251610023277,1.0,0.0332453657150269,0.025065392983789212,0.0006687969336007396,1.0,0.09494003887176516,0.0715225586388937,0.0035617594141290295,1.0,0.07073951778411858,0.056812354766696715,0.00585533840122836,0
patchtst_feat,0,denmark,5094,0.12397299954732256,0.02340266092711783,0.01794259052592549,5.044359000006034,0.0,0.2663027221679686,-0.03158879780034668,0.007463205983752149,1.0,0.26009141769409183,0.03840274955890493,0.0014623801753336125,1.0,0.08032398834228527,-0.012638244663198418,-0.0009205133780137824,1.0,0.13504480285644505,-0.027520765538985456,-0.007606922148817015,0
patchtst_feat,0,eurozone,5094,0.028173815485636376,0.0013313253925946724,0.015671149154249553,4.361315925404358,0.0,0.05700005512237549,-0.024657436062984386,0.007099253854666844,1.0,0.05354375171661374,0.03053649119921751,0.0014349184282758539,1.0,0.024036307716369665,-0.01420379047373389,-0.0008287751178842344,1.0,0.0009194589614867077,-0.008441047921891561,-0.007929068433687556,0
patchtst_feat,0,japan,5094,5.192786254882813,37.757509113535974,0.034552720944065834,11.146105288802115,0.0,1.4244232177734375,-0.00554188906231884,0.004072091645529477,1.0,1.1367004394531364,0.014673633643044217,0.0070902025884348715,1.0,2.3917285156250045,0.030727780440894567,0.014961370198499606,1.0,4.562880859375014,0.03598645773112019,0.005850526085713935,0
patchtst_feat,0,norway,5094,0.33765603861490884,0.1550717141448708,0.03199312624520894,7.963587678579167,0.0,0.5388764404296875,-0.04372886179289743,0.007958746843159387,0.0,0.2156348999023443,0.01528734324363484,-0.004926083436939399,1.0,0.3046837417602539,-0.038844164889701084,-0.009434143877459982,1.0,0.42382816619872976,-0.04167867113842605,-0.00088613209165791,0
patchtst_feat,0,south_korea,5094,32.78825358072916,1512.3254310458894,0.02496319427694797,6.838485610025732,0.0,49.03298339843741,-0.03132088070732803,0.006218339583605476,1.0,49.924560546875,0.041160345049608076,0.004262790090490674,0.0,45.37741699218759,-0.030185975663306514,0.004563892881730177,0.0,83.59260253906245,-0.058892994169038836,0.005992894328273314,0
patchtst_feat,0,sweden,5094,0.24094868530273447,0.07996864872909802,0.02319711445410137,5.617277633741873,0.0,0.24356571044921793,-0.009651618378249025,0.013531544753913455,0.0,0.5759078842163081,0.051101821151253134,-0.002497023252609783,0.0,0.3416263381958,0.01813370605463823,-0.014384521859652784,1.0,0.4451120529174801,-0.05535569078194882,-0.011466899099972222,0
patchtst_feat,0,switzerland,5094,0.020357368434270225,0.0005940918857084478,0.023367382292826186,4.643216306267697,0.0,0.017305231380462693,-0.01320514106108993,0.006850327568657392,1.0,0.010831177234649658,0.023103479474996233,0.010800978265397406,1.0,0.043446450710296625,0.06685336239897958,0.01876914791457419,1.0,0.004801387691497849,0.015189747579839812,0.02063814854358908,0
patchtst_feat,0,taiwan,5094,0.4739850377400715,0.31946175929218046,0.015150640069194405,8.978638259205887,0.0,0.3009185943603505,-0.00438000800028282,0.005256232894785877,1.0,0.7286582031250006,0.027589181994452826,0.004618650585223109,1.0,0.18098435974120974,0.004348053850270897,0.010104476759868718,0.0,0.8885694274902356,-0.015385563303342278,0.013112854980763108,0
patchtst_feat,0,uk,5094,0.016313141653194176,0.0004256022204723533,0.020761745493380404,5.502293124806811,0.0,0.04876519024777226,-0.05211730241123089,0.010882623197563217,1.0,0.006523105433502208,0.010065849751383513,0.0018583323584185328,1.0,0.001631025206054737,0.004825633395362359,0.0027689881734933404,1.0,0.038679552438629194,-0.05698876456199084,-0.006457478881259417,0
patchtst_feat,0,australia,5099,0.041621709114074715,0.0025557098566439,0.027347872596371316,5.996233656266409,1.0,0.07456751564025876,-0.05144878013588455,-0.0015269669187689696,1.0,0.0033694581604004625,-0.003121321548789911,-0.000919816232088684,0.0,0.08830736278533946,-0.057839561822481594,0.001381395689736537,0.0,0.038783268203735455,-0.02553368939296041,7.824317984291168e-05,0
patchtst_feat,0,canada,5099,0.04289289100011191,0.0033461077095993173,0.03236755546583977,8.863500276120313,1.0,0.020565429878234953,-0.016300790164709558,-0.0008918286793769926,1.0,0.007273347854614309,0.006938948020347724,0.0015587889142064401,0.0,0.013855869865417425,-0.0027194912688996995,0.007548601986410572,0.0,0.02459614715576164,-0.00831448844729788,0.009941872518831081,0
patchtst_feat,0,denmark,5099,0.13261759997049966,0.031131170605312546,0.019272335130785932,5.39610065428023,0.0,0.2208844612121581,-0.03088238092926547,0.0015469248922918041,1.0,0.008760991668701479,3.4580154935239474e-05,0.0013013116163819586,1.0,0.18481784896850595,-0.030574044035117442,-0.0033768392728794725,1.0,0.004509471130370812,-0.0029572985204879944,-0.0023031305220199633,0
patchtst_feat,0,eurozone,5099,0.0296058349355062,0.001405975843550906,0.016425753745549075,4.5829930083465005,0.0,0.044728636932372945,-0.02316921976117445,0.0017632315778509087,0.0,0.013348814964294409,-0.006001047649168804,0.001377790242755764,0.0,0.01079289093017577,0.00269477527663529,-0.003259131206126664,1.0,0.02655081939697257,-0.017553310449854597,-0.002761288514131686,0
patchtst_feat,0,japan,5099,5.974676249186201,52.00078918901282,0.03994700279041726,12.824400480053562,0.0,4.760496215820325,-0.03150048922561547,0.0008702055572906653,1.0,3.487366333007799,0.02902302074724703,0.006075596202591931,1.0,1.0538769531250125,0.009324394763177542,0.0023077319226860113,0.0,2.9395031738281148,-0.006109387284739041,0.013502932312931152,0
patchtst_feat,0,norway,5099,0.33367195353190104,0.15977623691168105,0.031767414531698734,7.869623385781084,1.0,0.23317912750244219,-0.027414697856735108,-0.004974260915164736,1.0,0.09624772949218752,-0.013705385529334172,-0.004508060440520505,1.0,0.016257446289062116,0.0021323454962670183,0.0036673528912634294,0.0,0.4809311248779302,-0.02844706809690946,0.01734325222322015,0
patchtst_feat,0,south_korea,5099,27.966662597656235,1138.6633374089986,0.021165670047976128,5.832869971669406,0.0,35.74853515625,-0.02728282560771801,0.0,0.0,31.840136718750045,-0.018725052209364056,0.005406027356737393,0.0,12.102075195312409,-0.0066109821022963125,0.0025189403698171135,0.0,34.37697753906241,-0.018446511355287142,0.007575225604282587,0
patchtst_feat,0,sweden,5099,0.23270369827270496,0.08820182757905717,0.02231193435305674,5.425060850421034,1.0,0.42629195556640553,-0.04506020857465086,-0.003308716522736,0.0,0.016935681152343562,0.0011930163128469836,-0.0004255451464811982,0.0,0.21408869628906224,0.009717881924443585,-0.01076098307084595,0.0,0.15319328765869145,-0.005901396057851602,0.008724285421158634,0
patchtst_feat,0,switzerland,5099,0.030925172545115155,0.001702690876878787,0.03531470994699351,7.053576983648492,0.0,0.04486635446548459,-0.05113253072784453,0.0014275519911853237,1.0,0.010208309173583952,0.018073748967487546,0.0065499308637326885,1.0,0.02604546852111811,0.035472453814470124,0.00632282588347987,0.0,0.07557846736907958,-0.06166687515053114,0.02622453963601358,0
patchtst_feat,0,taiwan,5099,0.5569853459676107,0.4686804503452065,0.017836844182753102,10.550902536852435,0.0,1.3472981414794916,-0.04391465545408318,0.0,0.0,0.5519401855468757,0.01735385454688169,-9.567241771495016e-05,0.0,0.9771910400390631,-0.02343006239834971,0.00797234561765515,0.0,0.8524778594970712,-0.007987484610748058,0.019046690758222743,0
patchtst_feat,0,uk,5099,0.019588342900900262,0.0006619241572006374,0.024666755703977247,6.606992494844053,0.0,0.04867065256686398,-0.06190099188304134,0.0014653756695610272,1.0,0.012867034825530976,0.01987122586075744,0.0038065071951669588,1.0,0.0027658093973693676,-0.004730841523941876,-0.0012260964772102213,1.0,0.0012741324080505212,0.0008893684894302238,0.0024963844163598202,0
patchtst_feat,0,australia,5104,0.033407536642710366,0.0018819660307857241,0.021584692898561887,4.81285847827507,0.0,0.05178299892425531,0.03175936435951957,-0.0015283731682420696,0.0,0.008402286033630357,0.0003016664223892628,-0.005195530715540295,0.0,0.028163495903015034,0.004768308153871912,-0.013694613381398579,1.0,0.003909785461425841,0.0029324902575823845,0.000384990592061545,0
patchtst_feat,0,canada,5104,0.04605035952250163,0.0032626179024777776,0.034122664247058516,9.515967910441567,0.0,0.03891184387207036,-0.028445903618205585,0.0008155397842289279,1.0,0.059363728523254444,0.04450826022139045,0.0014823052556641992,0.0,0.04338807678222656,0.031314717181035,-0.0003709198855581943,1.0,0.02464046764373773,0.021746227726613672,0.003701651459750884,0
patchtst_feat,0,denmark,5104,0.10838600199381503,0.017055179046531768,0.015798747258936686,4.410136938111865,0.0,0.09352357559204094,-0.013247137462854039,0.000353952899066077,1.0,0.024269319152831592,-0.0011827760248328172,-0.004699927181412978,1.0,0.07111906967163062,-0.004210935795374946,-0.014584349911352016,1.0,0.07242073440551788,-0.012580718735862605,-0.002039473915334126,0
patchtst_feat,0,eurozone,5104,0.026090151284535727,0.000941182338536174,0.014450844489574028,4.038764020140116,0.0,0.03716826457977285,-0.02028884206285744,0.0003854413350951085,0.0,0.037777224922180164,0.016049626208340686,-0.004636921448882439,1.0,0.00489556598663321,-0.011830372311735156,-0.014562354280197027,0.0,0.03912655620574945,0.018728414462730155,-0.002647036039771407,0
patchtst_feat,0,japan,5104,4.227168619791667,24.699058761346784,0.028106546669530965,9.073446161088237,0.0,8.54015441894532,0.05484737119433775,-0.00046604528140481314,1.0,9.692752685546878,0.06439552254686941,0.0019948804700513807,0.0,6.310195312500014,0.027670949110650888,-0.014042962235818494,1.0,3.434754638671876,0.02980243379378602,0.007361264091815167,0
patchtst_feat,0,norway,5104,0.3246843871561685,0.15355878029516407,0.030897330242172883,7.657652431126177,0.0,0.6517866836547856,0.058669024845901876,-0.001575489334350877,1.0,0.162135113525391,0.01724659340101364,0.0019718108794572636,1.0,0.4736829101562492,-0.05453117634176909,-0.008046209781820884,1.0,0.3089462219238275,0.002536863627803257,0.031428208837002675,0
patchtst_feat,0,south_korea,5104,24.685450032552087,911.0619741215503,0.01856090166448015,5.148523522577397,1.0,12.468847656250091,-0.00960746113831261,-0.00022466861473963785,0.0,10.675952148437545,0.004688495457229728,-0.003300209258208015,1.0,17.97438964843741,-0.01704845984802435,-0.003450477863622421,1.0,37.592529296875,0.0355957576066845,0.008054635782808347,0
patchtst_feat,0,sweden,5104,0.2298956154378254,0.07744648837865559,0.02206859029846566,5.359595538243694,1.0,0.002277325439452582,-0.0033746828695029726,-0.003593265781473427,0.0,0.2051598510742192,0.006360424915493734,-0.01333099522524845,1.0,0.20722870330810572,-0.0007196594342937096,-0.020754399797766734,1.0,0.03847383270263727,0.018871700203088475,0.02247636295657556,0
patchtst_feat,0,switzerland,5104,0.023829965394337967,0.0008303184414648401,0.027277215235402212,5.435264594932479,1.0,0.023744203281402587,0.02803831432343613,0.0014749265210678467,0.0,0.009246239471435547,-0.010209463904260741,0.0003405607933925783,1.0,0.018998606491088865,-0.023781669865262287,-0.0019320383325484405,1.0,0.00798383064270014,0.01349487366797387,0.022398421568350126,0
patchtst_feat,0,taiwan,5104,0.6418406870524092,0.5520026801559162,0.02047090600943826,12.158306465876343,0.0,0.2970881652832027,-0.008249016935150564,0.0012589542782027855,1.0,0.36524987792968844,0.01828940742302806,0.006785936138914832,0.0,0.8785199890136717,-0.022839249524373283,0.005422911916480519,1.0,0.6091003570556666,0.001239831398892059,0.020455581530847432,0
patchtst_feat,0,uk,5104,0.01693593450593771,0.0003620655385206862,0.0216253481575863,5.712356207975013,1.0,0.023909002176788374,-0.03067679366787888,-0.00011917260733886059,1.0,0.003976124422729543,-0.012376439312994486,-0.007322560605883177,1.0,0.0043631897892760785,-0.010474647950666043,-0.01603943733256793,1.0,0.026698783504791268,-0.037996896182422205,-0.003687773595334762,0
patchtst_feat,0,australia,5109,0.035509475669860825,0.0023866472623483305,0.0236273546634672,5.115674431927425,0.0,0.020408951683044352,-0.010226790695925178,0.00320949761985822,1.0,0.04283876663207997,0.031805112368030575,0.004203007208550385,1.0,0.0008198152542113757,-0.004266744271609681,-0.0037267491298609034,1.0,0.04549331256866451,-0.032026310270573545,-0.0016743328741857862,0
patchtst_feat,0,canada,5109,0.04029108760197959,0.002161485579690906,0.03005952333441957,8.325856750583727,0.0,0.028801338958740264,-0.020577869943091565,0.0009623214896169623,1.0,0.030819893836975032,0.02618256745918225,0.0036961786674470803,1.0,0.03357437553405762,0.025716740542833162,0.0011842642293013908,1.0,0.03366788349151606,0.03193624757107814,0.007489013660039915,0
patchtst_feat,0,denmark,5109,0.12151319816589355,0.022696119563098416,0.01778562667751172,4.944271712597115,1.0,0.13240900192260785,-0.022233689363064458,-0.0027694506061743842,0.0,0.23070169982910116,0.03171400359448506,-0.0012711050518241123,1.0,0.07073813476562485,-0.016059707543559697,-0.00567798690840762,0.0,0.29243396148681633,-0.04236689540399991,0.0009722122219740152,0
patchtst_feat,0,eurozone,5109,0.026450239988962794,0.0013136590423591557,0.014696131694544177,4.094505870297992,1.0,0.004211470031738385,-0.0004363858867678691,-0.002770315094200992,1.0,0.01100800876617436,-0.0073905142077285765,-0.0012733918230497774,1.0,0.02638649711608876,-0.020902757521710374,-0.006104855655836833,1.0,0.0009447534561157767,0.0008543412602804569,0.00033192266506706637,0
patchtst_feat,0,japan,5109,4.085457763671877,30.525152170704242,0.02712110820650731,8.769269550431053,1.0,0.41265380859374545,0.004127741824739888,0.0013940522703743087,0.0,9.638351440429688,0.05949805156615227,-0.0027273348908653425,0.0,12.08207946777344,0.06267725240894433,-0.015700381088925824,1.0,1.0695880126953057,0.01378561779269285,0.0067529800803068606,0
patchtst_feat,0,norway,5109,0.3549731744384765,0.22890377261712302,0.03410695668157719,8.372010788790814,1.0,0.19529895019531196,-0.020331064567671944,-0.001586645907589266,0.0,0.18519190063476643,0.015808192503621896,-0.0016484525147353142,0.0,0.1086469207763674,-0.007982153071187383,0.002361052286116446,0.0,0.3041745178222648,-0.009291877223719314,0.019437346198821655,0
patchtst_feat,0,south_korea,5109,29.692621256510424,1324.1762112469075,0.022306250052930063,6.192844723694951,0.0,5.2452392578125,0.0038955161402299985,-3.7565034470292516e-05,0.0,24.74501953124991,-0.018344631991466263,0.00041312227128786867,1.0,13.561572265625045,-0.02042549033914075,-0.010080311878375336,1.0,17.105053710937455,0.003483610978949064,0.016208414154788513,0
patchtst_feat,0,sweden,5109,0.3524483489990234,0.16299590451043502,0.03405670154154586,8.216688235480467,0.0,0.513712701416015,0.04629800207605203,-0.002411668397625604,0.0,0.11099091949462903,0.010614806985113233,-8.724269469128936e-05,0.0,0.2886044128417975,-0.026824313882467813,0.0015061593128447655,1.0,0.3189913726806637,0.0016570015724986142,0.032059438572451034,0
patchtst_feat,0,switzerland,5109,0.02312249437967936,0.0008011716523166195,0.026284704778020654,5.27390086257773,0.0,0.005395260524749701,0.005540787978268858,-0.0005676657736453323,1.0,0.019255279254913327,0.02605262366103613,0.00452976257242591,1.0,0.010702045249939007,0.014761455684512701,0.0027203190479193388,1.0,0.010556457710266143,0.011671638013020453,0.02344470813894783,0
patchtst_feat,0,taiwan,5109,0.46699577992757163,0.3184764583585752,0.014803931462676728,8.846241637789372,1.0,0.20840261840820418,-0.006942304295215687,-0.000316816629186473,1.0,0.24380114746093895,0.009232209648041409,0.0015509522472110734,1.0,0.30320271301269486,-0.012244916806933626,-0.002569105556941874,1.0,0.23203202819824043,0.008750853737192841,0.01601039737359645,0
patchtst_feat,0,uk,5109,0.017248609632607013,0.0004721392706675073,0.022161278374777747,5.817819045014359,1.0,0.029086884087158205,-0.038066237131551266,-0.00047313026139479377,1.0,0.026426681594085677,0.03486586553727556,0.0019737883628574357,1.0,0.009729805272277847,-0.017987586144683335,-0.005505971627778573,0.0,0.029571755464233407,-0.03287381192013076,0.0051399769456997625,0
