model,seed,nation,origin,mae,mse,smape,mase,diracc_h1,abserr_h1,pred_cret_h1,true_cret_h1,diracc_h5,abserr_h5,pred_cret_h5,true_cret_h5,diracc_h14,abserr_h14,pred_cret_h14,true_cret_h14,diracc_h30,abserr_h30,pred_cret_h30,true_cret_h30,fold
chronos_bolt,0,australia,4854,0.013246865324656168,0.0002698872434094449,0.0088329440980883,1.923808188406518,1.0,0.0016329733276367886,0.0025814298778817813,0.0014824700661820506,1.0,0.014155246429443435,0.007467281709151721,0.01689725233854056,1.0,0.012944810562133702,0.012301586331036585,0.0036415935343889396,1.0,0.029947186355590905,0.02392549153865406,0.004011069453800797,0
chronos_bolt,0,canada,4854,0.012093728599548336,0.00022013806954270128,0.008888162644100611,2.477674613739664,0.0,0.002408035850524959,0.0009228692073969853,-0.0008443620979269887,1.0,0.010081252098083526,0.0037497024027318563,0.011093789651566701,1.0,0.0018020471572874897,0.0011354256477438956,0.002455607897068006,0.0,0.03438566188812264,0.006062581934088511,-0.019341099381141105,0
chronos_bolt,0,denmark,4854,0.1759119365692139,0.04208563446651797,0.025247832093329724,7.166251547394187,0.0,0.06346845016479463,0.0015464097101912013,-0.007518133875895636,0.0,0.09733031539917025,0.005577711026590212,-0.008300345421464479,0.0,0.2239308479309079,0.005981271654595479,-0.026228268341023184,0.0,0.3540236473083498,0.014142327552202487,-0.03683844745303873,0
chronos_bolt,0,eurozone,4854,0.04778615030288698,0.0030977469402258535,0.026109152064464784,7.404956381415811,0.0,0.017173514175415017,0.0016639797090151369,-0.00766933321287555,0.0,0.026109925460815475,0.005732461337567118,-0.008434047165204052,0.0,0.06087220096588131,0.006116123794314112,-0.02721536616964714,0.0,0.09514795246124264,0.014228948234443383,-0.03793520237024769,0
chronos_bolt,0,japan,4854,4.585874593098958,24.44030365802804,0.033973399046672466,9.98959814561461,0.0,1.0678839111328102,0.004850210118153119,-0.002974935625346618,0.0,3.020407714843742,0.00742001761786197,-0.014815085785140587,0.0,6.716715698242183,0.010010717504231995,-0.039992611400833225,0.0,4.0852117919921795,0.008800910157499219,-0.021349958459178656,0
chronos_bolt,0,norway,4854,0.1468014851379395,0.0306762297022713,0.013941729809254037,3.556801882531897,0.0,0.03975108032226515,0.0027112657798462727,-0.0010922784671136864,1.0,0.0552883468627936,0.006867526925150666,0.012112015080306201,0.0,0.2553714675903329,0.009722322830202489,-0.014793932701992413,0.0,0.30326955718994064,0.02157242039841125,-0.007261086268849564,0
chronos_bolt,0,south_korea,4854,8.64020345052085,124.08786257537244,0.006605887262550862,1.8183750596440225,0.0,8.898901367187591,0.003144056508989803,-0.0036944433015689533,1.0,12.690502929687455,0.007622316346120621,0.017251327506526106,0.0,34.21884765625009,0.008353479020795062,-0.018062506568489185,0.0,21.033276367187455,0.013986376654968968,-0.0020764446436322245,0
chronos_bolt,0,sweden,4854,0.28658508392333976,0.10747516288036524,0.027117334370642683,6.824859336693265,0.0,0.0888454528808591,0.0031773336951534813,-0.005285338844348252,1.0,0.0063867813110345395,0.010999394467811889,0.010398149435779283,0.0,0.44063331604003864,0.018135369217785722,-0.02390970292650787,0.0,0.5669871917724603,0.034217812575245234,-0.019325270757818605,0
chronos_bolt,0,switzerland,4854,0.02220035871823629,0.0006507151242804327,0.024027013584466028,5.001685414896992,1.0,0.006059541988372774,-0.0013212109051606528,-0.007800434914879412,1.0,0.019940344715118408,-0.00022318114029226004,-0.021680920253669616,1.0,0.02378012218475345,-0.0011927044061790276,-0.026861007629565198,1.0,0.04520299901962277,-0.000475899257616778,-0.049809842992422415,0
chronos_bolt,0,taiwan,4854,0.35240169270833305,0.15246000506106938,0.011481373816975131,6.688415384833266,0.0,0.12726673889160267,0.001998189647416806,-0.0021570398101320104,1.0,0.13140629577636886,0.004108156094532038,0.008371514384992916,0.0,0.5014112091064469,0.007672332209975783,-0.008705615227403868,0.0,0.5621353149414077,0.012785331889974605,-0.005499825625617916,0
chronos_bolt,0,uk,4854,0.0316950632065918,0.0012930640067338173,0.03819044470936307,10.728756252116531,0.0,0.0053284789540100075,0.0019743157824304346,-0.0044153867033177386,0.0,0.014970126629486047,0.007653271889044793,-0.010299950469145641,0.0,0.03395925097003172,0.012633595370866137,-0.02835756028183217,0.0,0.054740491994567875,0.027648786594878103,-0.03825043480952079,0
chronos_bolt,0,australia,4859,0.025809812608083068,0.0008419698111227917,0.017132513487345444,3.7482927182968684,1.0,0.011590115814208879,-0.0002452820953928852,-0.007961698294020408,0.0,0.016752593307495012,0.0031726946452785326,-0.007961698294020408,0.0,0.029501080932617274,0.00834017256016966,-0.0112486975347209,0.0,0.037480451087951616,0.01648633386994996,-0.008262501440684107,0
chronos_bolt,0,canada,4859,0.020243336137135824,0.0006058410899531073,0.014859178683207767,4.147306567327249,1.0,0.007501747322082419,-0.0008700954822244758,-0.0063346651323486795,1.0,0.0006626150131225916,-0.001298163961007045,-0.0017798446426827157,1.0,0.022628436660766527,-0.0014320271037755682,-0.018016525992587254,0.0,0.026058016967773545,0.001528873839515245,-0.017536280688837565,0
chronos_bolt,0,denmark,4859,0.17309244519551598,0.03814980099002887,0.024953510440560656,7.0513918919683745,0.0,0.04334096221923822,0.0020927964718604037,-0.00413650311233969,1.0,0.008305237579345537,0.005306332050114065,0.004119462916965307,0.0,0.2101052268981931,0.010107863543764998,-0.02021091199131178,0.0,0.288649315643311,0.016256834659022206,-0.025374137580924112,0
chronos_bolt,0,eurozone,4859,0.04675893112182618,0.0027772302999309407,0.025667740178451977,7.245778184768961,0.0,0.011626745605468836,0.002143405265001617,-0.00421641189772729,1.0,0.0025899353027343253,0.005335287269150742,0.003926599542392618,0.0,0.056352107810974106,0.010059399353240617,-0.020899373416468938,0.0,0.07725614681243886,0.0160214273930982,-0.026410570591721656,0
chronos_bolt,0,japan,4859,3.1012389322916656,11.023233008849347,0.023133988292357785,6.755555577936874,0.0,1.6987243652343693,0.003816909734355228,-0.008860367889557292,0.0,3.740721435546874,0.010630911108048447,-0.01730751065838889,0.0,3.2835748291015534,0.01249153489578979,-0.011944352431719606,1.0,1.5279516601562477,0.012045754211490864,0.0007441307036828974,0
chronos_bolt,0,norway,4859,0.20596261530558274,0.05320440948107751,0.019489203048613544,4.990196231064995,1.0,0.02208181304931678,-0.0021990591532151595,-0.004294985364554087,1.0,0.1141491821289069,0.002249233537499083,0.012966839184925577,0.0,0.2631489944458014,0.009256964031175489,-0.015719148828947562,1.0,0.16933203430175858,0.019420876354546406,0.0035839708959038746,0
chronos_bolt,0,south_korea,4859,27.328636881510413,824.8476383571028,0.020662523413926413,5.751451572174574,0.0,26.30478515625009,0.002906581398981769,-0.01709768817455523,0.0,27.51767578125009,0.004007421139203418,-0.01690567219823606,0.0,36.72243652343741,0.008700570960876414,-0.019173813487755056,1.0,22.52805175781259,0.019870771784972263,0.0030535525960163467,0
chronos_bolt,0,sweden,4859,0.33676059870402,0.13096011124937737,0.03190445550445361,8.019760431461748,0.0,0.05037777557373069,0.0009015065830960824,-0.0038494245099937314,0.0,0.16082804870605472,0.0038232233104882247,-0.011378691001718812,0.0,0.38006626129150334,0.011182348206826082,-0.02485094386151084,0.0,0.5140149169921884,0.019491172870013354,-0.029141539928135347,0
chronos_bolt,0,switzerland,4859,0.01686377935409545,0.0004242651265807142,0.018431643380603067,3.7993674023894872,0.0,0.00776356506347653,0.0004497439182700136,-0.008026908525518983,1.0,0.0041603064537047985,0.005683165959738753,0.010172697432118535,0.0,0.013669324493408186,0.008091744510750577,-0.006766737961799686,0.0,0.03479206094741816,0.009841079543070681,-0.028352698963462784,0
chronos_bolt,0,taiwan,4859,0.6241641001383461,0.4044319601274123,0.020254111630768255,11.846335748112054,0.0,0.35595097351074045,0.003472691965458179,-0.008077732760552491,0.0,0.4943300933837875,0.0047423662111947835,-0.011314087334282786,0.0,0.6700108947753911,0.007676073842520346,-0.014084739881739085,0.0,0.659825469970702,0.012701480959689268,-0.008616398352030827,0
chronos_bolt,0,uk,4859,0.030181463524796556,0.001104467591607651,0.03656846394850284,10.216403841161723,0.0,0.006796075382110578,0.003570213003655913,-0.0046581694623883734,0.0,0.010079101457733164,0.008984771290406332,-0.0031765049281137843,0.0,0.03485291087362674,0.019371367588304867,-0.022874945513039122,0.0,0.04269845541085815,0.027298543724199598,-0.02428740380130292,0
chronos_bolt,0,australia,4864,0.013310561650594048,0.0002656699459493473,0.008881129182636468,1.9330586420351679,0.0,0.006983680534362824,0.0006438694345985362,-0.004031588426236086,1.0,0.005076889991760147,0.0024719192360930166,0.005850970637112751,1.0,0.006347875061035069,0.006620027037438847,0.002396505854871788,1.0,0.004116222190856833,0.014001203413618013,0.011284686213010929,0
chronos_bolt,0,canada,4864,0.022479284655253094,0.0006540408506472135,0.01649560881237617,4.605391337079307,1.0,0.005408536338806114,-0.0009394825928877114,-0.004883569602264666,0.0,0.0036475191116331906,-0.0021454825621344885,0.000508850372626735,1.0,0.027840921974182198,-4.295738729427124e-05,-0.02049507959410268,0.0,0.024508830261230408,0.003997547220810066,-0.013911485151992803,0
chronos_bolt,0,denmark,4864,0.2212505102793376,0.05558371729836693,0.031915024305646036,9.013241753649929,0.0,0.054457635498047274,0.000737223339983739,-0.007074418208472368,0.0,0.089834951782227,0.0029605235999131457,-0.00992981186357535,0.0,0.22999064483642595,0.008350121514456386,-0.024806654368753196,0.0,0.341388083648682,0.014090409300973192,-0.03523891778224483,0
chronos_bolt,0,eurozone,4864,0.05939984350204468,0.0039950647241905,0.032631649636092566,9.204617810968395,0.0,0.014456374168396069,0.0007923784160390785,-0.007100944763251243,0.0,0.02544309043884274,0.0029582492307917902,-0.010945519044235763,0.0,0.06202170925140371,0.008250917985487119,-0.025802903520977374,0.0,0.09127980442047123,0.013826843367505184,-0.03641501883340231,0
chronos_bolt,0,japan,4864,0.9085372111002613,1.3712591036414743,0.0068361012555324735,1.9791037576315145,0.0,0.7380017089843705,0.002481216054744409,-0.0031101864631366007,0.0,2.185800781250009,0.005971687674582495,-0.010621994678297235,0.0,1.6050451660156284,0.010248337262997304,-0.001857362700629955,1.0,2.875296630859367,0.009495810667622617,0.030838216163849158,0
chronos_bolt,0,norway,4864,0.320267261098226,0.1139674497130304,0.030103697891686675,7.759643549362893,1.0,0.02796999816894541,-0.0012737148659623767,-0.003892584684913248,0.0,0.22426212615966712,0.001004568764530099,-0.020140195239136363,0.0,0.3750859924316412,0.009197194851751581,-0.026127993851505188,0.0,0.23805534973144482,0.020461573184717863,-0.0015608282098945885,0
chronos_bolt,0,south_korea,4864,7.5619563802083425,91.33988312208673,0.005760387793829022,1.5914524423678855,1.0,4.9080322265624545,0.0023334766710255794,0.006086958671068762,0.0,13.279516601562591,0.004237622972842091,-0.005969707112256394,1.0,2.723486328125091,0.010942533176854199,0.013009244033775201,1.0,10.949194335937591,0.01928206981457217,0.02749652493793173,0
chronos_bolt,0,sweden,4864,0.27952485941568994,0.08793757164535304,0.02664340228037051,6.656724141062938,0.0,0.15058340148925708,0.0025477341223219666,-0.01186138737077208,0.0,0.1277776855468744,0.005379005335887341,-0.006799740449079842,0.0,0.21465455627441443,0.013542624471270134,-0.006833304173409909,0.0,0.4507530441284171,0.019687583902591597,-0.02331905341414645,0
chronos_bolt,0,switzerland,4864,0.023383179012934362,0.0006942461968302746,0.025580391618126277,5.26817187538719,1.0,0.0010957413673401417,-0.0008124523001125756,-0.0019939111501819117,1.0,0.010163579750060991,-0.0006854787630061152,-0.011696673125754195,0.0,0.025016810417175295,0.0005563032881145714,-0.026733725199761523,0.0,0.03939180965423583,0.0007446052475372514,-0.042561955108526894,0
chronos_bolt,0,taiwan,4864,0.16383936309814437,0.031825323394383,0.005357898131133198,3.1095926593459295,1.0,0.0026488952636718466,0.0018531596323792699,0.0017665826136800244,0.0,0.2654888763427721,0.002403385689826325,-0.006306578737261078,0.0,0.1690432739257801,0.005177818764127614,-0.0003438648808659371,1.0,0.039604492187500284,0.007879826511688294,0.00659239043681281,0
chronos_bolt,0,uk,4864,0.02894960468556621,0.0009561347491027501,0.03524844366171351,9.799420504136261,0.0,0.010245101209289564,0.00292720439939278,-0.009551013841906316,0.0,0.011216690319976852,0.0063990916386069095,-0.0072229142070960725,0.0,0.03195325347067257,0.014875637054962847,-0.02409068638967876,0.0,0.048105696189910896,0.0239377296548768,-0.03476886522047118,0
chronos_bolt,0,australia,4869,0.023902466664632138,0.0007020056128809343,0.015866185828156153,3.4712937714362004,0.0,0.001993840522766188,-0.0009465212469909262,0.0003786658385694334,0.0,0.016537699851989718,0.0030701658365597127,-0.007945100147837959,0.0,0.04134027824401865,0.009252925289629071,-0.018339910213178278,0.0,0.05025277339935297,0.018683359627606578,-0.014638178738622233,0
chronos_bolt,0,canada,4869,0.029724511286417652,0.0009635291703714279,0.02176973892606265,6.089740348805715,0.0,0.006312664794921874,0.00019087189538940296,-0.0044064966874912,0.0,0.024469776535034127,0.0013216382680000273,-0.016597739370516555,0.0,0.043801811981201144,0.0038094586135071213,-0.028415923599465782,0.0,0.04428436031341554,0.008779919267051257,-0.023642110781591816,0
chronos_bolt,0,denmark,4869,0.1881015729522705,0.03984018035857585,0.027278128631390487,7.662829564190005,0.0,0.029390858459472646,0.0023427241490945393,-0.0019009007895904974,0.0,0.10571835250854456,0.005461149112932515,-0.009839785070620694,0.0,0.2532935356140138,0.010636442952914526,-0.02622786950542321,0.0,0.2626087173461915,0.015385552224889744,-0.022676046203874787,0
chronos_bolt,0,eurozone,4869,0.049004440237681066,0.0027071661836203112,0.027079655023971267,7.593742960160639,0.0,0.007543165397644103,0.0023871144001684063,-0.0017624546737159423,0.0,0.027059012413024996,0.005520030226359854,-0.009398825235768713,0.0,0.06624493923187247,0.010588911301718379,-0.0261471022318748,0.0,0.06791758708953854,0.015083137019244306,-0.02242595791602817,0
chronos_bolt,0,japan,4869,2.558123311360677,9.555697162590416,0.01927408654805687,5.572464612503346,1.0,0.5005957031249864,0.002900098808264769,0.006713738740761268,1.0,1.7535437011718784,0.0053552244593847486,0.018618416285652303,1.0,1.028342285156242,0.00573738662136321,0.013533755324281695,0.0,4.738658447265635,-0.0036708196054808084,0.03208952322177592,0
chronos_bolt,0,norway,4869,0.11734369216918968,0.0206488890687477,0.011140891964738645,2.8430793109377896,1.0,0.02827203979492232,0.0041908231359869446,0.0015044469711194828,0.0,0.09225243988037057,0.006747757084878732,-0.002022187512455365,0.0,0.28564948425293046,0.011746626478937705,-0.015523468022177028,1.0,0.1637617492675787,0.023376677764263217,0.008015019381844015,0
chronos_bolt,0,south_korea,4869,16.374161783854174,362.30305254161414,0.012434118246035068,3.4460261938093413,0.0,7.6229248046875,-0.00036544305905996375,0.005508806812193913,1.0,1.744409179687409,0.004436846236667874,0.005777691135937281,1.0,2.467431640624909,0.0104008308225314,0.012285638460252823,1.0,12.470458984375,0.01223186589660802,0.021704264161814885,0
chronos_bolt,0,sweden,4869,0.3073821148173013,0.11289503084116113,0.02929057795431889,7.32012869450157,0.0,0.09784977416992113,0.00585158284099554,-0.003520732951298164,0.0,0.17899011535644505,0.011483387063839907,-0.005630458698899022,0.0,0.37393119049072254,0.021823698559605312,-0.01389048687650126,0.0,0.5931666687011727,0.032294450373092594,-0.02435416141830979,0
chronos_bolt,0,switzerland,4869,0.02308329578399658,0.0006548506788563341,0.025373002695893532,5.200608932311039,0.0,0.0019129917144775632,0.0005586888462840195,-0.0015263017408409403,0.0,0.008037705612182644,0.003955026681871236,-0.0048048140485402345,0.0,0.03531809329986568,0.006642840067670277,-0.03232694178876394,0.0,0.03194774017333979,0.007215844532161106,-0.027948356147243874,0
chronos_bolt,0,taiwan,4869,0.1283698282877605,0.02297301460644226,0.004202913592685626,2.436397872750511,0.0,0.03840936279296869,-0.0004419436249707006,0.0008234248349051855,1.0,0.07102371215820469,0.0009214096581446397,0.0032567960887372113,1.0,0.051284484863280966,0.0030503708149427163,0.004733658844864765,1.0,0.13742344665527284,0.005080456237343895,0.009575570386712312,0
chronos_bolt,0,uk,4869,0.02873818890588481,0.000937339037101201,0.03511727499156776,9.727856413751953,0.0,0.005189933407012903,0.002635190484984587,-0.0037142145843459323,0.0,0.016299769885864235,0.008811500002004442,-0.011141949710879612,0.0,0.033633472132812536,0.01833520758414595,-0.02288077841087387,0.0,0.049317899032165546,0.029044904005876258,-0.03131796810663945,0
chronos_bolt,0,australia,4874,0.013542861559549979,0.00028032128383965647,0.009049338683178188,1.9667949604820463,1.0,0.01819433414459226,-0.00034542788660994663,-0.01261023561146279,1.0,0.003307242927551357,0.002283092603027388,0.004490635365596917,0.0,0.025939094429016096,0.007153487522511109,-0.010245936093649129,1.0,0.011244933662414525,0.014194590252672968,0.006741718567269038,0
chronos_bolt,0,canada,4874,0.010779308770497643,0.00017613226221121055,0.007976593354218247,2.20838589806958,0.0,0.008373287582397415,0.000275786833312371,-0.0059287978906504436,0.0,0.007863233184814522,0.0014127033565115214,-0.00440619059621294,0.0,0.013091319656372002,0.0036077154593366152,-0.00607746914162117,0.0,0.010701956176757843,0.007693355320250966,-0.00018474385317379045,0
chronos_bolt,0,denmark,4874,0.10494131055196129,0.012930492552813042,0.015334767042464678,4.275069923027494,0.0,0.016799181365966476,0.00045190090603495245,-0.00200008826183182,0.0,0.05348603286743181,0.0027724812826616834,-0.00503705743455712,0.0,0.11053334121704061,0.0062058956799917915,-0.009944934567839592,0.0,0.0846901779174809,0.012160798938742268,-0.00011668356160646483,0
chronos_bolt,0,eurozone,4874,0.02746903109232583,0.0008845791296641357,0.015293267600392596,4.256609410658861,0.0,0.004615054130554297,0.00034159093907846843,-0.002224385735741468,0.0,0.014522648620605372,0.0026198944044172963,-0.005458559240972908,0.0,0.029266168785095248,0.005852121476846321,-0.01044177224061719,1.0,0.020903928947448636,0.011709500080445554,0.00016662963824382948,0
chronos_bolt,0,japan,4874,1.0837023518880196,1.9265184438249465,0.00808877770098165,2.360673146428787,0.0,1.6905584716796795,0.007004925528146349,-0.005689004700255284,0.0,2.616107788085941,0.0098030794274929,-0.009853784307984986,1.0,0.7821887207031182,0.01304245004903656,0.007224572403000286,1.0,0.3742291259765693,0.0137362474682316,0.016505898310465183,0
chronos_bolt,0,norway,4874,0.09764677663167311,0.01432770174271445,0.00925675562045369,2.3658496276135246,0.0,0.20236031646728492,0.0033896441460581957,-0.016054706368769264,0.0,0.10030762634277401,0.005604153193249118,-0.003965611099913467,1.0,0.024671232604980275,0.01190441992020453,0.009573906866156594,1.0,0.0004875167846680739,0.02135540069982367,0.021400965544614545,0
chronos_bolt,0,south_korea,4874,12.400915527343765,211.33330539025897,0.009390727638999091,2.609836173512195,0.0,14.983569335937545,-0.00029467746156022924,0.011152389965686828,1.0,13.189550781250091,0.0031524167134354976,0.013201260010094487,1.0,8.148486328125045,0.009899384287408112,0.016077761747487172,1.0,12.091503906249955,0.015706171565757956,0.02480782660052251,0
chronos_bolt,0,sweden,4874,0.2061894158935546,0.055405636876517644,0.019800272212604195,4.910282632032867,1.0,0.03022258148193302,0.004289198614102673,0.0013829028221269506,1.0,0.026587120056152713,0.008143300826590252,0.005596894974568935,0.0,0.20728346862792968,0.01351382912230504,-0.0064045418188390804,1.0,0.2576378326416009,0.02524276689089271,0.0007181917302130182,0
chronos_bolt,0,switzerland,4874,0.02273496719360351,0.0005824645188469476,0.02507637231595037,5.122131370201671,0.0,0.0011986551284790536,0.00043628501031593107,-0.0008760883219282047,0.0,0.013577844619750978,0.004671731082333544,-0.01023223802546707,0.0,0.02624721527099605,0.007032534301478529,-0.021912014849456887,0.0,0.023542529869079565,0.007570776485494195,-0.01833798971257483,0
chronos_bolt,0,taiwan,4874,0.05512253875732398,0.004632896406059831,0.0018004767668258188,1.0461993909339573,0.0,0.029505004882810937,0.0009685760167307006,0.0,1.0,0.004460601806641762,0.0025598015639999154,0.0027059177676579038,1.0,0.013411987304689177,0.0058262324419602295,0.005388199968545977,1.0,0.056907714843749346,0.008489757993692929,0.010341286215678766,0
chronos_bolt,0,uk,4874,0.014233773372719324,0.0002632892564877993,0.017615773910000375,4.8181221178953875,0.0,0.0021856379976806783,8.08259399934744e-05,-0.0026250453132050005,0.0,0.006171264373077356,0.0019191558801691653,-0.00572582247170313,0.0,0.012416063586425774,0.008013636741535544,-0.007332829543892248,0.0,0.019834988662323028,0.015897867442974962,-0.008536392380262223,0
chronos_bolt,0,australia,4879,0.016494152324676516,0.0003883433170932384,0.010988688911908804,2.3954033294182904,0.0,0.009963998756408632,-0.00037611752686428145,0.006247901694502528,0.0,0.015422249679565514,0.0029840881788657635,-0.0073209904455911095,1.0,0.0011992630004882265,0.008623317767619501,0.007830259074598852,1.0,0.019114116973876882,0.014222931956339729,0.0015789529561294755,0
chronos_bolt,0,canada,4879,0.009321563860575373,0.000123276333402027,0.006899838117571412,1.9097337886814538,1.0,0.005127646255493223,0.0013145236004965012,0.00510790613476637,0.0,0.015660743522644127,0.003490075611365905,-0.008159964795922578,1.0,0.004763048744201637,0.006610838232166962,0.010116386811468403,1.0,0.011094504928588877,0.010773363614251893,0.0025942274490762572,0
chronos_bolt,0,denmark,4879,0.06340117317199713,0.005201670017543777,0.009292400962762102,2.5828193595700895,0.0,0.059055735778808405,-0.0009467454640500208,0.007680663889954814,0.0,0.06543941497802752,0.0017705275230757039,-0.007850910579786385,0.0,0.09055925979614265,0.005599756473736138,-0.007688412241343653,1.0,0.0005836547851565399,0.012141245552439154,0.012056720889500515,0
chronos_bolt,0,eurozone,4879,0.0164833496793111,0.0003526334102675951,0.009204701444724062,2.5542648784484507,0.0,0.015390735244750875,-0.0008329504790747293,0.007733431220188077,0.0,0.016977414512634237,0.0018845726051030529,-0.007624851226458791,0.0,0.024195930862426662,0.005622928935215628,-0.007906287679965582,1.0,0.0007757658004761137,0.012170732405517085,0.012598679241452002,0
chronos_bolt,0,japan,4879,1.8413627929687522,4.837233936260052,0.013681835397133031,4.011115866475125,1.0,1.7517535400390614,0.002336278979431467,0.01551060722974461,1.0,0.9164361572265705,0.005739568317319114,0.012630000684980675,1.0,0.9821014404296875,0.010251169909483706,0.017600394160382695,1.0,4.6115368652343705,0.0158726257064887,0.0497346192683173,0
chronos_bolt,0,norway,4879,0.0867116564941405,0.010880749652634756,0.008158121694412154,2.1009064231606387,1.0,0.07128394012451089,0.003909853358246401,0.010693555438752616,0.0,0.14436548156738205,0.007617401314553716,-0.006211946682576052,1.0,0.05327099914550715,0.015814150743550862,0.02082810785633626,1.0,0.1484592956542965,0.027820718320603056,0.04156694903093522,0
chronos_bolt,0,south_korea,4879,9.822607421875,152.66133382598528,0.007377076231181431,2.067218030095699,1.0,0.6190185546875,0.0009236672536068209,0.0004547349352677554,0.0,26.224316406249955,0.004556420550552689,-0.015431343985697647,1.0,3.766870117187409,0.011444049082459098,0.01426310754248514,1.0,23.66384277343741,0.02334945177410167,0.005669377948932786,0
chronos_bolt,0,sweden,4879,0.22885255488077785,0.06137097764465562,0.021935112056593833,5.44999228334571,1.0,0.09267518005371045,0.003391410787728007,0.01220968674461522,0.0,0.19266048583984308,0.007005728847373606,-0.011511425018469263,0.0,0.23293495788574248,0.011089771316382538,-0.01124953699834941,1.0,0.1185231063842771,0.022845864905805768,0.011674295220861414,0
chronos_bolt,0,switzerland,4879,0.01565842980702718,0.0002742838699981436,0.017358945939436973,3.527805157565408,1.0,0.005007169151306168,0.00209107272869622,0.00760166709985689,0.0,0.01374015083312985,0.003687030133955923,-0.011567894971109736,0.0,0.013918151283264124,0.00718249489713414,-0.008217246837184219,0.0,0.010660504436492912,0.009422435577239652,-0.0023250674778998847,0
chronos_bolt,0,taiwan,4879,0.0739017313639323,0.007401473845675975,0.0024094473065090606,1.4026194744457077,0.0,0.10834851074218577,0.000993561633829214,-0.002558133302820268,0.0,0.1500907897949233,0.002701581302354356,-0.002213387795461962,1.0,0.02077941894531321,0.00622947292128784,0.005552847846364919,1.0,0.21169419860839866,0.011826100425555201,0.004950060343284487,0
chronos_bolt,0,uk,4879,0.013264444436191817,0.00023798872018421048,0.0164236488452887,4.4900049653804786,1.0,0.004858515157379117,6.660585471871157e-05,0.006089833859663319,0.0,0.003570500501342777,0.0037499962340009686,-0.0006832930225825817,0.0,0.011794619928771954,0.011948856986519698,-0.0026501784715591238,0.0,0.018134003709625257,0.02214276630975006,-0.00016081638075320364,0
chronos_bolt,0,australia,4884,0.01017212149047851,0.00017343756202921196,0.006772062310276272,1.4772710476964408,0.0,0.005636984519958421,-5.170801368413801e-05,0.003727420264401958,1.0,0.001600526351928755,0.003553073480976555,0.004623681444055518,1.0,0.0031044725036621923,0.008942861773782987,0.006874167383421196,1.0,0.024855855407714733,0.015306136037676813,0.0316133096339376,0
chronos_bolt,0,canada,4884,0.008143112487792965,9.950715351874323e-05,0.006029801430322233,1.6683012953163656,1.0,0.002808522415161052,0.0008911270789897634,0.0029885337346264853,1.0,0.01254910354614247,0.0035858385859827415,0.012898608343870388,1.0,0.011702007102966316,0.007935799029217849,0.01658511255579201,1.0,0.012477027702331611,0.01143718664953658,0.020624631838191528,0
chronos_bolt,0,denmark,4884,0.043244136123657205,0.003132923729608765,0.0063240607544543985,1.7616675903624734,0.0,0.06517668075561556,-0.0012161306192009257,0.00837846814708585,1.0,0.01878285903930621,0.0003939598333496694,0.0031639644506501513,1.0,0.019809691619872893,0.003518779352701085,0.0005981590173586416,1.0,0.1392746192932126,0.007385458861616252,0.02760438844141178,0
chronos_bolt,0,eurozone,4884,0.011584339796702073,0.00022596992576198708,0.006452721155650867,1.7951128173824813,0.0,0.01709353370666511,-0.001263444463646364,0.008322756144307934,1.0,0.004949864006042581,0.0003095651556875381,0.0030905846133219596,1.0,0.005008149909973225,0.003431733198689851,0.0006188815320747299,1.0,0.037091062736511304,0.007294677069849586,0.027805776073225246,0
chronos_bolt,0,japan,4884,2.477257283528648,11.726029366390343,0.018282954896677566,5.396310837411088,1.0,0.2985095214843625,0.0058757838847792775,0.008096908100244458,1.0,0.3199639892578148,0.004896101886341749,0.007279003377720919,1.0,0.09237243652344773,0.002563978018942956,0.003254103224985519,0.0,7.860341186523442,-0.0062033851933200775,0.05137009347648879,0
chronos_bolt,0,norway,4884,0.18021191385904936,0.04448378753176784,0.016873028723366303,4.366291484491854,1.0,0.06187124328613258,0.003550992555319536,0.009480290944617328,1.0,0.15740441589355392,0.008007325307366127,0.022957072245059548,1.0,0.17802417602539045,0.017054945986816363,0.033795762210444905,1.0,0.42660298004150476,0.027143044199101907,0.06640989108702408,0
chronos_bolt,0,south_korea,4884,20.123389485677095,498.9982513786759,0.015252114995624112,4.235070362151268,0.0,15.432666015625045,-0.0024531902339299367,0.009386502646859746,1.0,25.63906249999991,0.002891183909155031,0.022381324746174724,1.0,13.2001953125,0.008127171803726624,0.018156657001480933,1.0,8.970263671875045,0.012645171799491341,0.019441033122436224,0
chronos_bolt,0,sweden,4884,0.1276535636901855,0.02436812360086408,0.012243193086463149,3.0399963741524583,1.0,0.023393560791015844,0.00262609742655507,0.004886956738890215,1.0,0.04848261413574306,0.005271345887154176,0.0005818802654626239,0.0,0.17790075225830115,0.0138773758130716,-0.003289133046223951,1.0,0.24852230377197237,0.02349161042083473,0.04676757653850878,0
chronos_bolt,0,switzerland,4884,0.005358032464981074,4.033713464603045e-05,0.005977109420374197,1.2071513425873812,1.0,0.0025182626724242763,0.002437857611046049,0.005244377116933357,0.0,0.004728789424896185,0.005053818006712173,-0.00022377622470997127,0.0,0.012716113948821994,0.006374575605340859,-0.007862117209502185,1.0,0.005114584827423108,0.009115806371529516,0.014769840955074496,0
chronos_bolt,0,taiwan,4884,0.0894294367472329,0.010927435165639906,0.0029164079126236457,1.697327887389634,1.0,0.0259129486083971,0.00024903099631777467,0.0010991085204670264,1.0,0.08821759033203236,0.002370021766435959,0.005254941658579879,1.0,0.0463779144287102,0.005209944583505428,0.006723346745323388,1.0,0.02141084289550932,0.009813351992247515,0.00911711432516052,0
chronos_bolt,0,uk,4884,0.010509811534424847,0.00014813453563487105,0.013031214816398599,3.5575636960735344,0.0,0.007003111926269567,-0.002206003665324058,0.006489994600198334,1.0,0.0020372742835083057,0.001133970513345556,0.00366308053907223,0.0,0.016276484524749724,0.010061680261576044,-0.010193768531242901,1.0,0.007834654963470467,0.018616233117297414,0.00900052434878442,0
chronos_bolt,0,australia,4889,0.012771114048004151,0.00024623393865932534,0.008468255736678866,1.8547160538345406,0.0,0.0034563438796997303,0.0009664888683794188,-0.0013446931811178324,1.0,0.012369111251831155,0.0033777561629316256,0.011585489359674813,0.0,0.01709206535339347,0.00885381125508718,-0.0025370275510760917,1.0,0.002761290969848673,0.012656347830595327,0.010831835092630112,0
chronos_bolt,0,canada,4889,0.013015854199727388,0.0002381464448560933,0.009588453170365207,2.666592958602175,1.0,0.00253453235626222,0.001980997347056358,0.00011079309401062307,1.0,0.002661820602416931,0.0038055879383773333,0.0018449508941620627,0.0,0.018234474563598724,0.008850125431039867,-0.004590220542109472,0.0,0.02319585971832283,0.0101754581192975,-0.006930445603026894,0
chronos_bolt,0,denmark,4889,0.05466631642659495,0.004658941424399355,0.007965668148413983,2.226981194811009,1.0,0.029814620208740372,-0.0004544904394830625,-0.004856994231698619,0.0,0.042074538421631225,0.00046740840865511896,-0.005745317284355337,1.0,0.0010524932861324388,0.004657263730550778,0.004811533433850972,1.0,0.10812517242431596,0.006784512741738922,0.02247678307280384,0
chronos_bolt,0,eurozone,4889,0.014820203043619787,0.00034142057130468926,0.008225707826626192,2.2965431700636554,1.0,0.008185966491699226,-0.0005129564664865135,-0.005118697192670342,0.0,0.01150637836456303,0.00039624003484792176,-0.006077848699288096,1.0,0.0008355308532714822,0.004570273195883244,0.005036807245746472,1.0,0.029347076225280766,0.006628151419114499,0.022852432395046255,0
chronos_bolt,0,japan,4889,2.316465698242186,8.789685451465646,0.016941397861533473,5.046051952306548,0.0,0.6887487792968727,0.005110205335636755,0.0,1.0,1.2355718994140545,0.003671076090840662,0.012786574801777414,0.0,0.7782928466796761,0.005698707833944598,-7.438815743952106e-05,1.0,4.908199462890622,0.002353760903123826,0.038130086564707844,0
chronos_bolt,0,norway,4889,0.12815377192179364,0.02509324140781981,0.011830566725463771,3.1049929556005362,0.0,0.0858943374633796,0.0032747033306249544,-0.004828850130633709,1.0,0.02145564422607471,0.0058131539575299465,0.007822040079127233,1.0,0.1302554244995111,0.016752628696500804,0.004603914633708241,1.0,0.13424989624023453,0.025561829865401172,0.03782272377316719,0
chronos_bolt,0,south_korea,4889,19.9363712565104,574.3037662888156,0.014907789763615113,4.195711418167721,1.0,5.3427734375,0.0007955780217227636,0.004806437851360562,1.0,4.497900390625091,0.0041709856548896,0.007537300143679378,0.0,21.545605468749955,0.01449570415478933,-0.0016198605941676397,0.0,53.87868652343741,0.02320051511055438,-0.017236569483759796,0
chronos_bolt,0,sweden,4889,0.16014526107788082,0.03491671944390318,0.015240409169089985,3.8137675043371058,0.0,0.09495102233886676,0.004338961962390713,-0.004869121857290363,0.0,0.12878305816650304,0.00692095125717359,-0.005556204487729971,1.0,0.17020313568115242,0.01778695851802215,0.0014435399262141982,1.0,0.183137855529786,0.026308948812311262,0.043455613393365324,0
chronos_bolt,0,switzerland,4889,0.005241907513936365,4.236945257548087e-05,0.005834212308941416,1.1809886809242236,0.0,0.004932241439819296,3.6077724191718624e-05,-0.005498218518936892,0.0,0.004218631935119621,0.0006920135500099738,-0.0040365587129456955,1.0,0.001440457725524924,0.0023923218424396894,0.0007829978028672316,1.0,0.011098159313201905,0.0027956640331928606,0.015103846456792093,0
chronos_bolt,0,taiwan,4889,0.18107188517252623,0.049085341967786876,0.005870302073502486,3.436657676758228,1.0,0.028260314941405795,0.0013790674240675555,0.00045706824171494963,1.0,0.0031512451171877842,0.003997200718439526,0.003894701454560783,1.0,0.17230583190918125,0.00940299100186364,0.0038133775005453267,1.0,0.42264848327636884,0.014383487111097116,0.0006855240446700206,0
chronos_bolt,0,uk,4889,0.013073396689061486,0.00019692308900277927,0.01618564799097734,4.425335439463551,0.0,0.005015779059143077,0.0010429509667768768,-0.005188756986521533,0.0,0.013154009330780037,0.0027401214063739014,-0.013657966347282141,0.0,0.01616936852825923,0.010094296215194021,-0.00995152871016641,0.0,0.018304072490387013,0.01583878484360795,-0.006752165671409077,0
chronos_bolt,0,australia,4894,0.02235264269765218,0.0006797401614497999,0.014791700355095649,3.246216821894396,1.0,0.007287289314269918,-0.0010530990443933296,-0.005885644923108465,0.0,0.03452441894531244,0.0029393837755066024,-0.020071894314520472,0.0,0.01707410903930673,0.010625420228762672,-0.0006015554686625279,0.0,0.048604137611389264,0.011958437765388243,-0.020294421482297136,0
chronos_bolt,0,canada,4894,0.014630062561035169,0.00028739745613943547,0.010804513875201153,2.997300154912828,0.0,0.004562573623657196,0.0013355183443227198,-0.0020296333332337226,0.0,0.01776017417907716,0.003907547045700158,-0.00922177525697215,0.0,0.01861532707214364,0.007979087972906558,-0.0057304628411893425,0.0,0.029990334129333496,0.003929697009624176,-0.018341629159280875,0
chronos_bolt,0,denmark,4894,0.11923204559326163,0.018510866906339,0.01742420723043825,4.8572419126060655,0.0,0.047609156036377165,-0.0015578249929137557,0.005480194221514882,0.0,0.019089509582519426,-0.00019101991430469373,0.002633059714794622,1.0,0.1413674072265625,0.0033614869021906463,0.024015729774209307,1.0,0.1589051902770997,0.0025658121364617223,0.025771136406461902,0
chronos_bolt,0,eurozone,4894,0.03262978326161702,0.0013680242533033028,0.018169067077004702,5.056321136057874,0.0,0.012735144996643077,-0.0017712864080613926,0.00540435351457662,0.0,0.006019709777832061,-0.0003498733843991661,0.003043541873138314,1.0,0.03869528274536127,0.0032712754461339416,0.02480894324628065,1.0,0.04235482997894291,0.002421592134025973,0.025992131112179566,0
chronos_bolt,0,japan,4894,1.8149519042968743,4.003348017045526,0.013200202277974697,3.9535839477223407,1.0,0.3777233886718818,0.005582571579748975,0.008337343061870473,0.0,2.4203839111328023,0.008412966808293613,-0.009370687620370268,1.0,0.6570684814453216,0.013081408959403419,0.017832920353154706,1.0,1.89031982421875,0.009645108340933841,0.023300756559424433,0
chronos_bolt,0,norway,4894,0.13850422429402678,0.02769555381067334,0.012761743159840204,3.355770449084498,1.0,0.002007127380371898,0.004578099434027469,0.00439120133500034,0.0,0.2139049911499029,0.009454189700119619,-0.010564347647397719,1.0,0.04821468658447259,0.01647872820285035,0.02090500762524376,1.0,0.18376638641357346,0.021995961369858597,0.005038217055848644,0
chronos_bolt,0,south_korea,4894,31.241866861979133,1250.1464015890335,0.023372771910226433,6.575010859856236,0.0,4.455102539062409,0.003323150143208945,0.0,0.0,24.0667724609375,0.006268991101459829,-0.011761967888373193,0.0,22.146557617187455,0.013319859638394929,-0.0031430093971992513,0.0,71.13942871093741,0.018058779047816595,-0.03555439986233032,0
chronos_bolt,0,sweden,4894,0.23510743438720716,0.0863074171307351,0.02223883781099146,5.598948649863252,1.0,0.03993610076904375,0.0022752034412430585,0.006152280580194113,0.0,0.13924916534423915,0.005754855094358462,-0.007834848453243257,1.0,0.16471857757568387,0.015500528381519394,0.031188571695476168,1.0,0.38715751495361417,0.01789852511136076,0.05430297022771666,0
chronos_bolt,0,switzerland,4894,0.005705426731109616,4.782828336644247e-05,0.006339490296454114,1.2854184037716978,1.0,0.0050052444458007495,0.00044342232341434637,0.006048744289306424,1.0,1.914129257196695e-05,0.00293836882813453,0.0029169258355288574,1.0,0.010078291320800736,0.00618465406504696,0.01737527701548369,1.0,0.005437049484252943,0.007402398589515067,0.013447737739151141,0
chronos_bolt,0,taiwan,4894,0.3330717000325523,0.12927804027201828,0.010775302976636359,6.321541379751766,0.0,0.08646232604980497,0.002808521338181351,0.0,0.0,0.27499110412597716,0.005611326445832827,-0.003323398787361642,1.0,0.31924159240722716,0.011071012687015994,0.0007478702306045744,0.0,0.5133779907226561,0.01592130768155081,-0.0006507768878500238,0
chronos_bolt,0,uk,4894,0.0036264169081898926,2.129994866923114e-05,0.004527098059065146,1.2275395326686622,1.0,0.002534099225280806,0.0006883001449111927,0.003866163142636606,0.0,0.00633371142916872,0.004187151550298746,-0.0037720170932642196,1.0,0.0011100400178527536,0.011554104861509852,0.012932336337791651,0.0,0.011324663302429205,0.013231926752440294,-0.0009145312600884593,0
chronos_bolt,0,australia,4899,0.01793870736440022,0.0005477894511419139,0.011953079260409338,2.6051923433408346,0.0,0.015997580146789536,0.003713323987437465,-0.0070912205346045695,1.0,0.00489040130615237,0.010176144763720753,0.013434797158053279,1.0,0.03135542652130119,0.014548190290247669,0.035170134173612436,0.0,0.05069304180145262,0.015430583507972667,-0.018805235258675855,0
chronos_bolt,0,canada,4899,0.011498286883036299,0.00019311306612077993,0.00854557314109233,2.3556848722947845,0.0,0.01348303127288819,0.003997677293584157,-0.006045696873816358,1.0,0.002045812034606964,0.008370430170168442,0.006859627557901294,1.0,0.00473611507415761,0.010558259133591355,0.014039466571440522,0.0,0.03403006744384762,0.0069926964097448046,-0.018475235425919827,0
chronos_bolt,0,denmark,4899,0.11228932037353505,0.015558773109441659,0.016379492668490776,4.574411103513003,1.0,0.0007224227905275882,-0.0008982445514791464,-0.001005069774365915,1.0,0.07821456146240191,0.0012453925797520997,0.012719577571647588,1.0,0.15452115325927718,0.003013411227723118,0.025517039144702332,1.0,0.02248255844116187,0.0039980601703104345,0.007300699201833146,0
chronos_bolt,0,eurozone,4899,0.030062532145182293,0.0011073526933553031,0.016704891106753834,4.658499122423272,1.0,0.0006951875686644904,-0.001067108772979495,-0.0006755425707973622,1.0,0.021615163612365818,0.0011163671969694222,0.013193762318503286,1.0,0.040900446701049864,0.0029218384707670204,0.025612511171432727,1.0,0.006230665588378814,0.003914405531973901,0.007401003757835328,0
chronos_bolt,0,japan,4899,4.875332051595053,30.583566784488433,0.035752477339164125,10.620135163564964,0.0,0.591817016601567,0.0042669281543222404,-0.00011120378104320952,1.0,0.24166076660156932,0.0012471498802057838,0.003034791374341533,0.0,5.4885577392578,-0.0043726264768624195,0.03568036574641183,0.0,9.39566528320313,-0.020942522727946986,0.047767682735337644,0
chronos_bolt,0,norway,4899,0.19514120778401675,0.05268830615540263,0.01800277624637874,4.728008129846641,0.0,0.11507416839599571,0.003196979769054288,-0.007705375398491727,1.0,0.015730093383789168,0.009892526644637016,0.011363758650315223,1.0,0.28466486206054675,0.01631288164553262,0.042442233864207424,0.0,0.24802410736083935,0.02200579543707635,-0.0011965089853254824,0
chronos_bolt,0,south_korea,4899,24.671861979166632,1113.2484728182542,0.018708150890241786,5.192319689554508,0.0,5.449072265625091,0.003056426061418236,-0.0010589615603268279,1.0,1.8924072265624545,0.007462235760480292,0.008881253574644848,1.0,13.199902343749955,0.012322108607095745,0.0024162808599766583,0.0,73.77683105468759,0.017147047080093066,-0.03924036936611951,0
chronos_bolt,0,sweden,4899,0.33724873886108403,0.149058352053447,0.031997244048848426,8.03138520921691,0.0,0.06327355651855449,0.004365291834908577,-0.0018440527166161285,1.0,0.09912028503418036,0.009844061172347995,0.01944189444962382,1.0,0.5064025924682625,0.013293845037555907,0.06122786478562664,1.0,0.24842785034179649,0.020517941462928773,0.04415095980118025,0
chronos_bolt,0,switzerland,4899,0.005927172441482542,5.1452599475917327e-05,0.006577709441848458,1.3353771589190717,1.0,0.001255251216888409,-0.0016198053042887333,-0.003029285386208881,1.0,0.003187173080444361,0.0012458789443646858,0.00480555238612885,1.0,0.0071338022232055875,0.005882176227303518,0.013795624033591141,1.0,0.0038050864219665304,0.005702732075494805,0.0014552784388582017,0
chronos_bolt,0,taiwan,4899,0.09337382253011069,0.012114630069725013,0.0030346522076217714,1.7721904408330202,1.0,0.046778930664061136,0.00219334458304862,0.0006688254207217231,1.0,0.004804672241210284,0.003866321322420623,0.004022511917703648,1.0,0.06160092163085906,0.00684977271408019,0.0048510594888017755,1.0,0.18652558898925875,0.007803082103450004,0.0017445324757995346,0
chronos_bolt,0,uk,4899,0.006775196879185989,7.149417225227146e-05,0.008477637952655671,2.293399303326502,1.0,0.0006565384074096459,-0.00024059101621640944,-0.0010694554221351126,1.0,0.0069419211658630076,0.0029450143966284967,0.011639626015497596,1.0,0.011358705151672366,0.008495800731905954,0.022605267626341803,0.0,0.02198537739355466,0.012439459974871364,-0.015337723348009915,0
chronos_bolt,0,australia,4904,0.024143613352457672,0.0009288284338555493,0.016080680578696317,3.506314884829902,0.0,0.011236882133483839,0.0022439576900781864,-0.005242598350226249,0.0,0.007251719779968191,0.0041437188546149485,-0.0006721302455425276,1.0,0.008653989028930553,0.008845871304066819,0.014536032381001464,0.0,0.02378974243164067,0.01215958276652601,-0.0035988282682343975,0
chronos_bolt,0,canada,4904,0.015422360967000321,0.0003701304684889227,0.011490085282409471,3.159620454298377,0.0,0.006597103691101003,0.0019544141344093207,-0.0029234917667296328,0.0,0.006242329216003428,0.0029830042649103376,-0.001627219293962853,0.0,0.004194467544555769,0.0013622138424103007,-0.0017382625454233946,0.0,0.036278356170654336,0.0015348175521998017,-0.025600200437759433,0
chronos_bolt,0,denmark,4904,0.06384957455952953,0.0050999322578462155,0.009268993774198075,2.601086210586157,0.0,0.004649795532226442,0.0005322283274765395,-0.00014587360078372337,1.0,0.04115962371826143,0.0011575365977855182,0.007136347016549714,1.0,0.08000763320922832,0.0006550553297606194,0.012250080704752824,0.0,0.03803001632690428,0.0036225036734175414,-0.0019199398525261875,0
chronos_bolt,0,eurozone,4904,0.016653891658782963,0.0003461911811156323,0.00920739858776468,2.5806921154446303,0.0,0.0014869176864624745,0.0005479699594762858,-0.00027773149098161797,1.0,0.01049799861907963,0.0011667409257469384,0.006973490362235256,1.0,0.021024168777465713,0.0005418160483730281,0.012144445581514337,0.0,0.009565028190612779,0.003473468551481264,-0.001834454903239083,0
chronos_bolt,0,japan,4904,5.677072387695315,38.222387911280165,0.041424197337567165,12.366598921388615,1.0,0.24988891601563523,0.004351856737457439,0.006189004835240082,1.0,3.1563061523437455,0.00032287642126489215,0.023374936649867274,0.0,4.655205078124993,-0.007531375945800607,0.0265466819651704,0.0,10.859791870117192,-0.01804583063744609,0.0605094070549051,0
chronos_bolt,0,norway,4904,0.19764865112304683,0.04890352562902268,0.018206915563340198,4.788760098263201,0.0,0.09154685058593692,0.002123686806746574,-0.006450879124808005,1.0,0.11619172515869103,0.005457993007558244,0.0162003723864072,1.0,0.2814880920410161,0.012211694338569296,0.03786856902218021,1.0,0.07254317321777393,0.02229640589884926,0.01564386503051715,0
chronos_bolt,0,south_korea,4904,41.013128255208315,2309.091429280638,0.03098562367082681,8.631422855298236,1.0,3.113061523437409,0.004085204944115713,0.0017593446301909514,0.0,17.05703124999991,0.00683807926163398,-0.005937188641495414,0.0,26.77626953124991,0.010344029813064934,-0.009713200378037442,0.0,56.39389648437509,0.01943737653979718,-0.022889323978465527,0
chronos_bolt,0,sweden,4904,0.2425666588338217,0.07563122972252968,0.022809890158557205,5.776585800101628,0.0,0.06959280242919874,0.00530466821832115,-0.0013886480273498085,1.0,0.10417129058837915,0.006630059751311134,0.01655299846521736,1.0,0.3931437210083004,0.008540689268573072,0.04541622394286807,1.0,0.18717411193847688,0.017663818789938,0.035230211515505136,0
chronos_bolt,0,switzerland,4904,0.004800770953496295,3.2423820788206645e-05,0.005321136403789836,1.0816017147794617,0.0,0.0015661842346191834,0.00018525987118504919,-0.0015620644738321315,1.0,0.003894294166564949,0.0014546589947159615,0.005780684209207774,1.0,0.008741543388366746,0.0035151442650434668,0.013179944914008273,1.0,0.0025356166839599625,0.0042116622001401845,0.0013926415085380142,0
chronos_bolt,0,taiwan,4904,0.2732251958211266,0.08515067185900428,0.008843397366580305,5.185683386505743,1.0,0.04513467407226557,0.0030876309735193117,0.0016239569647757712,0.0,0.266765075683594,0.005971766651648028,-0.002685308104736412,0.0,0.295899581909179,0.008718855173223529,-0.0008617676524964221,1.0,0.20833932495117224,0.013025554817577042,0.006318573263469155,0
chronos_bolt,0,uk,4904,0.010977790294708245,0.00023678840656937133,0.013719455681671985,3.7159741721000987,0.0,0.0036135332766418227,0.0013478746460096507,-0.0031624685730527657,1.0,0.0011516271341552864,0.004081064959932474,0.0026497535278058094,0.0,0.009543402616577157,0.007916012264337236,-0.003961509938185404,0.0,0.026183969528137174,0.013752882661017434,-0.018983889787424376,0
chronos_bolt,0,australia,4909,0.022107452824910476,0.0006995023324328982,0.01474047886661663,3.2106085271518747,0.0,0.003612091522216865,-0.00037425389184225164,0.002028324069991555,1.0,0.033056381645202526,0.0009672046591582123,0.022713366232216987,0.0,0.014247654800415122,0.001953684717651007,-0.007557544198878051,1.0,0.008116017303466894,0.005461113940277741,7.322422926439919e-05,0
chronos_bolt,0,canada,4909,0.019086010723114,0.0004997754085002325,0.014243432657159816,3.9102022057935595,1.0,0.0002647302627563075,0.0006029200376315273,0.0004070531260527885,1.0,0.012185799407959053,0.0008984049535835913,0.009870439593192934,0.0,0.01545444507598881,0.0004473387299001825,-0.011053537429647431,0.0,0.029346998214721642,0.0012554098922413525,-0.02068020523753863,0
chronos_bolt,0,denmark,4909,0.05892951761881502,0.004080289969490734,0.008556492383853028,2.400654299299738,1.0,0.0032188796997072444,-0.001713144574478924,-0.0012462776319469996,0.0,0.06994440383911105,-0.0024061893429104682,0.007696756972124982,0.0,0.03540759353637668,-0.0032577382388590966,0.001873736771000372,1.0,0.056176268005371455,-0.003456255554222435,-0.011653700428925377,0
chronos_bolt,0,eurozone,4909,0.01536375618616741,0.0002795884202731834,0.00849575556170813,2.3807723303126966,1.0,0.0010139202117920298,-0.0016636394921941905,-0.0011036615087114392,0.0,0.018104360771179273,-0.002376790712217164,0.007582245605314396,0.0,0.008647882652282668,-0.003230473735559501,0.0015430826130945507,1.0,0.014112763214111368,-0.0035012753856278863,-0.011342800868662474,0
chronos_bolt,0,japan,4909,1.7097817382812488,6.186619878787466,0.012120083243794398,3.7244874746123524,1.0,0.623099365234367,0.005063505243909576,0.0005774297320210638,1.0,0.9576159667968795,0.007426125201913069,0.01426547489315222,1.0,0.49163879394529886,0.006990697336302141,0.003459587579730991,1.0,5.261562499999997,0.005532750973447059,0.0426152666973574,0
chronos_bolt,0,norway,4909,0.2051497347513835,0.053624572414841046,0.018870430297174487,4.970501232184482,0.0,0.03751232757568346,-0.001427518049156216,0.0020210564139635768,1.0,0.1822401489257821,0.0020449035539254223,0.018630995373512736,1.0,0.03747006530761787,0.00498736448359686,0.0015529023551921946,0.0,0.29901275177001985,0.012625286438264867,-0.014902107582234096,0
chronos_bolt,0,south_korea,4909,29.042569173177057,1193.8131573557646,0.022106276293892137,6.112157399407992,0.0,9.306713867187455,0.0006455639129857181,-0.00638979809877101,0.0,3.8810546874999545,0.0012663404201543086,-0.001659688812194117,0.0,26.808422851562455,0.002904174271493349,-0.01745059204865746,0.0,25.68068847656241,0.012495150677281965,-0.00680712079010945,0
chronos_bolt,0,sweden,4909,0.17557418848673495,0.04099106989915279,0.01640363062145366,4.181198557760836,1.0,0.005177604675292713,0.0022937791615856703,0.0018040247417927485,1.0,0.2348532897949216,0.0016002724252836542,0.023581856299178163,1.0,0.2420606750488279,0.0022145017780514967,0.024849342221214852,1.0,0.1822118270874018,0.00650833561487673,0.023521680168253675,0
chronos_bolt,0,switzerland,4909,0.00565641551335652,4.22649665762344e-05,0.006270101024258624,1.2743762987267628,1.0,0.0021353337287902674,-0.001069869086665934,-0.003442153076660736,1.0,0.004171102905273449,0.0009183800163188135,0.005527013461864823,0.0,0.003276958751678438,0.0022995860934550733,-0.0013310411814841984,0.0,0.009005230998992975,0.0016671026551136159,-0.00834822301643669,0
chronos_bolt,0,taiwan,4909,0.09535595601399756,0.01194165242005591,0.003091870350325228,1.8098103852394583,0.0,0.06144364929199142,0.0018379738346010746,-0.00016297793314860195,1.0,0.03513612365722807,0.0030959676178886233,0.001953666186413973,1.0,0.05151280212402298,0.004293454018446549,0.0026202949395475925,1.0,0.2511684722900398,0.0068804853589697615,0.014977797545929409,0
chronos_bolt,0,uk,4909,0.012964050205148318,0.0002636184726739352,0.016228360922148063,4.38832173277732,0.0,0.0014663502683105456,-0.0003745100973822027,0.0014482838982427654,1.0,0.006104129635833733,0.0009216520505982417,0.008478047706954855,0.0,0.008599718677185009,0.0029528936679096883,-0.007768741020361166,0.0,0.02332564269818116,0.007275529874357526,-0.021948319034796604,0
chronos_bolt,0,australia,4914,0.04874724377568562,0.002912773961861363,0.03217281497180256,7.079436865970162,1.0,0.0038864236450195655,-0.0025173857129956144,-0.005056067764186026,0.0,0.026693509521484415,0.0013419266683028072,-0.016157793097251925,0.0,0.08791960544586175,0.0060205372394483096,-0.052530826055676494,0.0,0.054521553306579484,0.009102485405254879,-0.02668882504321835,0
chronos_bolt,0,canada,4914,0.03410849077224731,0.0013526340779581962,0.02533843040597338,6.987897983962276,1.0,0.0043261737823485635,-0.0005306884832938388,-0.0037083995427984336,0.0,0.020143148231506425,0.0002148477178917937,-0.01465646909734811,0.0,0.041564940834045494,0.001183013833993184,-0.02971970355312736,0.0,0.03896928806304922,0.00327052963225594,-0.025612921600473806,0
chronos_bolt,0,denmark,4914,0.09875289794921879,0.013684258216346471,0.014301299537001471,4.022968091535984,0.0,0.007160446929932007,0.0007054576007482016,-0.0003234117814758807,0.0,0.02344850463867232,0.0014072047375089454,-0.001963640917957986,0.0,0.14555875930786133,0.0024414367008433395,-0.018647392448438375,0.0,0.16180900268554677,0.0011575320210047632,-0.022344010295814967,0
chronos_bolt,0,eurozone,4914,0.02589974256515503,0.0009377543970904061,0.014284673462016279,4.0134319833101255,0.0,0.0017161106109619961,0.0006107281674698486,-0.0003284701532284452,0.0,0.005859837722778316,0.0013455120409693589,-0.0018627590648569534,0.0,0.03908975009918203,0.0025090968244372795,-0.019064510652828503,0.0,0.04262756824493419,0.0010545182383873896,-0.02252945949069249,0
chronos_bolt,0,japan,4914,1.97285469563802,4.9480899670261325,0.01391946906504019,4.297550054851088,0.0,0.888314208984383,0.004851830222909774,-0.0014601922212684674,0.0,1.6438330078125034,0.005740515106720267,-0.005961003534060126,0.0,0.7374383544921841,0.005022692757608039,-0.00021355353156333695,1.0,1.0695880126953057,0.0044770408213546916,0.012027454054979915,0
chronos_bolt,0,norway,4914,0.37451208394368496,0.1819528516343518,0.03421090274219427,9.073922405827094,1.0,0.04844574432373072,0.0006726073043251001,0.005032940752583188,0.0,0.11148908691406234,0.004439048058799681,-0.005630095068797476,0.0,0.638035528564453,0.007574480419405719,-0.05127951770145623,0.0,0.6242903015136712,0.015844733444874234,-0.04121640295363337,0
chronos_bolt,0,south_korea,4914,38.87368326822914,1809.796231920599,0.029499613640027626,8.181165702433528,0.0,5.3063476562499545,0.0039984492769970775,0.0,0.0,27.36110839843741,0.006443095620963549,-0.014296277860021212,0.0,58.734082031249955,0.011063255581991265,-0.03378570027514921,0.0,42.974853515625,0.017606078731056362,-0.014794238148402613,0
chronos_bolt,0,sweden,4914,0.11494039845784515,0.021440723087100273,0.010614986353990918,2.737239638710946,1.0,0.012390031433104909,0.004349926319054525,0.0032072342706732427,0.0,0.10328964233398352,0.00681251174050694,-0.002730082879680939,0.0,0.30060277557373105,0.011405121808560827,-0.016493429442104045,1.0,0.09955967102050778,0.012512604477815548,0.003368710253778423,0
chronos_bolt,0,switzerland,4914,0.008440692739486685,9.701408509251272e-05,0.009351440401235553,1.90166700919288,1.0,0.0021740885734558013,-0.0009108610802336612,-0.003312540985183491,0.0,0.00012202358245849698,-2.427806846127686e-05,0.00011022927700757692,0.0,0.01465993347167971,0.002048205213236189,-0.014210619376917344,1.0,0.01632415647506713,-0.0008556197826146596,-0.019030175892730254,0
chronos_bolt,0,taiwan,4914,0.14198075764973977,0.02464947310744049,0.00459430391884461,2.6947267946319586,0.0,0.18936973571777216,0.002448725452044999,-0.003715235090296339,0.0,0.19698434448242352,0.0032309326940558043,-0.003176648621910578,0.0,0.20019902038574244,0.005537363021772997,-0.0009600755779883822,1.0,0.33417163085937673,0.00814230151380993,0.01886681223528623,0
chronos_bolt,0,uk,4914,0.02289773732590129,0.0006427336709596546,0.028543636979818533,7.750867726412779,1.0,0.000962487378997845,-0.0004726395793577222,-0.0016608939841704364,0.0,0.011409185996704152,0.00205144920469425,-0.012089609481121106,0.0,0.031108222075805658,0.00594292746056334,-0.032940213758562355,0.0,0.037618512308166485,0.008071290600943156,-0.03904137142355477,0
chronos_bolt,0,australia,4919,0.035892909413655597,0.0016585036427654376,0.023922033841809524,5.212634939920497,0.0,0.00364992385864249,0.0015066906868300514,-0.000906459411997065,0.0,0.03484178276062022,0.003684711880059594,-0.019540767215252504,0.0,0.046831525840759225,0.009040349236672416,-0.022133821447639517,0.0,0.07027488922119152,0.010836728369324691,-0.036229015346879244,0
chronos_bolt,0,canada,4919,0.023339943211873368,0.000625825579565992,0.01746988332872418,4.781716763872455,0.0,0.0034415390014648217,0.0018886085542446792,-0.000669642882166272,0.0,0.015142459487915039,0.0017408019639435308,-0.009566232662092038,0.0,0.033232397460937424,0.004180618254675406,-0.020742486431152868,0.0,0.035213603019714323,0.005942812995897779,-0.020438777382085202,0
chronos_bolt,0,denmark,4919,0.11085523910522461,0.017572222663884918,0.01615542165332979,4.515989899650722,0.0,0.020773752593994388,-0.0017184699993411615,0.0012735692956456555,1.0,0.008976298522949122,-0.001156063434581443,-0.002450963950697143,0.0,0.1582203598022458,0.0014993843650313323,-0.021512622535315835,1.0,0.31529099426269536,-0.0005558428317168761,-0.04704643188248037,0
chronos_bolt,0,eurozone,4919,0.02923729930241903,0.0012165612226383246,0.016228144140699098,4.530620790177609,0.0,0.005553099822998009,-0.0017305963540777938,0.001315248853802443,1.0,0.0032759826660155866,-0.0011379987784315142,-0.002938149982154754,0.0,0.04171909847259525,0.00151736894074019,-0.021590850203861586,1.0,0.08249879989624032,-0.0007686867454846709,-0.04710120711988428,0
chronos_bolt,0,japan,4919,2.4660786336263016,9.640601604447147,0.01745090639232624,5.371959927226365,0.0,0.6021105957031239,0.004266345134346887,-3.5801872441713754e-05,0.0,0.4857330322265625,0.0014362660297576454,-0.0020427552035060335,0.0,3.160686645507809,-0.0002555578240210087,0.022129104953489034,0.0,1.2751110839843705,0.0007881118413229893,-0.008376673525188245,0
chronos_bolt,0,norway,4919,0.4594858439127604,0.2938188376216169,0.04248342085490773,11.13272194140285,1.0,0.008559570312499432,0.002016757327598721,0.002791854679141508,0.0,0.30582144012451096,0.0031015093901010913,-0.024962466638191332,0.0,0.5106654022216794,0.009635583776020371,-0.03736090618290411,0.0,1.1925827651977539,0.01679007305879349,-0.09576277705974214,0
chronos_bolt,0,south_korea,4919,21.20172037760416,659.4383865674738,0.016289675204048434,4.462010620115411,1.0,0.43576660156259095,0.0015797521075335635,0.0019129242959290533,0.0,18.62673339843741,0.003537360709580268,-0.010780530234891297,0.0,22.39453125,0.008954944983832015,-0.008190305911537065,0.0,58.93918457031259,0.01455233973177755,-0.030957167773090103,0
chronos_bolt,0,sweden,4919,0.14590954757690433,0.049822573640814626,0.013636440172056079,3.474752155486575,1.0,0.07992256317138668,0.0025891203232807454,0.009961819520172591,1.0,0.0009354797363272382,0.005377529961286332,0.0052911523466213336,0.0,0.1835657791137688,0.009990841980980289,-0.007023913812114822,0.0,0.6537100479125968,0.010183299622707805,-0.05176487898158287,0
chronos_bolt,0,switzerland,4919,0.014632546510696409,0.00034518528797672284,0.01632224835323382,3.296676211147568,0.0,0.0010615157127380481,0.00017801194522068368,-0.0009925011842517046,0.0,0.007352974796295153,0.0024252460712060418,-0.005692667430586651,0.0,0.014701372909545873,0.004839604352119506,-0.011417926948080153,1.0,0.04666342611312868,-0.0005916038821917412,-0.05342751900077987,0
chronos_bolt,0,taiwan,4919,0.2144075017293294,0.0781258651033705,0.0069243270964347,4.069351716698498,1.0,0.0006915588378895166,0.001461157585085729,0.0014836918925792086,1.0,0.0013960266113279829,0.0026038393663617453,0.0025584005220407355,1.0,0.19377745056152307,0.003948029363120051,0.010226863803702075,1.0,0.03680889892578065,0.006819505252017816,0.00801180861302914,0
chronos_bolt,0,uk,4919,0.014977328588525397,0.00031322057142200104,0.018945541447352953,5.069815027241413,0.0,0.006315177957763707,-0.002002333891943941,0.005865355451917236,1.0,0.004524011752136237,-0.002145033966973081,-0.007820331935961442,0.0,0.016908733956359834,0.0006251028831570906,-0.020693673602936943,0.0,0.03945557194400029,0.0007689694662204479,-0.04969578423638399,0
chronos_bolt,0,australia,4924,0.01744528718058269,0.00038729283769432354,0.011758531277172904,2.533534198814643,0.0,0.004455867576599104,0.0022606391980596083,-0.000742115061888301,0.0,0.0317227907180786,0.002978289595054086,-0.01858270809089923,1.0,0.019766100234985373,0.003704956976641979,0.016898495312134443,1.0,0.0125722756195068,0.010427155098623932,0.0020009640944661346,0
chronos_bolt,0,canada,4924,0.015640933055877673,0.0002944270057215024,0.011766066140865068,3.2043999043600966,1.0,0.0034828741073609226,0.0013636370098445154,0.0039721254354477846,0.0,0.01601194095611569,0.0027087082322273695,-0.009355381523611095,0.0,0.011860469627380299,0.0038677552988320854,-0.005044051950137326,0.0,0.024206636428832917,0.009942997133454437,-0.008219017764963,0
chronos_bolt,0,denmark,4924,0.12543988845825194,0.022287045982175114,0.018386977217471772,5.11013528871709,0.0,0.021602752685546456,-0.0021535471176988025,0.0009666854985285204,1.0,0.09964592819213891,-0.001329501999919226,-0.015837377489834256,1.0,0.06607071228027372,-0.0032067424063521696,-0.012820828123759223,1.0,0.2198046905517579,-0.0004974581876693282,-0.032757103758021884,0
chronos_bolt,0,eurozone,4924,0.032255701929728216,0.0014987522609524802,0.01801440369319909,4.998353379120333,0.0,0.005511622238159264,-0.002153688239758623,0.0008796042348326717,1.0,0.025623606300354096,-0.0013353944321539937,-0.015547585481205894,1.0,0.015932664871215918,-0.003314989737838036,-0.012145842294523217,1.0,0.05741253032684335,-0.0005157361332242236,-0.032618422560338076,0
chronos_bolt,0,japan,4924,2.2710886027018233,7.3088945929597635,0.016050150851580337,4.94720516959131,1.0,0.019134521484375,0.001929148016416782,0.0017921151749815361,1.0,1.434346313476567,0.004907427191326296,0.015096238555542933,1.0,4.2870941162109375,0.006884985763991833,0.0369760432994575,1.0,0.649699096679683,0.012338284353453428,0.016932073139994345,0
chronos_bolt,0,norway,4924,0.3935659000142415,0.2684280192380834,0.03715605138863969,9.535570656902296,1.0,0.06367976226806604,0.0017778565344543828,0.007676299688136203,0.0,0.2607394470214839,0.007578348569217563,-0.016799073688571885,1.0,0.11769529418945268,0.013569124966736066,0.002704550588345212,0.0,0.9192618026733399,0.024491416380542624,-0.06268203413672674,0
chronos_bolt,0,south_korea,4924,15.938369140625014,385.8275130232578,0.012354444411693992,3.35431140049895,0.0,4.357519531250091,0.0006249891317850599,-0.0027522064082418766,0.0,23.42978515625009,0.002806251301552652,-0.015447937392162376,1.0,21.10629882812509,0.003781561636135235,0.019929376116997202,0.0,22.944287109374955,0.011350418833788125,-0.006368706237635593,0
chronos_bolt,0,sweden,4924,0.24962057495117201,0.11584542663377353,0.023415994653215828,5.944570765036604,0.0,0.04745674438476577,0.002730129565629921,-0.0016496125765896367,0.0,0.2417731460571293,0.004488960376232114,-0.017986858879779643,1.0,0.025916058349610083,0.00455725063581028,0.0021722245240059727,0.0,0.514306709289551,0.009205874757612245,-0.03899266161264502,0
chronos_bolt,0,switzerland,4924,0.0164757207806905,0.0005161779969730663,0.018561155213291654,3.7119387742596683,1.0,0.006720803356170646,0.0005864554748498423,0.00800467991043378,0.0,0.008811578559875466,0.0007331072890737093,-0.00907553346476397,0.0,0.006583296489715562,0.0016982539572226905,-0.005613776797199663,0.0,0.0385941746711731,0.0027057637542823114,-0.040898208487540805,0
chronos_bolt,0,taiwan,4924,0.2331823740641275,0.07634265734433011,0.007526176164898332,4.425689803519994,1.0,0.0014866180419907948,0.0011218903590862147,0.0010735548706668758,0.0,0.09376550292968844,0.0021221019577350527,-0.0009280894237120616,1.0,0.2702198486328129,0.0026096653840836015,0.011343989730596356,1.0,0.3468090820312497,0.0056214365097608104,0.016784062201186348,0
chronos_bolt,0,uk,4924,0.014069920577163704,0.0002831983395199796,0.017906473530065765,4.762658063658116,0.0,0.00495463440982058,-0.0005978649173233737,0.005619671609269103,0.0,0.01446267517645261,0.0001640792538615572,-0.01819520918118571,0.0,0.003175727196289113,0.0010227547955582803,-0.0029763706093289886,0.0,0.019858954493988,0.004344314234309455,-0.020845560066829145,0
chronos_bolt,0,australia,4929,0.029259494833628344,0.0011583314457512671,0.019828511348668032,4.249281197477068,0.0,0.007377175941467362,-0.0017102737365642766,0.003354039133302273,0.0,0.044887802162170365,-0.0017864123847511754,0.02864120414849494,0.0,0.056823310012817485,-0.0006551853963028225,0.03766704005745806,1.0,0.03246318386077873,0.007881477835859201,0.02976889713517706,0
chronos_bolt,0,canada,4929,0.008694390989939368,0.00012343311276350746,0.006557762718413433,1.7812432005877956,1.0,4.640522003174219e-05,0.0010579243545384023,0.0010227854746937559,0.0,0.002495635604858437,0.0016250844476278323,-0.00026533745393823594,1.0,0.008743739891052149,0.00495737927001918,0.011530763073108822,1.0,0.01509460716247557,0.014519516352028305,0.0031785700504462426,0
chronos_bolt,0,denmark,4929,0.058465000762939416,0.005006578476731363,0.00865714265380424,2.381730940816333,1.0,0.01859510574340817,-0.0028558060457660804,-0.0001246649630736434,0.0,0.05333818206787111,-0.004326618252515808,0.003498938517288261,0.0,0.08993051376342809,-0.007948042536189644,0.005258416238533164,1.0,0.014392022705077778,-0.007567827592122134,-0.009696795600401953,0
chronos_bolt,0,eurozone,4929,0.0156346827697754,0.0003499548772623971,0.008817349022497784,2.4227551960900633,0.0,0.005404869651794542,-0.0029117397659997033,0.00011171624086486858,0.0,0.015091625213623061,-0.004474215385093062,0.003958303657428854,0.0,0.02423849678039547,-0.008210862982327554,0.005348351142860257,1.0,0.003606443595886244,-0.007988450197448845,-0.010021277145457991,0
chronos_bolt,0,japan,4929,2.1426703084309886,5.965715747952222,0.015102254012966563,4.667466348071548,1.0,0.19455810546875796,0.0010273663116893636,0.002400029387667978,1.0,1.733113403320317,0.003646381755301293,0.01577651569390895,1.0,1.927603759765617,0.006111511988302891,0.01956078253923808,0.0,2.8077520751953102,0.01140335173365052,-0.00841012036402165,0
chronos_bolt,0,norway,4929,0.37116807581583655,0.22861203328183083,0.0354667259989007,8.992901601486068,1.0,0.0999459548950199,0.0005728046656637714,0.009982096427356178,1.0,0.24889084777831982,0.0050373242140071385,0.028204132666157657,1.0,0.11874534301757755,0.010891031613351334,0.021946295742565677,0.0,0.6590620574951167,0.02449033992445963,-0.038306886207852775,0
chronos_bolt,0,south_korea,4929,19.246548665364593,528.5311038000391,0.01496272870576104,4.050534721519109,0.0,10.5469970703125,-0.0003121901504299584,0.007948825062493798,0.0,32.77639160156241,-0.00021733823790719343,0.025232298962298838,1.0,25.22121582031241,0.0029666876714746996,0.022545363521086735,1.0,4.094702148437591,0.0073204702384268685,0.0041193490840945885,0
chronos_bolt,0,sweden,4929,0.24216157068888336,0.07748777608630285,0.02286118138790275,5.766938858361612,1.0,0.10391299743652382,8.808842059915372e-05,0.009809205304070997,1.0,0.10476806793212923,0.0007266535537798267,0.010521146163948726,1.0,0.32594450683593834,0.0009073494700556855,0.031063917151807445,0.0,0.24445503845214844,0.010656500750035524,-0.012344843117772454,0
chronos_bolt,0,switzerland,4929,0.017372845169703166,0.0005930749513184626,0.019681016226155642,3.9140586601958853,1.0,0.0006851111412048416,0.0016373286356266632,0.0024021686923446747,1.0,0.001496458721160887,0.0030754619871677627,0.0047429154558085865,1.0,0.0007993394851684155,0.004073953702649694,0.0031830265601211125,0.0,0.0327376447677612,0.007175541803419359,-0.029861437661316315,0
chronos_bolt,0,taiwan,4929,0.35227090657552085,0.14454746468232924,0.011368844419790814,6.685933126657655,1.0,0.039674972534179176,0.002126005453466913,0.00341502616707638,1.0,0.20280683898925744,0.002024181830744947,0.008596552705373215,1.0,0.4830041656494153,0.0024078577044900234,0.017984179917518262,1.0,0.5562224884033213,0.0049326736455267695,0.0228043894004267,0
chronos_bolt,0,uk,4929,0.008376277559788004,9.369472689495054e-05,0.010752299426115327,2.8353639698799777,0.0,0.0024962130279235772,-0.0021062762274741925,0.0010933657931732539,0.0,0.0083351068192139,-0.0026565550491615525,0.007993459576083072,0.0,0.008961069984649628,-0.0023461296409943125,0.009095604468048581,0.0,0.006697115396514852,0.004488762669439961,-0.00408950778173598,0
chronos_bolt,0,australia,4934,0.02103499272155762,0.0007248151679536361,0.014068928259074848,3.0548579040418695,0.0,0.002441086463928155,0.001481810704767656,-0.00014689386277145827,1.0,0.0012555226898194327,0.003835312447699587,0.0029999222519562223,0.0,0.057906756782531765,0.0072952834652417475,-0.031841096775145517,1.0,0.0023595855331421944,0.015278428209321968,0.013725731683782412,0
chronos_bolt,0,canada,4934,0.008299429480234773,0.00010567678353923708,0.006261729162704848,1.7003263768022912,0.0,0.0037839954376219787,0.0004426917750937759,-0.0024292124600465057,1.0,0.0013236446380615607,0.0022919770401570796,0.0032927759062579528,0.0,0.016770402145385832,0.00692900746305949,-0.005779044294460621,1.0,0.0003958438873290504,0.012697987446210155,0.012994288411437275,0
chronos_bolt,0,denmark,4934,0.07627068778991693,0.009779490254924465,0.01127008336879559,3.1070940668102818,1.0,0.001984314727783598,-0.0027123405982649477,-0.002421600975610759,1.0,0.007920659637450811,-0.003758649250574745,-0.0025974135598493685,1.0,0.16367857666015606,-0.0032747894343211474,-0.02756644405078161,1.0,0.07651706085205046,-0.0008674352936562516,-0.012122697209569225,0
chronos_bolt,0,eurozone,4934,0.020581082210540787,0.0007016723973461962,0.011582497905380679,3.1892507574978293,1.0,0.0006465736389160703,-0.0028118915972070824,-0.002451186431045708,1.0,0.0026090814590453704,-0.003991307838094434,-0.0025348556031880663,1.0,0.04385823402404787,-0.0034789983688078095,-0.02827182993899257,1.0,0.020566033744811918,-0.0012994758937632702,-0.01282356020412531,0
chronos_bolt,0,japan,4934,3.2380662027994798,15.676831482180782,0.02267517379154528,7.053612016242289,0.0,0.7461682128906375,0.0037923630970551404,-0.0013923215726919503,1.0,0.1525152587890659,0.006535453277025526,0.005480796292319493,0.0,6.928341064453122,0.00968091671920459,-0.039230452669909155,0.0,3.963447265625007,0.014081386251562633,-0.01348224858798467,0
chronos_bolt,0,norway,4934,0.6905356775919598,0.5956151608539114,0.06503273494883849,16.7307476195264,0.0,0.24275458984375042,0.007229239389073296,-0.015195352822064927,0.0,0.23045119781494172,0.0069365746466424185,-0.014345600226343866,0.0,1.02438918914795,0.013038895625052248,-0.08461070129180683,0.0,1.0139746490478512,0.02355336119154836,-0.07199361849464968,0
chronos_bolt,0,south_korea,4934,27.034090169270833,1054.3093689840236,0.0208249988843216,5.689462708312311,1.0,3.3169677734374545,0.00414440179512381,0.001608702660400512,1.0,6.048681640625091,0.005543938743101495,0.010145014546860748,0.0,41.279589843750045,0.00838244049127037,-0.023504029550616395,1.0,10.029345703125045,0.01160817591389931,0.003978734350821876,0
chronos_bolt,0,sweden,4934,0.2862052410888672,0.1261769313026567,0.02692291574453621,6.815813597536724,0.0,0.08493321990966862,0.0034671309901619864,-0.004438111580165709,1.0,0.012288998413085395,0.0037060861340789558,0.004844467117965912,0.0,0.6190034103393547,0.0057886677293976264,-0.05316987442737513,0.0,0.3419561248779299,0.014638325362349927,-0.017213857063475346,0
chronos_bolt,0,switzerland,4934,0.02555886744499206,0.0009355832675128556,0.028841828322820486,5.758349049373305,0.0,0.0032855594635009533,3.9588910738617464e-05,-0.0036249098611287243,0.0,0.005462092494964654,0.002126542131939838,-0.003960180315766938,0.0,0.04416411361694339,0.0056775878868445895,-0.04444923226088353,0.0,0.03299956245422364,0.007596946689521409,-0.029545998938960136,0
chronos_bolt,0,taiwan,4934,0.13416848297119172,0.029267694307536972,0.004290499222832538,2.546453562034888,1.0,0.013503845214842158,0.0015491129768494805,0.001984527793352481,1.0,0.08536837768554761,0.003229110800421245,0.005973916177724101,1.0,0.09323460388183591,0.007361147394124821,0.004367206212707921,1.0,0.4024647979736322,0.010971448047916733,0.023747565171113687,0
chronos_bolt,0,uk,4934,0.011743610714541624,0.00021131513753306933,0.015002774601686824,3.9752038371028515,1.0,9.754790795901691e-05,-0.00016333156682129187,-3.934048917120742e-05,0.0,0.00119211351193238,0.0011997704409418299,-0.0003146757195663729,0.0,0.027914212814727835,0.004769107421167799,-0.031178095779537278,0.0,0.01059032106799318,0.009727902360869296,-0.0036912004599922847,0
chronos_bolt,0,australia,4939,0.0231685151685079,0.0008661564491527995,0.015468829650744843,3.3647038829205433,0.0,0.008621566085815324,0.0016970103516151828,-0.00404868304026582,0.0,0.012802712707519426,0.004471620564484019,-0.00404868304026582,0.0,0.04335579063415529,0.009800640987449595,-0.01919400864936403,1.0,0.00677405899047856,0.016907521314689717,0.021331279647099875,0
chronos_bolt,0,canada,4939,0.009299093678792307,0.00012598594131020937,0.007003439804496485,1.9051302622742134,0.0,0.000256875419616609,-8.077062979199648e-05,0.00011335083986209036,1.0,0.0036196611404419876,0.002212052916785452,0.004937723230257745,0.0,0.016303976631164563,0.00805661486583554,-0.004240984810815931,1.0,0.007285552597045886,0.008514150235980048,0.013958427073980857,0
chronos_bolt,0,denmark,4939,0.08839459716796873,0.011380033046526702,0.013048025873096123,3.6009945151561835,0.0,0.010179862976074538,-0.0009205702611944012,0.0005712779202652968,0.0,0.02418140106201161,0.0005539101783082165,-0.0029935528947645923,0.0,0.15653591232299835,0.0023249525605027457,-0.020823830319763915,0.0,0.05323725967407267,0.002829353992775484,-0.004979519388883283,0
chronos_bolt,0,eurozone,4939,0.024408598531087254,0.0008505734184945119,0.013719325613960779,3.7823638503742694,0.0,0.0023249740600586044,-0.000990602639705879,0.0003067527457510397,0.0,0.007407660484314071,0.0005340574464323581,-0.0036044130167157584,0.0,0.04261413383483892,0.002459256047791466,-0.02153894723752301,0.0,0.015254832458496015,0.002843519859372252,-0.005677939874865878,0
chronos_bolt,0,japan,4939,3.711915669759114,18.078229999267915,0.025946689394064006,8.085817686140834,0.0,0.1774560546874966,0.0007431842101347061,-0.00048442907521738243,0.0,3.155982666015632,0.005629694913978907,-0.016322337749225348,0.0,5.222739868164069,0.006948095519214523,-0.029596164132281895,1.0,1.186544189453116,0.009581680353798212,0.0014173366818270015,0
chronos_bolt,0,norway,4939,0.6164771975199381,0.4503903750941571,0.05860127206747934,14.93641058615029,0.0,0.03382704162597605,0.0019840241118642024,-0.0011721004118027758,0.0,0.16860182495117115,0.008050896440545418,-0.0076832999978865835,0.0,0.8344497283935546,0.01493886556860526,-0.06489732124293002,0.0,0.564666610717774,0.023761318729308707,-0.029078684540497893,0
chronos_bolt,0,south_korea,4939,41.687517089843745,2058.165506625394,0.03187600819115224,8.773351438858331,0.0,15.2872314453125,0.004269120780242201,-0.0073505939101370715,0.0,21.4097900390625,0.00662603933653975,-0.00964680617048738,0.0,62.994140625,0.011390233311225937,-0.03702981624592674,1.0,14.255615234375,0.016264101645140576,0.005562612493041484,0
chronos_bolt,0,sweden,4939,0.33483435440063486,0.1546135811758077,0.03141056060578782,7.9738880286181075,1.0,0.025614639282226292,0.0023428378052554673,0.004705934502880527,1.0,0.0017768081665039404,0.003264936555929098,0.0034288863847028264,0.0,0.5610893280029305,0.007754964176841053,-0.04516615731797973,1.0,0.151694586181641,0.014635471549045917,0.0006987457567103774,0
chronos_bolt,0,switzerland,4939,0.024559071273803707,0.0007479256448459425,0.027802130756774974,5.533097467145723,0.0,0.0022487545013427646,-0.000725411990095343,0.0017868115759593324,0.0,0.004932635974884025,0.00037173660339892854,-0.005154939414428812,0.0,0.03334298210144038,0.004620151866986179,-0.033182977465462934,0.0,0.02404275722503657,0.00550958860887306,-0.02158032001996099,0
chronos_bolt,0,taiwan,4939,0.17449164377848306,0.0442241480655809,0.005560128516534158,3.3117678459586317,0.0,0.06562828063964687,0.0018005671766743296,-0.00030507631158501944,1.0,0.05934939575195486,0.003946371431944072,0.005842680875770956,0.0,0.29665856933593915,0.007474399281528352,-0.0020248777528904774,1.0,0.30709025573730386,0.011823094427231253,0.021520209849664445,0
chronos_bolt,0,uk,4939,0.012038788559014897,0.00019950594194404584,0.015378614543847232,4.075121326578635,1.0,0.0013587075369262402,0.00016392137861688375,0.0018895413331860632,0.0,0.008249217664764386,0.0019078199654786417,-0.00861500468180326,0.0,0.013832732187896712,0.006442667461571993,-0.011185098624302298,0.0,0.007948598020446784,0.010054731435065427,0.0,0
chronos_bolt,0,australia,4944,0.02497486066945395,0.000786528406848902,0.016596279090863624,3.627034795226507,1.0,0.003076603240966813,0.0018518864496559263,0.003902229219556429,0.0,0.043838679542541614,0.003921322383490758,-0.02569798340091285,0.0,0.023993435440063493,0.009454725411840014,-0.006557928191754341,1.0,0.043833156051635846,0.013203834711527552,0.04170543141959408,0
chronos_bolt,0,canada,4944,0.013462077579498303,0.00023857582484366447,0.010105451361419339,2.758011939193223,0.0,0.003921511077880968,0.0012937266773869497,-0.0016557541225351929,0.0,0.01722468280792233,0.0035091634020910116,-0.009482324878959492,0.0,0.021686965560913096,0.00863829706259031,-0.007662005061967695,1.0,0.01701368923187263,0.007033643767275693,0.01965811628138715,0
chronos_bolt,0,denmark,4944,0.0688115642293294,0.00803432208802372,0.010180872798201393,2.8032263657277405,0.0,0.01783755874633819,0.0003508204143834482,-0.0022731545932505102,0.0,0.18908316574096684,0.001473414610966804,-0.02666606250462343,0.0,0.041605819702148494,0.0024814427272378714,-0.0036365817966300972,1.0,0.03684981002807586,0.0016666643330283803,0.0070586288636976715,0
chronos_bolt,0,eurozone,4944,0.018099353771209734,0.0005535872780069197,0.010201655021060818,2.804681363912355,0.0,0.004842619323730535,0.0002477617880571925,-0.0024662998404188265,0.0,0.04908264789581307,0.0013889008923550117,-0.026434506694048728,0.0,0.01111709175109854,0.002386005946726481,-0.0038422214334100763,1.0,0.009949641227722239,0.0014267542825805667,0.006973528957500447,0
chronos_bolt,0,japan,4944,2.089047627766929,6.096705283587821,0.014706470929769237,4.550657870113891,1.0,0.3626379394531227,-0.0010368752191274064,-0.003593071358896395,0.0,3.929728393554683,0.0016142833438774478,-0.026365131114228366,0.0,0.9547473144531295,0.0001037065281476738,-0.0066325873767930695,0.0,3.204508056640634,-0.0011223853731879554,0.021188191539205748,0
chronos_bolt,0,norway,4944,0.5735539742533368,0.35857941380458974,0.05469232214983086,13.89643880946471,0.0,0.1427835662841801,0.004147279448008427,-0.009317556601306586,0.0,0.7182099014282226,0.009111302176769736,-0.060176469174906204,0.0,0.6824361251831057,0.016417684698392446,-0.04880850597174045,1.0,0.22843389587402285,0.023227434192201857,0.0020108536457012663,0
chronos_bolt,0,south_korea,4944,24.953095703124994,841.4604048061767,0.01921237827982609,5.251506766861799,1.0,3.6841552734374545,0.003926499800677665,0.0011104942840271153,0.0,45.21518554687509,0.004636884774526816,-0.030459207484708574,0.0,35.6292724609375,0.006400372286494709,-0.021102322108404837,1.0,23.1624755859375,0.0077001811299345245,0.025159749516696854,0
chronos_bolt,0,sweden,4944,0.35688374303181974,0.16586135951572045,0.033426680796144775,8.498981567359902,1.0,0.01763055267334046,-0.0002463256677051053,-0.001874726381966662,0.0,0.6359001800537101,0.002446644695654443,-0.05786367211504234,0.0,0.4312248718261724,0.007502864312609081,-0.03278736243826053,1.0,0.019862234497070475,0.015364478337227488,0.013558209500926467,0
chronos_bolt,0,switzerland,4944,0.02256044343948364,0.0005682782347019371,0.025604556022416437,5.082811603948643,0.0,0.002685922718048128,0.0011632159248954339,-0.0018555489031696392,0.0,0.03259446496963503,0.002910725143739761,-0.03428711383104205,0.0,0.025586733627319336,0.005028327283114623,-0.023992054712699076,0.0,0.012209737300872825,0.003823630882186387,-0.009936286796963612,0
chronos_bolt,0,taiwan,4944,0.2386583470662436,0.0755967421495753,0.007583437391265827,4.529621149004757,1.0,0.010506454467773096,0.0021525784168859694,0.001817863395480243,0.0,0.5735674591064459,0.004365833624669834,-0.014031652244167813,0.0,0.31651147460937423,0.007267918380846544,-0.0028130312959026437,1.0,0.31829118347167906,0.010738218988117533,0.020739799307670878,0
chronos_bolt,0,uk,4944,0.006889855446698004,8.065648102434211e-05,0.008848066986371193,2.3322111465159305,1.0,0.0012254271159972685,0.0021153583321256502,0.0005460217211396516,0.0,0.02051434832263188,0.003811972975182871,-0.022744022293950394,0.0,0.007484755813018773,0.00766173951649534,-0.0019087313434448595,1.0,0.0035121272696228,0.011896300799591291,0.007435852213934446,0
chronos_bolt,0,australia,4949,0.04342989895629883,0.0026882028754171864,0.02879351897920917,6.307212550752191,1.0,0.0029634357070922324,0.0038236600729382245,0.005846030591020851,1.0,0.015762580413818394,0.008023503952632386,0.018689212226092905,1.0,0.05464931976318366,0.011563648157828881,0.0479388203113421,1.0,0.0830967337417603,0.016710682637349213,0.0712359525344428,0
chronos_bolt,0,canada,4949,0.015643354581197092,0.0003936986609920506,0.011712850184317574,3.204896008746851,0.0,0.0022603769302367294,0.001335510867811629,-0.00037965072589635614,1.0,0.0032862405776976633,0.005138599070486942,0.0026535269550301316,1.0,0.009329424285888566,0.007616075354432664,0.014620253637443266,1.0,0.040069648933410695,0.004643105065805138,0.03447202219017484,0
chronos_bolt,0,denmark,4949,0.17755483589172366,0.03711705156094692,0.02647213869262057,7.233179523072041,0.0,0.02211472091674782,-0.002178045789888908,0.0011615191561170578,0.0,0.09236915283203118,-0.002035026190081935,0.011838364173761495,0.0,0.21947194519042945,-0.004420348713456659,0.028310691035174914,0.0,0.3111502723693844,-0.0024254754443039446,0.04357727394648238,0
chronos_bolt,0,eurozone,4949,0.04670748936335245,0.002573337395370823,0.026533790598972994,7.237806754233819,0.0,0.005483231544494593,-0.002234686323525133,0.0009193025439870942,0.0,0.024123166656494055,-0.002257693775983328,0.011544634577391405,0.0,0.05789889602661136,-0.004897378304713323,0.028000809142759285,0.0,0.08160790176391597,-0.0030557961815711183,0.04292480319252146,0
chronos_bolt,0,japan,4949,4.421788309733075,24.69657816827508,0.031261789634367286,9.632162284961268,1.0,0.5336248779296966,0.0006234752048436961,0.004466705311947732,1.0,2.989756469726558,0.0019493859805646625,0.023265991461676516,1.0,3.6990332031249977,0.0008730567826812835,0.027208686751048684,1.0,7.9573193359375125,0.0009214906302007791,0.056737130605003336,0
chronos_bolt,0,norway,4949,0.15263218643188475,0.04907673951916404,0.014701428957743136,3.6980719066007874,1.0,0.024397930908202525,0.002638495490147396,0.0002047609423161437,1.0,0.002880920410156307,0.008403694233895443,0.008118276284824057,1.0,0.09945126190185505,0.015246687953323037,0.024983358191664494,1.0,0.4483016540527345,0.027100032845635884,0.06976208936414349,0
chronos_bolt,0,south_korea,4949,33.361394856770836,1705.2331816263197,0.0257029003937264,7.0210763797270905,0.0,1.0360107421875,-0.00030498843432123676,0.0005133571696446866,1.0,13.740527343750045,0.0030442793226135665,0.013807931300563141,1.0,28.87888183593759,0.0034865232665208952,0.025966371173078453,1.0,47.6146240234375,0.009267173644686395,0.04585728759583037,0
chronos_bolt,0,sweden,4949,0.24557742925008133,0.08781337227044728,0.023086594377777533,5.8482855700434095,1.0,0.0016770278930664517,0.003920044527408148,0.0037567250450458007,1.0,0.09954388427734351,0.008460122482483309,0.018063369715559358,1.0,0.32894465789794936,0.01654095388941078,0.04768136130080207,1.0,0.5695503738403325,0.028355347908625914,0.0810645376798158,0
chronos_bolt,0,switzerland,4949,0.014884529968897508,0.0002790280285297068,0.017162359879237334,3.3534474554177987,0.0,0.0018726972579956591,-0.001772044416068028,0.0004068703011751689,0.0,0.007151496124267576,-0.0014562031995237913,0.0068366430826523475,0.0,0.017523717308044473,-0.0022392558100805195,0.017975940626273664,0.0,0.029300835895538335,-0.002678819875491175,0.03091082341425783,0
chronos_bolt,0,taiwan,4949,0.6349300994873047,0.4659961514583626,0.020249176585573132,12.050669260602522,0.0,0.23862510681152216,-0.0022402539492189905,0.005472124452937482,0.0,0.3597943115234372,-0.00025235250390293843,0.011330654110198181,1.0,0.6765095825195324,0.0018593737866391526,0.02348344337841715,1.0,0.7573699493408199,0.0069883617201237855,0.03104384417830734,0
chronos_bolt,0,uk,4949,0.015504679906248976,0.0002679582218392914,0.019980962789680076,5.2483230715450455,1.0,0.0009266116805114466,0.0016115472906169923,0.002824429604848469,1.0,0.01400572245837406,0.002875034815657077,0.021029892233593448,1.0,0.02113212961392208,0.005621576242816211,0.032815233330869484,1.0,0.026286661096404984,0.010632996463961292,0.04418326777714252,0
chronos_bolt,0,australia,4954,0.038171554285685215,0.0018266064783395008,0.02511188962358434,5.543556675428886,0.0,0.0063262915039061784,0.0015913695801673374,-0.0026688428621961854,1.0,0.00974237010955803,0.00266686074141765,0.009185224949811645,1.0,0.030014937133789,0.006162991718513182,0.026041581345822115,1.0,0.04483970745086663,0.012188614695793045,0.041566650798387214,0
chronos_bolt,0,canada,4954,0.022068405221303312,0.0006610371568972512,0.016514468935809903,4.521213365461594,0.0,0.005696939277648916,0.0018131871168886508,-0.002501707013189164,1.0,0.0002838066101074066,0.0022566278294987034,0.0020422062917981616,1.0,0.016730395889282157,0.0021703510981806564,0.01473101682516037,1.0,0.036256562995910624,0.0007897217837231232,0.02785009024767079,0
chronos_bolt,0,denmark,4954,0.10108225011189784,0.01242930164570524,0.014908974785324968,4.117860592100644,1.0,0.018547901916504017,0.0002911286698722231,0.0030530736868168073,1.0,0.04150998153686558,0.0010569742016183512,0.0072229306677857345,1.0,0.05032585906982412,0.0012482906994704444,0.00871746701090446,1.0,0.17749189376831076,0.00215422025421248,0.02822867402260505,0
chronos_bolt,0,eurozone,4954,0.026784051049550374,0.0008668234042466767,0.015054074837108165,4.150464694946406,1.0,0.005209018135070798,5.1697311242795436e-05,0.0030070944645798786,1.0,0.011090988922119127,0.0007719331832208214,0.007049559933674249,1.0,0.013602808761596696,0.0009071607769491279,0.0086000133994418,1.0,0.046546514892578106,0.0018470218503374581,0.0279048782682848,0
chronos_bolt,0,japan,4954,1.96392175292969,4.935080098478607,0.013651263166376696,4.278091060475555,0.0,1.2739910888671773,0.004673139119370708,-0.0043124845908363435,0.0,2.1505255126953102,0.004964732032879576,-0.010245954948472982,1.0,1.7039294433593852,0.006581732234575183,0.01845238446607225,1.0,2.7292034912109386,0.010845677794999531,0.029711864698002584,0
chronos_bolt,0,norway,4954,0.19075933624267574,0.05813183386390685,0.01829855284352593,4.621841295549222,0.0,0.03857852630615177,0.002056743103428373,-0.0017652867967905776,1.0,0.03223547363281298,0.004401064437485471,0.0075760742403021665,1.0,0.014103244018555117,0.013033986219700575,0.011653696913127943,1.0,0.273402961730957,0.026845126986956284,0.052876177309369325,0
chronos_bolt,0,south_korea,4954,26.364803059895827,904.5115824133153,0.020164936743370682,5.548607808957437,0.0,5.6853515625000455,0.0015845879400160706,-0.0028479488672885312,0.0,8.828588867187591,0.0019293300308233724,-0.0049598820704320696,1.0,28.006274414062545,0.0034951708218912574,0.025007073669854163,1.0,19.38540039062491,0.012400568590609297,0.027208380160712108,0
chronos_bolt,0,sweden,4954,0.17123319224039715,0.042288426273005345,0.01590316425574576,4.077820222933424,0.0,0.08419530334472647,0.0065118327470100315,-0.001551777047711849,1.0,0.009158789062500006,0.009532339028186758,0.008660959615092946,1.0,0.008577423095703196,0.01781101799341993,0.01861967782820809,1.0,0.31088838806152275,0.028023933495498195,0.056634484614961816,0
chronos_bolt,0,switzerland,4954,0.013899120486577354,0.00022975382997584396,0.015964513656926336,3.1314371582880836,0.0,0.004094842433929435,-0.004681931590106508,5.773838738284249e-05,0.0,0.004760114097595247,-0.0035400817835968715,0.0019612373614605583,0.0,0.01157018423080447,-0.0043633182854303214,0.0089671233729677,0.0,0.02224657096862792,-0.00468393707344375,0.02079956132593394,0
chronos_bolt,0,taiwan,4954,0.331731940205892,0.13535352020011177,0.010488523295076404,6.296113379767574,1.0,0.08617285156250176,0.0009702308921626048,0.0037219598408782173,1.0,0.09002452087402446,0.0022212801613420807,0.005092237775528326,1.0,0.3877415008544922,0.004845678471559067,0.017120744412643024,1.0,0.3247432556152354,0.009691439000049325,0.01993284615032807,0
chronos_bolt,0,uk,4954,0.004057252545848577,2.4466699569118006e-05,0.005164420289388774,1.3733770882222316,1.0,0.0008357694207763444,0.0010712591148958578,0.0021431225988829124,0.0,0.002720174287811239,0.002053967239981962,-0.0014391568960925385,1.0,0.0027298317892455737,0.005196348588425206,0.008678709268232929,1.0,0.007645112773559615,0.008055728454219004,0.017750319570927084,0
chronos_bolt,0,australia,4959,0.038040200424194336,0.001623345751492663,0.02487971326117938,5.5244804918849475,0.0,0.016757230987548777,0.0008580833294250921,-0.010370498071758714,1.0,0.017344160308837786,0.0011103282790333189,0.012598038697100333,1.0,0.05269403221130364,0.0033927281858104714,0.03781590688392123,1.0,0.04938103588104248,0.010263370005000029,0.04233923597002704,0
chronos_bolt,0,canada,4959,0.026145905075073254,0.0007851169265818161,0.01951751911740821,5.356581696415398,0.0,0.007951703071594318,0.0005678262672687937,-0.005455178888038236,1.0,0.011626074218749949,0.0008111302227523677,0.009550380907052906,0.0,0.028945802497863715,-0.0008283323169219926,0.020825128707816987,1.0,0.03564233512878423,0.0032872465419163514,0.02977628894334671,0
chronos_bolt,0,denmark,4959,0.09080671913146973,0.011683128770020633,0.013301573558420016,3.6992588688468233,1.0,0.005955941009521126,6.575610342870977e-05,0.000947292147628408,1.0,0.005222841644287435,0.00030014573730706174,0.0010730369081211378,1.0,0.08492816848754892,0.000758176506632373,0.013246882957170854,1.0,0.19694120025634732,0.001466264428412416,0.03017151191129199,0
chronos_bolt,0,eurozone,4959,0.02402294783910115,0.0008025379919189719,0.013411956191096929,3.7226033018781206,0.0,0.0018509819030760877,-0.00011340817005382804,0.0009305605183317728,1.0,0.0018519884109498008,0.00011171953302219659,0.0011560205987616223,1.0,0.022855567741393967,0.000504545864995454,0.013311671057187816,1.0,0.05068721561431877,0.0013041114084581314,0.029466219007644425,0
chronos_bolt,0,japan,4959,4.411890238444013,22.242221332031907,0.03079354949475129,9.610600911533576,1.0,1.0760174560547,0.004933874565901489,0.012536018837955363,1.0,1.0572894287109307,0.003221308549263531,0.010704387469946012,1.0,5.384558105468756,0.002352315551987885,0.039923579520468655,1.0,6.582572021484367,0.005490054755136347,0.05109193422571072,0
chronos_bolt,0,norway,4959,0.23565191045125325,0.07127478464460273,0.022529529243907116,5.709527788003548,0.0,0.07251634216308567,0.0019664340844118867,-0.0051761225718881905,0.0,0.0862593475341793,0.0030104456229519726,-0.005482599620639299,1.0,0.2994138031005864,0.008892997591695526,0.03765837621960889,1.0,0.2757966415405271,0.021105563588078333,0.04731400388563418,0
chronos_bolt,0,south_korea,4959,42.144155273437484,1993.142505289236,0.03233557388699297,8.869453282881222,1.0,0.538476562499909,-0.0014978900797902922,-0.0019202513983241894,0.0,34.242626953124955,-0.0014046560645462542,0.025091684229026114,1.0,63.78005371093741,0.0007592029931786123,0.0494573763098615,1.0,46.056103515624955,0.007911535897450599,0.04306518961919636,0
chronos_bolt,0,sweden,4959,0.23550421534220375,0.07161758958335343,0.021776345698624664,5.60839776064131,1.0,0.04299037933349581,0.0042162994383327206,0.00013324704020934515,1.0,0.006829248046875236,0.006298286681996866,0.005652132218245864,1.0,0.27597723236083915,0.010916936571101177,0.03656818781477221,1.0,0.3734448440551752,0.020491360109459775,0.05472326637361764,0
chronos_bolt,0,switzerland,4959,0.01703517019907634,0.00032507368863698337,0.019516724970629517,3.837981332032147,1.0,0.003432911014556894,-0.004890531947765978,-0.0009224561046161845,0.0,0.009194923210144035,-0.00554166011467469,0.005058354178164593,0.0,0.015450756168365443,-0.005490474333175588,0.012256739922879139,0.0,0.028295062065124554,-0.004846696679317079,0.027397416702488027,0
chronos_bolt,0,taiwan,4959,0.26335899454752604,0.07772653270073814,0.008299534033411656,4.998427610629468,1.0,0.049385391235350795,0.0023501243650893237,0.0007799008807096448,1.0,0.21821682739257753,0.0026327700749990326,0.009539728476060126,1.0,0.4030564270019532,0.005270576650612312,0.017957656753598963,1.0,0.3302308807373038,0.009705917210271135,0.02006671947150224,0
chronos_bolt,0,uk,4959,0.005956326860624172,4.898427642029806e-05,0.00755688739941789,2.016212387053412,0.0,0.0021843343614196264,0.0026122099281057913,-0.00019432188089372508,1.0,0.0038341221769409017,0.00348876886799369,0.008391766897826874,1.0,0.001465226171691869,0.0064816336420909565,0.008352571783457408,1.0,0.013032087223938005,0.013459699510390184,0.02986474188840689,0
chronos_bolt,0,australia,4964,0.025391221730550143,0.0007660973838392548,0.016479845959992096,3.6875018415079843,1.0,0.0017523278427125089,0.0014330763750297286,0.0025847540295583934,1.0,0.011505594902038618,0.0030801615021541213,0.010605470215273659,1.0,0.027360788955688387,0.005116465319181113,0.022884144840600848,1.0,0.0248328925704957,0.006457323340480597,0.02257514522439183,0
chronos_bolt,0,canada,4964,0.02263764082590741,0.0005852830255977479,0.016844690344419953,4.637834190474733,1.0,0.0013312520980834908,0.00020111580144259065,0.00119675394813777,0.0,0.008854108428955065,-0.002363385161556671,0.0042569145688015845,0.0,0.025663444328308138,-0.00469870215287876,0.014414931772798194,0.0,0.01780888442993156,-0.0010549921353165531,0.012199355370749098,0
chronos_bolt,0,denmark,4964,0.11602663782755535,0.018010763744208805,0.01695708721887675,4.72666090253354,1.0,0.007905645751953294,0.0005315561092873517,0.0016997003752061285,1.0,0.02080696792602499,0.0014771348805663097,0.004545764260836627,1.0,0.10670989379882823,0.0013659159979225153,0.017006551596194838,1.0,0.22835237884521487,0.0006281350642442362,0.033828818889126665,0
chronos_bolt,0,eurozone,4964,0.030482267411549874,0.0012279917500429651,0.016982074351854958,4.723541426929775,1.0,0.002515112113952611,0.00032958069572718994,0.0017455942266834282,1.0,0.006055735397338946,0.0012077493145403444,0.004610764726071348,1.0,0.028153162574767965,0.001040311634436879,0.016766257448335663,1.0,0.05911160221099854,0.00010617284516224366,0.032874357249686396,0
chronos_bolt,0,japan,4964,3.616406087239584,14.935850418616806,0.02504908369808109,7.877765257088086,1.0,0.030976562500001137,0.003912632954890572,0.003695040538650587,1.0,2.218118896484384,0.004936891648632279,0.020380381562131136,1.0,3.0732061767578216,0.005076598819418238,0.026407504558357633,1.0,5.337742309570302,0.004904451099548954,0.04167341590966136,0
chronos_bolt,0,norway,4964,0.3082591754659017,0.10872256699560036,0.029441228720413184,7.468703838892503,1.0,0.00027695312500064517,0.004732682661418304,0.004705426817983794,1.0,0.2015859069824213,0.0090081009113685,0.02856933372780791,1.0,0.3969441772460929,0.017253527817792075,0.055105948945789116,1.0,0.40127203216552765,0.02468228746094025,0.06266177350776854,0
chronos_bolt,0,south_korea,4964,10.58991861979166,194.93671081487327,0.007996894207796168,2.2287026008314865,0.0,6.8958007812500455,0.0025897488020007456,-0.0026762517885079973,1.0,10.72412109375,0.0036022847816782164,0.011728892689080365,1.0,5.8427246093749545,0.005450565089037901,0.009878124469903484,1.0,0.49941406249990905,0.012784496899464592,0.012407907389430768,0
chronos_bolt,0,sweden,4964,0.2659935176086426,0.0836569383073569,0.024482475753478825,6.334482999948566,1.0,0.015384463500977219,0.00254421749049451,0.003995546933396247,1.0,0.17779321441650353,0.006171429726155029,0.02275706993815175,1.0,0.2806942062377935,0.012851039921163643,0.03874044973103774,1.0,0.41181844635009845,0.018448691150047932,0.055999376495001515,0
chronos_bolt,0,switzerland,4964,0.01274487408002218,0.00020575463621110525,0.01449785965442167,2.8713883234860607,0.0,0.0038345772743224593,-0.0016464176997747714,0.002748355580522589,0.0,0.0038759987831116227,-0.00043125952120480796,0.004005498603232176,0.0,0.011223858261108388,-0.001289585542735077,0.011515347859397182,0.0,0.02558063812255862,-0.0007808083035231689,0.028153357430422115,0
chronos_bolt,0,taiwan,4964,0.09892114664713579,0.014543898067300776,0.0030949178524469446,1.8774759963132421,0.0,0.08713504028320429,0.0022727533279922607,-0.0004732533097746636,1.0,0.04952671813964926,0.005301718206583632,0.003746560856274645,1.0,0.2100460815429699,0.009091627084994685,0.0025045102127503605,1.0,0.2667231445312517,0.015282528614956025,0.006962426459440937,0
chronos_bolt,0,uk,4964,0.004669379545571902,4.011219425920593e-05,0.005879536530151963,1.5805816403180644,0.0,0.001973025206390422,0.0013414997119713646,-0.0011751799328948904,1.0,0.00031409586154174107,0.002977119215131667,0.003376524740425904,1.0,0.0020930871040649723,0.005851362772859858,0.00850231466627044,1.0,0.01444660662228392,0.010596803831116802,0.028667106298481865,0
chronos_bolt,0,australia,4969,0.016330197299957282,0.00033566636461656706,0.01055128764684644,2.3715925627686003,0.0,0.008499334678649939,-0.0003710482383928842,0.005153896807566506,0.0,0.026433010520935163,-0.0007646278288175048,0.016325468732228385,1.0,0.006244694747924884,0.0020278804612935968,0.006080467751670092,1.0,0.006693204040527423,0.004224387578462639,0.008557902061816981,0
chronos_bolt,0,canada,4969,0.017662673486073827,0.0003768676447711232,0.013112915640820871,3.618599288630651,1.0,0.0047180608749388675,6.106243125939085e-05,0.0035707681607981727,0.0,0.018704673004150463,-0.0032505528828984504,0.010637412437663994,0.0,0.018836759757995702,-0.0057824272016344155,0.008238134760856943,0.0,0.005787620162963858,-0.0013330938334457877,0.002976524874973467,0
chronos_bolt,0,denmark,4969,0.1264432057698568,0.019116026040815578,0.01842074176323449,5.15100815031501,0.0,0.050118676757812786,-0.001026697992648605,0.006333942886160288,0.0,0.07036907806396453,-0.0012773788779692427,0.009044595357816373,0.0,0.08029505081176769,-0.0006326669498935792,0.011129204993447689,1.0,0.2033433776855471,0.0003764040646925449,0.02986920435628623,0
chronos_bolt,0,eurozone,4969,0.032472724068959534,0.0012577125021636586,0.018029177285573926,5.031983195806202,0.0,0.012857116317749107,-0.0010142957829563052,0.006179849931968515,0.0,0.01854677677154548,-0.001317395263670511,0.009047055815650653,0.0,0.020752077865600516,-0.0007026550764634634,0.010879982345252523,1.0,0.052060430145263625,0.00027460808274276096,0.029054052530701955,0
chronos_bolt,0,japan,4969,0.8689099324544258,1.0603624739441135,0.005929397243247222,1.892782036171468,1.0,0.22163635253906477,0.0032651048571866056,0.004790221962391286,1.0,0.2908532714843659,0.005449084669984721,0.003448517108153452,1.0,0.030312500000007958,0.005612845662754889,0.005821079039453534,1.0,1.424813232421883,0.013179226700051404,0.022847403789362522,0
chronos_bolt,0,norway,4969,0.11729887842814121,0.016378234627883213,0.011040179359791425,2.841993534466423,1.0,0.020869136047362957,0.0043465544406402655,0.0063412603771937585,1.0,0.18989152832031309,0.005420201891066303,0.023406238188312688,1.0,0.053775976562500105,0.016853670481282997,0.02192197997434042,1.0,0.10103676300048825,0.02030965131864648,0.0297784876911122,0
chronos_bolt,0,south_korea,4969,11.076271158854167,150.82630935601404,0.008304681838873378,2.3310579831196776,1.0,0.5546386718749545,0.00395094798232586,0.004367805723999015,1.0,6.53271484375,0.005056841770942826,0.009950330853168092,0.0,16.178466796875,0.009710038056060945,-0.0024558433047629983,1.0,9.365283203125045,0.01584756008740452,0.008866238860861398,0
chronos_bolt,0,sweden,4969,0.1545956543986002,0.03002474998427745,0.014067682765469948,3.6816068055262945,1.0,0.02104713134765568,0.0033847398965733953,0.001442221270356589,1.0,0.148879945373535,0.0026443359639341632,0.016288350128918917,1.0,0.06211599578857374,0.007276184171710727,0.01296508078739471,1.0,0.17918987884521442,0.011005163719613915,0.027268817112346456,0
chronos_bolt,0,switzerland,4969,0.016469737459818525,0.00035123584766012686,0.01868562152628492,3.7105907469994857,0.0,0.005599790191650356,-0.0020577266459133386,0.004330737864463247,0.0,0.008293664455413796,-0.0029667222874978577,0.0064890938085686006,0.0,0.012399317741394023,-0.005381730700558262,0.008756025921344814,0.0,0.03624783964157108,-0.006701451698106349,0.034131856564206725,0
chronos_bolt,0,taiwan,4969,0.08737267812093137,0.010204933839754994,0.002733093485293073,1.658291593513403,1.0,0.09320829772949324,0.0005903512024467761,0.003513398431844911,1.0,0.08459901428222594,0.002413682853278184,0.005062270333777539,1.0,0.1398777160644542,0.0051522413066523096,0.0007696113842570557,1.0,0.03243408203125142,0.011262903808821218,0.010254576197963702,0
chronos_bolt,0,uk,4969,0.006970348449624634,7.860161159783656e-05,0.008740164160156312,2.359457970501475,0.0,0.0032999140040282926,-8.841104955300603e-05,0.004098528074710477,0.0,0.0014796684874267552,0.0007024721991303002,-0.001179152467868687,1.0,0.00033632618472290154,0.003735129149458698,0.003309044211795431,1.0,0.02093542782345581,0.009860184999432723,0.03587397768390316,0
chronos_bolt,0,australia,4974,0.016872653367360414,0.0003537525496009011,0.01080037721945356,2.450372062578155,0.0,0.003074858779907208,-9.286607577512718e-05,0.0018765156124046381,1.0,0.0023712008666991746,0.005345636886991794,0.0038325377139360067,1.0,0.005023076286315931,0.008517208397485732,0.005319365525418842,0.0,0.026969087905883704,0.01049582876215339,-0.0067602376212960585,0
chronos_bolt,0,canada,4974,0.006498654499053957,6.0888265356735754e-05,0.004795221795546785,1.331396776703951,0.0,0.0034625555038452216,0.0015932997800694757,-0.0009590203973563713,1.0,0.004021951866149953,0.0023773871804503056,0.005331581029828318,1.0,0.007873346138000503,0.002008491776794398,0.0077855699913949635,0.0,0.007398484230041413,0.002355639633515848,-0.0031016936468323654,0
chronos_bolt,0,denmark,4974,0.08680615231831869,0.010755003460655577,0.012521480085871456,3.536284890648832,0.0,0.013904906463623412,0.0009196453589490911,-0.001109675460825319,1.0,0.0497495727539059,0.0026378939881573703,0.00985258257816126,1.0,0.10304048385620135,0.0016708784310756936,0.01657080711008661,1.0,0.16205786056518523,0.0041492080296659005,0.02742717357354723,0
chronos_bolt,0,eurozone,4974,0.021847180830637598,0.0006879775191387497,0.012010081065862726,3.3854457846544994,0.0,0.0040230260848999055,0.0009296725627099032,-0.0013073169879946238,1.0,0.012397134017944289,0.0026665547049441367,0.009516767540972353,1.0,0.025492459106445375,0.0015596120224461284,0.015610665070698918,1.0,0.04115612010955805,0.0041021403154724075,0.026633134363014135,0
chronos_bolt,0,japan,4974,1.3896380208333332,2.440975054134975,0.009458273841740295,3.0271053240056767,1.0,0.9597546386718818,0.0007243682713428882,0.007305937245911289,1.0,1.1814862060547,0.001090797001355615,0.009183807951569192,1.0,1.5104968261718739,0.0023691493062381846,0.012691090000902327,1.0,2.4618164062499943,0.010432745222360927,0.02706768750857849,0
chronos_bolt,0,norway,4974,0.10877622370402022,0.014744079787420454,0.010123894236282103,2.635501111461033,0.0,0.09604356842040929,0.00676332579395247,-0.0022319182844906965,1.0,0.05316605072021474,0.012515614617906304,0.00757476654353594,1.0,0.09320493927002005,0.014130949748739184,0.005467077831657064,0.0,0.20386130371093714,0.017840674599740043,-0.0011364811637521787,0
chronos_bolt,0,south_korea,4974,22.0574072265625,551.3482946498394,0.016439351634804072,4.642094299153944,1.0,0.17375488281254547,0.003190306353962704,0.0033197218051716957,0.0,23.4056396484375,0.007745483515717799,-0.0097616694055752,0.0,18.335034179687455,0.0115416080639548,-0.0020944765857007475,1.0,13.385034179687409,0.018167634782701492,0.008297258919834483,0
chronos_bolt,0,sweden,4974,0.08732688496907545,0.010313267931636495,0.007908072472493064,2.0796396590722743,0.0,0.08532253112792887,0.005837695514984332,-0.0019132920371724977,1.0,0.016036846923828563,0.00819591129848687,0.009642656063846983,1.0,0.09950588989257803,0.004735035332982685,0.013709092025234902,0.0,0.22310506896972626,0.009147173186231712,-0.01118061306972705,0
chronos_bolt,0,switzerland,4974,0.015375384604136148,0.00038028680204083373,0.017260291665035732,3.4640357797357733,0.0,0.0006618338584899464,7.016361903170164e-05,-0.0006810829481737583,0.0,0.006033924388885503,-0.0002654813521031354,0.00655999638017934,0.0,0.014937827968597439,-0.0037378456662086556,0.013133238396692294,0.0,0.0363942502021789,-0.003232737630088904,0.03736410802214759,0
chronos_bolt,0,taiwan,4974,0.22739987182617202,0.05774266531467483,0.007085093765795609,4.315940679916367,0.0,0.057079681396484006,0.0016270053597838958,-0.00015634282887289059,0.0,0.2629414062500004,0.004490392590021825,-0.0037276073735313126,1.0,0.19211053466796812,0.007013679892741196,0.00103125009139252,1.0,0.13687365722655898,0.013474358250606704,0.00924318792950764,0
chronos_bolt,0,uk,4974,0.011136154008515423,0.00019024381691861556,0.013889207898713203,3.7695801760869845,0.0,0.0008524932091064086,0.0010452693454361926,-3.9280922470976806e-05,1.0,0.008266329236816361,0.0035737095744707748,0.014003393269257512,1.0,0.010396562727630565,0.0068999636127225,0.019956623349842176,1.0,0.022554730893371566,0.01404169733717256,0.041956903131091905,0
chronos_bolt,0,australia,4979,0.017227788232167543,0.0003784815122451649,0.011013713331720914,2.5019473858082435,0.0,0.009966781120300361,0.0008341599968113521,-0.005545608474616983,0.0,0.021866592330932688,0.0030393136446912354,-0.010980089509962888,0.0,0.02412362243652333,0.005999872560926787,-0.009431732072053696,1.0,0.007479620285034239,0.01046886472380595,0.00573093014821216,0
chronos_bolt,0,canada,4979,0.010921114692687995,0.0001739551777559129,0.008034617694927592,2.2374380576741952,0.0,0.005967551422119133,0.0009658698397137116,-0.003416294993141268,0.0,0.006875622940063497,0.0010816861663292588,-0.003968404987474095,0.0,0.014472500801086419,0.0020313805071253384,-0.00861820301745584,1.0,0.002490692329406796,0.004032569440441499,0.005850321998975125,0
chronos_bolt,0,denmark,4979,0.07956156740824376,0.008710343057905225,0.01140166486511639,3.2411570054434633,0.0,0.036435643768310655,0.0018890669505310293,-0.0033797385556205255,0.0,0.029548892974853302,0.0007653876713905246,-0.003510235750116026,1.0,0.06864878311157252,0.0005057917086675639,0.010371576064514686,1.0,0.13429722366332975,0.003001455480149405,0.02216422423259584,0
chronos_bolt,0,eurozone,4979,0.020486923739115395,0.0005834166633478898,0.011191531534347689,3.174659932134697,0.0,0.009084712219238344,0.0017522084276885626,-0.003254277554830442,0.0,0.0072541872024536325,0.0005253099492719561,-0.0034752903468453587,1.0,0.017373075485229483,0.00023506943378649823,0.009754303714641666,1.0,0.03516061153411876,0.0026339292269333624,0.021761006841708983,0
chronos_bolt,0,japan,4979,0.9213198242187511,1.2378124041218823,0.006233762476699304,2.006948646477087,1.0,0.1274145507812534,0.0014140260646109551,0.0005456281679492768,0.0,0.7188708496093739,0.001151409800043704,-0.0037592744453240844,1.0,0.1308233642578216,0.004667921440686908,0.003779178186684492,1.0,1.4353991699218795,0.009198935322640435,0.018855094824496803,0
chronos_bolt,0,norway,4979,0.12999456710815432,0.019617220628730912,0.012049788890285832,3.149592938891245,0.0,0.08517539672851626,0.006099832392500476,-0.0018183179512417053,0.0,0.1996996078491211,0.009826731630271333,-0.008767635769950186,0.0,0.13245879669189442,0.011422254168658186,-0.0008527990264614708,1.0,0.08957711181640704,0.01592650238249522,0.0241063132378201,0
chronos_bolt,0,south_korea,4979,6.607754720052094,68.44615391081616,0.004938561651339269,1.3906358168526094,1.0,1.7534912109374545,-0.00022376303652383791,-0.001548075598488572,0.0,9.132177734375091,0.0020595096976678343,-0.004840976134555008,1.0,5.2093505859375,0.004298877554392307,0.00037721614932390723,1.0,9.1473388671875,0.011704604993168945,0.018503471564559726,0
chronos_bolt,0,sweden,4979,0.09668492106119798,0.015433927955831874,0.00873631029834018,2.3024959191472725,0.0,0.1463790573120125,0.004917129622429245,-0.008300981407385189,0.0,0.09198751220703194,0.001944192077003779,-0.006366683349294642,1.0,0.02662782440185474,0.003547552540653847,0.00593665584242864,0.0,0.1488807266235348,0.007009732338224227,-0.00640751013711665,0
chronos_bolt,0,switzerland,4979,0.01626689154624939,0.0004082920758159678,0.01813498797233055,3.6648900689047315,1.0,0.0020975556373595827,-0.00022824808893385284,-0.0025962312810847857,1.0,0.0022588654518127527,-0.0007230329257788976,-0.0032746190056713114,0.0,0.009363463592529264,-0.0022159290276236926,0.008307653730566874,0.0,0.028759478378295844,-0.002267919403758852,0.02971037862251344,0
chronos_bolt,0,taiwan,4979,0.08385942128499338,0.011777719554902583,0.002610640751305432,1.5916116610426854,0.0,0.019130218505861052,0.000521768122023102,-7.846029520796708e-05,1.0,0.020465866088866136,0.0008615868967901355,0.0002196560822187961,1.0,0.06646224975585824,0.0033511627642987232,0.0012701998743993217,1.0,0.060128356933596194,0.010221449792624043,0.01208751937686481,0
chronos_bolt,0,uk,4979,0.007966909476317337,9.733454645422815e-05,0.009841187307654686,2.696793166082387,0.0,0.004020060845428497,0.00309283564905722,-0.0019500560930818783,0.0,0.006708460548736528,0.003027052387427766,-0.005403055972622017,1.0,0.0024920132885741797,0.0076341574569864686,0.010733412690000386,1.0,0.010998950366851834,0.015808974009978074,0.029306274733969524,0
chronos_bolt,0,australia,4984,0.009476601620992006,0.0001444689335473196,0.00606074173759332,1.3762624854951566,0.0,0.0028656169509888585,0.0016937907684107913,-0.00015496768309131528,1.0,0.009325760917663573,0.0039784645381537925,0.009957810121451475,1.0,0.0029713973999023757,0.007648341415101774,0.005742665254900935,1.0,0.024670439186096127,0.009759341771875825,0.0254099700821517,0
chronos_bolt,0,canada,4984,0.008456691989898683,0.00010268809769533434,0.006225683122707804,1.7325451689373992,1.0,0.000713946723938097,0.0008361830330393819,0.0013613203228172708,1.0,0.0036527606964111836,0.0012857525758084778,0.003968404987474012,0.0,0.012057977104187101,0.002653210749902777,-0.006241595060337478,1.0,0.0021374341964721655,0.004234287568938644,0.0058003099476417385,0
chronos_bolt,0,denmark,4984,0.11966253786722815,0.01646669270518173,0.017162284800546167,4.874779187134562,0.0,0.020383509063720773,-0.001013166197392245,0.0019411996621567732,0.0,0.07803947067260708,-0.0021105411121900997,0.009165768556472734,0.0,0.10027780227661154,-0.0005044305971064099,0.01393901309881501,1.0,0.18307906951904318,0.0031230399962421285,0.02924375097270528,0
chronos_bolt,0,eurozone,4984,0.03080582147598266,0.0010958372592151239,0.016842152581285054,4.77367946313835,0.0,0.005658783531188982,-0.00108299638072452,0.002042506920406059,0.0,0.01968147544860832,-0.0022302504460084923,0.008610900673033894,0.0,0.026210371017456158,-0.000613771618501973,0.013774776029467785,1.0,0.04720396118164061,0.0028671806079023443,0.02854457492717831,0
chronos_bolt,0,japan,4984,1.245604390462241,1.8922051811838827,0.00842009673490046,2.7133509773372277,1.0,0.3949511718749932,0.00013728310603160963,0.0028378512933644527,1.0,1.3039007568359295,0.0022647706140409792,0.011134114579235079,1.0,0.5171649169921864,0.00629960546759746,0.009812685210469376,1.0,1.8619964599609489,0.012135905241441695,0.02465419675903577,0
chronos_bolt,0,norway,4984,0.08503555923461897,0.013223102339594233,0.007869069242359424,2.0602968483843953,1.0,0.0036988708496092926,0.0023467070612724888,0.0019998316666951644,1.0,0.012057055664062233,0.0008823853619128625,0.002013900816567182,1.0,0.057070454406737525,0.007745079831614326,0.013053223810950995,1.0,0.2056186065673824,0.01192377823784499,0.03083929548270877,0
chronos_bolt,0,south_korea,4984,12.259295247395842,205.34383461447604,0.009170694944023727,2.580031460408873,1.0,0.6470947265625,0.0011723759452884235,0.0006821799703651782,1.0,11.080395507812455,0.0025516982322566096,0.010896927388052244,1.0,13.607373046874955,0.0055520056573181075,0.015760204340806733,1.0,16.37319335937491,0.01102952689202572,0.02323333041470678,0
chronos_bolt,0,sweden,4984,0.10693281641642247,0.01644745382960749,0.009663896670740352,2.546543666989125,0.0,0.02631123657226553,0.002284661051435836,-9.980175750102176e-05,1.0,0.0586874969482416,0.0014471399921277919,0.006749741373748904,1.0,0.10335242004394551,0.005784837703268751,0.015064146456179909,1.0,0.13338688507080043,0.012808360929255495,0.000788990450614952,0
chronos_bolt,0,switzerland,4984,0.02000311701456706,0.0005080512177049035,0.02231237849973343,4.506652342606216,1.0,0.0007614671707153464,4.358082864277477e-05,0.000904414735776546,0.0,0.008331737995147748,-0.0008279601446558502,0.008559092738014652,0.0,0.019060392761230505,-0.00035112510067773946,0.020985073812447276,0.0,0.021215202617645312,-0.0006394654195213405,0.023087193300924437,0
chronos_bolt,0,taiwan,4984,0.10690785725911477,0.016646989331886394,0.003327757296538226,2.0290599394005513,0.0,0.01585638427734537,-2.687026914438399e-05,0.00047052919717514895,1.0,0.12980096435546784,0.0011664761297372787,0.005226111096702387,1.0,0.1279894104003887,0.004289629836576861,0.008280262282595527,1.0,0.035776672363283524,0.010618271259773517,0.01172832732902461,0
chronos_bolt,0,uk,4984,0.014905895299597164,0.00027357798260558,0.018451880570936385,5.045634909971962,1.0,8.124214907834215e-05,0.0003006234173496277,0.0001981254509867641,1.0,0.007646807568481462,0.001081975019415632,0.01067526542138709,1.0,0.017775626962676983,0.004618486675396254,0.026701443055756648,1.0,0.021463253591613718,0.012504743561170976,0.038902208237327374,0
chronos_bolt,0,australia,4989,0.012413629689534477,0.00022321030875022133,0.007927873668031365,1.8027995196812758,0.0,0.011672234649658275,0.0007810100317865751,-0.006702588422133047,0.0,0.01774377807617178,0.004193491251378905,-0.007166052048534848,0.0,0.016476166534423742,0.00754414867588908,-0.0029641222331021413,1.0,0.005683678054809516,0.0077282199193910535,0.011327064229636212,0
chronos_bolt,0,canada,4989,0.011241400578816736,0.00018883645384670485,0.008263913523242374,2.3030558861766415,0.0,0.0058536884307860415,0.001065615923998379,-0.0032323260465803535,0.0,0.015065818977356038,0.0030506933807706495,-0.008026552665544756,0.0,0.019572061538696284,0.004297519473921577,-0.010098862181173746,1.0,0.0007083503723144258,0.0036908953394238185,0.004208375376460063,0
chronos_bolt,0,denmark,4989,0.04986073051452632,0.0036195008477441044,0.00708948731372595,2.0312125724529255,0.0,0.025830185699462938,0.0010096106069328412,-0.002704901402447668,1.0,0.0152838935852051,0.0025422747012551076,0.004730343885955867,1.0,0.06549936447143523,0.005030700694688456,0.014351071186192785,1.0,0.030227461242676057,0.008288061717257732,0.012586145949998238,0
chronos_bolt,0,eurozone,4989,0.013374203071594249,0.00025950017327171964,0.007252158799873387,2.072470574708957,0.0,0.006894351196289117,0.0009004607300482549,-0.0028803838477879555,1.0,0.003940350914001467,0.0024129354769886913,0.004564158840803653,1.0,0.01750988636016837,0.004804150567756708,0.014305773088376997,1.0,0.00745883789062507,0.007853353766775026,0.011899553610399414,0
chronos_bolt,0,japan,4989,0.4809249267578158,0.3442067341890464,0.0032402804165747178,1.0476184332971898,0.0,1.470742187500008,0.0014937687309610323,-0.00850113933657718,1.0,0.49009277343751023,0.004595072848547881,0.0012858691538965613,1.0,0.6644854736328227,0.007189846432833439,0.011647610304920522,1.0,0.12910034179688523,0.014127211406963902,0.014988854350247152,0
chronos_bolt,0,norway,4989,0.08822598078409823,0.01319995255642663,0.008119822742442712,2.1375964571900927,0.0,0.047342488098143676,0.002818509247246295,-0.0016192511335071662,1.0,0.03179952850341827,0.006907484935435597,0.009865170001495121,1.0,0.04641305084228442,0.0117499253082798,0.007438243891531832,1.0,0.19819227447509746,0.017779763573681547,0.035876614252160995,0
chronos_bolt,0,south_korea,4989,6.052090657552109,64.52041504190372,0.0045140380595143975,1.2736934695367554,0.0,5.899682617187409,0.0028083850636366663,-0.0016138418560204789,0.0,14.549829101562409,0.00534817885051016,-0.005565598000739619,1.0,2.169531250000091,0.010393908463338309,0.012002977071912403,1.0,5.5698974609374545,0.018370608922979745,0.014260690339159388,0
chronos_bolt,0,sweden,4989,0.09489695709228509,0.013585324741392145,0.008592274206424694,2.2599165831265235,0.0,0.041441076660156284,0.0011024849035498503,-0.002634797981726715,1.0,0.04088109893798908,0.0032630077713662812,0.006928242339629766,0.0,0.16288451843261775,0.001488883307078457,-0.013275926070633864,0.0,0.13271189270019512,0.0016937803821945852,-0.010317027046960237,0
chronos_bolt,0,switzerland,4989,0.01071999750137329,0.000191426140685562,0.011863837609461157,2.415188683699372,0.0,0.0008972166061401721,0.0006694888853454839,-0.0003364737582216231,1.0,0.0031491453170776618,0.0022971684949818585,0.005814294906098685,1.0,0.021539886283874488,0.0036491942134881327,0.027430796926372694,0.0,0.004748050880432175,0.005087179493402266,-0.00022430325894538718,0
chronos_bolt,0,taiwan,4989,0.13603594563802043,0.025723581832103867,0.004218495783613071,2.5818971092421275,0.0,0.0704266052246112,0.00144803906449896,-0.0007493794552368123,0.0,0.23706005859375168,0.003833647794027832,-0.003564564536001109,1.0,0.005445892333980851,0.007693719222772291,0.007525028124117729,1.0,0.1824085083007816,0.01579016908020731,0.010170184469861636,0
chronos_bolt,0,uk,4989,0.008976295594521073,0.0001074878651869535,0.011018066167894516,3.0384696459773917,0.0,0.003750636179138178,0.0012499000474828915,-0.003438078727042244,1.0,0.0021483206611327965,0.004527520770222306,0.007194131307901802,1.0,0.011352238849121066,0.009393301884799933,0.023336957729998456,1.0,0.011259883647979696,0.013505322127828708,0.027279953902248306,0
chronos_bolt,0,australia,4994,0.011260723927815734,0.00017229322742963332,0.007181946602312791,1.6353659804629597,1.0,0.0006043854141235538,0.001707563800809941,0.0013190194843071513,0.0,0.013486067657470624,0.005263152540684631,-0.0034117729473013203,1.0,0.01139216392517084,0.006659531962889833,0.013919261585258282,1.0,0.008865385704040607,0.008114643625105101,0.013760511771455984,0
chronos_bolt,0,canada,4994,0.011763931503295917,0.00018463759607724223,0.008638894700516847,2.41010819810998,0.0,0.0046870811462402795,0.0009880748858613593,-0.0024798754265302194,0.0,0.009520044708251962,0.0020828131415733674,-0.0049659159269740795,1.0,0.017022022628784272,0.002641864025278524,0.015115671004535968,1.0,0.029408977508544876,0.0026146133646460855,0.024069385689007763,0
chronos_bolt,0,denmark,4994,0.031413158493041875,0.0014687617958801453,0.004456903879568678,1.2797005140735696,0.0,0.02008459167480492,0.00146967016512812,-0.0014024344549809563,1.0,0.019335283660888436,0.0033457654058431543,0.0005861497279961791,1.0,0.045675906372069974,0.006169353158493189,0.012640093830535288,1.0,0.015603504943847213,0.011135581360834028,0.008926469773662071,0
chronos_bolt,0,eurozone,4994,0.008419617443084719,0.00010850607162508592,0.004554750783525158,1.3047064791591594,0.0,0.0037949935913086374,0.0011963465582811616,-0.0008729574714828969,1.0,0.0042020629882812965,0.003077670142565922,0.0007904600070867805,1.0,0.013027505683898877,0.005776371779863848,0.012815304283754039,1.0,0.004604402732849122,0.01071564973005649,0.008228264050628918,0
chronos_bolt,0,japan,4994,0.5686774698893269,0.42530633418839964,0.003815429598587301,1.2387733862605086,0.0,0.34031982421873863,0.0010837169473743172,-0.0012181505922129235,1.0,0.14670471191405454,0.0025445581255472663,0.001554369441832347,1.0,0.11680175781251023,0.005845394655234213,0.0050597153075912895,1.0,0.40986206054688523,0.014502305806250686,0.011766423656239929,0
chronos_bolt,0,norway,4994,0.1069041108194987,0.015018985122391477,0.009783973838803308,2.590142342605789,1.0,0.011028584289551446,0.004732601401993143,0.0037126604359778523,0.0,0.1448376419067383,0.009105257043529637,-0.004313952088848567,1.0,0.0816543334960933,0.012262276496354248,0.01972541230958649,1.0,0.15085600891113238,0.02167163101027139,0.035288575271178624,0
chronos_bolt,0,south_korea,4994,7.725834147135417,87.4190451661152,0.0057436630399680605,1.6259413575788328,0.0,4.249487304687591,0.002033896218994416,-0.0011697011049720916,1.0,4.3382080078124545,0.004936728581157665,0.008187224160510861,1.0,12.050952148437545,0.009382685143710295,0.018346396101922402,1.0,1.405175781249909,0.021300172409587207,0.0223370897918565,0
chronos_bolt,0,sweden,4994,0.20960253514607743,0.0518289026102716,0.01884875380143406,4.991564108650328,1.0,0.021959944152831312,0.0040065630707089165,0.002047266631657343,0.0,0.11585311279296917,0.004402522185264144,-0.0059734894445033805,0.0,0.20648526306152348,0.00444993498035486,-0.014118093611838842,0.0,0.20408793487548849,0.01384104750906194,-0.004336319942161609,0
chronos_bolt,0,switzerland,4994,0.008262724482218424,0.00011065953604597704,0.009123875942446043,1.8615712049767932,1.0,0.00041876754760739043,0.0015248611657170616,0.0010585843816633695,1.0,0.0065242549896240565,0.0027563794320144834,0.009983997737016932,1.0,0.013957338619232207,0.0034975959692356466,0.01888515540799467,1.0,0.0007273998260498571,0.005639456228858974,0.006445541012467532,0
chronos_bolt,0,taiwan,4994,0.16860466156005885,0.03443166926633703,0.00523741758509067,3.20003574235453,1.0,0.009466049194337245,0.0011906627353610864,0.00148677967494154,1.0,0.16391601562499858,0.0019271926368461263,0.007038710594797271,1.0,0.20396572875976915,0.0047510031345008525,0.011089592660118832,1.0,0.21412576293945307,0.009271805957653624,0.015895176993479886,0
chronos_bolt,0,uk,4994,0.00700581403951213,6.374077196315527e-05,0.008570139619514685,2.3714630473413703,1.0,0.0002609947425536996,0.0009684088173455124,0.0012915725202517928,1.0,0.006249856629760742,0.0028881015010172144,0.010583396125847125,1.0,0.009686348976623571,0.007415054612666797,0.019263082151268977,1.0,0.005418227821929911,0.013895535238264263,0.020497446757075242,0
chronos_bolt,0,australia,4999,0.014809602091471344,0.00029198419972423093,0.00944996120079138,2.1507604306647066,1.0,0.00729134860992442,0.0038679331452748686,0.008549342366246757,1.0,0.005572331733703528,0.004597252824369205,0.0010073290491152953,1.0,0.017817377243041888,0.007384544467814546,0.01874596898687111,0.0,0.02710366973876943,0.010688837441545643,-0.006787114380014181,0
chronos_bolt,0,canada,4999,0.018506271114349385,0.00046396046742658607,0.013580816467521562,3.7914293972761683,1.0,0.0007121349334717753,0.0026062044437291675,0.0020783084118403666,1.0,0.0019089002609253836,0.0031462877568677805,0.004559193915858362,1.0,0.015056944656371973,0.0036290686902984343,0.014714553839937668,1.0,0.016104391479492275,0.0038530337858599857,0.01570249735138409,0
chronos_bolt,0,denmark,4999,0.04643750091552725,0.003145288545429123,0.006592492027716835,1.8917579971162457,1.0,0.0531260101318356,6.774102832918954e-05,0.00763139679944906,1.0,0.03611372299194304,0.0014619145115559533,0.006602564575077407,1.0,0.04699544372558595,0.0029333805705794368,0.009608039065150925,0.0,0.11079393844604457,0.009302791537133568,-0.0065097768655592945,0
chronos_bolt,0,eurozone,4999,0.011973017514546713,0.000215151031556844,0.006482090688424978,1.8553424347261056,1.0,0.013845398712158286,5.699869587587139e-05,0.007573017749009258,1.0,0.009462899971008243,0.0014904151424966006,0.0066261376479627935,1.0,0.012661667251586906,0.002796115965904674,0.009653003371740073,0.0,0.029600135421752993,0.009032235108535921,-0.007081853372353525,0
chronos_bolt,0,japan,4999,0.9678095092773475,1.114062802771175,0.0064858941598229004,2.10821902843442,0.0,0.8943756103515739,-0.0003672593168619467,0.00565639028740698,1.0,1.0873199462890568,0.00035567873639350716,0.007668800827369255,1.0,1.2799066162109511,0.002496077826903984,0.011080631806262963,1.0,0.23528625488282273,0.010113698753576606,0.00853958928081318,0
chronos_bolt,0,norway,4999,0.18972487024943033,0.04917172517868699,0.01733169656475874,4.596777580500746,1.0,0.032017326354980113,0.006107824208138094,0.009071641335101006,0.0,0.14146716156005823,0.005698393827070929,-0.007508730666551554,1.0,0.15484578247070324,0.005725016318682171,0.019983581637431188,1.0,0.14373281555175765,0.01674332259591855,0.02984116660604086,0
chronos_bolt,0,south_korea,4999,6.259854329427094,94.29071797257684,0.004642265327387038,1.3174183981684722,0.0,5.562231445312591,0.004003220757298996,-0.00014962220421421143,1.0,3.317480468750091,0.006919838274032649,0.009381350912141127,1.0,9.912084960937591,0.008723127038894819,0.001345593385357916,0.0,39.55270996093759,0.01860407513016311,-0.010868241531534446,0
chronos_bolt,0,sweden,4999,0.15213700607299796,0.029646233680682955,0.013726465537091231,3.623055506376614,0.0,0.10483227081298807,0.004736149897930132,-0.004701495810030745,0.0,0.26866399841308564,0.002267394469133684,-0.02216108005315459,0.0,0.19469579925537062,0.003899227037298812,-0.013714863269418256,0.0,0.3857707916259763,0.01658626520087711,-0.018169682199098904,0
chronos_bolt,0,switzerland,4999,0.008101783952713012,8.578193954625937e-05,0.00893737552504989,1.8253117053304304,1.0,0.006963505363464351,0.00048169271685183276,0.008135041840576182,1.0,0.008128833580017036,0.0007957166907176801,0.00972134526650946,1.0,0.0018019842147827259,0.002427631208578945,0.00044142802681155607,0.0,0.00989371576309206,0.0025286351345279734,-0.008424369503535442,0
chronos_bolt,0,taiwan,4999,0.10110711975097621,0.015486319323417977,0.0031247410015398038,1.918964719100561,1.0,0.05243341064453233,0.0019090137073099422,0.0002798986163291864,1.0,0.019818847656253524,0.0034367362463163867,0.004050882065321487,0.0,0.2548789978027344,0.0071247606164056435,-0.0007779074682444593,1.0,0.2756738586425769,0.012631360464087553,0.004128325202736556,0
chronos_bolt,0,uk,4999,0.004704809151164753,4.003449087768563e-05,0.0057204850067504006,1.59257453649993,1.0,0.0016798615528564875,0.00342616842273667,0.005477449977937556,1.0,0.0010786895740051428,0.0062195015887874785,0.004903772979320021,1.0,0.004536603593719435,0.009692610741127181,0.004166672439845905,0.0,0.02315427653643798,0.019519846951523284,-0.008726236150584096,0
chronos_bolt,0,australia,5004,0.015328525816599515,0.0003041924095587089,0.009784275074308754,2.226122388916207,1.0,0.017368479957580618,0.0017355963302006553,0.01286360446167147,1.0,0.01725034683227533,0.005310190803663151,0.016323705483444143,1.0,0.022155617866516097,0.00760246790256557,0.021693627896786163,1.0,0.01042478054046625,0.009682498942996921,0.016323705483444143,0
chronos_bolt,0,canada,5004,0.017652363414764415,0.00037635225471180074,0.012923628904700295,3.6164870366697355,1.0,0.013011844444274834,0.0011370423427851926,0.010704337923849653,1.0,0.016204648208618222,0.0023975317521926767,0.014283596675635852,1.0,0.01757992210388193,0.002637109926887616,0.015522393015651965,1.0,0.02746769790649406,0.003199242415935452,0.023248360461801145,0
chronos_bolt,0,denmark,5004,0.06415740908304851,0.007097572265692887,0.009088090470920716,2.61362668779045,1.0,0.05326227645874049,0.0010058154912151141,0.008532046738915286,1.0,0.005803914642333652,0.003769024901747735,0.0045896332372099445,1.0,0.026498996734619418,0.00655206233119532,0.002807278076779627,0.0,0.1431046020507809,0.012515711516950126,-0.007753744661665924,0
chronos_bolt,0,eurozone,5004,0.016840684795379635,0.0004756299708033048,0.009099391487118308,2.609637636690409,1.0,0.014344436645507885,0.000868763074972615,0.008597161197211519,1.0,0.0021209224700928786,0.003501186552746585,0.004644640019667171,1.0,0.007884097671508883,0.0060629438817384786,0.0018118151496980962,0.0,0.03602456645965568,0.011664806697607352,-0.007798422783781621,0
chronos_bolt,0,japan,5004,0.46445357259114434,0.35902619111167755,0.0030984795206071072,1.0117382089912847,1.0,0.44654724121093636,0.0011616822235020233,0.004146192451244547,1.0,0.29950988769530795,0.0029743618614529806,0.0009712152674875558,1.0,0.11822204589844887,0.003891082694401479,0.004679934999859971,1.0,1.0056701660156193,0.008304040888014171,0.014965360776339092,0
chronos_bolt,0,norway,5004,0.29355415074666347,0.09457380490276684,0.02687303975324454,7.112420933750779,1.0,0.1414674026489262,0.003600608829072752,0.016760598394216092,1.0,0.2905334564208992,0.006040123358193111,0.03281756094510815,1.0,0.28944658966064374,0.010112676320530402,0.03668426450069577,1.0,0.2923455764770502,0.020418581716040326,0.046981253117589494,0
chronos_bolt,0,south_korea,5004,19.773295084635432,839.1190860555782,0.014690353652236194,4.161391202740179,0.0,3.171044921874909,0.0023472097406167874,0.0,1.0,6.410400390625,0.005181749671511441,0.0004445432391501712,1.0,3.053320312500091,0.008121165625137336,0.005874220271926836,0.0,56.68479003906259,0.01772750649996724,-0.024417528152997692,0
chronos_bolt,0,sweden,5004,0.11469955769856774,0.017176693822863246,0.010424650753551373,2.731504154218493,1.0,0.15413623657226516,0.0009258946957991841,0.015000783740641675,1.0,0.12628483123779333,0.0028920391233221814,0.014415758996457431,1.0,0.04398758850097728,0.006437365223140997,0.01045217149267376,1.0,0.108914846801758,0.01532850621179334,0.005406832741033697,0
chronos_bolt,0,switzerland,5004,0.012547604700724291,0.00019474831731764583,0.013824305679584098,2.826944024645541,1.0,0.0041962317466736065,0.00016807535129184523,0.004743867780254699,0.0,0.0018334400177002497,0.0009106477810942182,-0.0010937330194549422,0.0,0.018928365325927787,0.0008504966924782073,-0.020039865754192948,0.0,0.01200950689315794,0.00028363586813102683,-0.012927539278953492,0
chronos_bolt,0,taiwan,5004,0.1701563181559242,0.03877957877413822,0.005254718082360415,3.2294854415543384,0.0,0.07869476318359148,0.001414552190621352,-0.0010228118917957496,0.0,0.12855419921874756,0.0030947308333407085,-0.0008832759261742263,1.0,0.10506744384765909,0.005778333523585949,0.0025370123287059157,1.0,0.22862469482421943,0.009407898090670884,0.002367048098041811,0
chronos_bolt,0,uk,5004,0.0068375894352427115,8.150133705364696e-05,0.00831992512176733,2.314519138977749,1.0,0.004072155323303184,0.001999103996120928,0.006947185048959567,1.0,0.0027686496926574433,0.004721790436217315,0.0013527648721353375,1.0,0.001730425773193378,0.0072328492711522495,0.005133797804752746,1.0,0.010228233877563442,0.013135339780525994,0.0007376443311698023,0
chronos_bolt,0,australia,5009,0.024505686560312902,0.0009301990919168048,0.015581992317511893,3.558897845779766,0.0,0.010932161560058606,0.0027025992881652464,-0.004244102336729106,1.0,0.003911571922302182,0.006233777700905608,0.008698950423976804,1.0,0.0074584308624268125,0.009276889159416065,0.004573854692912857,0.0,0.05728988826751702,0.012763147795213318,-0.023812484692092687,0
chronos_bolt,0,canada,5009,0.007391092987060518,7.332048395208318e-05,0.005380924393218569,1.5142330432744315,0.0,0.010754791069030656,0.0016427427578452713,-0.006217106040645837,0.0,0.010520208168029788,0.0036538278937498924,-0.004018417038807611,1.0,0.004517345809936568,0.0041349764601386054,0.007409862823809074,1.0,0.0026344318389892596,0.0030464553813939524,0.0011295524894256535,0
chronos_bolt,0,denmark,5009,0.1309034926605225,0.025864045659227557,0.01854644276858298,5.332710077173617,0.0,0.018663914489746247,0.001978638536120154,-0.0006574041257366338,1.0,0.007000142669677523,0.004554616023175423,0.003569290989993349,1.0,0.05717175292968779,0.008419114026262794,0.000374456424360018,0.0,0.33095234985351585,0.014612645214210579,-0.032578791141076556,0
chronos_bolt,0,eurozone,5009,0.03485133003870646,0.0017972924388649216,0.018829755875759947,5.400572700148156,0.0,0.004781266784668059,0.001900916819765654,-0.0006737545901745534,1.0,0.0020654766082763842,0.004416911712500754,0.0033082777386238887,0.0,0.01611582031250003,0.008218637284696467,-0.0004311506399314475,0.0,0.08617825374603272,0.014272495280817926,-0.032585091370675986,0
chronos_bolt,0,japan,5009,0.501448730468752,0.3972918133029103,0.0033390805098324336,1.0923262741527289,0.0,0.8939093017578159,0.0003943073464272727,-0.005605828614336777,1.0,0.17074279785157387,0.0008984193716501123,0.00203982748921466,1.0,0.6379888916015659,0.002220276270981327,0.006472946427121737,1.0,0.9148529052734489,0.007469210037403844,0.0013714899538943173,0
chronos_bolt,0,norway,5009,0.11642373519897457,0.025843923233880017,0.010540254216251122,2.8207899949922814,0.0,0.17697124481201243,0.000556531931220108,-0.015659654997284344,0.0,0.07867361450195354,0.0051091869283474015,-0.0020346535250615953,1.0,0.1161605560302732,0.01021870789020799,0.02062105038957507,0.0,0.38576001129150406,0.021507967043498527,-0.013431192982011569,0
chronos_bolt,0,south_korea,5009,29.89730468750003,1617.264527081214,0.02224282365870516,6.2920408652010575,0.0,3.5859375,0.0026527284027521216,0.0,0.0,7.666967773437591,0.0055526795781169315,-0.00011111728440796455,1.0,3.9303710937499545,0.010229258647946844,0.0073433419159019435,0.0,80.61630859375009,0.020141210924340302,-0.04016634530765161,0
chronos_bolt,0,sweden,5009,0.23277231079101554,0.09595375220020601,0.021172130031005678,5.543339021268402,0.0,0.0910162567138677,0.005579265960526825,-0.0026664199258556584,1.0,0.08059528961181606,0.008109444265890373,0.0008298172384368435,1.0,0.0029251419067382045,0.013627064431340563,0.013888830590825713,0.0,0.7086741088867186,0.020592637291956598,-0.044464547059208076,0
chronos_bolt,0,switzerland,5009,0.016757731132507333,0.00032465051867530497,0.018488273690934733,3.7754750027249115,1.0,0.0062823498725891325,-7.403439665123718e-05,-0.00697326092676143,0.0,0.010732648563384961,0.0018942963521253358,-0.009897804327260359,0.0,0.0178155555725098,0.002749069203964873,-0.016885022905557424,0.0,0.03020894622802739,0.00317829495754401,-0.030330603614908594,0
chronos_bolt,0,taiwan,5009,0.13033473815917987,0.03858148965061508,0.004036631139317926,2.473690921239609,0.0,0.020811889648435056,0.0006450817836008903,0.0,0.0,0.06606811523437273,0.0019071506901606318,-0.00013953596562145195,1.0,0.052272094726561136,0.004940272864291602,0.0065517262606832405,0.0,0.6221584472656261,0.006695211754270361,-0.012652570952853971,0
chronos_bolt,0,uk,5009,0.010925746703640745,0.00019749918074231433,0.013314062779461528,3.698357453704285,0.0,0.003987651076446497,0.0029727318609431095,-0.0018851689004320312,1.0,0.0007608746546936551,0.0051160009774050665,0.004192877530735852,1.0,0.0031816678341064497,0.008868377938343245,0.0050170769805834405,0.0,0.027229254106048595,0.013395577362233374,-0.019900750610346407,0
chronos_bolt,0,australia,5014,0.040211272121429435,0.002203744790395297,0.025573633157123618,5.839779651829184,0.0,0.012334189033508247,0.0017572557894280046,-0.0060230496744145155,0.0,0.00988124046325689,0.0021009333667780824,-0.0041250957310639625,0.0,0.040530970077514716,0.0057185129294299985,-0.019975489046805794,0.0,0.0827748796844483,0.007740442694230751,-0.04534483496504349,0
chronos_bolt,0,canada,5014,0.00691136993408202,7.152196373374626e-05,0.005030171256124447,1.4159508947867514,0.0,0.007623995971679731,0.003634804857869932,-0.001941926047653703,1.0,0.0017654808044433867,0.0036650648906817324,0.0023764704162924873,1.0,0.00855696220397939,0.0032474303398856855,0.00947218273813569,0.0,0.007131079292297393,0.0009739969720171848,-0.004255169473941932,0
chronos_bolt,0,denmark,5014,0.18880306457519538,0.04883973665627808,0.026802929156575655,7.6914067348261295,0.0,0.04513968353271469,0.002171967265945079,-0.00419133981260749,0.0,0.0778433891296384,0.0034925194513955437,-0.00749183646623431,0.0,0.13452496566772432,0.008864391029661743,-0.010091731377712267,0.0,0.38081018371582065,0.013214862789317921,-0.041161504423223104,0
chronos_bolt,0,eurozone,5014,0.04954697137832642,0.0033155949555757074,0.026823687368670388,7.677813750684141,0.0,0.011907601165771498,0.0020427558282972223,-0.004359533277033889,0.0,0.02131613883972161,0.0034398163296561015,-0.008034120643744898,0.0,0.036378613090515044,0.008677694719850634,-0.010880383797825549,0.0,0.09859264469146733,0.012961814360306178,-0.04072018539437758,0
chronos_bolt,0,japan,5014,0.712127380371092,1.0526258139033544,0.004744804867608141,1.5512561920253414,0.0,0.32001159667967727,0.001935734054287478,-0.00020045436389449153,1.0,0.13661621093748977,0.00237976981454862,0.0014687721704465784,1.0,0.06701049804686932,0.0048852549819347465,0.005330680622418712,0.0,1.318837280273442,0.007646238420708201,-0.0011364397238866383,0
chronos_bolt,0,norway,5014,0.16600790634155274,0.05586023014235172,0.0150748537931222,4.022147550046926,0.0,0.09056850738525313,0.00569011919188744,-0.0025502943922205232,1.0,0.007714593505859568,0.007749056648614043,0.007051219586019402,1.0,0.040021438598632386,0.014720352571790506,0.018307715706614644,0.0,0.5201459716796872,0.020898783608307592,-0.02663302771909365,0
chronos_bolt,0,south_korea,5014,39.99564615885419,2487.376626762035,0.029838853896865244,8.417288537947975,1.0,2.380615234375,0.004642033632578466,0.002885044167133311,1.0,7.9768798828124545,0.007805057598071317,0.001924287312505076,0.0,24.71816406249991,0.013077185235882943,-0.005162020560937494,0.0,69.26462402343759,0.018907155367956202,-0.0327564863412089,0
chronos_bolt,0,sweden,5014,0.34286461659749334,0.19753463540704216,0.03132989914738873,8.1651241152282,0.0,0.20688907623291009,0.008983026579862293,-0.009779238347792207,0.0,0.15694857177734356,0.009832526606562114,-0.004356276123826265,1.0,0.0838835296630851,0.016567808999160737,0.009060370788751862,0.0,0.824240240478515,0.02141159599859314,-0.054537719195717385,0
chronos_bolt,0,switzerland,5014,0.009260692310333258,0.0001254166689423221,0.010322391070927278,2.0864108660728165,1.0,0.0025641701698303487,-0.0008688895659587908,-0.0037093468137015654,1.0,0.013036076736450242,-0.00023645950115019063,-0.014752403821855196,0.0,0.0017852783203125,-0.00037062384529238534,0.0016012813669738276,1.0,0.020298663997650124,-0.002934602358027424,-0.025691951285537057,0
chronos_bolt,0,taiwan,5014,0.268224181111654,0.1786163751802233,0.00834697424953099,5.0907665219880185,1.0,0.017728332519531875,0.002051644848185554,0.0015028626934855847,1.0,0.02459222412109341,0.002907862829197227,0.0036679682375394367,1.0,0.058508850097659604,0.004949629722816841,0.003142587710890746,0.0,0.8625093383789064,0.007276642188073075,-0.019634876424125265,0
chronos_bolt,0,uk,5014,0.018557387721948242,0.0005045004452235982,0.02261226753998902,6.281662486269953,0.0,0.00691746697259521,0.004162797235587986,-0.0042338980137517504,0.0,0.004703134292541544,0.004750820704324184,-0.0009469889136919287,0.0,0.011529078362853995,0.011016915356663456,-0.0029204305897208523,0.0,0.044406966631256095,0.016073596967603316,-0.038426640642861866,0
chronos_bolt,0,australia,5019,0.041168020783742265,0.0023763015580761993,0.02640590494950457,5.978725799894758,0.0,0.0020992113113402766,0.000694516730525854,-0.0006322511512101943,0.0,0.010844201393127362,0.002130397543927154,-0.004732604506715114,0.0,0.030628455123901333,0.0031669012686758617,-0.016319272286118344,0.0,0.08354472476959218,0.005247859168373302,-0.048710212873317185,0
chronos_bolt,0,canada,5019,0.007778243897755928,8.82319849619267e-05,0.005669581145979914,1.5935496886927878,1.0,0.0014179510116576477,0.0011445033013850188,0.00010954702316919184,1.0,0.014850781440734817,0.001057882079496851,0.011834457647002798,1.0,0.004429442977905262,0.001073450101162976,0.0042998280728689005,0.0,0.019511171150207618,0.0014677881424895566,-0.012863568166248203,0
chronos_bolt,0,denmark,5019,0.17380247998555506,0.04322884875139033,0.024856672867448196,7.080317091770375,0.0,0.03519001083374018,0.001274745961367089,-0.0037243461483586126,1.0,0.022926293182372603,0.004314844171741232,0.0010706677096196068,0.0,0.14201583633422832,0.007634883640494252,-0.012564593683956064,0.0,0.26687333374023403,0.014078181399553935,-0.02397297630273159,0
chronos_bolt,0,eurozone,5019,0.043995552832285574,0.002769565908778526,0.024005011033415877,6.8175642447528855,0.0,0.009489092826843182,0.0012655242128253863,-0.0038783390761065245,1.0,0.006037059974670411,0.004152943215801774,0.0008928692810330434,0.0,0.03527882671356197,0.007216852055533262,-0.01192694674294274,0.0,0.06722249145507808,0.013509018440047975,-0.023055618464792618,0
chronos_bolt,0,japan,5019,1.0732219645182284,1.900088752246426,0.007169308415847785,2.3378432900711497,0.0,0.4459741210937409,0.002771259889353327,-0.00020016012877078278,0.0,0.6901049804687602,0.0026656789198190264,-0.0019365615401105666,1.0,0.5152770996093636,0.0035942062357613427,0.007013607170985303,0.0,2.7920263671875034,0.0037092227119474436,-0.015022715350842993,0
chronos_bolt,0,norway,5019,0.23825575653076167,0.09489469046727222,0.02168545350232474,5.772615464730501,1.0,0.04489618682861263,0.0010584979873414558,0.005108567942722359,1.0,0.05364703216552691,0.0044559247624363476,0.009277131020512768,1.0,0.05323240051269451,0.009970121663595526,0.005189589170328517,0.0,0.5118219085693365,0.015584164082370634,-0.031085872163408523,0
chronos_bolt,0,south_korea,5019,50.56599039713543,3362.810561781785,0.037792977398128244,10.641871609956983,1.0,3.7628906249999545,0.0036996734176984437,0.0009238217311683058,1.0,6.346777343750091,0.007180911570649607,0.0025108014519573357,0.0,59.062548828125045,0.012244992886986966,-0.03185245805482089,0.0,71.180908203125,0.01793928041238615,-0.03514017414416401,0
chronos_bolt,0,sweden,5019,0.3811378931681315,0.22469105020024494,0.03512790821376561,9.076580236297069,1.0,0.0073724624633797475,0.00472538808113968,0.004057077158817266,1.0,0.04418114624023417,0.008930008364092861,0.012908949444428308,0.0,0.2747211532592768,0.012088104840592211,-0.012934799345436392,0.0,0.7394339477539056,0.01794162687645867,-0.05047347468040367,0
chronos_bolt,0,switzerland,5019,0.00811970946311951,9.031554339133694e-05,0.009107462680531487,1.8293502780892172,0.0,0.0014407220840454427,-0.0001578522696289867,0.001457072663078173,1.0,0.010363921165466361,0.0009373417642807285,0.012484139177511549,0.0,0.008384836292266828,-0.000656192244710686,0.008710759193924174,1.0,0.015625760650634812,-0.003960768666954098,-0.021713486652581618,0
chronos_bolt,0,taiwan,5019,0.490659830729167,0.4399615459396582,0.015288323976235576,9.312488641434511,0.0,0.05973248291015665,0.0017975702928946572,-4.6346003824105136e-05,1.0,0.013790954589843807,0.0025855119573003973,0.002160427987617157,0.0,0.25082312011718955,0.004418424337408951,-0.0033269146888270785,0.0,1.1055975036621106,0.0063628784307930815,-0.028169111447117236,0
chronos_bolt,0,uk,5019,0.023026397539581297,0.0007547898385363729,0.02818918762492719,7.794419116827137,0.0,0.005637342110656696,0.001973686188771224,-0.004885367607462987,1.0,0.004159225314514181,0.005450080978699336,0.0004116241627288455,0.0,0.017798749620422383,0.01037984399348157,-0.011253776267878848,0.0,0.045804285356842,0.01722788283442354,-0.039024421333344946,0
chronos_bolt,0,australia,5024,0.04205471002451577,0.002256954747782023,0.027108882065069707,6.107497398319407,0.0,0.006115768203735383,0.00042905431165138997,-0.003460651307391852,0.0,0.039677269554138084,0.0015212275638075718,-0.023959399098771424,0.0,0.038392280693054115,0.003861435839379258,-0.020725399046570905,0.0,0.061367633094787655,0.0031370669749683677,-0.036487134727264524,0
chronos_bolt,0,canada,5024,0.0192009439277649,0.0004770161799742692,0.013954785699630186,3.933748879682861,0.0,0.004976204299926845,0.0016775558835109379,-0.001914498390320141,0.0,0.022207447624206456,0.002780287046707114,-0.013332804264597816,0.0,0.013594579124450723,0.0017628473818598982,-0.008080193245852059,0.0,0.03183082618713384,0.003372744142742981,-0.01979035743280444,0
chronos_bolt,0,denmark,5024,0.21343009407043467,0.05513461171667495,0.030488727210827727,8.694655813142893,0.0,0.041957731628418315,0.002103637537871443,-0.003848397938949105,0.0,0.1448882720947262,0.0057785468642675385,-0.014850096911225252,0.0,0.26008518371582046,0.00871896529491598,-0.028508464301892328,0.0,0.24069124603271508,0.015294811447673532,-0.018878945707962485,0
chronos_bolt,0,eurozone,5024,0.053760635852813744,0.0035089213546728743,0.029300339920212137,8.330764478912503,0.0,0.010739829063415529,0.0019938078108776534,-0.003820573397247976,0.0,0.03698228988647467,0.005573088083328409,-0.014519657415895539,0.0,0.06629245109558113,0.008371637810123936,-0.027834035638952537,0.0,0.06006857395172127,0.014774871728269537,-0.017762844075678408,0
chronos_bolt,0,japan,5024,1.9652786254882821,6.932600045161921,0.013177110748062047,4.281046791453359,0.0,0.7964013671875136,0.0013786913404799804,-0.003951515422352425,0.0,0.8675494384765727,0.0041193700372766555,-0.0016724649335946732,1.0,0.2381170654296909,0.006948279320502123,0.005366411225370092,0.0,6.491327514648447,0.009290140822265588,-0.03464977813151288,0
chronos_bolt,0,norway,5024,0.3649504815673828,0.18182584739575106,0.03301249606569371,8.842257683225021,0.0,0.03186694183349559,0.0019987758799056,-0.0008565503074284133,0.0,0.19013330383300797,0.00730534732195257,-0.009761360753986294,0.0,0.3911161193847654,0.010453912074862846,-0.024862406862324146,0.0,0.4801521026611333,0.01841460509513771,-0.024765906383193308,0
chronos_bolt,0,south_korea,5024,63.001449381510426,4493.1584743767,0.046997723917320475,13.25897763088645,0.0,10.535961914062455,0.004148158398266226,-0.0036205152597054866,0.0,44.93137207031259,0.008395804430751176,-0.025018107162880103,0.0,77.92893066406259,0.013864376563158788,-0.044490316787706104,0.0,79.09060058593741,0.02198655513029541,-0.036770643309539254,0
chronos_bolt,0,sweden,5024,0.5687210739135741,0.41109671475601456,0.05225282779394688,13.543766054173094,1.0,0.02710471649169932,0.003795169850102011,0.0013652553665726684,0.0,0.2893409667968747,0.006373848897635682,-0.019806851701440767,0.0,0.6534855560302741,0.00836744910784404,-0.05164412746593134,0.0,0.8170402206420899,0.013262571871801456,-0.061966149169079825,0
chronos_bolt,0,switzerland,5024,0.014225984595616662,0.0002945044174987469,0.015969802274193985,3.205078826316279,1.0,0.0007391124725342202,-0.0018173385043103562,-0.0009974510413589025,0.0,0.004522562408447284,0.00013575639913575966,-0.004885912778986091,1.0,0.013774255561828652,-0.001691537223736119,-0.01709347842321174,1.0,0.021482881641387896,-0.001792931024812331,-0.025921559072512017,0
chronos_bolt,0,taiwan,5024,0.6899653472900392,0.6855813376430143,0.021505713093999474,13.09521191101646,1.0,0.02978839111327858,0.001210525838718062,0.0002928415670997379,0.0,0.22395419311523312,0.0021851245367352804,-0.0047281411959459,0.0,0.5397572937011716,0.003378098797179685,-0.013345531858512352,0.0,1.2492924499511702,0.0052517069474363395,-0.03381544416561805,0
chronos_bolt,0,uk,5024,0.028189339477660117,0.0010025129413963598,0.03455476093744796,9.542071274402188,0.0,0.002584854563079886,0.002231744298800831,-0.0009053498364784747,0.0,0.02063472859713744,0.006570581438907797,-0.018640286781812187,0.0,0.027536928536712635,0.009602713436719265,-0.02408088656108782,0.0,0.040523059065124545,0.017216280097852147,-0.032366070459225564,0
chronos_bolt,0,australia,5029,0.02836274557622272,0.0010229076547670726,0.018480029279247925,4.119048608705039,1.0,0.0028862255859374297,0.002180673539594012,0.000305664220480938,1.0,0.0277436253356933,0.006345361297642825,0.024118148912573644,0.0,0.02394734188079828,0.006862920121620516,-0.008727974293719026,0.0,0.0664492323303223,0.010874206088459829,-0.03282104485325805,0
chronos_bolt,0,canada,5029,0.01254626581192017,0.00026407645514775805,0.009185439004079246,2.5703871261494493,1.0,0.002369555091857878,0.0020967324715430373,0.0003656574561731075,1.0,0.010709613609313884,0.00433567487424749,0.012105057026275397,1.0,0.0026999080657958974,0.004014830015352347,0.0020459617673622608,0.0,0.041102132034301686,0.008015286046914294,-0.02226258647793236,0
chronos_bolt,0,denmark,5029,0.13159206306457533,0.0223737687361961,0.01897465632326794,5.360760866788976,0.0,0.015607067108154737,0.0008134657524590095,-0.0014323814166488748,1.0,0.008772324371338236,0.004102610846831413,0.005358596778970668,0.0,0.17711030883789025,0.008445960355428788,-0.017142551493794178,0.0,0.21458618774414084,0.013110380361950382,-0.017830596375606727,0
chronos_bolt,0,eurozone,5029,0.03324344081242882,0.0014343225652849877,0.018281828442762875,5.151413696728392,0.0,0.0035270961761475483,0.000947385337392003,-0.0009883322698806263,1.0,0.0031855146408081847,0.0041701394840510985,0.0059095682365345546,0.0,0.04472022514343266,0.008345413712334986,-0.016294259283482587,0.0,0.05406470489501958,0.012903631933882722,-0.01682432667024684,0
chronos_bolt,0,japan,5029,2.91236737060547,14.876515516112098,0.01963636211766835,6.344128932031853,1.0,0.011077270507826142,0.0024670606222766287,0.002541042525449853,1.0,1.1004882812499943,0.006802904690807023,0.014094572322895446,1.0,1.053639526367192,0.008026617198601786,0.0010038145793720686,0.0,9.170720214843755,0.010461774167874496,-0.05222580715377981,0
chronos_bolt,0,norway,5029,0.33651175903320313,0.15030904806670717,0.030675088841884808,8.153225813068342,0.0,0.04192274017333908,0.0017568382428288832,-0.0020390507810231387,1.0,0.027149729919432986,0.007194024094905756,0.009631355844997039,0.0,0.4013041839599616,0.010760864128631495,-0.025843032348662746,0.0,0.7512728652954106,0.01600611476361244,-0.05327361961336766,0
chronos_bolt,0,south_korea,5029,37.186797688802095,1553.466655551533,0.02810312356185708,7.8261519942877555,0.0,27.15732421875009,0.0016301027461664125,-0.019086734329018983,0.0,17.80026855468759,0.009258829644188268,-0.004167935709322065,0.0,43.805981445312455,0.014196017790393943,-0.019009657097594865,0.0,57.788281249999955,0.023828685437276474,-0.019780696882892555,0
chronos_bolt,0,sweden,5029,0.5055265732828775,0.3081229383640918,0.04699756414151463,12.038825281427062,0.0,0.057857052612304116,0.0034007240771792846,-0.0018995536714895896,1.0,0.07231664123535175,0.008014139062556293,0.0014154348869780417,0.0,0.5566506103515625,0.01273983534412092,-0.0389609292491273,0.0,0.8045926391601554,0.014177319697721215,-0.06132850408851912,0
chronos_bolt,0,switzerland,5029,0.013880593589146931,0.0002508586804501744,0.015661088456287674,3.1272630945336575,1.0,0.0007515748977661163,-0.0021747623674156133,-0.0013366752199054119,0.0,0.005698079395294209,-0.0011116315983416448,0.005218175491091495,1.0,0.011690621471404983,-0.003355518857318013,-0.016498690742774953,1.0,0.027927894020080557,-0.003984223007339817,-0.03569379594668436,0
chronos_bolt,0,taiwan,5029,0.7047862325032553,0.6700172290855019,0.022054214289963466,13.376505215583435,1.0,0.14367837524414284,-0.00031977434374762557,-0.0047817268034813275,1.0,0.013642913818358693,0.001867878879505053,0.0022896049606267238,0.0,0.848004028320311,0.003262770009827922,-0.023268341591903132,0.0,1.2312162170410161,0.005705472585091708,-0.03295349304283703,0
chronos_bolt,0,uk,5029,0.019064040739211023,0.0004736704277807519,0.023632430454363022,6.453164170654707,0.0,0.0017095281963805942,0.000622047376074739,-0.0014940739227938854,1.0,0.008407873567199742,0.004060049161220814,0.014367653461073751,0.0,0.019008715379699725,0.0102672488354004,-0.013287231228644778,0.0,0.03471676033804316,0.01709836032382616,-0.026045943352144794,0
chronos_bolt,0,australia,5034,0.06742904756800332,0.0051804030081563125,0.04366288409253136,9.792547192755912,0.0,0.008541707496642958,0.000876928978123751,-0.004556599349823736,0.0,0.0401744145202636,0.0019755412659378333,-0.023812484692092687,0.0,0.07303490478515617,0.003982651799648544,-0.043307200987721735,0.0,0.11833261383056648,0.008234695377175222,-0.0692069628739474,0
chronos_bolt,0,canada,5034,0.029245935738881436,0.0011062334999755363,0.021379241360164367,5.99169329283562,0.0,0.0055652130126953026,0.001238727338773867,-0.0027860714539088335,0.0,0.011403228759765627,0.00043582693860542255,-0.007835211296739631,0.0,0.029784779930114746,0.0013250214172596186,-0.020404774152180956,0.0,0.06300214958190908,0.004292083507667906,-0.042100995356706236,0
chronos_bolt,0,denmark,5034,0.18545318082173673,0.03819433812409215,0.026728717534691193,7.554940102146156,0.0,0.023770845031738652,0.0015899734504308282,-0.00181167901925407,0.0,0.15983742828369163,0.002834439041654455,-0.02023541324220066,0.0,0.20754423675537126,0.007397910795130783,-0.022523099840290703,0.0,0.29835276718139614,0.011325669749595374,-0.03180039526705652,0
chronos_bolt,0,eurozone,5034,0.047327938385009795,0.002495878148028456,0.02601384257048297,7.333951723291667,0.0,0.005708177566528416,0.001231232538230805,-0.0018839853215486058,0.0,0.04092700347900391,0.002385109107473952,-0.020142028567227015,0.0,0.05299362297058097,0.00684718989055483,-0.022287503693275593,0.0,0.07652959365844736,0.010652352004062926,-0.03153489347183409,0
chronos_bolt,0,japan,5034,5.143974833170574,35.54428609575733,0.034632369392972345,11.205330719653226,1.0,0.06808227539062273,0.0018341464369779192,0.0013854072673749687,0.0,2.310299682617199,0.0027050338045799876,-0.012622655554957332,0.0,4.0197515869140545,0.0025038874909579082,-0.024323807855919834,0.0,9.494918823242188,0.0026037623962149852,-0.061956173063706495,0
chronos_bolt,0,norway,5034,0.5370748976643881,0.35237700658280446,0.04913891644899767,13.012600010676799,0.0,0.07761390686035163,0.002902157726451317,-0.004061065230392657,0.0,0.35861462554931656,0.004925187180328722,-0.027594885154493015,0.0,0.4711332427978512,0.008680573600979498,-0.034100379027867826,0.0,1.0731234222412116,0.011684092319501417,-0.08825032783273631,0
chronos_bolt,0,south_korea,5034,34.40767740885416,1329.0189454947301,0.02605253880127263,7.241271900462697,1.0,2.6185791015625455,0.004342927693764195,0.0063208703854133515,0.0,32.03110351562509,0.009094791552438444,-0.015304273915503893,0.0,46.17568359374991,0.014681299492953404,-0.020484030374729092,0.0,46.65771484375,0.02460849468410653,-0.010573222915482211,0
chronos_bolt,0,sweden,5034,0.6432259173583984,0.4534790139100397,0.06005129588544424,15.318056151383098,0.0,0.12803701324462935,0.005089699010029567,-0.006641002826309407,0.0,0.4662968276977537,0.007823935598298516,-0.03545562080378436,0.0,0.5969213317871098,0.013880146903491533,-0.04152087276616693,0.0,1.0913241561889642,0.01745389457527193,-0.08588761921207978,0
chronos_bolt,0,switzerland,5034,0.026815594695409138,0.0008451812329835454,0.030203638969024407,6.041486562541114,1.0,0.001915727806091283,-0.0027896999063643582,-0.0006646358594151651,1.0,0.015644730091095016,-0.0010029610320720348,-0.018496797355410023,0.0,0.03374557657241817,0.0002719043101344969,-0.037802086415820925,0.0,0.04932909317016598,0.002023413198152586,-0.054033385891693125,0
chronos_bolt,0,taiwan,5034,0.9169496022542318,0.9535139919549349,0.02869795890943434,17.403264381904954,1.0,0.031460693359377956,0.0010490120803798013,7.726004963930112e-05,0.0,0.5526127014160167,0.001300655817530291,-0.015902894977069988,0.0,1.2181794738769547,0.003122094450258858,-0.035131055875506516,0.0,1.3036002502441413,0.004566626953096591,-0.036364210264136325,0
chronos_bolt,0,uk,5034,0.03236937418338928,0.0011408391294767475,0.039934461730426876,10.957010036027024,0.0,0.005816321673187241,0.0023581398558423193,-0.004744190173079149,0.0,0.018409018376831066,0.0033461027592533916,-0.019285630069380954,0.0,0.037907317450439404,0.009613973253578632,-0.03725889553161396,0.0,0.04485212512884518,0.01375482006930802,-0.04171201715859138,0
chronos_bolt,0,australia,5039,0.04653757208506267,0.0028335773559754803,0.030652065007906768,6.758531928241367,0.0,0.014393254356384277,0.0025608195295589754,-0.006818304620040216,0.0,0.023274185409545955,0.002379802661980946,-0.012833399848974069,0.0,0.029439439430236858,0.005627939072378556,-0.013591132879888604,0.0,0.08440210865020759,0.0078063350313442555,-0.048188213858308994,0
chronos_bolt,0,canada,5039,0.03143738668441773,0.0013551242721033007,0.0231297491462891,6.440661725549899,1.0,0.0028091413497923767,0.0020802392802430113,3.641594290381393e-05,0.0,0.015583494758605987,0.0019889128319706497,-0.009403139002175336,0.0,0.01936374053955081,0.004732948361366744,-0.009403139002175336,0.0,0.06437295570373536,0.007237370899902855,-0.040427559088771776,0
chronos_bolt,0,denmark,5039,0.07672097422281894,0.01022201896808583,0.011207787327756607,3.1254377102803486,0.0,0.0409513061523441,0.0011457203175310024,-0.004844679972279572,0.0,0.05046789093017612,0.0023651908782183866,-0.005013422292153178,1.0,0.015140289306640575,0.007101478400149363,0.009294078113607359,0.0,0.18543400802612275,0.012332242638154063,-0.014775423887557603,0
chronos_bolt,0,eurozone,5039,0.019799630406697587,0.0006796556610353968,0.011026950340723386,3.0681567483558543,0.0,0.010452173614502014,0.0010583206620047325,-0.004770881616755642,0.0,0.012743359565734913,0.002276053762872305,-0.004826816285077646,1.0,0.004537586975097652,0.006996405974036381,0.009501588124614026,0.0,0.04772485561370843,0.012103507802544234,-0.014494429450385881,0
chronos_bolt,0,japan,5039,4.892416483561198,32.667285219446406,0.03329324366435252,10.657350880310622,0.0,1.5271716308593852,0.002051523674791464,-0.00818988902904092,0.0,0.44255554199219205,0.0024876639653876324,-0.0004681021885661565,0.0,6.211058959960951,0.004343280078384853,-0.03788047845839873,0.0,9.14219238281251,0.003651639086139458,-0.059179902930365944,0
chronos_bolt,0,norway,5039,0.40226805399576837,0.25582563039992845,0.03764703080756382,9.746412104688018,0.0,0.20354480590820323,0.0056063366219255015,-0.013226362162822856,0.0,0.24832685699462864,0.0077380447749881755,-0.015236488262143633,1.0,0.11901404418945383,0.01356887583171265,0.0026878396115126036,0.0,0.8647887390136724,0.015669417020230864,-0.06605161168634162,0
chronos_bolt,0,south_korea,5039,23.539355468749978,730.7419966802182,0.01791787995936367,4.953977895264701,0.0,11.1312255859375,0.0044479914381745,-0.004133913588928247,1.0,5.767553710937591,0.011704038230516174,0.00729874168203466,1.0,1.4263916015625,0.022738613811619825,0.021662873743092084,0.0,50.48513183593741,0.03152551457689447,-0.0069252622261988354,0
chronos_bolt,0,sweden,5039,0.41220311655680336,0.23515720558355932,0.03934581673833666,9.816380706677979,0.0,0.11616927947997979,0.003330369040507311,-0.007712781399608708,0.0,0.16687253417968684,0.00660577156118984,-0.009243354898072435,0.0,0.31031622467041053,0.016310607807833524,-0.013075264148971269,0.0,0.7623809417724612,0.02784010836635181,-0.045084245767661145,0
chronos_bolt,0,switzerland,5039,0.0158436462020874,0.0004242280160418658,0.018175409892028347,3.569533949137209,1.0,0.0011187047958374219,-0.0012769516779942004,-0.0025412974286725325,1.0,0.0021194261550903093,-0.0028586492721307238,-0.005259151997888823,1.0,0.0077636429786681616,-0.0024693260535418545,-0.01128737771437935,1.0,0.043661543941497793,-0.0013415154007783566,-0.05191687464917184,0
chronos_bolt,0,taiwan,5039,0.6916094233194987,0.5668792488687002,0.02185552430476567,13.126415686812093,1.0,0.1882092132568367,-0.0007001897082440749,-0.00663177321275092,0.0,0.29888591003417986,0.002286048119175312,-0.007121841436892842,0.0,0.513434661865233,0.006352058085808851,-0.009797735459557245,0.0,1.4076864929199218,0.007872047122448876,-0.036974325419213444,0
chronos_bolt,0,uk,5039,0.020690752260717777,0.00048768694714181987,0.025822682209511234,7.0038048585434725,0.0,0.005858994541259821,0.0023605142479131286,-0.004933923163753482,0.0,0.014256791536651603,0.0034900135350583263,-0.014333012501779471,0.0,0.01739838949801631,0.010366515213642897,-0.011276060300057095,0.0,0.0313143017446289,0.014203538190638937,-0.02493974108414417,0
chronos_bolt,0,australia,5044,0.03900133025487265,0.0020923708999446653,0.02587676442348921,5.664062905766603,0.0,0.007433051567077742,0.0029221366082336888,-0.001971301400196447,0.0,0.022033923454284565,0.007025389501037383,-0.007490473639337603,0.0,0.04225301929473879,0.01083058879258102,-0.01708557570889625,0.0,0.04966012962341315,0.010528945846126726,-0.022372416966977497,0
chronos_bolt,0,canada,5044,0.030214073238372812,0.001213234182348913,0.022330836230132833,6.190038218914808,1.0,0.0011299657821655096,0.003471499830643343,0.0026432703814848676,0.0,0.017439790534973243,0.006587664730362431,-0.00623192827601371,0.0,0.029956552124023483,0.008752200402482008,-0.0133221820079286,0.0,0.044026799392700156,0.01182322308758616,-0.020688215799629473,0
chronos_bolt,0,denmark,5044,0.07076697369893387,0.006430088604476093,0.010356089424817728,2.882885292862732,0.0,0.00920414657592783,-0.0005951020993526067,0.0007554504640780563,1.0,0.055321719360351906,0.0016243604515423476,0.00969669165425718,0.0,0.06618309020996094,0.004813818534598215,-0.004898581413252639,0.0,0.09426963424682633,0.010578395318817713,-0.003204165212955157,0
chronos_bolt,0,eurozone,5044,0.018420863545735675,0.0004348804010228193,0.010276157972636315,2.854502616335352,0.0,0.0021400787353516026,-0.000525982933693469,0.0006710096150224815,1.0,0.014295920181274457,0.0016789588372144758,0.009630446285839925,0.0,0.017403816986083953,0.0048011073073568325,-0.004934543334988894,0.0,0.024923016738891635,0.010418488785327711,-0.0034740740401462892,0
chronos_bolt,0,japan,5044,5.868945149739584,41.21540957504294,0.03998726556708795,12.78456320475471,0.0,0.7702917480468727,0.001338802731640782,-0.003819867933862025,0.0,2.3051489257812534,0.003073089518700658,-0.01241750345650974,0.0,8.65812927246094,0.005623629785137286,-0.05368826451139375,0.0,6.145842895507826,0.005209262923034576,-0.036544787591234286,0
chronos_bolt,0,norway,5044,0.3621723270670574,0.20023450526973274,0.0342532630227259,8.774946748683474,0.0,0.055009175109862696,0.005051205125515709,-8.423298849585477e-05,1.0,0.07623307189941464,0.009689182886067453,0.0025983751417045205,0.0,0.3771387161254882,0.014230255106277926,-0.0211866320101957,0.0,0.6220920181274412,0.016428683499020585,-0.04254862803032077,0
chronos_bolt,0,south_korea,5044,30.30356363932289,1123.434661059278,0.02299340810014956,6.377540141923213,0.0,8.794189453125,0.004730394246922842,-0.001992261491876038,0.0,15.957275390625,0.011687302512097661,-0.00045940049045005486,0.0,38.610180664062455,0.020990070592728737,-0.008378863686517671,1.0,30.608471679687455,0.029943682523883297,0.006941823589313635,0
chronos_bolt,0,sweden,5044,0.34601493748982753,0.16718169430422106,0.033294909527071634,8.240147199686351,1.0,0.024088623046875313,0.003725591665321186,0.001425421529874185,0.0,0.12083787078857355,0.011213210811742588,-0.00029203160851252525,0.0,0.38771160430908225,0.013565154570628624,-0.02373919670655458,0.0,0.501442858886719,0.02410896487356477,-0.023886258413911846,0
chronos_bolt,0,switzerland,5044,0.023505561078389477,0.0007865637715774022,0.02697674275386414,5.295744249311445,0.0,0.0017541470527648872,0.0010247591601750957,-0.0009643475801941239,0.0,0.011584386920929002,0.0024174271111446874,-0.01077393918889967,0.0,0.020936017227172865,0.00580724455076909,-0.018079329900084547,0.0,0.043740989112853956,0.010424568956968059,-0.039908141076992795,0
chronos_bolt,0,taiwan,5044,0.677614623006185,0.5826422701440702,0.02149555591001834,12.860801078085716,0.0,0.06717723083496097,0.0012540079458920066,-0.0008700673664590564,0.0,0.30329228210449344,0.004726003746413327,-0.0048662667854523734,0.0,0.6290780029296883,0.009445235845839497,-0.01045914926271533,0.0,1.0331063537597664,0.013260821330055763,-0.01951203528168399,0
chronos_bolt,0,uk,5044,0.010247320484503171,0.0001442125788798221,0.012903154282064087,3.468710663201648,1.0,0.0010597983954467871,0.001850648839720676,0.0005154527730930151,0.0,0.005313896486602743,0.005145843675508542,-0.0015447696041750861,0.0,0.017067002423522992,0.00995779499946287,-0.01158679305478638,0.0,0.020022570446166954,0.014291810905364022,-0.010920453802333856,0
chronos_bolt,0,australia,5049,0.027653509283701597,0.0010083396186133207,0.018468669313583028,4.01604804565654,1.0,0.003450614547729547,0.0008088579853889668,0.003094223828132843,1.0,0.0073262431716918375,0.002653373047904463,0.007490473639337644,0.0,0.04276138294219978,0.006252358777830615,-0.022352510034134215,0.0,0.020922216033935515,0.004398094267569365,-0.009521404917920157,0
chronos_bolt,0,canada,5049,0.022031703751881904,0.0006891797366057797,0.016372001878616437,4.513694236987373,1.0,0.0007627593994141701,0.0021156559593338347,0.0015523935847251513,1.0,0.0019514175415038526,0.0034700266848476176,0.0049076683804466425,0.0,0.028964422035217208,0.006058713286351506,-0.015470086540325476,0.0,0.024425613975525007,0.008380567805589175,-0.009701416063034232,0
chronos_bolt,0,denmark,5049,0.10702572715759272,0.014390266839976677,0.015613278435883532,4.359984306990534,0.0,0.018629698181152676,-0.0009348569708411167,0.0017714410655219716,1.0,0.04143136596679664,0.00016255649511366535,0.006164698304388685,0.0,0.12682395629882848,0.0043972611315851225,-0.014123494971377236,0.0,0.14538865509033183,0.00940759721117285,-0.011745880224568734,0
chronos_bolt,0,eurozone,5049,0.027829136969248432,0.0009658909838277557,0.015477959905209575,4.312411526845279,0.0,0.00524297676086416,-0.0010769913483014474,0.001826535073594516,0.0,0.01132896900176994,-7.145154391405093e-05,0.006185643670147213,0.0,0.0327437845230103,0.004060212154864198,-0.014171576475755938,0.0,0.0379145551681519,0.009107485269540737,-0.011926465662647814,0
chronos_bolt,0,japan,5049,3.9482687174479176,19.228118350050604,0.02716242006761932,8.600675194554931,1.0,0.47715332031251023,-0.0005273412391560812,-0.003765716118626225,0.0,3.299143066406259,0.0010095340415255942,-0.021563624320780378,0.0,5.567309570312489,0.000557271014991929,-0.03785364043815607,1.0,2.7330383300781307,-0.0013686842227097786,-0.020076943665951145,0
chronos_bolt,0,norway,5049,0.43037238881429046,0.22113523558501236,0.0407246721921657,10.427342211736315,1.0,0.13931582183837854,0.0009315431430581699,0.013840249475072064,1.0,0.10273745422363234,0.006110589258642647,0.015597096800727883,0.0,0.5347502792358405,0.009110912426470745,-0.04161808089914596,0.0,0.5302228317260749,0.007562445236116823,-0.042805995470051816,0
chronos_bolt,0,south_korea,5049,22.23296142578122,653.1904285477182,0.01689333458625332,4.679040579331623,0.0,8.934741210937545,0.005525385601980701,-0.001302782006623124,1.0,10.490380859374909,0.008875207253822773,0.0008803322865822391,0.0,22.03347167968741,0.016281417955824724,-0.0004596116362649739,1.0,25.26235351562491,0.02508001955995941,0.006031933994758642,0
chronos_bolt,0,sweden,5049,0.3432439686075846,0.15965000631568377,0.03309256199347906,8.174158165683727,1.0,0.00205260772704996,0.0020856858655469318,0.001889514239619883,1.0,0.04388310089111336,0.005603882945081258,0.001416274955752108,0.0,0.4693422927856439,0.013108973218911264,-0.032264865393917166,0.0,0.40711399383544844,0.02109392312661478,-0.017826042303489515,0
chronos_bolt,0,switzerland,5049,0.017736521040598544,0.00045183918374314586,0.020536456509767285,3.995993926300985,1.0,0.0011858298301696824,0.0004173477559773546,0.0017751314536216714,1.0,0.0060357483863831,0.0013908841903761348,0.008276066757581302,0.0,0.018666661357879644,0.0036232553997811406,-0.017926808652400865,0.0,0.02731764583587648,0.006703348658608587,-0.02489466188678805,0
chronos_bolt,0,taiwan,5049,0.5464732905069988,0.4105409302805818,0.01740590766671827,10.371801382499546,0.0,0.13949627685546773,0.0023646433725552124,-0.0020677924942465484,0.0,0.23418052673339673,0.003954433812020358,-0.003485904730883751,0.0,0.4453322448730468,0.008286424398336076,-0.005848575646854148,0.0,0.6913179626464832,0.011071353923555028,-0.010895894864758244,0
chronos_bolt,0,uk,5049,0.009138478499658194,0.00010684064140544482,0.011535835803191664,3.0933684435009887,0.0,0.0015934703198852151,-0.00022882916306059232,0.001782638227826222,1.0,0.004432194535949674,0.0014947173075836875,0.0070699750368481955,0.0,0.006795042704559329,0.006861583315918427,-0.0017004444739742908,0.0,0.01618945945437622,0.010329264451575493,-0.0101203874753966,0
chronos_bolt,0,australia,5054,0.03844804686228435,0.0019592606981611157,0.025551660801169118,5.583710981361548,1.0,0.0033543996429443723,0.0012148640596981663,0.0034191214614333826,0.0,0.038417406311035185,0.005201239574626777,-0.02029330922476502,0.0,0.07226970279693612,0.007630700826151695,-0.04075997368946899,1.0,0.006583244590759207,0.004628296899122321,0.00030293252080553553,0
chronos_bolt,0,canada,5054,0.029894515399932865,0.0010551459026630565,0.02214475856860324,6.124569547495,0.0,0.0043089172363282024,0.0018453293032250503,-0.0013260158854821243,0.0,0.025824507904052663,0.0033253500842922307,-0.015805033309725557,0.0,0.049020297622680564,0.006838051754830675,-0.029662241904931188,0.0,0.022428483772277907,0.007721051711792514,-0.008799228616611242,0
chronos_bolt,0,denmark,5054,0.15975693745930988,0.02891060493650548,0.023207011013552173,6.508133686677269,1.0,0.0148545066833492,0.0001221118935952086,0.002265071986333141,0.0,0.11453621520996116,0.002832154537054527,-0.013801747578869438,0.0,0.2529921836853024,0.00593916845201953,-0.031061700363691238,0.0,0.15210406646728547,0.011667648775558254,-0.010285983336173306,0
chronos_bolt,0,eurozone,5054,0.041833475030263266,0.0019806292374228113,0.02316725646439026,6.482528011121918,1.0,0.0039231267929076274,9.737899263026392e-05,0.0022548543899022114,0.0,0.02956099700927739,0.0027826339017094723,-0.013581140010463993,0.0,0.06565535316467286,0.0057947967727655205,-0.03080693114016211,0.0,0.03996194992065427,0.011420810183427407,-0.010571859130474905,0
chronos_bolt,0,japan,5054,2.4852730509440106,7.997046261611941,0.01719488099556586,5.4137719113420415,1.0,1.7067840576171989,0.0014398040500600482,0.013164642665606971,0.0,3.6487475585937545,0.006165629587663739,-0.019248493955861614,0.0,5.061497192382802,0.009959903562140842,-0.02533377719565063,1.0,2.2582287597656148,0.009207849221492459,0.024572772365941107,0
chronos_bolt,0,norway,5054,0.5142954302978517,0.30617482773812965,0.04854618142625913,12.46068425630797,1.0,0.08548837280273425,0.0013052075260690816,0.009120787031461169,0.0,0.43142289733886763,0.0020998310067528625,-0.03826907398416052,0.0,0.7422773483276366,0.00017710913743544348,-0.07046403744663927,1.0,0.2604684295654298,-0.010028852691858306,-0.03450447578066794,0
chronos_bolt,0,south_korea,5054,18.517303059895806,454.9187278923575,0.014088673546573446,3.8970612496346586,1.0,7.4020263671875455,0.0016422147054883205,0.0072807991210599434,0.0,21.763867187499955,0.008619768750540796,-0.008028160736233384,0.0,38.68483886718741,0.014949928859301975,-0.014644935704365609,1.0,2.84912109375,0.022135081430175535,0.02426514608818229,0
chronos_bolt,0,sweden,5054,0.35042111501057943,0.14776401788270455,0.03377359056228836,8.345077789164188,1.0,0.0367442916870111,0.0013909439363371417,0.004893647083537766,0.0,0.2287049591064445,0.0028794641930603446,-0.019169206620880095,0.0,0.6096996032714852,0.009744485726642053,-0.04972750417542779,1.0,0.17621728210449206,0.01927938355467339,0.0026119711823216177,0
chronos_bolt,0,switzerland,5054,0.025772871840794874,0.0007992665486420537,0.029691075565439096,5.806563705667644,1.0,0.0008441143989562638,-0.0013014938775638277,-0.00034110290268205305,0.0,0.013589519882202139,0.0008971361129505356,-0.014658149653158481,0.0,0.04591330280303951,0.0029664396258912234,-0.05047691532703744,0.0,0.01885289058685302,0.009169326814905883,-0.012296057239894865,0
chronos_bolt,0,taiwan,5054,0.39546571960449234,0.22669506046769547,0.012639143725506945,7.505749994697171,1.0,0.10618725585937483,0.0010140035955667475,0.004391205566983843,0.0,0.230525756835938,0.0034867232653926945,-0.003866190073164817,0.0,0.8992179565429694,0.006713219279772554,-0.02218479749922809,1.0,0.18612641906738148,0.00857751950689381,0.0026752034298949457,0
chronos_bolt,0,uk,5054,0.016213193150691727,0.0002988859647516958,0.020373172778047136,5.488154298618971,0.0,0.000776791481567396,0.0004961958910536415,-0.00047820253794087056,0.0,0.01351443451712031,0.0046968817878472145,-0.012320159674731403,0.0,0.02016269182867436,0.007565658720786585,-0.01785620738759586,0.0,0.0196423590097351,0.013817913752565521,-0.010783486120227762,0
chronos_bolt,0,australia,5059,0.024075380930582688,0.0008178148941005771,0.016139574586976593,3.496405665652322,1.0,0.0022667009735106713,0.002660395086202664,0.00417876016815932,0.0,0.026440729026794507,0.005563839917971431,-0.01226776910811569,1.0,0.004771721992492761,0.004762075834705146,0.001564887738126152,0.0,0.0477793768310546,-0.012308172770683799,0.019687168739741967,0
chronos_bolt,0,canada,5059,0.01203225919723511,0.0002157663759584159,0.008987618143868828,2.4650812124259516,1.0,0.0008409187316893441,0.0013521248211264723,0.00198001372243703,0.0,0.01647905540466299,0.0046107634494123645,-0.00773335185249857,0.0,0.014384255027771076,0.009479074010279264,-0.0012348221367346468,1.0,0.008477547454833978,0.011989871023085168,0.005705245269321357,0
chronos_bolt,0,denmark,5059,0.0780935046895345,0.007239798956953928,0.011415446930549144,3.181351474705743,0.0,0.005480569458008233,-0.0006197288604403097,0.00018303687511988888,0.0,0.07880168075561489,0.002961325841682069,-0.008611202112478967,0.0,0.08038005218505884,0.008665455559074858,-0.003072694689991788,1.0,0.06463901214599588,0.014247811455355345,0.004871983370557318,0
chronos_bolt,0,eurozone,5059,0.020791937020619707,0.0005109693059175351,0.011585300492740624,3.221924882982924,0.0,0.0012862974166869545,-0.0006623079710722896,5.580980021536257e-05,0.0,0.020817966651916597,0.002852334892918691,-0.008800998565052677,0.0,0.021853037834167477,0.00853223558349806,-0.003634334444809151,1.0,0.01647637672424307,0.014008510050923165,0.004899377893191522,0
chronos_bolt,0,japan,5059,2.0902112223307303,6.862748642496694,0.014441688610657255,4.5531925757323775,1.0,0.6382745361328261,0.0050433468694891384,0.009513349968407123,1.0,1.0597076416015625,0.011779717288608538,0.004364206412968718,1.0,0.18920410156249545,0.018769491275349662,0.02007854173126317,1.0,5.1684197998046955,0.008160889444268926,0.04368621787296664,0
chronos_bolt,0,norway,5059,0.24055165863037112,0.06945418917139601,0.023136537927229934,5.828242074381804,0.0,0.15123026885986413,0.008020104756538478,-0.006408497596451381,0.0,0.3786339431762702,0.01106589540775303,-0.025345352374371573,0.0,0.23781820220947303,0.006744121547228913,-0.016069802053386525,1.0,0.1320556762695304,-0.019477148752073535,-0.006701644919496538,0
chronos_bolt,0,south_korea,5059,10.360302734374992,169.20257475860882,0.007875211309734915,2.180378761962324,1.0,0.1512451171875,0.0007334616135931331,0.0006168793810920517,1.0,3.0386962890625,0.007368900154761566,0.005039538258088184,1.0,6.458227539062591,0.015391168137534399,0.010473710292868033,1.0,13.05712890625,0.020417897762514327,0.0302374234724981,0
chronos_bolt,0,sweden,5059,0.166907331644694,0.03998308375486347,0.01627018659751007,3.9748023349413346,0.0,0.06212049255371177,0.0009227320799725188,-0.005145394067355619,0.0,0.29568416442871026,0.005926971697114863,-0.023143680236582517,0.0,0.20992732391357372,0.015598583180708545,-0.004753550290453567,1.0,0.010585685729980199,0.01746902255405377,0.01645451330102448,0
chronos_bolt,0,switzerland,5059,0.01512400940577189,0.0002858731436874878,0.017557691092021804,3.4074015748887794,0.0,0.001699016475677495,-0.0007489872048635936,0.001210549218302454,0.0,0.011635711860656706,0.00038720294230938353,-0.013121414453917228,0.0,0.01980136060714721,0.0031114497463327596,-0.01992376285567128,0.0,0.014292189407348665,0.012202102908224004,-0.004219537487971858,0
chronos_bolt,0,taiwan,5059,0.2531047246297202,0.10853992002745334,0.008117105907361317,4.803806477707584,1.0,0.041412033081055455,0.0007548561867564685,0.0020787368769774944,0.0,0.11162179565429753,0.0024499535498398216,-0.0011211122606726044,0.0,0.41368270874023594,0.005337886911324123,-0.007922711043871059,1.0,0.08338522338867094,0.004882502708274968,0.002222489622503309,0
chronos_bolt,0,uk,5059,0.005742436289576206,4.161343476256811e-05,0.007272606750040861,1.9438105815595397,0.0,0.004401052754058887,-0.0011208683003284257,0.0044589208043228044,0.0,0.00213407226477047,0.0014115905476598598,-0.0012984203453726996,1.0,0.004456903112335153,0.005683237406710245,3.937275468724211e-05,0.0,0.010047434429931612,0.010969992675811304,-0.001730852744393882,0
chronos_bolt,0,australia,5064,0.0465519300181071,0.003140427637989146,0.03143170776772993,6.760617093937741,0.0,0.003057609672546313,-0.0020827117469713855,0.0,1.0,0.0005232338714600271,-0.0024367698972613708,-0.002793735676454264,0.0,0.04306032241821289,-0.0077121396342550936,0.02138748171281662,0.0,0.10166333911895742,-0.025710687978952533,0.04286180107890254,0
chronos_bolt,0,canada,5064,0.009043480599721258,0.00010259806681442355,0.006764934676495902,1.8527621252070545,0.0,0.0006571216583250994,0.0004951641079493609,0.0,0.0,0.010667501831054693,0.0018956972860615922,-0.006161775028805157,1.0,0.009851707649231045,0.004773433449715111,0.012136344040270444,1.0,0.011666883468627987,0.00513704957898351,0.013847526661524626,0
chronos_bolt,0,denmark,5064,0.03264245501200363,0.001450589627790194,0.004782913348239396,1.3297792537715423,0.0,0.011142205047607767,-0.0016471642140788102,0.0,0.0,0.02774300613403291,0.0008922106509830507,-0.00321044186270187,1.0,0.0044904449462892515,0.006865609649513355,0.006206649901187915,1.0,0.06479479217529338,0.009797448398514924,0.019230306860212966,0
chronos_bolt,0,eurozone,5064,0.008539815146128338,9.83805900819811e-05,0.004769625393768071,1.3233323517716806,0.0,0.002916960525512602,-0.0016437366852260905,0.0,0.0,0.007061136436462334,0.0008786074287626925,-0.003101564545778799,1.0,0.0017325468063353888,0.006975723777390894,0.006006529791112324,1.0,0.017121800804138276,0.009792943537170213,0.019294099506269854,0
chronos_bolt,0,japan,5064,4.4278577677408855,29.263278069344885,0.030811608375826402,9.645383633523863,0.0,0.4096221923828125,0.0028729346109863914,0.0,0.0,1.9045367431640727,0.003572446978563662,-0.009846385421616735,1.0,3.537850341796883,0.00033111046715525883,0.024868189800900685,0.0,10.01285888671876,-0.02934912907661697,0.04057051426258853,0
chronos_bolt,0,norway,5064,0.2755074016316731,0.11773930673334145,0.026879883511856426,6.675172556014922,0.0,0.0007033020019537872,6.8876886545554e-05,0.0,0.0,0.07464858703613331,0.0019273611365074668,-0.0053961690080982444,0.0,0.15172343292236334,-0.0022770228241990034,0.012506367446668177,0.0,0.6970030380249028,-0.029322325101036245,0.038610681217900476,0
chronos_bolt,0,south_korea,5064,9.916844889322897,143.63362181236303,0.007532096695416244,2.0870507876774593,0.0,3.883544921875,0.0029760314752234583,0.0,0.0,25.05532226562491,0.007611269383189742,-0.011656313226220434,1.0,9.013696289062409,0.014411158469744863,0.007569132815219721,1.0,6.526342773437591,0.019852543114633726,0.014930198115716812,0
chronos_bolt,0,sweden,5064,0.20148561213175456,0.05462890996441162,0.019641719800021204,4.79826424439661,0.0,0.014757806396485051,-0.0014733173583835195,0.0,1.0,0.0356365600585935,0.0018053585094650246,0.00534775264063438,1.0,0.16897084350585878,0.009988669057459673,0.026539864014214997,1.0,0.32982356719970696,0.013045533367760502,0.04500592526601815,0
chronos_bolt,0,switzerland,5064,0.006718927545547478,6.565017792365641e-05,0.007849773632150978,1.5137576079214043,0.0,0.0008620112419128745,-0.001008060071845023,0.0,0.0,0.013961324310302725,7.167566197032137e-05,-0.016380286112888814,0.0,0.003572550964355492,0.0035848832758073623,-0.0005845902189167478,1.0,0.005044768428802526,0.00583326205390743,0.011678371114237661,0
chronos_bolt,0,taiwan,5064,0.24601677042643252,0.08920295486646503,0.007891061950955187,4.669280500899919,0.0,0.06480592346191472,0.0020748590655051374,0.0,0.0,0.6134798736572264,0.0032790713930669424,-0.01651301013214707,0.0,0.2678768463134773,0.005493491548803341,-0.0030815181589876907,1.0,0.18932984924316543,0.006447762863097378,0.0004005415375064816,0
chronos_bolt,0,uk,5064,0.003813109801841219,1.8293110390751938e-05,0.0048363714690942425,1.290734943794103,0.0,0.0007450108918152232,-0.0009478048752145817,0.0,0.0,0.00230001236550903,0.00041441167840561744,-0.0025133539949337685,1.0,0.004075836262725785,0.005482441087513865,0.00031461428174140755,1.0,0.002458226956817633,0.007717788762467164,0.00461111869402904,0
chronos_bolt,0,australia,5069,0.07561610909907023,0.006947394251852919,0.05126320462304409,10.981533086885799,0.0,0.00846681549072259,-0.005794098996473488,0.0,0.0,0.027574615402221614,-0.005765136788471257,0.012982397042357477,0.0,0.08409585803985586,-0.01663401816705373,0.04007276473925701,0.0,0.12374937545776366,-0.03871218375860038,0.045420825579419476,0
chronos_bolt,0,canada,5069,0.02079938469568887,0.0004669522282411189,0.015596890565748025,4.261225726848066,0.0,0.001281679725646967,-0.000972473097361404,0.0,1.0,0.01333325366973881,0.0002780944468115877,0.01033620428696699,1.0,0.029332042121887225,0.00281565758097845,0.02475550066995673,1.0,0.019715745353698688,0.00592376264452647,0.020678098623930496,0
chronos_bolt,0,denmark,5069,0.09697935666402181,0.010590672927794862,0.014221378555611208,3.9507180599162726,0.0,0.023469781494140918,-0.0034839166038961662,0.0,0.0,0.048527359008788906,-0.0006117972083378361,0.006557836382449212,1.0,0.11326645126342783,0.0014117259686811422,0.018033456135490476,1.0,0.10872209701538083,0.008047713117871311,0.023903128898248503,0
chronos_bolt,0,eurozone,5069,0.024831250184377048,0.0007000128837391262,0.013878699090071127,3.847858079085033,0.0,0.0060163610458374706,-0.0034038045314002453,0.0,0.0,0.011748264122009244,-0.00042270609757106414,0.006193539125161786,1.0,0.029060081100463764,0.0015462997811287026,0.017801136179997065,1.0,0.028193647384643583,0.008159752044854121,0.023830582480324707,0
chronos_bolt,0,japan,5069,7.6574287109374986,71.49042550774894,0.053618518279988446,16.680490078396403,0.0,0.24579284667967727,-0.00174498057114293,0.0,0.0,3.3321691894531114,-0.0012219776161510344,0.02216701315056545,0.0,8.552147216796868,-0.009529924761551178,0.049910937755478474,0.0,13.865542602539051,-0.039945648196250745,0.05750710227264021,0
chronos_bolt,0,norway,5069,0.4960688086954751,0.3109327594015475,0.04865455973206203,12.019077810933013,0.0,0.03014400787353466,-0.002972599929920653,0.0,0.0,0.11609004974365256,-0.0031351762544940464,0.008266495393877193,0.0,0.5687125411987299,-0.018415678531334245,0.03705702625557644,0.0,0.8165439788818354,-0.04139305809138862,0.039080766789059154,0
chronos_bolt,0,south_korea,5069,24.277504882812504,675.7448843540355,0.018454017014502503,5.109325219261016,0.0,0.598535156249909,0.00046462933342826415,0.0,1.0,20.185229492187545,0.005702145327324578,0.021165827497547158,1.0,38.97336425781259,0.009871633176022283,0.03939540089938022,1.0,18.0545654296875,0.01716332786423935,0.030849301432428027,0
chronos_bolt,0,sweden,5069,0.21332888086954754,0.054806771911637506,0.020695644612739917,5.080304893950148,0.0,0.009752885437011471,-0.0009682231511339798,0.0,1.0,0.07745843200683566,0.004330974816196856,0.011954632455676963,1.0,0.3368885574340812,0.007784920845768944,0.04041607161323571,1.0,0.15690785827636766,0.022045875234122818,0.037161149372774024,0
chronos_bolt,0,switzerland,5069,0.017150026591618853,0.00036788795659358295,0.020061689453871236,3.863858190630638,0.0,7.064065933226615e-05,8.392763621686716e-05,0.0,1.0,0.004456578350067186,0.0014762716826126955,0.006749581574290129,1.0,0.02436104803085326,0.0036042045465846857,0.03203641014439818,1.0,0.029260337352752686,0.004847334016030595,0.03885963549252369,0
chronos_bolt,0,taiwan,5069,0.45876595560709604,0.2415106743328062,0.014778092092561281,8.707158163567126,0.0,0.012907287597656136,0.00042047455058884036,0.0,1.0,0.275065872192382,0.0014304984099182292,0.010340448700636756,1.0,0.7947846679687487,0.003422407255377913,0.028903282031632827,1.0,0.5710759124755853,0.003153137301455933,0.021532202254876818,0
chronos_bolt,0,uk,5069,0.002400710852866624,1.1330160604772623e-05,0.0030447915621958266,0.812638908600127,0.0,0.0018497822130432162,-0.002360887068365972,0.0,0.0,0.0014044636041259384,0.0014756448904232901,-0.0003137252199692023,1.0,0.0008171175255432539,0.004943574029995275,0.005979561808619981,1.0,0.0009442298918151959,0.010175034104559388,0.00898280504738121,0
chronos_bolt,0,australia,5074,0.06235571171951293,0.004719110799428724,0.04183425825424714,9.055759672942015,0.0,0.011169689636230551,-0.003954605166316585,0.0035701717110648945,0.0,0.01641985549926761,-0.005700886855607364,0.005360538409719666,0.0,0.05559085384368889,-0.014143651475498634,0.023129576273248673,0.0,0.10137284561157234,-0.03693282970934789,0.03151861230497333,0
chronos_bolt,0,canada,5074,0.010039280529022209,0.0001180856279079439,0.00747975978581832,2.0567743274723562,0.0,0.005973089790344277,-0.0006930944393135258,0.0037832719820559643,1.0,0.005678903961181536,0.00050358558572009,0.004754871460581495,1.0,0.013227950477600059,0.0034632219098656566,0.013308925405037546,1.0,0.009268848419189402,0.005002218136618875,0.011900683251169941,0
chronos_bolt,0,denmark,5074,0.05810312825520834,0.004093729039008789,0.008464866391325727,2.366989079240232,0.0,0.02239751892089803,-0.0026677957965314165,0.000632827582966889,1.0,0.005183168029785357,0.00039252270559143475,0.0011549766426435053,1.0,0.06812814254760724,0.003207372676006901,0.01315514987952081,1.0,0.055321279144287416,0.010620771725050278,0.018646604132181027,0
chronos_bolt,0,eurozone,5074,0.015508909041086845,0.00029176035661056504,0.008613370087176723,2.403265260848084,0.0,0.00565136089324958,-0.0025579885715076188,0.0006172493322063698,1.0,0.001250584030151325,0.0004766711795211099,0.0011780546633385607,1.0,0.018546909904479936,0.0032240582246911387,0.013547623160786157,1.0,0.015191313743591284,0.010613226091160955,0.01901483359791864,0
chronos_bolt,0,japan,5074,8.316298543294272,86.12568650875914,0.058007132547235676,18.115733175845534,1.0,0.4179748535156307,-0.004575282445590861,-0.001666435602972696,0.0,2.3082214355468693,-0.012027230461910912,0.004050340468773376,0.0,7.702411499023441,-0.02994588869413085,0.023653109697389724,0.0,15.230285034179701,-0.0654753459950095,0.04141568532466658,0
chronos_bolt,0,norway,5074,0.6806388183085123,0.5718164806189904,0.06727215830085133,16.490960074479133,0.0,0.1641919921875008,-0.004457379547165272,0.011520299848726621,0.0,0.12816435241699153,-0.01022439144547081,0.002341007701973445,0.0,0.6104297470092774,-0.0383764345873818,0.021725180579216137,0.0,1.0650368301391602,-0.08050773107808727,0.026306210954661614,0
chronos_bolt,0,south_korea,5074,14.690825195312497,260.84150266619537,0.011091891882782591,3.091759388968546,1.0,3.1471679687499545,0.0027687265143538737,0.0003800258463308073,0.0,5.400170898437409,0.0027330976701076997,-0.0013692900850049057,1.0,18.138745117187455,0.0016795761276981879,0.015351550895363879,0.0,24.253588867187545,-0.003238801056316153,0.015089501291618203,0
chronos_bolt,0,sweden,5074,0.20509542800903321,0.049281540350987356,0.019820211692001943,4.884229938271937,0.0,0.057909320068359804,-0.0029467015101511083,0.002731814094881821,0.0,0.06634715728759844,-0.0007206362278263275,0.005768184501909771,1.0,0.24715564117431654,0.00011219619773696432,0.024053779037288833,1.0,0.13600125427246113,0.01168731044289589,0.024780971770616108,0
chronos_bolt,0,switzerland,5074,0.016852033831278472,0.0003500657868401378,0.019572090553558633,3.796721165411534,1.0,0.00020547142028803922,-0.0009381026880013727,-0.0011808468042745297,1.0,0.0028659078598022303,0.0008659636956400547,0.004239540001305034,1.0,0.018716849517822265,0.0022199339360482614,0.02402027687517722,1.0,0.026339888095855746,0.008297470790317184,0.03865998478196627,0
chronos_bolt,0,taiwan,5074,0.3379792648315426,0.13482386633929785,0.010844697493098212,6.414684609715759,1.0,0.011636215209961165,-0.000124607798381053,-0.0004999717862017588,0.0,0.13250405883789185,-0.0005162350286589449,0.003749873631473446,0.0,0.34036581420898315,-0.0012379937576638225,0.009691833056025083,0.0,0.4232070617675774,-0.002492892055231315,0.011096081136525044,0
chronos_bolt,0,uk,5074,0.002331849749785368,8.896692717958342e-06,0.002952360339407968,0.7893294744022795,0.0,0.0014805660268250032,-0.0017719444637651698,0.00011763538151452835,0.0,0.0018866096847839353,0.0016600000532341775,-0.0007447032772377848,1.0,0.0010182127001037156,0.005339105161628678,0.004046759560354596,1.0,0.0023998008640137014,0.010078077514364105,0.01310303746251729,0
chronos_bolt,0,australia,5079,0.08513534001922604,0.008727919568046626,0.0575763490674344,12.36398651588249,0.0,0.013659869613647402,-0.00360402773966621,0.00553851475412603,0.0,0.03952106735229499,-0.009052384230649123,0.01731481107806327,0.0,0.08025038375854487,-0.03078448543377129,0.02317754316786501,0.0,0.1383183617782593,-0.0741660566461163,0.020962543179713404,0
chronos_bolt,0,canada,5079,0.00875503828684489,9.258656470888387e-05,0.006511638701049615,1.793668174961733,1.0,0.00479754314422598,0.0001138820265872251,0.0036909353113898026,1.0,0.006101517868041917,0.001267998000638954,0.005809855826869693,1.0,0.0022265125274658626,0.0003536426659565611,0.0020149260548384808,0.0,0.013399356842040966,-0.001345061992733335,0.008628117046252578,0
chronos_bolt,0,denmark,5079,0.055486293334960975,0.0037496504598106576,0.008075568377503053,2.2603851860523507,0.0,0.020197045898437516,-0.0013901146454976718,0.0015794948166763685,1.0,0.04497511520385711,0.001039791669916199,0.0076245951927842144,1.0,0.05475422286987275,0.004020342884668519,0.012007437801421104,1.0,0.006634973907471142,0.01182799140040468,0.012791700308124406,0
chronos_bolt,0,eurozone,5079,0.015053705145517989,0.00027113908736285663,0.00835247809248264,2.3327267267754968,0.0,0.004857458877563392,-0.001378719670499131,0.0013446510135962755,1.0,0.01176570262908938,0.0009718581346741895,0.007540250202320179,1.0,0.015321720695495644,0.003988491695600913,0.01250799787792041,1.0,0.0025978885650634886,0.011761421398976839,0.013199857485697682,0
chronos_bolt,0,japan,5079,11.233839986165362,148.29208491919388,0.0788148659918588,24.471133001064853,0.0,2.204082641601559,-0.007936629657601455,0.007297543658475331,0.0,6.540775756835927,-0.022081894277730624,0.023086091711111995,0.0,8.280355224609366,-0.04772921731490266,0.010550469877736775,0.0,19.00126281738281,-0.09557201473044193,0.039360225325944576,0
chronos_bolt,0,norway,5079,0.7232453277587889,0.6090235754515249,0.071491731050871,17.52325830278699,0.0,0.14046741638183668,-0.004919271575675898,0.00873994922288381,0.0,0.40784555053710925,-0.01567121441792391,0.023898616490111765,0.0,0.6251749176025392,-0.04213863668320087,0.019455838457012098,0.0,1.1848068344116207,-0.0933846690319076,0.025937014132145435,0
chronos_bolt,0,south_korea,5079,15.202871093750007,258.3248076009356,0.011465831641244019,3.1995220703039786,0.0,6.8403808593750455,-0.00022107331350594136,0.004973717943503599,1.0,21.945556640625,0.0025882384990019943,0.019113544380005773,1.0,14.478588867187455,0.0027909185940962634,0.013721888365355027,1.0,12.544018554687455,0.0036897410250223916,0.013158582118415007,0
chronos_bolt,0,sweden,5079,0.14873543207804368,0.02843737580040019,0.014317437934198367,3.542048973443704,0.0,0.07628889770507818,-0.0022826562814474184,0.005143674134174156,0.0,0.2306535598754884,-0.00039036087198733116,0.021854288441563292,1.0,0.14594758758544835,0.0031488930161575283,0.017232141266342878,1.0,0.0433413467407231,0.009874159493220526,0.0056817920434577025,0
chronos_bolt,0,switzerland,5079,0.017740796826680495,0.0003610683077829192,0.020519028645625322,3.996957250234384,1.0,0.003733965206146217,0.00043005592782049376,0.00480657431837697,1.0,0.01651513471603394,0.0016847722108091663,0.020874671404474427,1.0,0.00924482612609867,0.0015912755535960903,0.01237972014842269,1.0,0.022912332820892334,0.008411165434051411,0.03476100557405372,0
chronos_bolt,0,taiwan,5079,0.26888809763590454,0.08381235703849009,0.008600123333049497,5.10336733971087,0.0,0.13630052185058616,-0.00020244039106077116,0.0041678749699512645,0.0,0.31806021118164196,-8.225652124003905e-05,0.010085193563769357,0.0,0.24326228332519406,-0.0008762523096104006,0.006915568318205883,0.0,0.46883940124511625,-0.0008304996638606383,0.014132143643966578,0
chronos_bolt,0,uk,5079,0.0035218878911285464,1.7587974559833654e-05,0.0044586951245488855,1.192156535070119,0.0,0.0025296145714110985,-0.000911587198309642,0.002314315709650644,1.0,0.003499680766113289,0.0019594058282217234,0.006406876392017224,1.0,0.0013246392316894617,0.004449370681152079,0.006130889811181117,1.0,0.002042454583465525,0.009111359131732248,0.006525180133871974,0
chronos_bolt,0,australia,5084,0.06722526067097981,0.005792828924466354,0.045152938745133174,9.762951745714258,1.0,0.007655883979797329,-0.0058945803009604805,-0.0008365803456784555,1.0,0.018482263412475497,-0.013164565753909906,-0.0009090730058284719,0.0,0.07142596355438235,-0.03244627824047845,0.014991883137397475,0.0,0.11694483512878429,-0.07162554645627292,0.007850739310200541,0
chronos_bolt,0,canada,5084,0.004540397891998279,3.0167584731602802e-05,0.0033670811976969244,0.9302034935446921,0.0,0.0024572912216187515,0.00048804696808003184,-0.0013377431298973997,0.0,0.003648617553710931,0.0014090981459576864,-0.00130055942379308,0.0,0.0019657323837281027,0.0014588724838843074,0.0,0.0,0.009844540596008367,-0.0007760748407093667,0.006514439886830203,0
chronos_bolt,0,denmark,5084,0.030152101999918586,0.0012292072609937,0.004368467889190249,1.2283279453812765,1.0,0.008587191772461367,-0.0013561893269166466,-0.00010215548073028573,1.0,0.0034512680053708777,0.0018590500106306024,0.0013562191278611154,1.0,0.032038505554199403,0.006119228873404989,0.010755288952989014,1.0,0.051076188659667565,0.011293086156952783,0.003896000063516275,0
chronos_bolt,0,eurozone,5084,0.007920650107065849,8.503902462657999e-05,0.004374857925349005,1.2273863490471557,1.0,0.00227074909210212,-0.0014872078367708366,-0.0002225994054657678,1.0,0.00020755939483652064,0.0017748148166413335,0.0018900970132022593,1.0,0.009161323165893576,0.006123536409359329,0.011177319298684608,1.0,0.012194648933410601,0.011119348010662326,0.004386215460327572,0
chronos_bolt,0,japan,5084,7.3340848795572935,72.98624999153402,0.050629530923435674,15.976136988756231,1.0,0.7644494628906386,-0.006839102404515036,-0.0016556015472261314,1.0,2.5374993896484455,-0.01741898366667434,-0.00013504844883603211,0.0,6.804811401367175,-0.0377714674561046,0.008839650871474966,0.0,13.809494018554688,-0.08294938582399483,0.01354679872396728,0
chronos_bolt,0,norway,5084,0.5150093760172524,0.33855693355135236,0.05038792208869215,12.477982197649663,1.0,0.06510341949462806,-0.006839519255026865,-0.0006232767907472376,1.0,0.0704998138427726,-0.017266314969726793,-0.010466243122989119,0.0,0.5879364151000974,-0.045942856369734796,0.01096489765654799,0.0,0.8780214477539054,-0.08679353691066707,0.0003899451272983517,0
chronos_bolt,0,south_korea,5084,19.21614583333334,416.9473178591732,0.014318412568892965,4.0441362898357855,0.0,2.314599609374909,0.0016525543243378798,-7.468538783852691e-05,0.0,9.599609375,0.005102426751752933,-0.002055883351917516,0.0,24.316162109375,0.010080582213313398,-0.008060780360119908,0.0,27.73325195312509,0.015071256907381161,-0.005541839990302709,0
chronos_bolt,0,sweden,5084,0.1563611426289875,0.037488109255875875,0.014897192783548912,3.723650894730197,1.0,0.018192102050781145,-0.0016091509569309695,-0.0033485666142966707,0.0,0.07811154937744114,0.0021352666814795475,-0.005326664502177285,1.0,0.09151227569580023,0.010041480333337575,0.0013629628915511488,0.0,0.353544630432129,0.01743884461379447,-0.016259739092796887,0
chronos_bolt,0,switzerland,5084,0.005103579435348508,3.8889680427790114e-05,0.0058425108594386535,1.1498237100368263,1.0,0.00041697797775264167,3.8003676800758214e-05,0.000517762128638515,0.0,0.008699187564849886,0.0034457627896312772,-0.006581629901235447,1.0,0.0007227674484252544,0.007421771732781583,0.006595762491114536,1.0,0.007734597969055179,0.009638521308494075,0.018416096742005107,0
chronos_bolt,0,taiwan,5084,0.13887591145833308,0.033904036581198116,0.004424752367820649,2.635798300632547,1.0,0.057763900756835795,-0.0011531573309284517,-0.0029941572640319286,1.0,0.09679388427734281,-0.0012318101843320605,-0.0043189038805565745,1.0,0.003939147949218125,-0.0027689381249899545,-0.002643313641002745,0.0,0.35325810241699074,-0.005637670676194432,0.005597902327408193,0
chronos_bolt,0,uk,5084,0.0025892168754699757,1.0648608502298768e-05,0.003271526390125845,0.8764480625805081,1.0,0.0003297559695739638,-0.0034118353745913915,-0.0029923637665361554,1.0,0.0020804391906737996,-0.0006243917422818278,-0.0032675262988974643,1.0,0.0023556422021484558,0.0029189003865436884,0.005892722593514013,1.0,0.0038454619209289387,0.006946147336878319,0.002092092104712275,0
chronos_bolt,0,australia,5089,0.055461959468841554,0.003607297156620856,0.03702610842695533,8.054597760017405,1.0,0.005192602043151862,-0.0037322928202607078,-0.00030320807556745693,0.0,0.03305219409942617,-0.010875347659495256,0.010906863231044889,0.0,0.05441593082427976,-0.024974777096737958,0.011135001849058076,1.0,0.06840646900177005,-0.05389086497801868,-0.007408715274944289,0
chronos_bolt,0,canada,5089,0.004960000960032152,3.895872877690222e-05,0.003676852448067212,1.0161686994741217,1.0,0.0005031929016112713,0.0007829111899707105,0.0004089295397047036,0.0,0.0005777969360352131,-2.0671691337085265e-05,0.0004089295397047036,1.0,0.003038927268981917,0.001642936641753459,0.0038966148797257164,1.0,0.0008886644363403917,0.0011064482956035918,0.00044609666167298896,0
chronos_bolt,0,denmark,5089,0.042006365712483645,0.0026964969533256637,0.00609270365653369,1.711243643600332,0.0,0.047174781036376956,-0.0008637982370143405,0.00599341430764148,1.0,0.032986892700195725,0.0009559921975482369,0.005747121377176756,1.0,0.02116021575927718,0.006361260689629446,0.009420724768049935,0.0,0.1340500091552732,0.0106470739618989,-0.008870536014849337,0
chronos_bolt,0,eurozone,5089,0.010895149173736574,0.00018448908814938214,0.00602252328456531,1.688315628883453,0.0,0.012056617736816433,-0.0007537302840677191,0.005925040867672143,1.0,0.008011111640930269,0.001159466604616182,0.005593723048025702,1.0,0.004793971633911154,0.006645845685817604,0.009287222285482231,0.0,0.035517763328552165,0.010781559208610713,-0.008925891176575298,0
chronos_bolt,0,japan,5089,5.464712951660156,38.49643802476722,0.03734844987595887,11.904007678354416,1.0,0.0024444580078011313,-0.002755967213482933,-0.0027725200340451006,0.0,1.4496569824218852,-0.0085767502337333,0.001248502802590708,0.0,5.888587646484382,-0.02681815954693272,0.013215460329783595,1.0,6.3879870605468625,-0.05146203860699125,-0.007047770845545056,0
chronos_bolt,0,norway,5089,0.6742235583496092,0.5239013228962223,0.0664636861961815,16.335526982795372,0.0,0.11933814086914118,-0.0058315725361558855,0.005641189301927065,0.0,0.4328114105224614,-0.021670757015615365,0.01996697376302539,0.0,0.6394715225219727,-0.048987015035589804,0.013572071655349731,1.0,0.8981617538452156,-0.09317677531730015,-0.0026325620103226604,0
chronos_bolt,0,south_korea,5089,5.421958821614567,47.733006466726515,0.004068187977871911,1.1410789979773555,0.0,2.6865234375,0.0016349758414041674,-0.0003742515013742409,0.0,15.346899414062591,0.0012690910248122124,-0.010267687098693058,0.0,2.525170898437409,0.000318131541168762,-0.0015727984069026778,1.0,8.421728515625091,-0.005988538387535141,-0.012349089579575596,0
chronos_bolt,0,sweden,5089,0.13306608337402348,0.026439482361649547,0.012752620062250353,3.1688924248246524,0.0,0.05611493988037175,-0.00020760999326153176,0.005159740692969938,1.0,0.035574032592773364,0.0020092914994562505,0.005407731728411105,1.0,0.0679962219238277,0.008958336992325374,0.002475598436303366,0.0,0.3766820190429687,0.012661096759755849,-0.023654700932436948,0
chronos_bolt,0,switzerland,5089,0.01025831455866496,0.00013004267632571803,0.011738973716287744,2.3111726689061465,0.0,0.0013297904014587525,-0.0008458052308098426,0.0006948465826757982,1.0,0.001745174503326452,0.000758314696656679,0.002776494148292223,1.0,0.012996501064300503,0.004800206308160099,0.019673141728528243,1.0,0.006490394306182812,0.006650226574574479,0.01409162592840087,0
chronos_bolt,0,taiwan,5089,0.14269889831542942,0.03288711195510682,0.004542819795052088,2.708356760594831,0.0,0.12841371154785008,0.001561219541363164,-0.0025426791774536602,0.0,0.13713716125488418,0.0014407670413261338,-0.002943060345669361,1.0,0.10271693420409989,0.0005040276170545837,0.0037780709847343276,1.0,0.10411999511718761,0.0009699506073123257,0.004287098276406405,0
chronos_bolt,0,uk,5089,0.00469346357535095,3.461250175387848e-05,0.005948429235615787,1.5887340671923662,0.0,0.004773455755889944,-0.0026845835738599317,0.0033858300407524546,0.0,0.00491445036938476,-0.0011963421629307945,0.005043551093050154,1.0,0.006117310415740929,0.002939317321012254,0.010668664665780607,0.0,0.01498341462170405,0.006618287795014294,-0.01249869817661338,0
chronos_bolt,0,australia,5094,0.008319741355895978,0.00010432970095325006,0.00544937107277098,1.208254643919879,0.0,0.014433069229125906,-0.0022274552926787408,0.0071582452992853115,1.0,0.004021763916015608,-0.002860554923860304,-0.00023471117593732734,1.0,0.006289290313720608,-0.008109357881604424,-0.003984511421466864,1.0,0.015110443992614853,-0.017539354418363316,-0.0075644909850468445,0
chronos_bolt,0,canada,5094,0.003965843098958333,2.488694437006795e-05,0.002936646827821049,0.8124929121305626,1.0,0.006726257896423338,0.0013918887833314685,0.00637251610023277,1.0,0.002924840545654339,0.0028391848357873046,0.0006687969336007396,1.0,0.0012811697006225309,0.002612329402393441,0.0035617594141290295,1.0,0.004376162910461501,0.002616041514325184,0.00585533840122836,0
chronos_bolt,0,denmark,5094,0.0763062290700276,0.008633234520615705,0.01104165114554387,3.1085419375947025,0.0,0.052203791809081856,-7.30001010986642e-05,0.007463205983752149,1.0,0.02034389343261722,0.004401498689226118,0.0014623801753336125,0.0,0.05200118408203114,0.006592894691660831,-0.0009205133780137824,0.0,0.14537073211669949,0.013395459135382964,-0.007606922148817015,0
chronos_bolt,0,eurozone,5094,0.02012654785792034,0.0006059737061343139,0.011100009768220339,3.1188159760041185,1.0,0.012689485359191899,0.00011625792066264414,0.007099253854666844,1.0,0.0058527641296386435,0.004657495955721995,0.0014349184282758539,0.0,0.013819079017639124,0.006780637127488423,-0.0008287751178842344,0.0,0.038959982299804796,0.013527498090567637,-0.007929068433687556,0
chronos_bolt,0,japan,5094,5.122198913574218,29.996298166606948,0.034931325242506826,11.157895343564624,0.0,0.9431915283203125,-0.0022835220150939535,0.004072091645529477,0.0,2.6998474121093636,-0.011155588389210961,0.0070902025884348715,0.0,6.133585815429683,-0.026645691879144635,0.014961370198499606,0.0,7.210877075195299,-0.04370713737004245,0.005850526085713935,0
chronos_bolt,0,norway,5094,0.2826855209859211,0.10237254126923663,0.0273115062503249,6.849088701401585,0.0,0.12237062683105471,-0.0035464719103706402,0.007958746843159387,1.0,0.08214895172119085,-0.012735422406289705,-0.004926083436939399,1.0,0.24693017883300783,-0.03320257954871321,-0.009434143877459982,1.0,0.5362177307128899,-0.05278098796852292,-0.00088613209165791,0
chronos_bolt,0,south_korea,5094,5.208814290364581,61.05286302655945,0.003926094823200265,1.096221639936657,1.0,5.410058593749909,0.0021449393195836575,0.006218339583605476,1.0,1.2218017578125,0.005182225558173109,0.004262790090490674,1.0,0.0072998046875909495,0.004558398714913716,0.004563892881730177,1.0,2.2902099609375455,0.007712665255443573,0.005992894328273314,0
chronos_bolt,0,sweden,5094,0.19640572662353517,0.050931155569431834,0.018801183124994195,4.67728968575776,1.0,0.13767352905273356,0.0004935548079293669,0.013531544753913455,0.0,0.07868403015136671,0.004997626901040045,-0.002497023252609783,0.0,0.20445077819824142,0.0052032169606160954,-0.014384521859652784,0.0,0.27551191711425815,0.014764452424266309,-0.011466899099972222,0
chronos_bolt,0,switzerland,5094,0.013149746233622235,0.0001901572696787002,0.015050823535627832,2.962605009273028,1.0,0.005927300739288377,2.622338619125558e-05,0.006850327568657392,1.0,0.00707852840423584,0.0026783319636370755,0.010800978265397406,1.0,0.014118403911590582,0.0026323872270432648,0.01876914791457419,1.0,0.01637452354431157,0.0019337534641809561,0.02063814854358908,0
chronos_bolt,0,taiwan,5094,0.15257159932454378,0.03056566648708558,0.004855544839264657,2.8957358983388475,1.0,0.14698983764648332,0.000560814148749015,0.005256232894785877,1.0,0.06722306823730406,0.0024726543078843854,0.004618650585223109,1.0,0.23501763916015506,0.00262301810841494,0.010104476759868718,1.0,0.22118432617187622,0.006094534443112995,0.013112854980763108,0
chronos_bolt,0,uk,5094,0.007156544330374145,8.501721932760157e-05,0.00904960378897129,2.4224851431147227,0.0,0.00945002615856938,-0.0010198361258327102,0.010882623197563217,1.0,0.00026682310394288145,0.002195379860892081,0.0018583323584185328,1.0,0.002060715090240528,0.005366748693781672,0.0027689881734933404,0.0,0.014169323083984331,0.011432545210892492,-0.006457478881259417,0
chronos_bolt,0,australia,5099,0.012423462882995591,0.00025237127012091927,0.008174106050553178,1.8042275690827796,1.0,0.0013656208801269276,-0.0024191813955973963,-0.0015269669187689696,1.0,0.004798539123535228,-0.004056506910479736,-0.000919816232088684,0.0,0.015671712150573835,-0.008875693808725533,0.001381395689736537,0.0,0.03657634662628184,-0.024058533521160625,7.824317984291168e-05,0
chronos_bolt,0,canada,5099,0.005061767965952553,3.565167346345686e-05,0.003746804843562351,1.0370179789175755,0.0,0.002515038299560457,0.0009764115401347396,-0.0008918286793769926,1.0,0.0006076974868773899,0.001107956737710701,0.0015587889142064401,1.0,0.009590084648132269,0.00045297865986506703,0.007548601986410572,1.0,0.009271316146850506,0.003099366016302739,0.009941872518831081,0
chronos_bolt,0,denmark,5099,0.08621501266479482,0.009753631450563452,0.0124754864391514,3.5122032078511176,1.0,0.009028572845458882,0.0002418000299664475,0.0015469248922918041,1.0,0.009252008819579771,0.002637298368268031,0.0013013116163819586,0.0,0.06782716674804679,0.006421718459251847,-0.0033768392728794725,0.0,0.10133645706176786,0.012285536678059244,-0.0023031305220199633,0
chronos_bolt,0,eurozone,5099,0.022850840536753347,0.0006876754711657117,0.012603195454637523,3.5409731979000636,1.0,0.0024565460205077105,0.000409927813964268,0.0017632315778509087,1.0,0.0025082855224609624,0.0027582416472168576,0.001377790242755764,0.0,0.017840424919128406,0.006563508751218529,-0.003259131206126664,0.0,0.02751118946075448,0.012338397377127816,-0.002761288514131686,0
chronos_bolt,0,japan,5099,3.494856953938801,14.54840385044805,0.023619274128953167,7.612989809793955,0.0,0.475584106445325,-0.0023169905816796017,0.0008702055572906653,0.0,2.056121215820326,-0.0077049542384578906,0.006075596202591931,0.0,3.6033496093749875,-0.022062111553976044,0.0023077319226860113,0.0,6.515140991210927,-0.030496427148708455,0.013502932312931152,0
chronos_bolt,0,norway,5099,0.31360831685384105,0.13936595666459078,0.030276536723894236,7.598306316283482,1.0,0.013845408630370315,-0.003657528002952508,-0.004974260915164736,1.0,0.04835420532226564,-0.009118160347814298,-0.004508060440520505,0.0,0.353584449768066,-0.030261148006294664,0.0036673528912634294,0.0,0.7460058547973638,-0.0546113867394187,0.01734325222322015,0
chronos_bolt,0,south_korea,5099,8.736815592447934,151.9685331101223,0.00656264556228297,1.8387075796298114,0.0,2.4290771484375,0.0018271099030575063,0.0,1.0,3.0552246093750455,0.003115619778911536,0.005406027356737393,1.0,6.194677734375091,0.00716020897366767,0.0025189403698171135,1.0,7.140112304687591,0.012896056094441024,0.007575225604282587,0
chronos_bolt,0,sweden,5099,0.1614769028727214,0.03401130229260238,0.015493279187300748,3.8454797896111006,0.0,0.05289696350097728,0.0017525757667986956,-0.003308716522736,0.0,0.031062458801269344,0.002541126671442118,-0.0004255451464811982,0.0,0.1667044342041013,0.0052212951093635355,-0.01076098307084595,1.0,0.01944560546874996,0.010565591102666985,0.008724285421158634,0
chronos_bolt,0,switzerland,5099,0.006310001001358034,6.180419747346382e-05,0.007154508978604217,1.4216274780529865,0.0,0.0016892862319946023,-0.0005021674729764775,0.0014275519911853237,0.0,0.005803584575653109,-6.124139024777805e-05,0.0065499308637326885,1.0,0.0028755395889282775,0.0030518645045398635,0.00632282588347987,1.0,0.01858188343048095,0.005320809717453187,0.02622453963601358,0
chronos_bolt,0,taiwan,5099,0.1577431686401365,0.042602929481174584,0.005000247413583859,2.9938898076129727,0.0,0.0027766265869146878,8.85407040033994e-05,0.0,0.0,0.015320999145508551,0.00039283062873015083,-9.567241771495016e-05,1.0,0.2046080322265631,0.0014783132258385336,0.00797234561765515,1.0,0.5094965209960947,0.0029773220368002995,0.019046690758222743,0
chronos_bolt,0,uk,5099,0.0071817829120229045,7.377614778366183e-05,0.00908887192692587,2.4310283849720973,0.0,0.002646628080322233,-0.0018790643942334778,0.0014653756695610272,0.0,0.003325639811309844,-0.00038792742494355743,0.0038065071951669588,0.0,0.0036632071927490406,0.0033969745802433925,-0.0012260964772102213,1.0,0.0039897921906433265,0.007511921168745523,0.0024963844163598202,0
chronos_bolt,0,australia,5104,0.009347443379720044,0.00012352961459737708,0.006135346957582657,1.3575051662298432,0.0,0.004106554870605406,0.0011522815291596976,-0.0015283731682420696,1.0,0.006440816383361803,-0.000978924253177273,-0.005195530715540295,1.0,0.016068282966613667,-0.003119130344889367,-0.013694613381398579,0.0,0.017795126724243104,-0.0112924820025707,0.000384990592061545,0
chronos_bolt,0,canada,5104,0.0030092780303955014,1.3561128744025844e-05,0.002224113254202276,0.6165188610131278,1.0,0.002539252662658642,0.0026956053194105278,0.0008155397842289279,1.0,0.0011954364776611826,0.002367258118623499,0.0014823052556641992,0.0,0.0018838129043579066,0.001025850719809299,-0.0003709198855581943,1.0,0.001466181755065854,0.004784517197302971,0.003701651459750884,0
chronos_bolt,0,denmark,5104,0.08971739100138336,0.009458840964910427,0.01298257280216846,3.6548821224468995,1.0,0.0010176437377928949,0.00020694853846516288,0.000353952899066077,0.0,0.04331944046020464,0.0015693601216451407,-0.004699927181412978,0.0,0.1333415504455564,0.004777396225820498,-0.014584349911352016,0.0,0.08762775039672821,0.010568433114157245,-0.002039473915334126,0
chronos_bolt,0,eurozone,5104,0.024007941017150883,0.0006769601192512422,0.013241896194144726,3.7202778401855374,1.0,8.296947479258243e-05,0.000431117010155531,0.0003854413350951085,0.0,0.01155451908111571,0.0017358017696616778,-0.004636921448882439,0.0,0.03513109493255606,0.004879221334336023,-0.014562354280197027,0.0,0.023908298301696718,0.010468651386696571,-0.002647036039771407,0
chronos_bolt,0,japan,5104,1.2225768636067698,2.0714754776020365,0.00816497106461287,2.6631891739770412,1.0,0.09830383300780454,-0.0011208984349913808,-0.00046604528140481314,0.0,0.8037377929687466,-0.003358632819526393,0.0019948804700513807,1.0,0.9482263183593886,-0.007662481169111809,-0.014042962235818494,0.0,1.7209155273437489,-0.004074689774201001,0.007361264091815167,0
chronos_bolt,0,norway,5104,0.2811634012858072,0.11842793532649254,0.026892711245058144,6.812209795103621,0.0,0.024773477172852054,0.0007819177823842482,-0.001575489334350877,0.0,0.10006047363281212,-0.007572674543527343,0.0019718108794572636,1.0,0.13575413818359294,-0.0211490377443222,-0.008046209781820884,0.0,0.6671653686523431,-0.03204190291433468,0.031428208837002675,0
chronos_bolt,0,south_korea,5104,17.35284993489585,400.4901088626392,0.012963390195064633,3.651996126718274,0.0,4.959741210937409,0.00348319332991078,-0.00022466861473963785,0.0,11.929858398437545,0.0056226062534666665,-0.003300209258208015,0.0,18.03159179687509,0.010007484869071132,-0.003450477863622421,1.0,10.0361328125,0.015481865951165071,0.008054635782808347,0
chronos_bolt,0,sweden,5104,0.1553584866333008,0.03133772002066319,0.014898535021539235,3.6997732174974054,0.0,0.05788512115478461,0.0019479073010676168,-0.003593265781473427,0.0,0.15090913391113325,0.001190987622773619,-0.01333099522524845,0.0,0.28159145812988307,0.006372933040109879,-0.020754399797766734,1.0,0.15228246459960992,0.008132118889349652,0.02247636295657556,0
chronos_bolt,0,switzerland,5104,0.005625307137171424,6.663521239134953e-05,0.006325741665370038,1.2673676592078746,0.0,0.003217004108428956,-0.002178930884599354,0.0014749265210678467,1.0,0.00027115087509155256,3.275464370103255e-05,0.0003405607933925783,0.0,0.004044072341918947,0.002657914901495392,-0.0019320383325484405,1.0,0.01525452442169184,0.0053170633776857676,0.022398421568350126,0
chronos_bolt,0,taiwan,5104,0.27662751210530595,0.10808595674254742,0.008760313995162904,5.25025772042646,0.0,0.048467178344726136,-0.00028602512557658697,0.0012589542782027855,1.0,0.20295690917968656,0.0003361872300987316,0.006785936138914832,1.0,0.14904306030273418,0.000684077798981993,0.005422911916480519,1.0,0.5807991180419947,0.00214089944221313,0.020455581530847432,0
chronos_bolt,0,uk,5104,0.010481322144924927,0.00013732616137934894,0.013225997538827434,3.5479200580809565,1.0,0.0006746348061829055,-0.0009687299407538252,-0.00011917260733886059,0.0,0.006347519261657664,0.0006929316293397627,-0.007322560605883177,0.0,0.016155849548797563,0.0044125122337333395,-0.01603943733256793,0.0,0.009906753432922355,0.008749271015766136,-0.003687773595334762,0
chronos_bolt,0,australia,5109,0.007776667203267403,0.00010745870938678015,0.00509889508358695,1.129385381182364,1.0,0.0016729468536376135,0.002114875934477767,0.00320949761985822,1.0,0.0013661837005616295,0.0033100806576582854,0.004203007208550385,0.0,0.012393342399597218,0.004401161208599085,-0.0037267491298609034,0.0,0.006141595153808632,0.002353500627116552,-0.0016743328741857862,0
chronos_bolt,0,canada,5109,0.0036524926630656057,1.913160538723179e-05,0.0026984753710496373,0.7482959679189434,1.0,0.000497443389892549,0.0013303077789382888,0.0009623214896169623,1.0,0.004276870727539128,0.0005354087797479675,0.0036961786674470803,1.0,0.0005259841918945352,0.0015732732852030285,0.0011842642293013908,1.0,0.009626784706115776,0.00038742006915459115,0.007489013660039915,0
chronos_bolt,0,denmark,5109,0.06440239237467438,0.005070490091430647,0.0093391176089966,2.6236067489900425,0.0,0.02264747467040973,0.0005221337471852347,-0.0027694506061743842,0.0,0.03251053390502889,0.0034435439360581276,-0.0012711050518241123,0.0,0.08481186828613296,0.0066288041182620515,-0.00567798690840762,1.0,0.06507755889892586,0.010366522196186743,0.0009722122219740152,0
chronos_bolt,0,eurozone,5109,0.01750428099950155,0.0003702179207318766,0.009675046673092212,2.7124687062628627,0.0,0.0059695686340333065,0.0005363148589042879,-0.002770315094200992,0.0,0.008596197319030718,0.00347760854821294,-0.0012733918230497774,0.0,0.022968652153015245,0.00660037999175284,-0.006104855655836833,1.0,0.01815702514648443,0.010324708199741378,0.00033192266506706637,0
chronos_bolt,0,japan,5109,0.9455453694661486,1.8390259407009246,0.006319025562011601,2.059720142288177,0.0,0.45021545410156705,-0.001597019427576748,0.0013940522703743087,1.0,0.0787506103515625,-0.0022029054980988866,-0.0027273348908653425,1.0,2.1662927246093773,-0.0011878528938828233,-0.015700381088925824,1.0,0.16652709960936818,0.007851166728235883,0.0067529800803068606,0
chronos_bolt,0,norway,5109,0.14695738759358717,0.037387426599495656,0.01383254249593372,3.5605791886485068,1.0,0.01578350830078179,-8.700946215688758e-05,-0.001586645907589266,0.0,0.026874334716797676,0.0009037689953080185,-0.0016484525147353142,0.0,0.044076493835449426,-0.0018221489462700803,0.002361052286116446,0.0,0.24571714324951088,-0.0037061428322026613,0.019437346198821655,0
chronos_bolt,0,south_korea,5109,8.747196451822932,162.55420050289277,0.006561983335457209,1.8408922846420561,0.0,2.041748046875,0.001495255123573886,-3.7565034470292516e-05,1.0,5.226904296875091,0.0043307195444072825,0.00041312227128786867,0.0,25.378247070312455,0.00899607429317202,-0.010080311878375336,1.0,2.6764648437499545,0.014227991339483293,0.016208414154788513,0
chronos_bolt,0,sweden,5109,0.12863954859415686,0.02581155155338141,0.01229094911386849,3.0634770389015964,0.0,0.04206639251708921,0.0016674301303939067,-0.002411668397625604,0.0,0.05748406829833996,0.005469825704535888,-8.724269469128936e-05,1.0,0.08078130645751891,0.009294269890807864,0.0015061593128447655,1.0,0.21018857727050744,0.01213097972840795,0.032059438572451034,0
chronos_bolt,0,switzerland,5109,0.010642957070668542,0.00020512706233010222,0.011957993321948359,2.39783166692753,1.0,0.00029418163299566036,-0.0009018100985495699,-0.0005676657736453323,0.0,0.004085601615905765,-9.716335581775015e-05,0.00452976257242591,1.0,0.0017990157127379947,0.0006818902535438707,0.0027203190479193388,0.0,0.022038577270507842,-0.0012931315978549289,0.02344470813894783,0
chronos_bolt,0,taiwan,5109,0.15721133066813142,0.03268723710405987,0.004950017856428959,2.983795777567716,0.0,0.033451095581053636,0.0007425762471221309,-0.000316816629186473,1.0,0.04677966308593895,0.003029385143356594,0.0015509522472110734,0.0,0.25631037902832077,0.005537882193033594,-0.002569105556941874,1.0,0.2095997009277326,0.009454995573178113,0.01601039737359645,0
chronos_bolt,0,uk,5109,0.0044082435268666545,3.4591397967987525e-05,0.005591984295857245,1.4921872845448891,1.0,0.0002689324079284683,-0.0008143157714040086,-0.00047313026139479377,1.0,0.000530413075256364,0.0013024048503906547,0.0019737883628574357,0.0,0.008207020479980454,0.004902392978151572,-0.005505971627778573,1.0,0.0010615152762756264,0.006478023654887593,0.0051399769456997625,0
chronos_bolt,0,australia,4594,0.024821797837575283,0.0007758672249572659,0.01833457129126757,3.6923495857782664,1.0,0.0030161333465577034,0.0006493853623804605,0.002862198212563999,1.0,0.004838721237182542,0.0005373076784186754,0.004085305570024016,0.0,0.03120329162597657,0.0022708290121180694,-0.020875786415617537,0.0,0.027906841621399003,0.011804494621659669,-0.008673145273314193,1
chronos_bolt,0,canada,4594,0.012298063176472996,0.00019141084520836268,0.009731204841606033,2.530178156260117,0.0,0.002188306617736835,-0.0013234295888300558,0.000391604015029511,1.0,0.0028973114013672863,-0.002826197133472556,-0.005104856762420872,1.0,0.01724698104858402,-0.004674272693783824,-0.018341160019061643,1.0,0.011161344909667914,-0.0029722990776749176,-0.011780369869988,1
chronos_bolt,0,denmark,4594,0.06437389640808107,0.005983572171721686,0.009479544296047393,2.680309708635774,1.0,0.003582133483886807,0.003752680791368398,0.004276295810501362,0.0,0.04329196701049831,0.0019342084925276536,-0.004427324218795786,0.0,0.07517640457153352,0.0029787043003216313,-0.00808247447561564,1.0,0.06019270706176716,0.0042554409818326795,0.013013470324984969,1
chronos_bolt,0,eurozone,4594,0.01673827109654745,0.0004068212981898967,0.009376361577755454,2.6506629027891107,1.0,0.0002650257110594634,0.0038643237172337258,0.004011706174268891,0.0,0.011228092002868673,0.001967798260715416,-0.004308181004644725,0.0,0.019509062194824178,0.0029040015037079423,-0.008015737985958902,1.0,0.016252170753479067,0.004205103239927583,0.013200047462622521,1
chronos_bolt,0,japan,4594,5.7056181844075535,41.76457629352163,0.0478386615266942,12.948994864024707,1.0,0.4525964355468801,0.0010220230814446706,0.004952225585708855,1.0,1.8461047363281295,0.0029038949607540026,0.01880906147101962,1.0,6.617830810546877,0.00544756754066864,0.06119058974551522,1.0,9.920632629394532,0.010133280607536502,0.09220551694966225,1
chronos_bolt,0,norway,4594,0.31318834910074883,0.12482782926663805,0.03502994827306656,7.92662003925218,0.0,0.08384437561035085,-0.0018893473274225743,0.007424870131094243,0.0,0.07005077667236392,0.0036139718943127654,-0.004191754923013692,0.0,0.4287894195556632,0.011770842640903978,-0.03658695655624998,0.0,0.44118919677734425,0.030972843840960544,-0.017848284126887815,1
chronos_bolt,0,south_korea,4594,9.367012532552083,155.8968445774911,0.007655280573068978,2.0077638403451283,1.0,11.064160156249955,0.0014285363671189594,0.010486312451057812,1.0,17.187915039062545,0.00042164052759931394,0.014471677628456919,1.0,3.3511962890625,0.0009456541989063895,0.003699141086202785,1.0,6.3232910156250455,0.003392804105718279,0.008569313801387462,1
chronos_bolt,0,sweden,4594,0.422089961751302,0.19908033138845369,0.04359398814661426,10.471230678865314,1.0,0.06633294982910165,0.0037100111653669645,0.010386874943138625,0.0,0.18756754608154225,0.0016881465602529822,-0.017475775798545923,0.0,0.5139723175048836,0.004775457873881227,-0.048469889460186606,0.0,0.42358782043456955,0.011714032286654798,-0.03165142151713688,1
chronos_bolt,0,switzerland,4594,0.011727198578516637,0.00016493205244933075,0.012647360792774875,2.642456975922699,0.0,0.007109267234802208,-1.0087935063377839e-05,0.007699018727978309,1.0,0.013946470355987506,0.00027594259599095087,0.015339215152264251,1.0,0.011633469772338922,0.0007252909625046471,0.013300369076317549,1.0,0.0209598091125488,0.003466678712209403,0.02594896999623236,1
chronos_bolt,0,taiwan,4594,0.5647980102539061,0.3700930509245797,0.01986717605462098,10.82798162597269,0.0,0.1796499481201188,-0.0013931661620787037,0.004983826216205237,0.0,0.31564559936523295,-0.001303989804838478,0.009872516979337671,0.0,0.5041603240966808,-0.001215500488880951,0.016575354799485336,1.0,0.8702152557373033,0.00011680069827593812,0.030589528639420983,1
chronos_bolt,0,uk,4594,0.006764705370054113,5.614348537096742e-05,0.008901662562224162,2.371210645504039,0.0,0.005640138280487039,-0.0011751363082892795,0.006261047341159254,0.0,0.009345997933013939,-0.0023076775153298705,0.009998372457016574,0.0,0.0026909649010620207,-0.0009785126427870258,0.0025755637349452946,1.0,0.009645097693206761,0.0004739476788726375,0.013136290026468477,1
chronos_bolt,0,australia,4599,0.026662228679656997,0.0008223984765337486,0.019685994932715667,3.966121618806708,0.0,0.01837909564971918,-0.0007242326294080332,0.012648315219515736,1.0,0.0132631663513183,-0.0013673668489986573,-0.011136210240458405,1.0,0.03379907093048096,-0.0005571186370202661,-0.02562170803410963,1.0,0.0018161370849609781,0.007462779426634689,0.008781351177698998,1
chronos_bolt,0,canada,4599,0.013502345911661788,0.00022160155968383824,0.01069241731630043,2.777944802667096,1.0,0.006373797607421849,0.0008076753113622778,0.005809633612266735,1.0,0.006296831703185957,-0.0002781129951077936,-0.005249770291795719,1.0,0.019820711326599127,-0.0009289685597101318,-0.016673007406457774,1.0,0.000506801414489777,0.0015002334148478524,0.0011017116990805023,1
chronos_bolt,0,denmark,4599,0.05109154322306309,0.0038433959773357803,0.007518465599148825,2.1272777782761274,0.0,0.019444213867187088,0.0018106899267454754,-0.001054560703624184,0.0,0.0645632720947269,0.0023283733150165553,-0.007212343235408365,0.0,0.11344617691040071,0.002230258525052109,-0.014596739973237616,1.0,0.08898257446289026,0.004686681599032558,0.01765806776571098,1
chronos_bolt,0,eurozone,4599,0.013681099828084327,0.00027171928230544895,0.007657361347554269,2.166531033849587,0.0,0.005390644073486328,0.0017874307635676924,-0.0012343256258979783,0.0,0.017404876708984274,0.0023549454846209855,-0.007428911110975249,0.0,0.029459340286254854,0.002133661056332768,-0.014486663512313782,1.0,0.0235454977035523,0.0045060802424179685,0.01756332488601396,1
chronos_bolt,0,japan,4599,5.7930638732910165,42.37509653819053,0.04781561788608539,13.14745430165892,1.0,0.8146368408203131,0.0017537769240714804,0.008680536188989136,1.0,1.9872329711914034,0.001646295966113932,0.018461802249036104,1.0,3.9955596923828125,0.0032805680678788473,0.036753727769635924,1.0,10.70972808837891,0.006477305125649793,0.09352529485215548,1
chronos_bolt,0,norway,4599,0.30778110361735045,0.10642074752697603,0.03448203798378549,7.789765713320427,1.0,0.029674552917480668,0.004049762641984015,0.007350454253251135,0.0,0.23902320098877006,0.005741565225676565,-0.021203605971359517,0.0,0.31852193450927757,0.013690154193959579,-0.022089535469311417,1.0,0.23049008331298815,0.02666687255518987,0.001240937681954633,1
chronos_bolt,0,south_korea,4599,10.926684570312492,164.20473700666437,0.008915336922621007,2.342070334473366,1.0,9.60595703125,0.0005632107965822453,0.00832597162811889,0.0,25.2408447265625,0.0006417395150355333,-0.02004617332758329,1.0,19.420214843750045,-0.00038952766517505824,-0.01628513895056676,1.0,5.9458496093750455,0.0010580466628538564,0.00586773024834784,1
chronos_bolt,0,sweden,4599,0.3109864888509114,0.10309805178958324,0.0323879497573171,7.714969693325631,0.0,0.1548765136718746,0.0037968187962935797,-0.012247105610627071,0.0,0.3199481597900391,0.004174064847792322,-0.02924530854253896,0.0,0.4384468322753907,0.006559469400054443,-0.03941404629670367,0.0,0.2719688903808599,0.01324165262853516,-0.014835024356635144,1
chronos_bolt,0,switzerland,4599,0.005803036441802978,6.629856618839946e-05,0.0061931637795133295,1.307582030312608,1.0,0.0020499583244323327,0.001017910948906664,0.003210791006896974,1.0,0.0003369116783141779,0.0006034393996176106,0.0009643202290191881,0.0,0.013701497077941882,0.0011800903390060586,-0.013599043958877363,1.0,0.02342464599609373,0.0016873294817409943,0.026446773293101983,1
chronos_bolt,0,taiwan,4599,0.43313736368815076,0.260014338804651,0.015104840750990478,8.303859663792275,0.0,0.1275684967041002,-3.762383115130424e-05,0.004444334649771089,1.0,0.06553450012206952,-3.3997052468154855e-05,-0.002344295009313308,0.0,0.28018118286132676,-0.0010104110983870085,0.008816652644002047,0.0,0.8864435729980471,-0.0010725317523142372,0.029695535679919782,1
chronos_bolt,0,uk,4599,0.0039934811865346195,2.6913507949433144e-05,0.005227158311886821,1.3998222515425298,1.0,0.00122289662652586,0.0013493887482879361,0.0029462986487319193,0.0,0.006664754634765679,0.002416467752575174,-0.0063223856102699,0.0,0.006115933349456815,0.001925734143474022,-0.006094560777107799,1.0,0.01274669277557372,0.00231577219833889,0.01882118030685868,1
chronos_bolt,0,australia,4604,0.021688123214721695,0.0006065098603968616,0.015962845886572135,3.226201957336072,1.0,0.0013621077728271924,-0.001287126528923245,-0.002297097036105778,1.0,0.01623836399078371,-0.0011861518850016211,-0.013292202619235935,0.0,0.020340100402832073,0.005270820262410269,-0.00981800103555916,1.0,0.042485312614440884,0.01001180335261764,0.0406692161746895,1
chronos_bolt,0,canada,4604,0.012224390920003247,0.00017847057939705506,0.009678110893412258,2.515020978144562,0.0,0.00572305049896249,0.00013696267888463042,-0.004402585197439452,0.0,0.01310794105529789,0.000837025767850903,-0.009583530948689143,0.0,0.011629493522643974,0.005272992354072948,-0.003925694515588044,1.0,0.007100397872924713,0.005957839796338665,0.011528979338243647,1
chronos_bolt,0,denmark,4604,0.11997834704081214,0.023106379134831802,0.01757550809534146,4.995489574858048,1.0,0.010589595794677997,-0.0017818053021475563,-0.00020789403418989776,0.0,0.0489692970275879,-0.0017490374762345923,0.00550826890606873,1.0,0.07934653625488242,0.00027516499912943066,0.011984498838744187,0.0,0.31958050613403355,-0.0004723540595495909,0.04590903504608139,1
chronos_bolt,0,eurozone,4604,0.03206038265864055,0.0016329205390052865,0.017867968260656116,5.077063603062962,1.0,0.003061722564697167,-0.0018442203964440492,-0.00011298477542184983,0.0,0.01343762569427498,-0.0017739921360167478,0.005801525791095513,1.0,0.021937180709838966,0.000148453485340462,0.012462619550057744,0.0,0.08485779781341551,-0.0006542446525790214,0.046197718513965584,1
chronos_bolt,0,japan,4604,5.325889048258463,35.756021932089304,0.04327599318172433,12.087193307244636,0.0,0.21611938476561932,0.0016024023543883663,-0.00020979754613820918,1.0,2.6688073730468744,0.0011840491205866123,0.023305085263623376,1.0,4.325306701660153,0.0035572760272021653,0.03908354281574827,1.0,9.570353088378909,0.0068124622327003035,0.08355109321223912,1
chronos_bolt,0,norway,4604,0.15565264073689794,0.03553283695605463,0.01743558031619409,3.939480331149603,0.0,0.035883070373534665,0.0007404999358051342,-0.0033649833458227183,0.0,0.15956520233154237,0.004840461582520039,-0.01347050231071189,1.0,0.10903709259033256,0.01658825901708237,0.004258637004278414,1.0,0.36345647125244085,0.02274543786298958,0.0625387081210441,1
chronos_bolt,0,south_korea,4604,16.147805175781265,476.55023581037955,0.013137810843823528,3.4611867145691,1.0,7.7757568359375,0.0008065013272610107,0.007220247973487097,1.0,8.7032470703125,0.0021068911024660917,0.009273636785329253,1.0,3.854833984375091,0.006846213809949834,0.010011825795228522,1.0,41.480712890625,0.005796243488764388,0.03937996150141614,1
chronos_bolt,0,sweden,4604,0.09647458241780615,0.01821837434390599,0.010103397506233546,2.3933466765060682,1.0,0.016847467041015918,0.0004622080638745708,0.0022492781558061587,1.0,0.01576135101318421,0.00015810798131361015,0.001830574276678437,1.0,0.04357466430664125,0.00890634850427929,0.00430844415391628,1.0,0.27239109954834007,0.011228581871298366,0.039436597217229453,1
chronos_bolt,0,switzerland,4604,0.0107606827545166,0.0002142971846141878,0.011404856320610477,2.4246746586566412,0.0,0.0033919935226440767,0.0004197175530040529,-0.003218023694200731,0.0,0.003912299060821578,0.0010835349174538617,-0.0031105892291210923,0.0,0.003984818935394263,0.003725121582913379,-0.0005356186523337573,1.0,0.03407613697052003,0.003019653687830867,0.038757213724357684,1
chronos_bolt,0,taiwan,4604,0.6416830413818356,0.5000447498196341,0.022350954848145473,12.301977088512126,0.0,0.17533047485351716,-0.001088720446927048,0.005087009200956014,0.0,0.33529739379882884,-0.00198893176610495,0.009798835120838094,0.0,0.5357640380859365,-0.000697793583474325,0.018047811623547284,0.0,1.1610449676513674,-0.0006723973833845122,0.039514559650122606,1
chronos_bolt,0,uk,4604,0.009986482762065629,0.0002433079604520367,0.012928240164588942,3.5005300218068736,1.0,0.0014493085721435373,-0.0007422205486605057,-0.002654131186568947,1.0,0.0006019563829040564,-0.0009889910558170437,-0.0017828369332250915,1.0,0.00555925930136103,0.0005613289286363545,0.007851846452595075,1.0,0.03591207887832637,0.0016488705615652353,0.04778455676936613,1
chronos_bolt,0,australia,4609,0.022165370731353756,0.001004524772403553,0.016152473673327807,3.2971945857460305,0.0,0.00499629188537587,-0.0007325384137049742,0.00301067443287274,1.0,0.0003078636932372092,0.0015647824795181548,0.0013342030117365368,1.0,0.0027649933242797076,0.009618029624454183,0.011669962016355952,1.0,0.052144450569152845,0.01693121200878768,0.05466471615073984,1
chronos_bolt,0,canada,4609,0.009519892183939605,0.00015775819410601626,0.007508345429211189,1.9586029855364113,0.0,0.007792848968505961,-0.0007937372047903549,0.005419419520265613,0.0,0.0021428880691527485,0.0008330632785304012,-0.0008794372168978174,1.0,0.0008982244491577696,0.007445562105219998,0.00815778813291781,1.0,0.023910993576049755,0.00993095074337402,0.028673540929783668,1
chronos_bolt,0,denmark,4609,0.1258848805236816,0.024788689820530715,0.018295027255961285,5.241417504063371,1.0,0.008242542266845732,0.00024471802491617486,0.001460812855228885,0.0,0.039111727905273064,0.0009684663563421221,-0.004818073731557793,1.0,0.11510527420043903,0.0023296075348416745,0.019144868873120516,1.0,0.23678152160644572,0.0030473564002611144,0.03731146154573893,1
chronos_bolt,0,eurozone,4609,0.03319889039357505,0.001721307570076013,0.018353452864163712,5.257357027642028,1.0,0.0017060796737671247,0.00038964653797199145,0.001346990522170208,0.0,0.010401646232605088,0.0011235415892699011,-0.004728806627704424,1.0,0.03025842781066901,0.0023233062716247407,0.019135613787147083,1.0,0.06277018127441414,0.0026808652177303326,0.03723577896873187,1
chronos_bolt,0,japan,4609,3.2806789855957024,15.961908194774587,0.026039931158731364,7.445555233802177,1.0,1.0362261962890642,0.004284563952908562,0.01270737581562769,1.0,0.257191162109379,0.005011064540010043,0.007106711825151299,1.0,2.5323040771484386,0.011311735827392323,0.031629567965983194,1.0,6.351090698242189,0.016818137206597472,0.06674690596122658,1
chronos_bolt,0,norway,4609,0.2740471019999184,0.13851892117206183,0.030510699132861665,6.935977205565676,0.0,0.12625241394042952,-0.0021393060121672695,0.012407292689686641,0.0,0.12454838867187412,-0.0004921373944615897,0.013836076637756739,1.0,0.11273154907226512,0.008150977020019764,0.021017579078197384,1.0,0.6759113159179684,0.01348063555637191,0.08787428990224044,1
chronos_bolt,0,south_korea,4609,20.824517415364593,752.3846699110869,0.01683653628081372,4.463612375227058,0.0,8.785375976562591,-0.00011108389394621891,0.00707236764293985,0.0,3.9218261718749545,0.0005100862300503105,-0.0027113647372129616,1.0,5.2925292968750455,0.0005393176830957787,0.0048701727151847715,1.0,53.59619140625,0.0003312752504995715,0.043354170470388524,1
chronos_bolt,0,sweden,4609,0.14738137888590513,0.035431674923031266,0.015326678493102189,3.6562452461090826,1.0,0.07746708984375061,0.002047638705207472,0.010210736054997553,0.0,0.11135639038085898,0.004211519050449929,-0.007614878020820426,1.0,0.02443025360107498,0.010679708568220337,0.013239088547269746,1.0,0.3437683685302737,0.013179619074731619,0.04851800098294788,1
chronos_bolt,0,switzerland,4609,0.018824522517522178,0.0006493619731057885,0.019824225477630148,4.241677201234222,1.0,0.0024167456626892347,0.002128317761433041,0.004715726010349663,0.0,0.007184648609161348,0.002665669500388089,-0.005061938649173827,1.0,0.009042933273315401,0.0031181573147369486,0.01275602384407019,1.0,0.05148469800949096,0.0028056452717812853,0.0564927312444586,1
chronos_bolt,0,taiwan,4609,0.4121815195719398,0.24975786722337126,0.014197536513754265,7.902106309623992,1.0,0.0753577423095706,0.002431022840679125,0.005054917509343187,1.0,0.020984466552732783,0.002600914676508572,0.0033321442891403,1.0,0.27011378479003767,0.003902770611131917,0.013262471548558629,1.0,0.9383269500732432,0.004591384898725209,0.036713961279125205,1
chronos_bolt,0,uk,4609,0.016838381410429887,0.0005278913655375925,0.021680383837170532,5.90230424967485,0.0,0.0068387640514221415,-0.0007303937468631105,0.008258062491443653,0.0,0.0049746056888733126,-4.0014759134370376e-05,0.006501800740838694,1.0,0.0062223009669799545,0.003092712710221581,0.011243140112946932,1.0,0.04760193111788935,0.005227989232428435,0.06582791461487156,1
chronos_bolt,0,australia,4614,0.038602024576822914,0.002420681283271335,0.027956336976272384,5.742217803444885,1.0,0.005613175506591794,-0.0030208609564795685,-0.007247062239481646,0.0,0.007474046630859377,-0.0004300835071400266,0.005155151240561429,1.0,0.009046933708190874,0.005783207736396497,0.012498162187367273,1.0,0.08921603809356693,0.01680454347622919,0.08044941805469309,1
chronos_bolt,0,canada,4614,0.016672321090698227,0.00044707279541316336,0.013103141658710172,3.4301289587241808,1.0,0.0012262170791625948,-0.0016600717547006578,-0.0026429616538062974,1.0,0.005532954788207922,0.0032477060611031065,0.007649134940732538,0.0,0.008047204971313393,0.006415851022750202,0.0,1.0,0.03283491230010993,0.009286946623972515,0.03497409500498771,1
chronos_bolt,0,denmark,4614,0.20449883282979325,0.05463643728948136,0.029705715954250127,8.514634620898473,1.0,0.019961824035644504,0.0005693382284990534,0.003525172318029439,1.0,0.09410093383789064,0.0008749079639471321,0.014728782879892217,1.0,0.10416236038208027,0.002591417900777775,0.017889196436872753,1.0,0.41320958633422844,0.0009180987447367398,0.060370165057325446,1
chronos_bolt,0,eurozone,4614,0.053956286284128824,0.003786739293985919,0.029815462922680912,8.544486201750518,1.0,0.0056667552947997635,0.00044187662961903856,0.0036330392702651703,1.0,0.025337295532226634,0.0007122731292082784,0.014898480506303272,1.0,0.02724611263275145,0.0023412389714084526,0.017563446134272152,1.0,0.10804603252410883,0.000791925982622375,0.059928980009033295,1
chronos_bolt,0,japan,4614,3.6461530456542963,17.34258577028961,0.028797745369160254,8.275004659556977,0.0,0.44346466064453693,0.002548251490585983,-0.0010587182355478876,1.0,0.9437344360351574,0.004922669535141007,0.012537574243745998,1.0,4.458506469726558,0.009651644974788922,0.044963015904453014,1.0,4.60955810546875,0.015430711513208462,0.05171036583996947,1
chronos_bolt,0,norway,4614,0.3387723986307779,0.2230106071766898,0.03691250192706174,8.574137867652341,1.0,0.014793501281738841,-0.005217098718317614,-0.006917111401437795,1.0,0.008511596679687372,-0.0009928917190780947,-0.00196653524533925,1.0,0.038362080383301134,0.00538106311146948,0.009729837209478818,1.0,0.9213099609374993,0.014017878772552192,0.1127478247377031,1
chronos_bolt,0,south_korea,4614,32.49309570312501,1554.6241377927463,0.026206074668877945,6.964703248436195,0.0,3.3050537109375,0.0019357234604044273,-0.0007819091326168363,1.0,7.5568359374999545,0.0016795826330786355,0.007867280897550281,1.0,22.4031982421875,0.0007375631038079482,0.018988428069353715,1.0,67.12504882812505,0.0013360203460990342,0.055021577785104046,1
chronos_bolt,0,sweden,4614,0.26444950286865243,0.11912164239081867,0.027335094636213964,6.560477619414441,1.0,0.0061228393554682015,0.0036978408764809195,0.0043493392657236105,1.0,0.03282880859375048,0.0064024247036449525,0.00988120394372449,1.0,0.027856741333007307,0.009801150245716053,0.012743826516824649,1.0,0.6233105545043944,0.009763719071526551,0.07362405144010473,1
chronos_bolt,0,switzerland,4614,0.03280148144086202,0.001643186737844718,0.034439410819816295,7.391066406327402,0.0,0.0023431316375732703,0.0009099477329682142,-0.0016209210378465724,1.0,0.007205336761474612,0.0011812523123378624,0.008921912347579547,1.0,0.024174378585815393,0.0017537077130164004,0.027476303834953437,1.0,0.07506431894302379,0.000901910337345502,0.07876697203070546,1
chronos_bolt,0,taiwan,4614,0.5628943806966146,0.42148127420640963,0.01933808066833082,10.791486338286134,0.0,0.057108108520509404,0.001987299075863658,0.0,1.0,0.1704092407226554,0.001273772470175372,0.0071846620423561165,1.0,0.4677122344970712,0.0012458366057426268,0.017386637789958876,1.0,1.0907928009033192,0.0005469870304867048,0.037819022784450956,1
chronos_bolt,0,uk,4614,0.02073963056124877,0.0007933674371571716,0.026426671125839074,7.2697966992553,1.0,1.7663477172802367e-05,-0.0005869852165892364,-0.0006101514817436975,1.0,0.005533637600006136,0.00035712922866284607,0.007581595428333782,1.0,0.0016577361986999106,0.0036909183879840954,0.00585345101883177,1.0,0.05227640876333617,0.004053426549944031,0.07006971670883162,1
chronos_bolt,0,australia,4619,0.052617159322102855,0.0037469937647192316,0.038051383811342855,7.827029601123117,0.0,0.011101654930114835,-0.005118938903258192,0.003162099141968044,0.0,0.008538537635803145,-0.0011695593355170047,0.005180607764058133,1.0,0.06970969970703123,0.001266263269238636,0.05184719782844501,1.0,0.07084258678436273,0.007437260295032028,0.05851127994997172,1
chronos_bolt,0,canada,4619,0.015487928136189747,0.00034149969349521567,0.012136990740526885,3.186454394776691,0.0,0.004329579353332447,-0.0019303290483404173,0.0015069799806259685,1.0,0.0008325752258300234,0.0020478087219119212,0.001388090409083019,1.0,0.018710675239562935,0.0041105422058351606,0.018792816003022277,1.0,0.016123915100097586,0.005482490891553593,0.018130474015548622,1
chronos_bolt,0,denmark,4619,0.15991181803385415,0.03617756381174612,0.023009012956300295,6.658183243789656,0.0,0.017640261077881192,0.0005394018466910712,-0.0020416907016581644,1.0,0.051758411407470284,0.0017079496622227856,0.009234159724786003,1.0,0.22529758148193402,0.0017460193985373228,0.034099888135372854,0.0,0.23774358367919923,-0.004402301709926066,0.029915529808187367,1
chronos_bolt,0,eurozone,4619,0.04162800575256346,0.0024527554086732346,0.022782125846418155,6.592186847073561,0.0,0.004926077270507756,0.0005702764277835102,-0.002170526230595943,1.0,0.0132281887054444,0.0016507902992650453,0.008965939908548397,1.0,0.0581353578567505,0.001591307010528307,0.033350090869873075,0.0,0.06169782752990716,-0.004456239545618169,0.029417108051106377,1
chronos_bolt,0,japan,4619,2.3019005330403624,7.095762605799668,0.018008289929268968,5.224201342685963,1.0,0.5694869995117244,0.004415405536787048,0.00896256949735908,1.0,0.39067199707031364,0.008877546985853633,0.01198528189708582,1.0,4.867066040039049,0.01391292488357205,0.05176944803947362,1.0,0.8168188476562364,0.02220397926358394,0.02860507213028839,1
chronos_bolt,0,norway,4619,0.5090583898417154,0.3917015073523563,0.055329113113988276,12.883980025613097,0.0,0.0619271606445313,-0.0008904607921644471,0.006178123606398947,1.0,0.040911289978026844,0.0044977478391107165,0.009148037685779854,1.0,0.5880827178955084,0.009047929149307037,0.07361532455134323,1.0,0.9454404388427733,0.00788387134397811,0.1098555621548731,1
chronos_bolt,0,south_korea,4619,33.88835774739584,1549.8036644475858,0.027187859740876612,7.263769431016582,1.0,7.374047851562409,0.0005516229788244947,0.00654966440409042,1.0,0.034472656250045475,-0.0003138916785359314,-0.0002857434451526976,0.0,48.41318359375009,-0.0008682463680560604,0.037923221402594826,0.0,43.94321289062509,-0.0006885459526959013,0.034577486058262774,1
chronos_bolt,0,sweden,4619,0.2679760671997071,0.10497349586532032,0.0275041831340685,6.647964818733552,1.0,0.0015287246704094315,0.002163961270481138,0.0020025844779150348,1.0,0.046569802856446074,0.006088311569105138,0.010972762624365558,1.0,0.2756679580688477,0.010871481226551216,0.03930899751360137,1.0,0.4070838333129885,0.009314714205142172,0.05109307970490357,1
chronos_bolt,0,switzerland,4619,0.03517712979952495,0.0016850056437436596,0.03669108028139638,7.926364630848659,0.0,0.003883629226684615,0.00030347925631987716,-0.0038599736984056493,1.0,0.007863416957855196,0.0005205804487391948,0.008896050145664412,1.0,0.03636373310089114,0.0007876044663920137,0.03893461338072414,0.0,0.0415510991096496,-0.0007505615619715939,0.04278699506165772,1
chronos_bolt,0,taiwan,4619,0.33980758819580087,0.15498688781882203,0.011567276935305177,6.514595049115224,1.0,0.03535980224609503,0.003956892197082577,0.005174209543132306,1.0,0.07374111938476702,0.005285716120977104,0.002745665217062104,1.0,0.3957215118408186,0.00712580430935087,0.020622816188946104,1.0,0.4410897674560559,0.010335826144079963,0.025320834090726226,1
chronos_bolt,0,uk,4619,0.023096894997950247,0.0007627286866211112,0.02930395877338537,8.096081100541783,0.0,0.0027264130953674748,0.0010157549213034233,-0.0025335903325657853,0.0,0.004900760213134792,0.0035326803111980225,-0.002840256056225541,1.0,0.03203166299365234,0.004064728173450623,0.04472609722213603,1.0,0.029345695068206834,0.005246532751884067,0.042517836423129146,1
chronos_bolt,0,australia,4624,0.05363525629425049,0.003400403732633424,0.03864843957273753,7.97847592092598,0.0,0.013261490974426193,-0.0022202055510030455,0.007584829848591956,0.0,0.029866321334838908,-0.0003680156776732512,0.021539802021037342,1.0,0.046178895988464363,0.004785884234998043,0.03828960004649137,1.0,0.03972033119201668,0.007304962566132378,0.03611820164185496,1
chronos_bolt,0,canada,4624,0.015451791890462212,0.00029359982385199207,0.012099025358414698,3.1790197981026416,1.0,0.00024102668762204793,0.0003637364020193122,0.0005546971099872256,1.0,0.008012848091125457,0.0014551486750678075,0.007777224806647546,1.0,0.012574470520019476,0.005986743603292841,0.015845575014981295,1.0,0.011334821891784586,0.002387112203368804,0.011310242535178037,1
chronos_bolt,0,denmark,4624,0.1334176157124837,0.022278226895536265,0.019138223387355713,5.5550549314320525,0.0,0.025160855102538626,0.0019336435896890438,-0.0017108644036293189,1.0,0.006720550537109737,0.0011901578489191542,0.00021727322193022567,1.0,0.15562187881469747,0.000880116883834599,0.02315445266856969,0.0,0.11686744003295857,-0.010860945892529231,0.00610907209630114,1
chronos_bolt,0,eurozone,4624,0.03462103063583373,0.0014972379853655374,0.01888949520159634,5.48256633157642,0.0,0.006657942962646546,0.0020684083980602144,-0.0015991180689191766,1.0,0.002318984222412057,0.001331922989434393,5.509641874676066e-05,1.0,0.04056878547668452,0.0009809311781110337,0.023065901083170276,0.0,0.03039640178680414,-0.010633153418842425,0.0061520064398204975,1
chronos_bolt,0,japan,4624,1.721103017171223,3.7913231732891095,0.01340574827956286,3.906071771629025,1.0,0.42785766601562614,0.002555346623369235,0.005939200226717687,1.0,1.8642004394531284,0.005511171013766351,0.020128839373512755,1.0,2.727040405273442,0.012729559924690598,0.03388963786022221,1.0,1.964324951171875,0.02497695189613774,0.009643200048228067,1
chronos_bolt,0,norway,4624,0.6105322251383463,0.469165845742418,0.06624713279002419,15.452225423730706,1.0,0.026022541809082256,0.000989237092095587,0.003933036022033598,1.0,0.11391318359375013,0.0020886215594646575,0.014897466885828917,1.0,0.6165616851806632,0.005624663650560941,0.07284231464234481,0.0,0.7348467788696293,-0.006473214608222221,0.07406990016769228,1
chronos_bolt,0,south_korea,4624,40.65655029296875,1884.2515118439796,0.03263405348731152,8.714491548689717,1.0,9.329516601562545,0.0003432769098111583,0.007929610710132595,0.0,15.418017578125045,-0.0007498667564086569,0.011770094075417315,0.0,43.65625,-0.0017212895019567682,0.033363860535651435,0.0,36.9794921875,-0.0044431805559798495,0.025435176780144144,1
chronos_bolt,0,sweden,4624,0.2730476839701335,0.09142319625845038,0.027969322769950677,6.773781762821947,1.0,0.0021239456176758154,0.002995848463332754,0.0032173849962409203,0.0,0.047146846008301324,0.004264648989870053,-0.0006593786380442004,1.0,0.29963813629150415,0.006768689567454861,0.03743298216347981,0.0,0.2973364669799796,-0.0005742071560882506,0.030078966540693836,1
chronos_bolt,0,switzerland,4624,0.03150326097488403,0.0012816793559261475,0.03273114565249287,7.098542006434187,1.0,0.0003615877151489366,0.00030586357625494114,0.0006891981717471001,0.0,0.015700241661071757,-0.0006899299930815268,0.015837018449134033,1.0,0.04172088756561276,0.0006670583690686028,0.04393974278000084,0.0,0.01701670827865598,-0.0030984612493881194,0.014844721723241083,1
chronos_bolt,0,taiwan,4624,0.37318287963867186,0.1649580858543832,0.012696946678920204,7.154446882768867,1.0,0.12881095886230298,0.0028134363951989603,0.00723377066502891,1.0,0.15836282348632835,0.0035508173701948777,0.008978524019836447,1.0,0.3132198028564446,0.005941382977611926,0.01662287100135081,1.0,0.14223112487793088,0.007123128527363964,0.01198193924681074,1
chronos_bolt,0,uk,4624,0.02891487584534811,0.0010245944457567774,0.0367639000317814,10.135439411956028,1.0,0.001006440626525884,0.0007607294332943605,0.00207182327142042,1.0,0.011005581497039785,0.0014485096186830962,0.015683262737406715,1.0,0.039215968497222864,0.003145468890053558,0.05288615722458355,1.0,0.024515825371398958,0.0021825259841818313,0.03359630018315946,1
chronos_bolt,0,australia,4629,0.04428027444076539,0.00226615500246957,0.031749325256907,6.586881984108504,0.0,0.029849663238525448,-0.006280957790335289,0.015278905014047422,0.0,0.0391079942321777,-0.007433999649136702,0.020751654756532126,0.0,0.08472931617736812,-0.006222296192106659,0.05379911277409891,0.0,0.016078919219970622,-0.007675923945441995,0.004011504043513855,1
chronos_bolt,0,canada,4629,0.01357338119506833,0.00024227283749524503,0.010613911411296159,2.792559455382722,0.0,0.010540501785278211,-0.003774862729289839,0.004512200385150693,0.0,0.009380156326293854,-0.0021889970611894127,0.005177497347367552,1.0,0.028901668548583892,0.0014919310344340265,0.023935556169824544,1.0,0.0054452732086180955,-0.005959542655406712,-0.010277176506464177,1
chronos_bolt,0,denmark,4629,0.1718348764292399,0.03224770071199946,0.024748827948097123,7.154618770562771,1.0,0.02946115188598597,0.001857763203238181,0.006107748947553409,1.0,0.14347453002929722,0.00048152210751010045,0.02103862404496193,0.0,0.2653928703308104,-0.0035173481979595416,0.03433040700898359,0.0,0.17879459075927695,-0.021260635516997292,0.004847382266127467,1
chronos_bolt,0,eurozone,4629,0.0448649168841044,0.0021960551313824606,0.02457859522753536,7.10478221648244,1.0,0.008147880172729494,0.0018726400642031453,0.00634329972870596,1.0,0.03792867679595946,0.0005350064158761152,0.021205482516976338,0.0,0.0693802639007568,-0.0033555389035673177,0.03428071635199165,0.0,0.04678109683990472,-0.020978889067829777,0.005001109566245649,1
chronos_bolt,0,japan,4629,2.0414802856445315,6.8842665959859755,0.01573004026629374,4.633173282793657,0.0,1.0973150634765574,0.004018808738434045,-0.00452507111126175,1.0,0.19019836425781023,0.009954557169763274,0.00848760060911991,0.0,2.4681146240234284,0.01635342400871726,-0.002728195627788355,1.0,2.0988830566406307,0.03336756947261868,0.017439386380185648,1
chronos_bolt,0,norway,4629,0.6316610612487793,0.4314292210565353,0.06833084948834779,15.986984319455647,0.0,0.21512844848632895,-0.00210026090562821,0.021700400909740333,0.0,0.38111089019775335,-0.001672931708169999,0.04009416446772993,0.0,0.9248691314697268,-0.0034548720307520037,0.0952045415664349,0.0,0.5727213516235352,-0.009443059324821503,0.05315181831730377,1
chronos_bolt,0,south_korea,4629,27.844648437500002,941.3728168927828,0.02221167115051736,5.9683360180904215,1.0,9.957250976562591,0.0005991982881606829,0.008597537993517201,0.0,17.5689697265625,-0.0006207298357644046,0.01346605792548512,0.0,51.40664062499991,-0.0016206157689685275,0.03909034760188302,0.0,8.823071289062455,-0.004223781156563655,0.0029008884162333697,1
chronos_bolt,0,sweden,4629,0.3647292618306478,0.14296041053708805,0.03751782897575397,9.04822332214395,1.0,0.1461020996093758,0.0025145977682557974,0.017657513418471996,1.0,0.21838929138183616,0.002474160636884386,0.025026313031325614,0.0,0.548256076049805,-0.00014198824510920288,0.055679919259915625,0.0,0.30424083709716854,-0.009524641260575149,0.022127293445809448,1
chronos_bolt,0,switzerland,4629,0.022078800271352138,0.000681509296660878,0.022782787198867362,4.974954538922637,1.0,1.4610195159914241e-05,0.0008196147520715107,0.0008348552532904477,0.0,0.01340155067443849,-0.0006282190813054943,0.013274760660274821,0.0,0.04377533884048457,-0.0033205760141421176,0.0415128869782905,0.0,0.014106100559234669,-0.010184906116393038,0.004583102652745456,1
chronos_bolt,0,taiwan,4629,0.19889972839355477,0.05434556297709395,0.006742314977226761,3.8131908493944184,1.0,0.053458312988279744,0.0019478449161486509,0.003769888041940144,1.0,0.11774243164062526,0.003472142882879109,0.007474728960889434,1.0,0.40382687377929827,0.005391956457900036,0.019027557159127403,1.0,0.06945248413085992,0.006998032574562452,0.0046378476256896855,1
chronos_bolt,0,uk,4629,0.02310146578169353,0.0005933567734715133,0.029186922992444627,8.097683282821349,1.0,0.0063375624486083915,0.002005667595335275,0.010095562751028122,1.0,0.01606671240036006,0.0022630054984156323,0.022640990852237423,1.0,0.03884429715255733,0.00041059039692348655,0.049072470349160666,0.0,0.02216321150686651,-0.0028722718778888064,0.025272886671467244,1
chronos_bolt,0,australia,4634,0.015432936481475827,0.0003659519727927777,0.010921232992714138,2.29571592668672,1.0,0.010008608856201251,0.0013290228960556487,0.008407097850413357,0.0,0.0013184970855713019,-0.00023347411441948697,0.0007032973568146056,1.0,0.01037965148925779,0.0002844677011368134,0.007631625302052337,0.0,0.019368273391723534,-0.005621582802686633,0.008125177406494566,1
chronos_bolt,0,canada,4634,0.008796202278137207,0.0001189762568272319,0.006887243732653712,1.8097125167453487,1.0,0.009460365104675184,0.0013993060239404812,0.00876395661394806,1.0,0.007453078269958446,0.0017565423115101972,0.0075610306428507785,1.0,0.0006444091796875551,0.0033934838289782806,0.0028908528609662555,0.0,0.007533269500732409,-0.004889104079440456,0.0010166576303845133,1
chronos_bolt,0,denmark,4634,0.05591149927775065,0.005394559963711849,0.007997122030768593,2.327964325610166,1.0,0.00510859069824221,0.0018336403192067694,0.0025565409285103063,1.0,0.011212901306151934,-0.0014954660267165675,-0.003089304594273793,1.0,0.04251111145019504,-0.00927681281426155,-0.0032102300296638626,0.0,0.19379664077758818,-0.026032845856607447,0.0017853099278363703,1
chronos_bolt,0,eurozone,4634,0.013917833716074602,0.0003436746426367232,0.007568909389371317,2.204020075048011,1.0,0.0013974187850951392,0.0017259463675983041,0.002478115746301238,1.0,0.0030730432510375216,-0.0014989824826432685,-0.0031604137541383958,1.0,0.00950021095275888,-0.008939872020786924,-0.0037828681388587236,0.0,0.04975791435241694,-0.025350539384917273,0.0018053221474470741,1
chronos_bolt,0,japan,4634,2.3989290974934923,9.11359666917276,0.01840546572296614,5.4444092749659125,1.0,0.10673461914063864,0.004376526502429115,0.005196416550770658,1.0,0.28272888183593636,0.008666634251657852,0.006500898012610891,0.0,4.3878216552734415,0.01701118281606643,-0.01685159840304625,1.0,0.5096734619140761,0.031643799973876764,0.03544790099980268,1
chronos_bolt,0,norway,4634,0.4254834640502929,0.2053894466108224,0.04539707526644426,10.768745907040584,1.0,0.15519309082031185,0.0005265487148888955,0.017038489794426053,0.0,0.15962541961669885,-0.005211340021290528,0.011865079470484367,0.0,0.5518006652832028,-0.0177544692520531,0.04078700241440617,0.0,0.6365275436401365,-0.03051243904337989,0.03755644870811727,1
chronos_bolt,0,south_korea,4634,17.019274088541653,365.19005961004854,0.013507569213769515,3.64798093150269,0.0,12.732177734375,-0.0027762848165679855,0.007337663066043448,0.0,22.234375,-0.004376101786532947,0.013247845754301393,0.0,27.733715820312455,-0.004735490793947101,0.017207781140098827,0.0,21.10646972656241,-0.006595323806324098,0.010178910389989125,1
chronos_bolt,0,sweden,4634,0.17547823516845706,0.03804795214178746,0.017847799409545343,4.353273581644049,1.0,0.09081130676269566,0.0019268688512289107,0.011139206587319175,1.0,0.10744405822753933,6.067148277346292e-07,0.010911978042396714,0.0,0.1792893524169923,-0.004927635222837033,0.013302863556336834,0.0,0.3681500671386715,-0.015740989340917142,0.021736143775595733,1
chronos_bolt,0,switzerland,4634,0.01339784851074218,0.00027576988270643294,0.013709007083488732,3.0188998696092977,0.0,0.00704944477081304,-0.0003600759160475218,0.0068788772276461765,0.0,0.015626484107971184,-0.0013675282717315563,0.014624928290979737,0.0,0.004329875469207711,-0.002816382280025171,0.0016470228644717977,0.0,0.02331837615966792,-0.005805078550353514,0.018070935856553828,1
chronos_bolt,0,taiwan,4634,0.23326519724528,0.09290643292713252,0.007880530732050216,4.472025793106659,0.0,0.04173289489746068,0.001414848908035735,0.0,1.0,0.09267341613769631,0.0038711959537310048,0.0069982367498407656,1.0,0.05476577758788892,0.008016305806030754,0.009857784535223476,1.0,0.30922198486328156,0.01412253276141076,0.0037249666341890707,1
chronos_bolt,0,uk,4634,0.010964974090841684,0.00016437353754001081,0.013721233634419462,3.843517473351805,0.0,0.003448553685424849,-0.0015754184685988816,0.0027516916261844113,0.0,0.015233092330810494,-0.002735442675105823,0.016260520912280352,0.0,0.007980372843780503,-0.004907691927317477,0.005110607792276231,0.0,0.023087015888549778,-0.011796916069740865,0.017110912959073264,1
chronos_bolt,0,australia,4639,0.020877327611287435,0.0005921215954738207,0.01473419169951375,3.105592611063845,1.0,0.021708554611206132,0.001774829546451102,0.017046647439249822,1.0,0.03532783638000492,0.0023989691360794306,0.027118904915689603,1.0,0.002481144027709936,0.001914762605273019,0.003671835930002894,0.0,0.040998605766296325,-0.00043229579564069555,0.028279366467484607,1
chronos_bolt,0,canada,4639,0.014085239028930678,0.00029551766746823555,0.011003296744531661,2.897868030543299,1.0,0.009382607841491808,0.00020762135609200352,0.00746575233326046,1.0,0.003685141563415595,0.0025708400519397112,0.00542111685830624,0.0,0.009802552795410202,0.0013212411583553348,-0.006309906422881204,0.0,0.01958112449645988,-0.00010182968181403889,0.014990935660043739,1
chronos_bolt,0,denmark,4639,0.06692351519266768,0.0091834998665104,0.009521719406980404,2.7864671476437652,1.0,0.03065368957519521,0.0006038833802591925,0.004952472162992072,1.0,0.12886014480590813,7.679502461191533e-05,0.01824062978002863,1.0,0.031381108856201045,-0.007965131375801605,-0.01247515633200775,0.0,0.19088038406372032,-0.015350105515578239,0.01185060782660265,1
chronos_bolt,0,eurozone,4639,0.017640528227488184,0.0006349084666061475,0.009547371928585272,2.793543818743139,1.0,0.008574306869506776,0.00039259276493579806,0.005019576050197353,0.0,0.03367552909851068,-9.498264961429369e-05,0.017964394412597152,1.0,0.008594833755493081,-0.007961464176535432,-0.012660292433870075,0.0,0.05018462085723874,-0.015285661260158187,0.011914027460803733,1
chronos_bolt,0,japan,4639,2.376271484375001,8.247399016572981,0.018204088466354296,5.39298744714291,1.0,0.014108886718759095,0.0009129598111917397,0.0008048598636969349,0.0,1.5629119873046875,0.004078264238189797,-0.007929828296105876,0.0,4.839367675781247,0.013401365305070927,-0.023902119545070995,1.0,1.70358459472655,0.024141010773751925,0.03681258726314943,1
chronos_bolt,0,norway,4639,0.3530161968994141,0.1694093627267876,0.03700806333517761,8.934640348397298,0.0,0.24291411743164026,-0.0002189645911487204,0.025226053357312796,0.0,0.3939356933593743,-0.0023187949819770226,0.03870961147321953,0.0,0.25478469848632734,-0.013351142514145835,0.01366871862471294,0.0,0.8356360946655279,-0.022638903323872528,0.06414897005296703,1
chronos_bolt,0,south_korea,4639,14.37791748046875,324.30402112303165,0.011356243391490209,3.081821735204428,1.0,1.348364257812591,0.002117861234235217,0.0010601332048896532,1.0,7.7185546875000455,0.0029275081980724023,0.008956042577502692,0.0,8.1898193359375,0.0019151316394040926,-0.004528012461306318,1.0,12.842358398437455,0.0013407951746817032,0.011367087883143305,1
chronos_bolt,0,sweden,4639,0.12667704147338862,0.029735931846496765,0.01270700006086196,3.1426109199100116,1.0,0.18095904846191324,0.0018608394306047105,0.019939663674799744,1.0,0.14751766967773428,0.002741706161961719,0.017491172436336598,1.0,0.0015437088012699718,-0.003170797039783697,-0.00301439652080431,0.0,0.37102384643554664,-0.005674587192067801,0.03131997944814074,1
chronos_bolt,0,switzerland,4639,0.017676779139836632,0.00042014996052931145,0.018034683066447448,3.9830593843166997,1.0,0.009443574142456002,0.0020856714438894815,0.011608084316995188,1.0,0.0128941710472108,0.0042610028850263385,0.01721230213707293,0.0,0.029981520748138424,0.005751761040305176,-0.024980739784654146,0.0,0.019154218769073528,0.006430590361916988,-0.013080764920529871,1
chronos_bolt,0,taiwan,4639,0.3391340332031252,0.17083754757072647,0.011417780451134221,6.501682041363133,1.0,0.0034207000732422443,0.0022069220026552337,0.002321904330841698,1.0,0.0035373229980457666,0.0043185543712861655,0.004437205794466079,0.0,0.4471455078125004,0.008525685669443377,-0.0065233787743275064,1.0,0.30807226562500034,0.01227414092269828,0.001968918656713861,1
chronos_bolt,0,uk,4639,0.013046145433273308,0.00023179733377644735,0.016138372146882737,4.573023840936935,1.0,6.70960942688037e-05,0.0036483191274068916,0.003730894345013726,1.0,0.0029234052614440786,0.0071646586492054905,0.010743602834799068,0.0,0.02044591190884404,0.007611059984421419,-0.017772718220801356,1.0,0.0022917354310607596,0.011226807542684649,0.014022159242962415,1
chronos_bolt,0,australia,4644,0.0264841903368632,0.001093484689653148,0.01863318449386294,3.9396376467121414,1.0,0.003033168487548865,-0.001214975175139817,-0.0033161096942250566,1.0,0.023320950241088934,-0.0005247563236317306,-0.016782986864159837,1.0,0.05918955615997312,-0.003607707982351185,-0.0455311701645374,1.0,0.0017537000656127066,-0.00576260131702999,-0.004544265845228814,1
chronos_bolt,0,canada,4644,0.01463504567464194,0.0003341591914967826,0.011429118670774814,3.010984115993776,0.0,0.007243709754943817,0.00273324506467613,-0.002861785540407704,0.0,0.013987397766113352,0.0016494577926364717,-0.009194486048706374,1.0,0.029976987648010267,-0.0035382176321651073,-0.02704718779604581,1.0,0.00021489009857167396,-0.00242433807306842,-0.002590725111634252,1
chronos_bolt,0,denmark,4644,0.10167605099995933,0.01208553921552936,0.014446328518413461,4.233444328169116,0.0,0.019155790710449594,0.0017871826141665449,-0.0008873952041118466,1.0,0.09902552032470702,-0.0017720074351549916,-0.015725852369245848,1.0,0.12359848937988271,-0.013175134769262029,-0.030823823752455327,1.0,0.07039224166870106,-0.024446908097886043,-0.014421229992862755,1
chronos_bolt,0,eurozone,4644,0.026492251319885262,0.0008243631384066746,0.014318193818004173,4.1952975537282455,0.0,0.00477776775360117,0.0016343820761522336,-0.0009038947843920504,1.0,0.025638712692260812,-0.0018678611964679664,-0.015613391451623743,1.0,0.03252768154144281,-0.012849161506930048,-0.03051509480273995,1.0,0.01733607635498058,-0.023708949152136883,-0.014318648466015802,1
chronos_bolt,0,japan,4644,2.3268816935221355,6.700194784565821,0.017710391199558643,5.280896499691013,0.0,0.3508325195312523,0.0003155638820166181,-0.0023990105918381397,0.0,2.042662963867201,0.0052627493522498445,-0.01056771946593511,1.0,1.3617718505859386,0.014059325873193525,0.0036262673793250127,1.0,2.853300781249999,0.022860931373003164,0.04418791764289834,1
chronos_bolt,0,norway,4644,0.21954473958333331,0.05880994534058132,0.022625421411114333,5.5565532284019765,1.0,0.004530737304687449,0.003236567778304731,0.0036972949023946233,0.0,0.07969364776611343,0.003279732174765201,-0.004858797828169186,1.0,0.3389040328979487,-0.0038232728202002614,-0.03915520409224239,0.0,0.1424608047485343,-0.007323886888076439,0.007213824421854243,1
chronos_bolt,0,south_korea,4644,20.352828776041672,581.7530591176749,0.016008472729242655,4.362508699893751,1.0,1.8682861328125,0.0014926450932725612,3.8933987429122715e-05,0.0,18.46523437499991,0.0018789643481871125,-0.01257681082929106,1.0,30.96982421875009,-0.0008804496072808269,-0.02531381468504615,0.0,16.465991210937545,-0.0019221008503741682,0.010842733239420156,1
chronos_bolt,0,sweden,4644,0.1696672376505534,0.0345960228640448,0.017006938937632988,4.2091140398444375,0.0,0.007637242126465438,0.0007031661618839582,-5.458935161612646e-05,0.0,0.12732950439453106,6.743898389615296e-05,-0.012649767791476614,1.0,0.26361432342529234,-0.004818864849709683,-0.03146091282194462,0.0,0.10460596466064409,-0.005085208379835625,0.005295862311768189,1
chronos_bolt,0,switzerland,4644,0.036674585425059004,0.0015833834692329653,0.037136880798946705,8.263782134042987,1.0,0.0016059741973877273,0.0010911920712799767,0.0026908527298729664,0.0,0.031639649581909235,0.004867779421418231,-0.027058064621468182,0.0,0.04818112831115717,0.006298300052058483,-0.04266158450259743,0.0,0.05929251327514651,0.0119955393123175,-0.048248920518014396,1
chronos_bolt,0,taiwan,4644,0.5709644587198895,0.3712334344935969,0.019129374997877355,10.946201218596892,0.0,0.10358543395996023,0.002983535034496848,-0.00048645884091760134,0.0,0.35400567626953006,0.006552657216933527,-0.005313526651368463,0.0,0.7435667114257818,0.010711240160867167,-0.014272323879506558,0.0,0.6767750701904305,0.019637707432154358,-0.002871851965829023,1
chronos_bolt,0,uk,4644,0.0240058800594228,0.0006643251881813721,0.029438797548680968,8.414704741404153,0.0,0.006957348769195515,0.005873234094199388,-0.0026151291823463085,0.0,0.0238211712342834,0.009295128907291752,-0.01997028485736868,0.0,0.03146726577975467,0.012585815669521102,-0.02612759399238295,0.0,0.02618077572021482,0.025998308439467273,-0.005671054675474281,1
chronos_bolt,0,australia,4649,0.02984352376810708,0.001171036145145565,0.021032874122400975,4.439352997087265,0.0,0.014805069351196298,0.00026358250924765544,-0.010193897813407057,1.0,0.017258013725280685,-0.0049476177983037144,-0.017212470544058733,1.0,0.003086133956909265,-0.01109170978132498,-0.013287398600316861,0.0,0.08078032997131346,-0.019001936232919084,0.037251337675577076,1
chronos_bolt,0,canada,4649,0.012596416778564467,0.0002008026415232694,0.0098492242957197,2.591560811075025,0.0,0.004847215843200692,0.00019268222536142644,-0.0035920700813184526,1.0,0.001928642082214438,-0.003921748073822706,-0.005432141071287789,1.0,0.013054619216918972,-0.00507590591626355,-0.01535621732181669,0.0,0.014307819366454977,-0.0038720274120463555,0.0072617448208540545,1
chronos_bolt,0,denmark,4649,0.10847034642537436,0.015717045588218004,0.015483686052425567,4.516335639837389,0.0,0.08260983276367195,0.0013981257549736579,-0.010376829254587007,1.0,0.053090197753906665,-0.006957318946426143,-0.014572297987100155,1.0,0.015636855316162546,-0.011120794409825229,-0.008879635317569138,0.0,0.2540006095886227,-0.020326603176877005,0.01579569257488369,1
chronos_bolt,0,eurozone,4649,0.028324587955474847,0.0010804209963690792,0.015378684901666351,4.485465320599971,0.0,0.0214554529190063,0.001216810692694911,-0.010418739278775114,1.0,0.013119876480102599,-0.007140400658903449,-0.014299161702737605,1.0,0.004519736862182544,-0.011193476436634696,-0.008729181431903764,0.0,0.06620699729919433,-0.01990419376197222,0.015905653160778115,1
chronos_bolt,0,japan,4649,3.621987152099608,17.77218388926901,0.027439640445855066,8.22015976433083,1.0,0.25862426757812784,-0.0006358755425755638,-0.002659472019990827,0.0,1.06658935546875,0.0013784921291566275,-0.00697659018497435,1.0,4.990368041992184,0.009946324182925752,0.047816962491955085,1.0,5.244241943359384,0.014392342593234868,0.053978823116711976,1
chronos_bolt,0,norway,4649,0.20279706181844073,0.05104403233323313,0.02089691375213936,5.132678973298601,0.0,0.14529593811035113,0.00236544348913236,-0.012609479596055993,1.0,0.2455056228637691,-0.001112594497947238,-0.02663762430140116,1.0,0.17461072082519458,-0.0024577367966526283,-0.02056930050046968,1.0,0.19488298187255815,0.003236745769546577,0.022959571614142898,1
chronos_bolt,0,south_korea,4649,19.0271484375,460.1853423978091,0.01496129062533078,4.078356945176788,0.0,5.1676757812499545,0.0007627699965630725,-0.00331740756827687,1.0,10.2928466796875,-0.001268124883687846,-0.00942805272327114,0.0,12.007177734375091,0.0005574897531997738,-0.008950554803251924,0.0,29.32070312499991,-9.518500938784963e-05,0.022764576889973506,1
chronos_bolt,0,sweden,4649,0.19380105885823565,0.04835010241533485,0.019396673886807384,4.807827186159515,0.0,0.12939432220458968,0.000978962726214113,-0.012099419273995562,1.0,0.06696235351562585,-0.003265768630359834,-0.010041350539844366,1.0,0.028323408508301284,-0.0037185494525014064,-0.006580148739530343,0.0,0.46174624328613234,-0.006104346625532143,0.03953438401616839,1
chronos_bolt,0,switzerland,4649,0.015310702784856153,0.00027043210372604764,0.015754497424387094,3.449917992711241,0.0,0.012469118309020977,0.002784102239013087,-0.010047228811234741,0.0,0.019823432540893582,0.0014584177315351541,-0.019046223192752124,1.0,0.0022445182800292507,0.0017471468166992692,0.004041856567971373,0.0,0.013516049861907908,0.0015020497258766451,-0.012432132471702283,1
chronos_bolt,0,taiwan,4649,0.2704123051961266,0.09374781500553414,0.009117290459609694,5.18418871692604,0.0,0.063135986328124,0.0008977469333717594,-0.0012315168612551464,0.0,0.37324700927734256,0.0020462589455364807,-0.010593229626853497,0.0,0.2904672241210946,0.005848935596855344,-0.003936048597674134,1.0,0.2571519470214838,0.012254181713446161,0.0036518809044455334,1
chronos_bolt,0,uk,4649,0.01001295227875976,0.00013101510062949078,0.012368992311295292,3.509808297257615,0.0,0.009258941077636695,0.003107524614479147,-0.0084665037814063,0.0,0.012078684707031218,0.0033599524561214837,-0.01176179229619537,0.0,0.009298246088500939,0.005675343317105196,-0.005918122408174791,1.0,0.021708089516510043,0.01131300613962191,0.03772027595134363,1
chronos_bolt,0,australia,4654,0.04241179608408609,0.0024137239118228373,0.02985082113556014,6.308937762200586,0.0,0.010906713714599503,0.0015481136844922453,-0.006269163295557375,0.0,0.015942841720581136,0.0008883016039749837,-0.010566895577303784,0.0,0.039720933609008746,-0.0011024548945158055,0.026934662487062916,0.0,0.06545826995849602,-0.00561334422664743,0.040381997843170356,1
chronos_bolt,0,canada,4654,0.013380305747985847,0.0002179707421634759,0.010443381012047042,2.752836511069603,0.0,0.010207822799682686,6.130942201511488e-06,-0.008026167333988296,0.0,0.01914540081024163,0.0012887188435674833,-0.013810194234994645,1.0,0.014128967857360841,0.004122555387719409,0.015089929703471556,1.0,0.008889885520934948,0.007425720797537061,0.014317639438419471,1
chronos_bolt,0,denmark,4654,0.13015928451538086,0.02790908469513557,0.01843843642685622,5.419389122325471,1.0,0.02997816085815419,-0.0020281505290528413,-0.006362617201522253,1.0,0.001805098724365628,-0.0007842766632439721,-0.0010444166082434997,1.0,0.13452315902709966,0.0010687620285706881,0.020232223245504284,1.0,0.3431720161437992,0.003812283111239012,0.05186186265444802,1
chronos_bolt,0,eurozone,4654,0.034420585886637385,0.0019430428488140727,0.01854990033079332,5.4508240173499996,1.0,0.008043366050720202,-0.00203181601925629,-0.006455091016513475,1.0,0.00036558113098150713,-0.0008954087641808089,-0.0010958004548282433,1.0,0.035634892845153754,0.0008840420276165745,0.020192850466378087,1.0,0.0901260232925416,0.0034024556086068793,0.05141649682985266,1
chronos_bolt,0,japan,4654,5.876254486083982,38.32179563225366,0.04468545444469218,13.3362567737092,0.0,0.7343652343750051,-0.0017664775677088452,0.004003773600906318,1.0,3.2672973632812443,0.0026137111647992215,0.027925025705470286,1.0,4.413205566406248,0.008044600946471237,0.04190223680710797,1.0,7.21217102050781,0.013500038091983552,0.06796185836629316,1
chronos_bolt,0,norway,4654,0.3318931554667154,0.14775912799427532,0.034171057293269816,8.400028112689506,0.0,0.11484805145263621,0.0014151788119523027,-0.010735601186526835,0.0,0.05825437164306635,0.00013208601541849044,-0.006020614964559545,0.0,0.5458248657226559,-0.0011774901180267802,0.05477474814993632,1.0,0.5548701889038092,0.0043166818290164095,0.060867419039829285,1
chronos_bolt,0,south_korea,4654,29.64625162760417,1131.197780918797,0.02330265252900971,6.354499026538544,1.0,16.08376464843741,-0.0012076824686759286,-0.014109015960600145,1.0,11.514208984375045,-0.0015421166224919996,-0.01076419428849359,0.0,30.050585937500045,-0.0002791123313075437,0.023366651985488786,0.0,46.83835449218759,-0.0021422767123971797,0.03454081662236456,1
chronos_bolt,0,sweden,4654,0.1896135840352376,0.05193098403792047,0.018732582008677275,4.703944083487225,0.0,0.10607761840820373,0.0003124172093627908,-0.010512499917350409,0.0,0.14158855438232365,0.005784430268704088,-0.008611051732928608,1.0,0.22245050354003837,0.01421897499459239,0.03624090680126713,1.0,0.4052499755859369,0.02703875991516418,0.06630450879717291,1
chronos_bolt,0,switzerland,4654,0.010312340447107948,0.00022933207369845652,0.010616157642088597,2.3236509359080895,1.0,0.0013264905929565307,0.0020633840157376934,0.0006790462273515522,1.0,0.002439862251281788,0.0030365989385523037,0.005575399378638371,1.0,0.008815657520294229,0.003842896583022617,0.012978430626058482,1.0,0.015994607257842963,0.003552458527787339,0.02007102344640861,1
chronos_bolt,0,taiwan,4654,0.3762369603474934,0.16327692960460258,0.012763579555878627,7.212997956248199,1.0,0.2084881896972668,-0.0003412458643784259,-0.00747401695357338,0.0,0.10757426452636665,-0.002032266235466195,0.0016344323987154716,0.0,0.4550273895263679,-0.002098963467379894,0.013320779555021624,0.0,0.5441302337646476,-0.0032984489613295323,0.015135021850764504,1
chronos_bolt,0,uk,4654,0.01581521791183167,0.0003770662936124379,0.019447787828490028,5.543658004605961,0.0,0.003016772304992643,0.0013531274479720093,-0.0024544738450879445,1.0,0.0034319154443970268,0.0030531441523492697,0.00735984922571448,1.0,0.015625719627166745,0.007915367878722709,0.027282272377948932,1.0,0.02502278226495358,0.01722150550367371,0.04777597315925619,1
chronos_bolt,0,australia,4659,0.06757823379643756,0.005517628656909873,0.04764609917585852,10.052554017186276,1.0,0.0006831110000611318,0.0013238169649154752,0.0008306998220358059,0.0,0.03611777462005605,-0.0009238075732510846,0.024865328119513003,0.0,0.06558857276916497,-0.0024300152575455884,0.04398853232675245,0.0,0.09639738044738766,-0.005868741439791544,0.061856614699256775,1
chronos_bolt,0,canada,4659,0.02548601254145304,0.0007572686495167162,0.019890775739284695,5.243439661776849,1.0,0.0027393749237061282,-0.0008033939335532436,-0.0029843047833581346,1.0,0.020232992744445788,0.0005298824374790004,0.016471331484216124,1.0,0.030935745429992778,0.005597759955349815,0.02974895491774499,1.0,0.029256129074096693,0.011529976642932475,0.03425112702464557,1
chronos_bolt,0,denmark,4659,0.250918783493042,0.08928060254818466,0.03550899499530429,10.447403202255938,0.0,0.0036933151245115425,-0.0003810607862968927,0.00015132790263195186,0.0,0.13559723510742216,-0.0014058832741594442,0.017976551706670934,0.0,0.16157785110473633,-0.004923835489815207,0.01821010644623976,0.0,0.5020347732543948,-0.008058379386754605,0.062348911704881174,1
chronos_bolt,0,eurozone,4659,0.06554087498982747,0.006076982939842684,0.03527883766707333,10.379014950218387,0.0,0.0010981565475463029,-0.0004924911508241812,0.00010963409631377975,0.0,0.035703139114379834,-0.001400612620228584,0.018009695098177844,0.0,0.042360860252380395,-0.004869364437892605,0.01819812293760266,0.0,0.13043140926361074,-0.0078046331701303465,0.06178001227594321,1
chronos_bolt,0,japan,4659,4.182757425944009,20.00854646833181,0.03130582225152103,9.492837178279249,1.0,0.532174072265633,0.0005951636676180185,0.004655430830437964,1.0,3.0477441406250136,0.003529856499685148,0.026496115228737165,1.0,2.864398803710941,0.006675707167446767,0.02820806205548009,1.0,7.278084716796883,0.004441567655752885,0.05838797571662403,1
chronos_bolt,0,norway,4659,0.4024062683105468,0.19178044841843803,0.04116746810659955,10.18467513069899,0.0,0.0865618484497066,0.003253716539988408,-0.0059291861176490315,1.0,0.2249035888671873,0.0009738249827449135,0.02449879485854349,1.0,0.4442112152099611,0.0074926549067550795,0.05314453031686065,1.0,0.516065074157714,0.021603593117896135,0.07372650306928405,1
chronos_bolt,0,south_korea,4659,45.376656087239574,2330.9105052514274,0.035678008543364684,9.726218361631053,0.0,1.3144042968749545,-0.0010581749713454854,0.0,1.0,25.91127929687491,0.00011161326177503291,0.02074407989924076,1.0,56.8321533203125,0.0017026426000434772,0.046342614524116095,1.0,76.50314941406259,0.005494093330043484,0.06491310900103081,1
chronos_bolt,0,sweden,4659,0.47578367294311524,0.2854621168494134,0.04729992821598602,11.803267180186149,1.0,0.0031115921020514747,-0.0012615831831795214,-0.0009425843901025571,0.0,0.2510255096435543,-0.0007658343584216786,0.02463516336111203,1.0,0.4095269058227533,2.796624255547778e-05,0.04110951078717823,1.0,0.6987402359008783,0.002721308124637938,0.0716512226325887,1
chronos_bolt,0,switzerland,4659,0.011365050093332914,0.00021981115442047913,0.01168119029910436,2.5608550669427785,1.0,0.0034967968940734506,0.0003150484246339352,0.003941300543536927,1.0,0.02485134801864619,0.001296796604328743,0.026762593864083053,0.0,0.005835120201110877,0.0016459506823938894,-0.004426514192995065,1.0,0.012544386482238767,0.0042058621153968495,0.017104121058696024,1
chronos_bolt,0,taiwan,4659,0.29213788096110005,0.10386335250211423,0.00986870273847294,5.600698922213513,1.0,0.034945449829102415,0.0019695293252871104,0.0007822198436494472,1.0,0.13666081237792937,0.0019319644684238821,0.006561847969388815,1.0,0.3031837768554695,0.00252525955228687,0.01276185098222772,0.0,0.5794218292236337,-0.00033762602925232425,0.01919069567862507,1
chronos_bolt,0,uk,4659,0.011149648067145801,0.0001815504463628172,0.01354966155804179,3.9082506545629747,0.0,0.005378882291809051,0.0039403721682653575,-0.002791182490208144,1.0,0.0054766447757262915,0.007696794795418198,0.014479017139843495,1.0,0.0018130826994323668,0.017816863813278176,0.02004463049463085,1.0,0.018214334477020255,0.03329577756340113,0.055117035944047016,1
chronos_bolt,0,australia,4664,0.04537527888361611,0.002439654329798716,0.03161781927413231,6.749768622193384,1.0,0.02168763015747066,0.0023954606862178606,0.017531376176076113,0.0,0.032592324295043884,-0.0018996237990729105,0.020857486417804466,0.0,0.044304539184570224,-0.006161827879303635,0.02477788471854047,0.0,0.031069843025207433,-0.009376594732100615,0.012490048923762615,1
chronos_bolt,0,canada,4664,0.01318853587468464,0.00023048390765102982,0.010225029739086032,2.7133821728138257,0.0,0.009270778465271023,-0.0012285485219999813,0.006000641447105338,0.0,0.028163358879089273,-0.00024496600757665165,0.021535308672510117,1.0,0.008742557716369559,0.0014508111232041118,0.0082513214813909,1.0,0.004002611732482952,0.006468743464589235,0.0033554459886700146,1
chronos_bolt,0,denmark,4664,0.15773115130106605,0.04090203693134395,0.021984042254006783,6.567387711107603,1.0,0.06661966094970673,0.0011785884559321115,0.010554392037388094,0.0,0.05228957138061485,-0.0004020643361399829,0.006975993304492572,0.0,0.06849583587646446,-0.00269986240090007,0.006975993304492572,0.0,0.23174515533447249,-0.0026784738913480607,0.02968702704219676,1
chronos_bolt,0,eurozone,4664,0.04078110777537027,0.002736335975608468,0.021620604348317987,6.4580725745991385,1.0,0.01708475856781,0.0011651215702287309,0.010311164377184672,0.0,0.013712061882019011,-0.0004103904938301247,0.006948291559218136,0.0,0.018278461265563983,-0.002576115243446497,0.007242326658435091,0.0,0.05894891548156744,-0.0024252264745319705,0.02889523273103854,1
chronos_bolt,0,japan,4664,2.049275024414062,6.259715175911243,0.015119792960284588,4.650863571388309,0.0,0.8904467773437545,0.003980941582411864,-0.0026481189598055277,1.0,0.6823596191406125,0.002809328203112186,0.007865584275957458,1.0,1.5812878417968648,0.0002883493660983158,0.011996145192090213,0.0,2.4704455566406125,-0.004932213093636647,0.013393718056568422,1
chronos_bolt,0,norway,4664,0.22203145640055333,0.06368814370014074,0.022398262189195377,5.619490625057753,1.0,0.2226418487548827,0.0020353456078417995,0.02474530951962782,1.0,0.32989020690918025,0.005089814388217928,0.03845760081533393,1.0,0.13450692749023396,0.007430438752354904,0.021138370594558326,1.0,0.03229097442626916,0.019873270034159042,0.0231404643606498,1
chronos_bolt,0,south_korea,4664,25.475296223958335,717.6936654336059,0.019753267905139718,5.460479358044451,1.0,11.644726562499955,0.0027980469291697756,0.011908166883568428,1.0,16.772045898437455,0.0013215475412496546,0.01443602324745554,1.0,24.64658203125009,0.0038570105057801206,0.023021758782248415,1.0,33.123095703125045,0.008613859332924745,0.03416553542842361,1
chronos_bolt,0,sweden,4664,0.3566072377522787,0.16309589026046378,0.03509378185878663,8.846731708007884,0.0,0.19637749633788992,-0.0014075371518941328,0.018050531178887688,0.0,0.23209829406738258,-0.0024857937192898846,0.020495813714941608,0.0,0.320558264160157,-0.008197353007701469,0.023584287181309692,0.0,0.28263575134277374,-0.008966018334870944,0.01912934870347865,1
chronos_bolt,0,switzerland,4664,0.016720484501520798,0.0003609528038593449,0.017141098306522808,3.7675801783378424,1.0,0.006844533252716056,0.0018755777357742074,0.008764033127762003,1.0,0.015700248813629192,-0.0005057697946592441,-0.016526772486103854,1.0,0.027582482242584194,-0.003463793151845411,-0.03186783520872436,1.0,0.02274715938568117,-0.004820463667215223,-0.0282185766495024,1
chronos_bolt,0,taiwan,4664,0.0918806838989255,0.01133198902329604,0.0030853392658923558,1.7614834666151156,1.0,0.09492134094238125,0.0020117540804129265,0.005208564589850295,1.0,0.06538850402831997,0.003041170276703311,0.0052421887723656385,1.0,0.011377807617186875,0.004607247062095955,0.004989979841151265,1.0,0.16441532897949074,0.006085270655640868,0.011593650929419785,1
chronos_bolt,0,uk,4664,0.010348435115443937,0.000156806711863564,0.012513280432077575,3.627404028366751,1.0,0.012075101102813734,0.002361788982578082,0.017120278093740924,1.0,0.006325718184814422,0.00543688896679421,0.013171767196169437,1.0,0.0055335628095702916,0.009388769439818184,0.01613168725484859,1.0,0.003552136544128448,0.0203625836245402,0.024649062684373692,1
chronos_bolt,0,australia,4669,0.01745892504374186,0.0005394732573384423,0.012010896184628665,2.5970904716582477,1.0,0.012329991989135758,-0.0009600531282520088,-0.009516746816071774,1.0,0.004801141929626551,-0.0023768390900240116,-0.0057047273970239586,0.0,0.025473722648620578,-0.007667161778777861,0.009898792484105391,1.0,0.006726328544616633,-0.006054487546034199,-0.010737156397474091,1
chronos_bolt,0,canada,4669,0.018790813223520927,0.00041351592797403685,0.014440241919493892,3.8659831612730216,0.0,0.012285390090942316,0.003730327191209349,-0.005677038645489793,0.0,0.01741392955780019,0.0012338846856496822,-0.012160543913371723,0.0,0.01352110462188727,0.0032620426457698557,-0.0071013483848808845,0.0,0.029496924781799327,0.0027859906605590405,-0.01997323548417982,1
chronos_bolt,0,denmark,4669,0.15028068789164223,0.030039847640265478,0.020840054222688472,6.257175800311919,0.0,0.057678711700439145,0.0005661989473182084,-0.007570742536105504,0.0,0.0668696258544923,0.0014005561337257371,-0.008031208039436756,1.0,0.19170558624267553,0.0016496769000195908,0.02819977370109406,1.0,0.1792055755615234,0.0013057641752260212,0.026154440484715914,1
chronos_bolt,0,eurozone,4669,0.03892422245661417,0.002012239575733729,0.02053604410845879,6.164017292499199,0.0,0.014982748031616255,0.0005253254500418072,-0.0075137882015045895,0.0,0.01791136875152577,0.001341897675941644,-0.008268281514222408,1.0,0.049956088638305696,0.0015461434231736036,0.02786635556428734,1.0,0.045518688583374045,0.0012724484373394032,0.025289068097970876,1
chronos_bolt,0,japan,4669,1.7064979451497388,4.702135054553569,0.012554770042653273,3.872925319047998,0.0,0.3719445800781216,0.0003099750879674017,-0.002442094013210331,0.0,0.16879394531250114,0.0006930148842624565,-0.0005544979163570907,0.0,0.8352130126953057,-0.0013698946954545052,0.004792812595965675,1.0,0.07264099121093182,-0.011689768063400812,-0.01223313699396078,1
chronos_bolt,0,norway,4669,0.34509244257609056,0.15859184006617777,0.03409090582966871,8.734094606559491,0.0,0.2228717132568363,0.006042154262860415,-0.01624184830610447,0.0,0.28948881072998134,0.0106804299825836,-0.018225534157893148,1.0,0.19995285949707053,0.02254973004058565,0.0029105017069042042,0.0,0.8628487777709957,0.04645500987610957,-0.03903669351736953,1
chronos_bolt,0,south_korea,4669,14.543209635416671,269.5172450734379,0.01119412277577448,3.117251132853237,0.0,5.102636718750091,-2.0482571663424056e-06,0.003953953284754536,1.0,10.499438476562545,0.00031111568102466683,0.008431687933779571,1.0,10.5684814453125,0.0014605335808562496,0.009624936598236503,1.0,8.081689453124909,0.002884293308106319,0.009124715336098339,1
chronos_bolt,0,sweden,4669,0.15157862075805675,0.03980817018901699,0.014692270791295928,3.7603706502668532,0.0,0.12436209564208944,0.0009551316921600973,-0.011281312733866636,0.0,0.08760423278808638,7.872130752100479e-05,-0.00853294470003584,0.0,0.3377452865600592,-0.0015375551436421643,0.031037996081052968,0.0,0.04998339996337897,0.0028672611836670758,-0.0020234243918597255,1
chronos_bolt,0,switzerland,4669,0.011622548364003497,0.0001867936006433434,0.01199587166183917,2.6188764347115487,0.0,0.00929166631698608,0.003943934225158372,-0.00562190407127487,0.0,0.02253343477249148,0.0053689228924538234,-0.017955853460411647,1.0,0.0045063825607299934,0.005392401414836274,0.0007711884395473442,0.0,0.023675768470764136,0.004030101487960073,-0.020524998929126893,1
chronos_bolt,0,taiwan,4669,0.06220803324381509,0.007289634360469291,0.002087441971329438,1.1926165261260666,1.0,0.048900329589844915,0.001961704926234717,0.0003193733585722203,0.0,0.1264534912109383,0.0038409544600890404,-0.0004035648280768312,1.0,0.05148620605468679,0.0037080625322091568,0.0019818282968344573,1.0,0.0263080444335948,0.007580490405952157,0.006702213352786621,1
chronos_bolt,0,uk,4669,0.007223238250434372,7.75611889639658e-05,0.008716045470584051,2.531938716838002,0.0,0.00827645039343261,0.003953603372184023,-0.006138503352538892,0.0,0.011764259893035867,0.005405140124349825,-0.008949611083637846,1.0,0.005554289947113045,0.008326100113833543,0.015013000183653884,1.0,0.011519936121978769,0.014865836165799933,0.0009445778386426933,1
chronos_bolt,0,australia,4674,0.017284029465993233,0.0005227213966740278,0.011892332524741712,2.571073999431686,0.0,0.001493760452270454,-0.0008222225760222153,0.00021520977829673452,0.0,0.037898125915527325,-0.0009850895790718484,0.02501261665664607,0.0,0.052150173645019615,-0.0003264947606831401,0.03525267164311912,0.0,0.009487727432250903,-0.002612398743701283,0.0039704451864588115,1
chronos_bolt,0,canada,4674,0.008848467947642024,0.00011147151544827097,0.006833546550091049,1.8204655478044496,0.0,0.00544827919006341,0.0013528704190130887,-0.002869219912628511,1.0,0.003353275299072367,0.003249535118802716,0.0006579838837819231,1.0,0.014922735214233374,0.007273518395179586,0.01867994404152173,0.0,0.0023984039306641503,-0.0009671734083337099,0.0008901101615189493,1
chronos_bolt,0,denmark,4674,0.20771064628601074,0.05085914542392927,0.0288605878380762,8.648363589772044,0.0,0.036201522827148835,7.107043990050296e-05,-0.00507204224329625,1.0,0.09453911132812465,0.001198310807439684,0.014491070198500601,1.0,0.36251704788208006,0.003647154517159205,0.05356699380742945,1.0,0.25461867523193327,0.0011941261876855832,0.03659992744820652,1
chronos_bolt,0,eurozone,4674,0.054397761669158926,0.0034826218143485404,0.028760767969196525,8.614397987671778,0.0,0.009452045631408668,8.19685688937076e-05,-0.005026494206499757,1.0,0.02524370517730712,0.0011079903257264724,0.014610910175170301,1.0,0.09508771324157705,0.0035316633072753245,0.05335333241217525,1.0,0.067131136894226,0.001087832014935823,0.03660252198735983,1
chronos_bolt,0,japan,4674,2.289614786783853,7.038244063666818,0.016918654680343533,5.196318638299783,1.0,0.20066101074218068,-0.0016702375162375958,-0.0001849009860490586,1.0,0.6189825439453216,-0.0053684930511809364,-0.0007768139921215857,0.0,4.7882318115234455,-0.005920701000438979,0.029080502737944103,0.0,3.052061767578124,-0.02188438889424891,0.0009239924520419575,1
chronos_bolt,0,norway,4674,0.19446286437988275,0.05414366647043994,0.019509374927907663,4.921745148278481,0.0,0.11726141510009747,0.004257186916803533,-0.007642494276087586,1.0,0.04207574615478471,0.006661542395160081,0.010886949364119498,1.0,0.2713593963623051,0.01602867113876973,0.04272317272183908,0.0,0.32163626098632747,0.024946224434222616,-0.007351591121819744,1
chronos_bolt,0,south_korea,4674,7.735716145833354,97.86500435141738,0.00592969953689565,1.6581050898355707,0.0,12.778125000000045,0.0008686143261142737,-0.009014472494828037,0.0,1.082373046875091,0.00017898032074723465,-0.0006549671787377088,1.0,12.129785156249909,0.001362662929129922,0.010650217512301791,0.0,0.897314453125091,-0.0005372837758210443,0.0001540476010132495,1
chronos_bolt,0,sweden,4674,0.1569946878560384,0.04703212605037287,0.015220689613203399,3.8947327367753073,0.0,0.07589950714111282,0.001509326100585006,-0.006000790383691964,0.0,0.22178843383789015,-7.29055934638595e-05,0.021588753912923416,1.0,0.4066390411376961,0.007481172970204258,0.0465545692880814,1.0,0.02960715942382741,0.004378085131310892,0.007284098495955436,1
chronos_bolt,0,switzerland,4674,0.01027599293708802,0.0001612513144521559,0.010653061740632784,2.315460852763635,1.0,0.0003248655319213478,0.0018570644835628003,0.0015174112740739968,1.0,0.0074279494285584,0.001017496074236731,0.008758723424844092,1.0,0.028171033096313525,0.0025405903599904846,0.03154412955708034,0.0,0.008507329940795949,-0.00011241134571966266,0.008758723424844092,1
chronos_bolt,0,taiwan,4674,0.18657909698486297,0.047615030655896694,0.006260706287268595,3.576986811682382,0.0,0.1980896759033186,0.0025729485521825916,-0.004095292772934269,1.0,0.013135299682616619,0.0016514090487396798,0.0012102062189060401,0.0,0.17182630920409991,-0.0002296442209738491,0.0055347909771753055,0.0,0.3417329254150374,-0.0038498758046077424,0.007623329008393235,1
chronos_bolt,0,uk,4674,0.010794053613420621,0.0001694800317649695,0.013041505641948696,3.7836052623352576,0.0,0.003845334601226824,0.0036625484848559703,-0.0010572110648884724,1.0,0.015465754673828158,0.004679095750086835,0.02342104576944915,1.0,0.02822592535632329,0.008216071921167065,0.04204324407641425,1.0,0.004559149210357716,0.013419916011519319,0.01893319221943508,1
chronos_bolt,0,australia,4679,0.036082326895395936,0.001837685256957958,0.024730153914076087,5.367401895621337,0.0,0.01908912433624277,0.0009604971037913997,-0.012037381075305713,0.0,0.022240308876037673,0.001076296542196699,-0.014081810376465524,0.0,0.03419949073791506,0.004876759697095695,-0.018438425994872918,0.0,0.0790017223739623,0.006870883756737502,-0.04772219363811748,1
chronos_bolt,0,canada,4679,0.009760921421051042,0.00013020588761627946,0.007545888231190729,2.0081918437174355,0.0,0.006880353927612326,0.0024194765298815816,-0.0029061339837288913,1.0,0.0033816379547120246,0.004232961391973611,0.0016237535462775995,0.0,0.016130294609069784,0.009879682223917411,-0.0025569516488068104,1.0,0.00855737705230708,-0.0030168292430851136,-0.009681069370788742,1
chronos_bolt,0,denmark,4679,0.14797429857889818,0.02471361018717448,0.020437430608864358,6.161145607768446,0.0,0.029648798370361718,0.0009491751818172144,-0.003196689919011936,1.0,0.139525356292725,0.0022357495111551967,0.021493872092464242,1.0,0.14048115921020532,0.0004634534475547378,0.019886292179619083,0.0,0.12905834045410192,-0.0038636640349015306,0.014070625715963602,1
chronos_bolt,0,eurozone,4679,0.0383395585378011,0.0016623487671707335,0.02014676107695663,6.071430253416245,0.0,0.007717348289489667,0.0009916439020484142,-0.003112987920133284,1.0,0.03613601684570322,0.002236417287826784,0.02121168196633683,1.0,0.03602406406402592,0.0004387295210178055,0.019389476594237738,0.0,0.03453576126098623,-0.004011841515384862,0.014243376395664599,1
chronos_bolt,0,japan,4679,1.4670458577473957,3.2566234097690927,0.010822887847350197,3.329484845160961,1.0,0.15997802734375455,0.0034726443062250882,0.004651858052781624,1.0,0.2520574951171852,0.005152248545313582,0.007006445064606843,0.0,3.000435791015633,-0.002077691014019382,0.019931049950547695,1.0,0.370420532226575,-0.013264663265910892,-0.010490387103953006,1
chronos_bolt,0,norway,4679,0.3107778188578287,0.14129828849574658,0.031173648384067772,7.865610881716094,0.0,0.15729097900390698,0.002786113925324974,-0.013057313599812565,1.0,0.02243381805419986,0.009044806866327509,0.011270223124285009,0.0,0.18051634674072226,0.01766734247048467,-0.00026559693065940837,0.0,0.6432807128906255,0.02549002693503846,-0.03941333906903795,1
chronos_bolt,0,south_korea,4679,5.4332828776041655,48.95575111937531,0.00415448486539271,1.1645921106767039,0.0,3.227636718750091,0.0021002607986809856,-0.0003854752958069823,1.0,0.734277343749909,0.002912682637444186,0.0023481870091198267,1.0,3.0391845703125,0.00565769640795088,0.007984380830090015,1.0,2.4431884765624545,0.005797467075760246,0.0039233837541334075,1
chronos_bolt,0,sweden,4679,0.19164751241048184,0.043405312854593404,0.0185518777638199,4.754401889005996,1.0,0.002145237731934202,-0.00047307942873376805,-0.00026573450380668436,1.0,0.1376575454711908,0.003562947193708196,0.016728774241160205,0.0,0.19522964172363366,0.006704940678740415,-0.012209439866489018,0.0,0.19098786315917948,0.005668692792022789,-0.012850266407874912,1
chronos_bolt,0,switzerland,4679,0.008687852595647172,0.00010844666828561544,0.009020710169448313,1.9576096152419584,0.0,0.002884241199493376,0.001073123658858534,-0.001922428046406688,1.0,0.010821162509918159,0.0023111994168345373,0.013456932725358774,0.0,0.00738858652114871,-0.0011827251194531084,0.00646749117643951,1.0,0.015774178028106656,-0.003354513915588626,-0.01992202191370078,1
chronos_bolt,0,taiwan,4679,0.03881720123291063,0.002252151682482291,0.0012977188923033582,0.7441809887621393,0.0,0.07742335510253895,0.0021955840801500767,-0.0004032393616251133,1.0,0.09205636596679767,0.0039751681954536345,0.0008899113194654255,1.0,0.0356784362792979,0.00606851169388048,0.0048763827138968464,1.0,0.06807553100586006,0.00953196788371453,0.007263994984769474,1
chronos_bolt,0,uk,4679,0.011023085300546272,0.0001708849960186234,0.013236258072939648,3.8638870107576206,0.0,0.008521826011535616,0.0011100904759312553,-0.009162014731696564,0.0,0.004144273818725619,0.0032654300721466365,-0.0017060950882826814,1.0,0.0015522691966858293,0.006570373133694512,0.0047172846992773595,0.0,0.01639572543450929,0.010386926434640778,-0.009285810354399751,1
chronos_bolt,0,australia,4684,0.03110598759587607,0.001199726849677525,0.02142780277687139,4.627149941612626,1.0,0.024132448654174743,0.0027210179753996647,0.019113887755881666,1.0,0.007345895385742152,0.005905150198465112,0.010907721278782517,0.0,0.03439641010284422,0.009157947381629212,-0.014526794060206204,0.0,0.015966515617370503,0.010762690463001977,-0.00014422829303331958,1
chronos_bolt,0,canada,4684,0.009589447720845549,0.00012662248369828768,0.007419707587434825,1.9729131982586097,1.0,0.003006282615661604,0.0016934063283638974,0.004009412055976265,1.0,0.0028461454391479624,0.003935425679216585,0.006123293351231418,0.0,0.014518481063842792,0.004331380197773614,-0.006899787044377319,0.0,0.006449255180358993,-0.0002698669669692025,0.004701719775935426,1
chronos_bolt,0,denmark,4684,0.062134723993937276,0.006026040908867727,0.008520116108946185,2.587078198725406,1.0,0.05353670349121131,0.0013815874116048375,0.008663660577872065,0.0,0.07689916076660186,-0.0010257016233429748,0.00944263244218961,0.0,0.045890609741211286,-0.004300499764187614,0.001980266275861076,0.0,0.2027852188110355,-0.015385728119078661,0.012376950493661852,1
chronos_bolt,0,eurozone,4684,0.01625753339767455,0.0004119332447247675,0.00848087828952287,2.5745335596195265,1.0,0.01421380958557128,0.0015001436180116716,0.008855343851398018,0.0,0.01923846759796133,-0.0006964544826750086,0.00926771499126228,0.0,0.011014717483520453,-0.0039687062505438546,0.0017669685503673848,0.0,0.053924111366272065,-0.015027359719100252,0.013048437831168574,1
chronos_bolt,0,japan,4684,1.6021525675455743,3.6643203917363505,0.011851677039550259,3.636111758271438,1.0,0.9098284912109307,0.003449535430681758,0.010091124350269062,1.0,2.352883300781258,0.0012274586101152295,0.018351143055801024,1.0,0.008375244140637506,-0.011171750450198845,-0.011233997159312177,0.0,4.711710205078134,-0.027280222147130957,0.0076872770388746615,1
chronos_bolt,0,norway,4684,0.5211562461344401,0.3396662462432593,0.051820259465819134,13.190169928261923,1.0,0.033784294128418324,0.005485913813740023,0.008809717021022028,1.0,0.06401209716796963,0.013118368365848555,0.006838469064895283,0.0,0.5949113021850589,0.027787372355004374,-0.0312554532610977,0.0,0.6629874603271482,0.036779526401546865,-0.028636561550906988,1
chronos_bolt,0,south_korea,4684,5.9874820963541655,62.201318637013486,0.0045710082407328136,1.283381441627947,1.0,0.685522460937591,0.0021619780191087057,0.0026878639996763065,1.0,20.58811035156259,0.003961605440177748,0.019608098090172867,0.0,10.654272460937591,0.007549310045482153,-0.0006153846348052097,1.0,19.85146484374991,0.0042959997798483794,0.01938185374531621,1
chronos_bolt,0,sweden,4684,0.350655587310791,0.15291212457820755,0.03362372936910268,8.69908284084646,1.0,0.03793039245605456,0.0038283821038101323,0.007412139427283585,0.0,0.12437892761230529,0.008522433240526123,-0.0032643378975126197,0.0,0.439037313842773,0.01569498496281277,-0.02623756221018734,1.0,0.049181796264647915,0.011298005195890174,0.006666786057556511,1
chronos_bolt,0,switzerland,4684,0.010427919486363712,0.00016492382767274027,0.010854542453324364,2.3496940387435212,1.0,0.0028832099914550824,0.0006315633084885999,0.0035785529728485908,0.0,0.002717666721343992,-0.00017175163399859152,0.002608496990925927,1.0,0.013893811607360806,-0.006222524145325295,-0.020645961395082665,1.0,0.006151053428649855,-0.011226301822225978,-0.017618187104563934,1
chronos_bolt,0,taiwan,4684,0.040251969401042,0.0025845709957090304,0.0013421914836068969,0.7716875363774061,1.0,0.040383422851562045,0.0024602047812663647,0.0011070854592896153,1.0,0.059884857177735284,0.0036893791674846277,0.005690106226575949,1.0,0.05075402832031273,0.006382556323704649,0.0046883196235024014,1.0,0.09535066223144639,0.011276683781424875,0.008106955333270084,1
chronos_bolt,0,uk,4684,0.014233681638714605,0.0002573663835631857,0.0170537956007439,4.989287127839163,1.0,0.005908995649475113,0.004746255222534314,0.011793872766119783,1.0,0.006437946785522453,0.007042371270519937,0.0147009120105054,0.0,0.019398832785217257,0.014647452721541327,-0.008610750305181764,1.0,0.00015486200451664267,0.01890000404888807,0.018717237127944934,1
chronos_bolt,0,australia,4689,0.04623491756693523,0.0023418198395649364,0.03170955270152152,6.87764358745748,0.0,0.016488940315246614,0.0030921103012575865,-0.008137085483840165,0.0,0.044065507202148524,0.005713898740438524,-0.02450123765598121,0.0,0.0466427396011353,0.00759471286077451,-0.024355056634890022,0.0,0.047038819046020475,0.010789231918486018,-0.02133181710537433,1
chronos_bolt,0,canada,4689,0.01294615619659425,0.00022076226003505254,0.010004841961856626,2.663515477690737,0.0,0.015652481079101666,0.0027624261506628872,-0.009295933944821106,0.0,0.023413698768615765,0.003651238087775309,-0.014424349551759443,1.0,0.014017767333984299,-0.0020617358855963747,-0.012906396550354736,1.0,0.0016461015701294546,-0.003920831279923605,-0.0026526744117375697,1
chronos_bolt,0,denmark,4689,0.08119405502319325,0.008092482405523037,0.011063416467739137,3.380643802925884,0.0,0.08898828506469769,0.0007903117837380017,-0.011324100541895388,0.0,0.11043700408935564,0.00037734660759928016,-0.014685332956013535,1.0,0.07449964599609338,-0.0029769572134618304,-0.01314736757290932,0.0,0.07730424346923837,-0.004894446159613346,0.005570556030443157,1
chronos_bolt,0,eurozone,4689,0.02176188797632853,0.0005793277515407831,0.011280463149243396,3.4461999582145975,0.0,0.0238529769897462,0.0009030022870272134,-0.011454760228769347,0.0,0.029893953323364197,0.0006408754670980829,-0.014875084446726838,1.0,0.02020586700439453,-0.0025254150976095364,-0.013019869062445961,0.0,0.020493385887145887,-0.004283219832913015,0.006267680420509577,1
chronos_bolt,0,japan,4689,2.439277567545572,8.39551221904239,0.01795473951757329,5.5359807952796025,0.0,1.1584411621093693,0.004308927864781318,-0.004049027620709867,0.0,2.7004223632812625,0.0011569043151270942,-0.018498142431318563,1.0,4.220957031250009,-0.008908073012389288,-0.04012020477740513,1.0,1.5022540283203227,-0.020538180130686916,-0.009534066527249955,1
chronos_bolt,0,norway,4689,0.5827421872965494,0.36715628482615953,0.058087008972421965,14.74887527842405,0.0,0.17456557006835993,0.004777920181071047,-0.012467668244429296,0.0,0.3504099456787113,0.008697252426028278,-0.026087243850090903,0.0,0.5648826934814455,0.014870645163247272,-0.04145798941066429,0.0,0.7557521469116217,0.027551842107825814,-0.04755436154089396,1
chronos_bolt,0,south_korea,4689,18.373460286458325,405.97301374610237,0.013925957168852705,3.93824274889889,0.0,10.399389648437591,0.0012053130938618141,-0.00665786457844583,0.0,16.302807617187455,0.002336978043740282,-0.010003493673366469,0.0,19.67355957031259,0.0027286642385135323,-0.012176537360298311,1.0,0.6608398437499545,0.0042970845307817454,0.003800783547020966,1
chronos_bolt,0,sweden,4689,0.2540549790954591,0.08443873142399712,0.02450306271470571,6.302609709515679,0.0,0.1981612426757806,0.0023433362784870027,-0.016682152511168273,0.0,0.3171042770385739,0.0027230120841654146,-0.02788671056799822,0.0,0.3875440170288087,0.0036390086201582303,-0.03386424386329784,1.0,0.019132347106934233,0.008118982160293952,0.00992640475903136,1
chronos_bolt,0,switzerland,4689,0.017079959529240907,0.00036193247033130475,0.017711659936232242,3.848579684597517,1.0,0.0032468556404113835,-0.0017926303304345234,-0.005121125546642821,1.0,0.01570588388442995,-0.0023464357830241356,-0.01856010384411552,1.0,0.0170192112922668,-0.004690750140140554,-0.02231382286514771,1.0,0.010884547805786182,-0.004931640182588637,-0.01616925031438466,1
chronos_bolt,0,taiwan,4689,0.1779646438598636,0.03487605807134451,0.005915732611990224,3.4118354859661966,0.0,0.1132123870849604,0.002407272816750314,-0.0013693599548028755,0.0,0.17223361206054832,0.00470276115618995,-0.0010351967798165286,1.0,0.1645379486083982,0.006952659440936869,0.0014841375134267715,1.0,0.09302313232421966,0.011862117512856369,0.008789256996534075,1
chronos_bolt,0,uk,4689,0.02217743770099793,0.0005543395296969369,0.026402032648293265,7.7737866603033225,0.0,0.016517711624877918,0.005050107092468473,-0.014617754475553357,0.0,0.01970476138220212,0.0074614104959931545,-0.015988956119829957,0.0,0.02597384519418333,0.009268249480743484,-0.02170278345202259,1.0,0.011372994783569346,0.018312470594941198,0.004991128191087641,1
chronos_bolt,0,australia,4694,0.011450460255940764,0.0002442993507021973,0.007967403858961884,1.7033053955097162,1.0,0.00036997573852537435,0.0024127140783652603,0.0021557427577736034,0.0,0.008310977630615168,0.0034129511470925526,-0.0023697189034320464,0.0,0.03993730163574227,0.005184904482267135,-0.022863409522229816,1.0,0.009187190933227507,0.01005241106078851,0.016364152172140968,1
chronos_bolt,0,canada,4694,0.012127581291198737,0.00024659083004316206,0.009399780868372308,2.4951035647598743,1.0,0.0003185651779173959,0.0016201839471450573,0.001867922868682687,1.0,0.0017763542175293079,-0.00040801824348655216,-0.0017933728003396315,1.0,0.0035693769454956392,-0.0043569423979699755,-0.007153637605728032,0.0,0.028990454101562424,-0.003504324934398042,0.018906342919206096,1
chronos_bolt,0,denmark,4694,0.07084502298990879,0.008145236146656696,0.009643187972611001,2.9497453707733006,1.0,0.011252925109863199,0.002888999732741049,0.0013458490148848992,1.0,0.004292330169677783,0.004031075496582869,0.003443406747011493,0.0,0.12072296218872047,0.0047193868748409565,-0.011930577257501922,1.0,0.10535666809082045,0.00466062162533139,0.018968978572521587,1
chronos_bolt,0,eurozone,4694,0.01904904872258503,0.0005943769004837646,0.009862804773525665,3.0165963074163247,1.0,0.0029954393386841804,0.0028443565447738915,0.0012807278374715912,1.0,0.0013380723953246854,0.004039468584903364,0.003342126926150682,0.0,0.0305004806518554,0.0048270810533816745,-0.01117770859334699,1.0,0.029312003135681053,0.0049246901184805385,0.020066697022376602,1
chronos_bolt,0,japan,4694,3.031491617838542,15.446087634902584,0.022475860457038296,6.8800203800881,1.0,0.6634204101562489,8.5112257475281e-05,0.004949325447835722,1.0,1.9623199462890568,-0.0031854869191468406,-0.0177612707745716,1.0,1.7132330322265545,-0.012922766787846292,-0.025761764178478717,0.0,8.608623657226559,-0.03453889425096996,0.028906678005011878,1
chronos_bolt,0,norway,4694,0.2837342132568359,0.09437393646093187,0.028760788557870842,7.181152514391888,0.0,0.0706827377319339,0.0028982247554940497,-0.004246570283831313,0.0,0.3050799560546871,0.007350020857300171,-0.023719557062685317,0.0,0.5229064636230465,0.011834924625144436,-0.04177661797866601,1.0,0.15338386383056601,0.020786824514462388,0.005495225036477,1
chronos_bolt,0,south_korea,4694,14.34852539062499,284.10832318166854,0.010841212775985739,3.075521714255871,1.0,0.24079589843745453,0.0007543487890461961,0.0005710696289057642,0.0,19.33786621093759,0.0041710872333802825,-0.010604796844869636,0.0,12.590869140625045,0.002047386006075255,-0.007568843472517531,1.0,38.976635742187455,0.008058659288694234,0.037081430265221295,1
chronos_bolt,0,sweden,4694,0.16551652226765973,0.04095410065651331,0.01590596637087001,4.106142867357272,0.0,0.03762734832763748,0.0024599905389398238,-0.0012260192206201457,0.0,0.05889262542724616,0.0051029539156770345,-0.0006569593803966307,0.0,0.28974904327392537,0.010855458984639698,-0.017641728620828186,1.0,0.3173275466918941,0.017410298738964363,0.0475204475762438,1
chronos_bolt,0,switzerland,4694,0.008910627349217734,0.00012136222958070389,0.009283965548339186,2.0078068296653924,0.0,0.004114976978301987,-0.00011966889527310982,0.004154339463928705,0.0,0.009111135101318335,0.0006878365519491657,-0.008833194765728357,1.0,0.020569027137756324,-0.0010214642888191055,-0.02268339237796638,0.0,0.021097868061065728,-0.002707380294852033,0.01907077692231609,1
chronos_bolt,0,taiwan,4694,0.11809831237792992,0.019276395250951765,0.003915101886209612,2.264112715113384,0.0,0.08575886535644628,0.0022446470119393304,-0.000618289696765686,1.0,0.12054060363769636,0.004368606592649496,0.00035075119573257593,1.0,0.14628189086914034,0.005357464252908911,0.00048433834484754343,1.0,0.33777905273437625,0.010873362463750626,0.02197491194901841,1
chronos_bolt,0,uk,4694,0.011071451838534545,0.00015918338856867498,0.013221494218649014,3.8808407793979613,0.0,0.002964770690338181,0.0032740859053113467,-0.0002906192747332418,0.0,0.012955752409973154,0.005110147383136924,-0.010532717649561537,0.0,0.017876918960418653,0.006495128225034024,-0.015124018229834198,1.0,0.021343355388885543,0.013743522048425109,0.03877734545156469,1
chronos_bolt,0,australia,4699,0.015844516056060808,0.00041776583888110066,0.0109584238773312,2.3569401652240725,0.0,0.01893391723632809,0.004118255273122431,-0.009126913961544225,1.0,0.008502820281982348,0.0031054049181295576,0.009002874186909019,1.0,0.0018776367187500753,0.006265880801824145,0.004962996610212168,1.0,0.017666072463989213,0.007898502939786145,0.02005476221883815,1
chronos_bolt,0,canada,4699,0.016033417898813896,0.00037962160170394856,0.012398527697287932,3.2986823336033124,1.0,0.0005685588836670252,0.0005996242115249685,0.00015607319864683347,0.0,0.011732491302490322,-0.0004156569063882612,0.00870280173232717,1.0,0.010410596084594825,0.0005378846701744596,0.008625432293216898,1.0,0.022844279479980578,0.0001995512593688511,0.01786728635902224,1
chronos_bolt,0,denmark,4699,0.09976168952941888,0.013499309204892713,0.013557237335446759,4.153736839239121,0.0,0.08005293273925762,0.0034797583345817767,-0.0075056541398848846,1.0,0.01327034759521517,0.00422565025543264,0.002414278924054037,1.0,0.00440086593627953,0.005108798876888689,0.005708253525168028,0.0,0.11037750930786139,-0.001031436149444446,0.013987193027026869,1
chronos_bolt,0,eurozone,4699,0.026675745728810617,0.0009836186991183228,0.013788360576248103,4.224355621900411,0.0,0.020885546112060505,0.0034273997910039596,-0.007483028115205906,1.0,0.002291108131408759,0.004235268571780688,0.003045172375166584,1.0,0.0025993974685669663,0.005226057863634061,0.0065732449358526495,0.0,0.03070229415893544,-0.0006791629663873852,0.015210992505798104,1
chronos_bolt,0,japan,4699,6.648753407796224,68.6775321646164,0.049520176624542375,15.089455856860804,1.0,1.596803588867175,-0.0016714028331437294,-0.013711228815049402,0.0,2.944304199218749,-0.00939154380291949,0.01260263152964572,0.0,4.433358154296883,-0.021733598670277774,0.011604682785738714,0.0,14.604235839843739,-0.04439987272113709,0.06376661835898922,1
chronos_bolt,0,norway,4699,0.10245538452148431,0.01585395148850842,0.010463156360703137,2.59308785403136,0.0,0.11372936859130789,0.0034674099319119897,-0.008325223299908117,1.0,0.08885377502441472,0.004350103049098016,0.013459568237656781,1.0,0.08334946899414142,0.011370278858305003,0.0028095999310747883,1.0,0.08609261474609298,0.0174072067041451,0.02612082140201395,1
chronos_bolt,0,south_korea,4699,29.02371744791667,1474.3847987313666,0.021823801990652574,6.221062500110097,1.0,4.1102294921875,0.0006077519358357867,0.0037647464849110803,1.0,0.28415527343759095,-0.0007578540863588121,-0.0005389798013055627,1.0,15.841967773437545,0.004422530271457667,0.016490182048071622,1.0,75.861328125,0.004446011208048945,0.06095511277960982,1
chronos_bolt,0,sweden,4699,0.23129211166381847,0.07385606231068702,0.02212635834218493,5.737907258881281,0.0,0.14955268096923824,0.003295416117528962,-0.01143326189969003,1.0,0.03981937713623118,0.004669675957264398,0.0007745781877793047,1.0,0.14072021789550782,0.012654063682656974,0.02619112628022224,1.0,0.2558781188964847,0.01565605776563984,0.04006389592387375,1
chronos_bolt,0,switzerland,4699,0.012828394076029474,0.0002511087655321859,0.013344762059058584,2.8905862887142564,0.0,0.003226874160766613,0.0005530538421950372,-0.002838969363800904,0.0,0.012342888832092336,-0.001568731740126536,0.011327868893559303,1.0,0.0011045390129089672,0.0008873224950513807,0.0020453658631936615,1.0,0.008739712524414078,0.00043070046873624335,0.009561451144148699,1
chronos_bolt,0,taiwan,4699,0.20105465799967454,0.09476116621670147,0.006614551967071749,3.8545039166444957,1.0,0.023047882080078352,0.002536704430720928,0.0017685830921776544,1.0,0.06235604858398602,0.002596940602280601,0.0005175508275297939,1.0,0.06780946350097494,0.004608763585293921,0.0023518629747266233,1.0,0.6892691040039054,0.009464799477268757,0.03201272444322127,1
chronos_bolt,0,uk,4699,0.014715340871945185,0.00035619872912916,0.017424880941977385,5.158121606040913,0.0,0.011362358274658257,0.004615729698407053,-0.009243040797144522,1.0,0.004349877302551319,0.0037794615894259182,0.009039003297154775,1.0,0.0021835295269470034,0.011027257122089863,0.013651807086742296,1.0,0.02631627879818721,0.018485892214339158,0.049439566353664796,1
chronos_bolt,0,australia,4704,0.020526766030629483,0.0006199558151672019,0.01414551644167084,3.0534450625420897,0.0,0.01960506214141855,0.0009919230745264024,-0.012645050513777685,0.0,0.04189973834991445,0.0026449491718258805,-0.026680022167930202,0.0,0.012914300079345686,0.00139201706366105,-0.007566432966484533,1.0,0.04194080787658683,0.0023065514509515955,0.030833057913699703,1
chronos_bolt,0,canada,4704,0.013137683868408197,0.0002618617076101995,0.010105637287599323,2.702919985912005,0.0,0.007977743530273473,2.1463953063020903e-05,-0.006169625530193523,1.0,0.01140302200317378,-0.0010426523799938825,-0.009913195648525679,1.0,0.000985793876647989,0.0008783375068561037,0.00011604293601632136,0.0,0.035446762275695765,-3.61789653061011e-05,0.027019388371282118,1
chronos_bolt,0,denmark,4704,0.10433031712849929,0.013005923934196787,0.01416327120505721,4.343958926019926,0.0,0.05962364578247037,0.003052055515483867,-0.005102139237706084,0.0,0.09031345520019496,0.004323375914184982,-0.008038231533742207,1.0,0.11690827026367145,0.0020460957318757574,0.017859914570575296,1.0,0.09421815490722629,0.00014096213797906557,0.01292923995051547,1
chronos_bolt,0,eurozone,4704,0.027528770720163968,0.0009069983076029222,0.01421148292477959,4.359440164783619,0.0,0.015922137069702247,0.003176932126770368,-0.005106571463845753,0.0,0.02348900279998789,0.004480075653033282,-0.0077482354165250115,1.0,0.030823105049133215,0.0024019440768787543,0.01825746937503006,1.0,0.024584381484985318,0.0006835597267805385,0.01337173696588924,1
chronos_bolt,0,japan,4704,5.60228837076823,47.41978069133736,0.040919093298838846,12.71448614246798,0.0,0.9209350585937557,0.0022209981469222114,-0.004591410295013297,1.0,1.3105944824218625,-0.0024367876628451682,-0.012191193548116335,0.0,3.219047851562493,-0.013905746219865857,0.009925092501626088,0.0,10.66871398925781,-0.022972063505433512,0.0545978876772591,1
chronos_bolt,0,norway,4704,0.1571266498819987,0.031513305091374906,0.01596916431442398,3.9767866692082965,0.0,0.12822510070800774,0.003847779984295018,-0.009273874494450421,0.0,0.27477523498535206,0.007065376298427449,-0.021174798583098654,0.0,0.22395234069824177,0.01036628504751471,-0.012513545726209455,1.0,0.2479568847656246,0.01576456827816367,0.040369169655086724,1
chronos_bolt,0,south_korea,4704,37.91738525390624,2192.868182347476,0.028333755171564508,8.127367692598444,1.0,7.512451171875,0.00045241522653144466,0.006219068760285606,1.0,0.004345703124954525,0.003117705529240536,0.0031143689743824534,1.0,26.79318847656259,0.007639270300461415,0.02791090787266864,1.0,75.08735351562495,0.011153408714014082,0.0667671472723086,1
chronos_bolt,0,sweden,4704,0.2615932226562501,0.08460807889257245,0.0249605862150799,6.489618864888634,0.0,0.11766197052001992,0.005006725964057783,-0.0065340589850317755,1.0,0.05938080749511698,0.007249016947118766,0.0014543890090929854,1.0,0.23557690887451166,0.01221776394892129,0.034770032278730066,1.0,0.3536887390136716,0.017749063339399622,0.05123718214049891,1
chronos_bolt,0,switzerland,4704,0.011337216428120927,0.00018373463734621092,0.011772993564402433,2.554583384723663,0.0,0.011977696704864482,0.0022582286651967884,-0.010225998225631198,0.0,0.02238206815719601,0.003504951598134169,-0.01992202191370078,1.0,0.0012257991790771694,0.0019454711799554722,0.0006745712836554741,0.0,0.0038982489585875912,0.0029525525309125307,-0.0010906542409135974,1
chronos_bolt,0,taiwan,4704,0.3457766611735026,0.22560472378223886,0.011335817492429444,6.629030672742135,1.0,0.013331192016600824,0.002544826944864348,0.0021008411088117938,1.0,0.05640255737304756,0.0027303189024845548,0.0008508721952824599,1.0,0.10537701416015466,0.004865980950018086,0.008360460568249566,1.0,1.0785291290283219,0.009550525166599131,0.044590359742730235,1
chronos_bolt,0,uk,4704,0.015054036172802729,0.00028713650769827113,0.017739847164792884,5.2768433919934585,0.0,0.00902028793350218,0.005950630512578977,-0.004921737456842045,0.0,0.010061301415649426,0.007320103997087282,-0.004797956804385741,1.0,0.0065073673916931085,0.011912076274589942,0.019636797195511674,1.0,0.024974684798950153,0.024379681170816427,0.05334882113637543,1
chronos_bolt,0,australia,4709,0.057506285853068044,0.004078453540041283,0.03983462723491107,8.554308279305692,1.0,0.009358966598510765,0.0024410035247975736,0.009050091464912296,1.0,0.04251458160400401,0.0038601346157951396,0.03349615496861869,1.0,0.06533364734649649,0.0009274034696595899,0.04624491833201741,0.0,0.12403039230346691,-0.0016707550748217836,0.08289056535929736,1
chronos_bolt,0,canada,4709,0.029845135072072336,0.0011616547090737626,0.0229329701858929,6.140276541630755,0.0,0.01217653980255129,-0.0006460437738285711,0.008829478392638083,1.0,0.018388542366027938,0.001765480498277662,0.01600654269300164,1.0,0.03729369544982908,0.0005126866113992128,0.029221921029956355,1.0,0.07409243564605705,0.0036326845950341922,0.059714138783707245,1
chronos_bolt,0,denmark,4709,0.16186027272542317,0.03145936584680278,0.02195038817051424,6.7393102582792395,0.0,0.034452088928222935,-6.915207325104327e-05,0.004664831638973663,1.0,0.1221577774047855,0.0031684416399097148,0.019800196870162573,1.0,0.20892715835571263,0.0021218423351834935,0.030430629351833015,1.0,0.38260639495849613,0.0025369059053261403,0.053762732450275005,1
chronos_bolt,0,eurozone,4709,0.04232232615152994,0.00215323837986324,0.021822035614160514,6.702139022753749,1.0,0.009155803680420016,0.00010171356024837945,0.004885513877880421,1.0,0.032229331970214936,0.0033313581610119897,0.02001674340184072,1.0,0.05459379997253411,0.0024359171731047394,0.030562913182696348,1.0,0.10023508567810069,0.003041184134854264,0.054060329229273674,1
chronos_bolt,0,japan,4709,7.3655647176106775,69.00140529716376,0.05370765695609268,16.716270983507066,1.0,0.6883245849609239,-0.00023693330591714471,-0.005399540659953533,0.0,3.7116339111328216,-0.0022585143533031004,0.025184109207434573,0.0,7.226573486328135,-0.006841143893284014,0.04614938898259436,0.0,11.265545043945309,-0.012686582809623047,0.06919977328287402,1
chronos_bolt,0,norway,4709,0.29733018325805666,0.1467435160552674,0.02998296416518353,7.525258827970238,1.0,0.08007941131591778,0.0029166227957054614,0.011205382994059798,1.0,0.13648153381347683,0.008032580159115614,0.022047000642416038,1.0,0.3863801315307622,0.0070861075830032745,0.046299190915274645,1.0,0.9369195632934577,0.008473198686587117,0.10090736360816113,1
chronos_bolt,0,south_korea,4709,53.336735026041666,3671.5035314332636,0.03972193663352846,11.432414291665248,0.0,0.3752929687500455,-0.0002881853801074075,0.0,1.0,18.37148437499991,0.0038533789849537654,0.017806657000302588,1.0,47.554858398437545,0.003789609920444282,0.03951744708919832,1.0,97.42082519531255,0.00713725827656419,0.07877506129231868,1
chronos_bolt,0,sweden,4709,0.3842944560750326,0.17995491423854498,0.03643613070452832,9.533597722804238,1.0,0.07296385803222627,0.0022763628699333637,0.009375654652455875,1.0,0.3011619079589849,0.007409245778647497,0.03624582670659147,1.0,0.5134634048461919,0.007370241593475034,0.05604836146972971,1.0,0.919643589782714,0.012087313438130695,0.09727538363000758,1
chronos_bolt,0,switzerland,4709,0.018156019325256356,0.00043527177875698163,0.0188967730346774,4.091045239815449,0.0,0.003249515151977578,0.0030660020795450402,-0.0003707332616675704,1.0,0.010617819309234666,0.004630175680687713,0.015760767534495485,1.0,0.03565211992263795,0.005173652145585629,0.04204761327767747,1.0,0.03184395713806154,0.005919477690071098,0.03889480110590937,1
chronos_bolt,0,taiwan,4709,0.6099936289469402,0.598968214403324,0.01993253799374552,11.694445954631782,1.0,0.06312266540527389,0.002302818606882495,0.0002001000506926293,1.0,0.050140777587891705,0.003400946846793593,0.0017328716679660958,1.0,0.4433156280517565,0.0034190158171952183,0.018047093675753093,1.0,1.5318385772705092,0.005957849519381053,0.05549863471946986,1
chronos_bolt,0,uk,4709,0.02937437095734252,0.001140058370027499,0.034490121402389814,10.296504771275513,1.0,0.0016918688319397246,0.0010536274550471219,0.003099496366225221,1.0,0.018590500754119832,0.004110270106749478,0.026296952394062094,1.0,0.037573728219329805,0.005681417782223439,0.04995857920641846,1.0,0.08067370257244877,0.0135428802929086,0.10561270743604939,1
chronos_bolt,0,australia,4714,0.02987065951156618,0.0016634144191160648,0.020068734936662627,4.4433895560737104,1.0,0.0005113166427612725,-0.0010798431116925947,-0.0007283271472645963,0.0,0.017664100379943815,0.0019035804549714646,-0.010279867533558409,1.0,0.020172942276001082,0.005498248918385945,0.019184000799668532,1.0,0.09306319721221934,0.0043498331149061445,0.06604973855550857,1
chronos_bolt,0,canada,4714,0.026195571174621568,0.0012709682431918346,0.01978874177658956,5.38942279167842,1.0,0.003567915534973043,0.00025532859510247216,0.002994473982058834,0.0,0.0017291902542113657,9.933779659354937e-05,-0.00123110083644158,0.0,0.013737254524230913,-0.0009903433745513267,0.009528072541703068,0.0,0.07533607749938964,-0.0013358740035890387,0.055052224823721796,1
chronos_bolt,0,denmark,4714,0.10842840779622392,0.024469773346940973,0.014488724892131303,4.514589458214854,1.0,0.04413840408325154,0.001647498600514096,0.007579793563020322,1.0,0.005854010009765709,0.0018475772250752024,0.0026362379789709326,0.0,0.07578189010620129,-0.0017814551606690314,0.008416969582956398,0.0,0.24530599822998056,-0.008339452324424046,0.024514431124428367,1
chronos_bolt,0,eurozone,4714,0.028105452499389626,0.001664662949714104,0.014276761802987722,4.450763156871085,1.0,0.011107485198974532,0.0018171208763886895,0.007493353733312006,1.0,0.001017329788207899,0.001965808906390501,0.002486957580603566,0.0,0.019593066596984787,-0.0015121511171905565,0.008511994954122006,0.0,0.0642191019058227,-0.007973742618662714,0.02472078729230838,1
chronos_bolt,0,japan,4714,5.930976643880211,46.96552892118828,0.04257319403127288,13.460449616158453,0.0,0.16467529296875227,-0.0006907194235840382,0.0005103900949293857,0.0,0.30123474121094773,-0.0010670807513816836,0.0011297994896764375,0.0,8.029382324218744,-0.008565054038199828,0.04881968361884421,0.0,9.993413085937505,-0.017387003326393834,0.05415358376827834,1
chronos_bolt,0,norway,4714,0.28464208526611334,0.15450333794749233,0.027896039533961102,7.20413024163646,1.0,0.017985699462890636,0.000664026179475393,0.002495087502196292,0.0,0.17099720306396549,0.005414795662561445,-0.01207933092509169,1.0,0.1608502136230463,0.011854529507363588,0.02793278292465736,1.0,0.9000213775634762,0.01920640203164422,0.10540894902944833,1
chronos_bolt,0,south_korea,4714,53.478885904947916,3776.3989437317255,0.03923035685670268,11.462883493403734,1.0,12.919213867187409,0.0002494587440369588,0.009943983326453822,0.0,5.7671386718750455,-0.0003146693107712443,0.004027027891877617,1.0,54.89892578125,8.102110457705626e-07,0.04057306660623039,1.0,100.12211914062505,0.003559581561042254,0.07611007179722178,1
chronos_bolt,0,sweden,4714,0.2160898436991371,0.09833455038368101,0.019910978996029293,5.360768570153364,1.0,0.04078418426513686,0.005503050303526244,0.009323978330654053,0.0,0.06219413757324155,0.0058482590631561,-4.719196037801181e-06,1.0,0.11536175537109372,0.0036589948600039062,0.014449073781649903,1.0,0.4859935379028322,0.0015520167482052118,0.046332946809753146,1
chronos_bolt,0,switzerland,4714,0.011645577602386482,0.00022519429455647124,0.011995140223326059,2.624065548821613,1.0,0.0016699619293213397,0.002426075360495444,0.004161254379205195,1.0,0.0022129172325133784,0.00175720711459668,0.004057433781105158,1.0,0.011909011268615766,0.002333463763610135,0.014643368272292226,1.0,0.022792568683624226,0.002298561719788262,0.02572820069678513,1
chronos_bolt,0,taiwan,4714,0.8238434234619142,0.9396908808474947,0.026776293189616544,15.7942508471547,1.0,0.005448364257812699,0.001980844175231615,0.0021618753534965018,1.0,0.11958901977538972,0.00240806519395705,0.00637240788983989,1.0,0.7800741577148429,0.003354752823887483,0.02891142975244305,1.0,1.4721540679931628,0.008053186477810163,0.0555311555216081,1
chronos_bolt,0,uk,4714,0.023358383959338373,0.0009906830648665395,0.026690146405734326,8.187739994020001,0.0,0.001282963844634999,-0.000454210396008705,0.0010596133783462437,0.0,0.0009649282663574121,-0.00016363987186878475,0.0009748030736482106,1.0,0.019658471748992934,0.004119100401797711,0.026963680298404364,1.0,0.03746202812319943,0.013030558604141743,0.0557489981393369,1
chronos_bolt,0,australia,4719,0.05019130875778201,0.003650722071237565,0.03368337155206131,7.466173857113681,1.0,0.009242111320495683,0.0012815173048036455,0.007666421939368557,1.0,0.012441723747253386,0.0046374861561721305,0.01319473162153416,1.0,0.035507059745788494,0.008219212580451312,0.03236373748282495,1.0,0.10883274856567393,0.007809135107648993,0.08007099900269976,1
chronos_bolt,0,canada,4719,0.036079797643025706,0.001966704174452313,0.027174805176050556,7.422983161552582,1.0,0.003019732284545995,0.0005236090648074223,0.002844624044743593,0.0,0.010169810676574631,-0.0006699018770496211,0.007134667779184357,1.0,0.019744669723510633,0.001504299914258816,0.016569058903712745,0.0,0.07182443866729726,-0.001405644395958715,0.05249171369491634,1
chronos_bolt,0,denmark,4719,0.09956625857035316,0.01816410461539571,0.013258345906021726,4.145599759985268,1.0,0.01071404266357412,0.001901856311227776,0.003340921288657361,0.0,0.018557096862792832,0.0012122357777788661,-0.0012869104139350317,1.0,0.005780210876464409,0.0026535111789274617,0.0018768610141142253,0.0,0.22264640884399434,-0.006247401804486513,0.023477724817228693,1
chronos_bolt,0,eurozone,4719,0.02610449874242145,0.0012472405772035225,0.013217013108273027,4.133893280454396,1.0,0.002589575386047427,0.0020006730399238252,0.0033233663024154142,0.0,0.004590880393982033,0.0012748606824774193,-0.0010760678448599366,1.0,0.001505103874206437,0.002866472536098365,0.002097562992482097,0.0,0.05779717082977287,-0.006008577127016989,0.02333515140892485,1
chronos_bolt,0,japan,4719,6.695923767089844,51.806012626639884,0.047872679049374776,15.19650976767042,1.0,1.1933740234375136,0.0019768164032529668,0.010615849410764933,0.0,2.882640991210934,-0.0008573718179686682,0.019942602100943375,0.0,7.046904296874999,-0.006188734851091207,0.044176164846730245,0.0,10.072235717773424,-0.016173179117613328,0.05574900458642253,1
chronos_bolt,0,norway,4719,0.5396441718037923,0.39598937918895977,0.05324999745096259,13.658088873892144,1.0,0.0743502029418952,0.0013922988619241756,0.009025846664135006,1.0,0.2247460952758793,0.004125307729803047,0.026962342727279938,1.0,0.39330942993164086,0.006936202792618305,0.04645644771284017,1.0,0.8925962951660154,0.008826761152301023,0.09620767461628799,1
chronos_bolt,0,south_korea,4719,56.31016276041667,3762.2190368558963,0.04103941463701319,12.069750973580728,0.0,19.57705078124991,-0.0003208528358929878,0.014283027022915928,1.0,29.624218749999955,0.0012955705796925455,0.023277153044833812,1.0,57.98117675781259,0.003351366505867279,0.04584541368848715,1.0,68.90434570312505,0.009231339024098117,0.05924499409703123,1
chronos_bolt,0,sweden,4719,0.2976714217122394,0.14039577979556578,0.02747130105040827,7.384648785111842,1.0,0.041776765441895236,0.004174684395688636,0.008093632762717944,0.0,0.10583596191406208,-0.00023466291713148513,0.009707332249214249,1.0,0.0842652755737312,0.0031883732160988636,0.011085099970060623,0.0,0.6389036346435546,-0.006990267934034379,0.05196272576623351,1
chronos_bolt,0,switzerland,4719,0.01394127902984619,0.0002675315233738621,0.01432325421173727,3.1413495541201675,1.0,0.004994191741943377,0.001510366124765575,0.006674452406882926,1.0,0.014858632659912163,0.0013917189984821833,0.01667992339258518,0.0,0.003959639549255378,0.0016180014950384748,-0.002494933463213667,0.0,0.029439967250823984,-0.000768573583439711,0.029362723265950644,1
chronos_bolt,0,taiwan,4719,0.7714321548461915,0.7566292660955808,0.02488769419377582,14.789452240817827,1.0,0.08335205078125085,0.0029120514070834374,0.005657887040507444,1.0,0.22807980346679813,0.004667848517409816,0.012150458172667874,1.0,0.7000577545166031,0.006888883161310294,0.029630107176486474,1.0,1.0583222961425776,0.01276074416461479,0.046746315346142424,1
chronos_bolt,0,uk,4719,0.02333894386844177,0.0008856457973500762,0.026546600811173167,8.180925720823767,1.0,0.005400045723358171,0.0020973007895324323,0.008431321879029556,1.0,0.010202353210693405,0.005908978872356055,0.01779726114064712,1.0,0.01261864976623539,0.011208568756291348,0.02581481291768726,1.0,0.03179020317141723,0.02138519172265756,0.05742035174525873,1
chronos_bolt,0,australia,4724,0.056595336484273305,0.005003803892085253,0.03738043733164335,8.418800628065277,1.0,0.0087029920196533,0.0018385110571191765,0.007770195281807717,1.0,0.006855993652343795,0.005999072775430612,0.0013208911432649707,1.0,0.0333603398132325,0.009982850738748997,0.032350758559756485,1.0,0.137825842552185,0.0028614298104343255,0.09281233458687745,1
chronos_bolt,0,canada,4724,0.039739893143971736,0.002335054101750829,0.02969705098713695,8.176003661889244,1.0,0.004516879272461027,0.000789445388523885,0.004233658134358067,0.0,0.00604954891204823,0.00179447421172776,-0.002832429360523449,1.0,0.03693918514251715,0.003175638674388045,0.030934957157647946,0.0,0.08232275352478036,-0.002390006277191223,0.05878152732727463,1
chronos_bolt,0,denmark,4724,0.16315067771911623,0.04239545946888039,0.021766276127870538,6.793038325487448,1.0,0.06771521911621114,0.0016551310294148846,0.010729572764591737,0.0,0.027214329528808534,0.0021301616711492115,-0.0015383787984830088,1.0,0.14876303405761693,0.0014938696569930772,0.021325443542406102,0.0,0.31224182891845675,-0.013964423831942744,0.027844581583315934,1
chronos_bolt,0,eurozone,4724,0.04231419616699219,0.0028475174829649947,0.021461881433210223,6.700851563117675,1.0,0.017491897583007843,0.001796950227252126,0.010708924370970804,0.0,0.007318793487548936,0.002237327914954711,-0.0015135775904279614,1.0,0.03878465900421135,0.0016982961175406232,0.021354568664044723,0.0,0.08075900344848641,-0.013398254006824832,0.027707925536276753,1
chronos_bolt,0,japan,4724,2.7694631754557304,10.1602986366655,0.019328760367458977,6.285342495066648,1.0,0.0917187500000125,0.0042877114554769075,0.003635330826603085,1.0,0.6576721191406136,0.012471116057218443,0.017098669579405687,1.0,0.47708007812499886,0.011240335008523217,0.01460345663109578,1.0,6.527719726562509,0.012788095608450947,0.05778306249540219,1
chronos_bolt,0,norway,4724,0.47804132039388025,0.3203189312914218,0.04642890864473944,12.098955534919172,0.0,0.02171799011230391,-0.00151992466679812,0.0006628236529248677,0.0,0.060195303344727336,0.00295374145792052,-0.0030939606971484165,1.0,0.4379895950317376,0.0034359289654278826,0.04635172910532984,0.0,0.7325164123535153,-0.003347577819353382,0.06788987008583248,1
chronos_bolt,0,south_korea,4724,42.79543863932292,2281.461402560294,0.030777581366225878,9.172949639294561,1.0,8.083544921875045,0.0005990316401801474,0.0065106301667672015,1.0,17.4527587890625,0.0005482634671218736,0.013268885669518945,1.0,46.521069335937455,0.0016345158336011818,0.03515332130818321,1.0,65.023681640625,0.0010462532342931487,0.04761695481808938,1
chronos_bolt,0,sweden,4724,0.35357063858032206,0.19895299776110723,0.032404850224566274,8.77139959094715,1.0,0.057893006896971855,0.0038582829051034876,0.009234363243458379,0.0,0.12062105712890592,0.0031889591418142924,-0.008113511032766637,1.0,0.3361685531616203,0.005339948959642371,0.03611657260815131,0.0,0.7520092559814451,-0.015923807189163315,0.05306139579031818,1
chronos_bolt,0,switzerland,4724,0.012685867325464884,0.00023189582781861032,0.012954786731474674,2.858471133183852,0.0,0.0028621937751770465,-0.0007785679517043444,0.00214198368310527,0.0,0.019855079364776596,0.002096212973180086,-0.018342520543895853,1.0,0.0015188009262084856,0.0011033876475556688,0.002651304260479869,0.0,0.02479265174865719,-0.0008096928515750176,0.024210593931774573,1
chronos_bolt,0,taiwan,4724,0.49826447906494153,0.32834225895195057,0.015894827352801077,9.552439148580957,1.0,0.0161211700439452,0.0044150348494474325,0.004939489196938967,1.0,0.08958152770996008,0.0074866853810530085,0.010388563689935227,1.0,0.6801223449707017,0.011128307965057201,0.03287363935339918,1.0,0.7436450653076179,0.017940597341859623,0.04153361065398119,1
chronos_bolt,0,uk,4724,0.016854845489837646,0.0005476349018722442,0.0189415903696365,5.908075351034699,1.0,0.0033783729988708933,0.002731056326835978,0.006626126080515241,1.0,0.0059322182110901345,0.006976702716069752,0.00012950325253856056,1.0,0.01465067577035517,0.011510219503063223,0.028147444848309885,1.0,0.010411245343048048,0.01711700909276238,0.02890248067922303,1
chronos_bolt,0,australia,4729,0.07499866232808433,0.007642490479327492,0.04941618572603359,11.15637479577818,0.0,0.014364444046020441,0.0030624313656674755,-0.006780338364396929,1.0,0.019377469596862706,0.006702425491002968,0.019781169881770384,1.0,0.06975276020050059,0.008463664584322348,0.054684023870181626,0.0,0.1254590684509278,-0.002670321216351861,0.07986486544648308,1
chronos_bolt,0,canada,4729,0.052575739275614396,0.0033865274807063613,0.03930819223526673,10.816824174303653,0.0,0.008857978248596243,0.0017294846426209568,-0.005072446798092588,1.0,0.019339203071594202,0.003184618168693926,0.017854903744586967,1.0,0.06283491153717047,0.0031878976215283313,0.05008707829796447,0.0,0.07378419742584219,-0.0025977192888922847,0.052563138260153804,1
chronos_bolt,0,denmark,4729,0.20308469413757327,0.05418501775612901,0.027134993512928033,8.455754704074938,1.0,0.0620290359497071,-0.0003134938448922398,-0.008728408319014664,1.0,0.004416843414306371,0.0007604649679320703,0.0013563258475425151,0.0,0.22342690734863258,-0.0019028866768451918,0.02788029105698002,0.0,0.2796402641296387,-0.012364300891839276,0.025157930524028982,1
chronos_bolt,0,eurozone,4729,0.05261561696370444,0.003643779333194422,0.026727428612316695,8.332178585745337,1.0,0.016640216827392473,-0.00021043171667360367,-0.008793135651992107,1.0,0.0006068634033202791,0.0008946404316733979,0.0012059168352579314,0.0,0.05840663681030289,-0.001725004621012249,0.02787416391741929,0.0,0.07189367675781244,-0.011850732955545671,0.024823475146992863,1
chronos_bolt,0,japan,4729,3.295070617675783,17.498407822221495,0.022812840343274774,7.478217280905009,0.0,0.26483154296875,0.0013317316159402696,-0.0005266391765710571,1.0,0.2928289794921852,0.0013831849066596419,0.0034339008479156077,0.0,2.460631103515624,-0.0022181909298673993,0.014945670036297813,0.0,8.239725341796884,-0.004924180713924979,0.051577564263350834,1
chronos_bolt,0,norway,4729,0.5632549472045899,0.3724310076580148,0.05469203416557529,14.25566424976936,0.0,0.09700506744384718,0.0008113993709234659,-0.009004122530334849,1.0,0.23171581115722617,0.004733566657040543,0.027707916490729595,1.0,0.7394635391235358,0.008872479122375312,0.08013146098222318,0.0,0.6926692153930656,-0.0015954126213886554,0.06598230296322362,1
chronos_bolt,0,south_korea,4729,35.25954264322918,1601.909854471089,0.025135119967578955,7.557674818963312,0.0,0.6654052734375,0.0004817997394645254,0.0,1.0,6.4859130859374545,0.0005894238757919307,0.005273054691393191,1.0,58.14926757812509,5.304520592530251e-07,0.04125210298807492,1.0,58.170166015625,0.0006008218128979665,0.04184265760548476,1
chronos_bolt,0,sweden,4729,0.4890945643615721,0.31057539928044137,0.04495309871215567,12.133484496906215,0.0,0.1583923095703117,0.002549758744575469,-0.012450083774244865,1.0,0.06685974426269503,0.0057027835280433065,0.01194786440440434,1.0,0.5571015121459961,0.004461286471139301,0.05540543780603762,0.0,0.8100144592285154,-0.013191199432228002,0.06130786079461593,1
chronos_bolt,0,switzerland,4729,0.02415904351870218,0.0008173436663615572,0.02472839526436191,5.443689952906861,0.0,0.010620882320404035,0.0005415644401890801,-0.010559429008840538,1.0,0.0007357457160949155,0.0014401207789423156,0.0006757635084970715,1.0,0.018209212779998762,0.0012895713692640052,0.02002589380850668,0.0,0.04488339328765867,-0.0012314722013217043,0.04444498002052698,1
chronos_bolt,0,taiwan,4729,0.4142277430216474,0.2123621616616127,0.013125189319418163,7.941335325154885,0.0,0.17623265075683747,0.00510525910055049,-0.0005824111987576306,1.0,0.1639802551269547,0.007846211885218028,0.013095186127038659,1.0,0.5897588806152356,0.010961572118506386,0.02965458174150743,1.0,0.771805664062498,0.016336613458130592,0.040600718220955234,1
chronos_bolt,0,uk,4729,0.01899917073117778,0.0006222066788908447,0.021370460755915602,6.659718853824543,0.0,0.009425328347839379,0.0003657521354712462,-0.010606648402687584,1.0,0.007414083564514118,0.0044356063155810786,0.012948258079865117,1.0,0.03266622087133786,0.011714212536312645,0.04842544016072056,1.0,0.01745430014846805,0.016896825689483363,0.0365787212568295,1
chronos_bolt,0,australia,4734,0.07825603048070275,0.007894233766091776,0.05138579163287969,11.640922370766521,1.0,0.00018165798187252946,0.0004748669608113928,0.0005966127322513268,1.0,0.03438548339843761,0.0026415092479879754,0.02537748527766761,0.0,0.07150023159027108,-0.005190258175000728,0.04187849344682067,0.0,0.10077581970214844,-0.021290974477575147,0.04546028791468758,1
chronos_bolt,0,canada,4734,0.04345830394744871,0.0021621973373418682,0.03227517297521005,8.941021832307953,0.0,0.000704936599731365,-0.00022965594813330282,0.0003011708037671641,1.0,0.030539321708679124,4.569216090228079e-05,0.022781554763899467,0.0,0.04867635936737069,-0.0033387950092812076,0.032778891531622806,0.0,0.041810128593444906,-0.006504885654448627,0.024693530931901814,1
chronos_bolt,0,denmark,4734,0.17968101170857748,0.04124743421630149,0.023944063627271105,7.48130510986968,1.0,0.008244880676269162,0.0006410998662688016,0.0017517269091135688,1.0,0.232715495300293,0.0019515662108477475,0.03279526096601734,0.0,0.17385604095458973,-0.003933149152223796,0.019333790858274066,0.0,0.07954112701415994,-0.0016860528437766958,0.009002145168198637,1
chronos_bolt,0,eurozone,4734,0.0468964312362671,0.0028211572177566204,0.023763008268188744,7.42649165102924,1.0,0.002145870590209986,0.0006942199253118481,0.0017933548218356428,1.0,0.061384062957763774,0.0020062619406175527,0.0329403568468595,0.0,0.044936976242065496,-0.0038728038759998063,0.01899884434269774,0.0,0.018759442138671867,-0.0014675320854407475,0.008121197940987972,1
chronos_bolt,0,japan,4734,2.830521626790365,12.757240159575828,0.019466311782290534,6.423915660529802,1.0,0.1914556884765659,0.0037459880892771248,0.0024106920574985973,1.0,0.3278234863281284,0.0046959908793471035,0.0024106920574985973,1.0,1.6148431396484284,0.002307094971169122,0.013515362507536157,1.0,4.404500732421866,0.0011571535750005417,0.03147100830012476,1
chronos_bolt,0,norway,4734,0.4614373004659018,0.24424744168605053,0.04450764536129896,11.678717178444046,0.0,0.061668035888672534,-0.00026155122380152284,0.005766436839404801,1.0,0.3943799667358405,0.00149073397004172,0.039363395369975726,0.0,0.5248837173461922,-0.006094085679670875,0.044373557752801884,0.0,0.34383622131347735,-0.020437101282564145,0.013382701220415629,1
chronos_bolt,0,south_korea,4734,28.185357259114593,982.5211138429851,0.019966779793669873,6.041364942707222,1.0,2.2172119140625455,0.002470048092958382,0.004062196652773719,1.0,12.825000000000045,0.005979708418322368,0.015122282994392533,1.0,7.398461914062409,0.004959790455995399,0.010249516332744193,1.0,23.356762695312455,0.007280973878211982,0.023847941111623375,1
chronos_bolt,0,sweden,4734,0.4483579620361327,0.24132925357797952,0.04103326164401154,11.122888655552824,1.0,0.007157978820801603,0.005519660894725207,0.006182285129096202,1.0,0.4551364868164054,0.006239058489218974,0.04749259049860193,0.0,0.40617432556152266,-0.006166806906705082,0.031181702243331055,0.0,0.3364955230712887,-0.010304413366587425,0.020862020904110105,1
chronos_bolt,0,switzerland,4734,0.027339926319122305,0.0009084258620031915,0.02794038034052612,6.160429410270589,1.0,8.455371856674887e-06,0.002741556133050425,0.0027503195770113946,1.0,0.01704889221191408,0.0025441603664096185,0.02006343343312228,1.0,0.025864835262298547,0.001230965951606969,0.027724751000180244,0.0,0.035489381694793654,-0.0013409336683227154,0.034926454122671945,1
chronos_bolt,0,taiwan,4734,0.15122990417480472,0.03217571025312415,0.00474569216863741,2.899292479742002,1.0,0.1103490905761717,0.005328553667155835,0.0018181243246303434,1.0,0.0963527374267592,0.008714326540711442,0.011759147172022115,1.0,0.2381394958496088,0.013654913071693787,0.006126933827502738,1.0,0.11273001098632562,0.02167323827066031,0.02518889872605183,1
chronos_bolt,0,uk,4734,0.016090982667230226,0.00046361110260751347,0.018043062868164157,5.640320946727658,1.0,0.0008311286231383885,0.001328190525343015,0.002276708646572052,1.0,0.038331397389038124,0.004774769819946617,0.047465929495288176,1.0,0.010791151497619667,0.008882401763197231,0.021036660522414836,0.0,0.027340711155517616,0.017431997945315435,-0.01376816075012822,1
chronos_bolt,0,australia,4739,0.06064740079752608,0.0044507690829442975,0.039396462376252404,9.021562687706938,0.0,0.015484673004150462,-0.0030410678110298173,0.007061642571822258,0.0,0.03221150405883799,-0.00427253841934627,0.016655328164829706,0.0,0.10279399906158448,-0.01586350574259528,0.05018261269557525,0.0,0.05825331199645989,-0.022487105293305727,0.015722615285918683,1
chronos_bolt,0,canada,4739,0.019326850528717025,0.0004643982492208206,0.014192626042399707,3.976266371001716,0.0,0.0121581098556518,-0.0016635299349065217,0.007260757970525779,0.0,0.019543149757385248,-0.0029805145809031898,0.01134462873301614,0.0,0.03902626552581778,-0.007147981013981577,0.0213738588727269,1.0,0.0038851896286011822,-0.007080463335857067,-0.004204476209240203,1
chronos_bolt,0,denmark,4739,0.06288997817993174,0.005735856447783263,0.00830484543263816,2.6185244096922884,0.0,0.05129271011352543,-0.0007759142161332842,0.00590141114441513,1.0,0.0284609962463378,-0.005705266339109373,-0.009448104455684257,1.0,0.10921995849609356,-0.015152158188467702,-0.0007833972420312908,1.0,0.03263982391357434,-0.014336272383888835,-0.018667138455854767,1
chronos_bolt,0,eurozone,4739,0.016740928961435968,0.00039809151077631365,0.00840833971174643,2.6510838007313167,0.0,0.013291749572753808,-0.0006908646205738498,0.005887754187838168,1.0,0.007147565841674863,-0.005749143648234449,-0.009322798535124542,1.0,0.02809441604614271,-0.015197479306313728,-0.0011419777314143349,1.0,0.01026812648773201,-0.014209184571431286,-0.01939084230166032,1
chronos_bolt,0,japan,4739,3.021749186197916,12.626220585370634,0.02072595981630783,6.857909770299605,1.0,0.7088513183593648,0.0025173207859354235,0.007439889692289459,1.0,0.7446948242187545,0.004979765000682109,0.010137919692838794,1.0,3.19500732421875,0.006226814327968596,0.02814470500820367,0.0,4.5451098632812545,-0.0040918992566846765,0.027262212248466082,1
chronos_bolt,0,norway,4739,0.19685676534016927,0.04924626413666862,0.018736755279272,4.982333428073295,0.0,0.13030722808837858,-0.0015378962673485346,0.010685514676982878,0.0,0.3319976959228512,-0.00439134585496617,0.026548586063703243,0.0,0.30829039459228547,-0.021069026172492098,0.00816970788388672,1.0,0.065133541870118,-0.037134346220592196,-0.03078446884138966,1
chronos_bolt,0,south_korea,4739,16.81853678385419,383.9831128764161,0.011847521746308882,3.604954075249512,1.0,21.305615234374955,0.0005635544614744893,0.015560954723088398,1.0,19.562792968750045,0.0013737416441359366,0.01514166750520582,0.0,26.41604003906241,-0.003031869390461046,0.0155958873903757,1.0,3.409277343750091,0.004630705551979459,0.007035933351480383,1
chronos_bolt,0,sweden,4739,0.22781745223999017,0.07115998923800268,0.020651170234248714,5.651707719317635,1.0,0.033953805541992566,0.0046777956563420105,0.0016724006834661325,1.0,0.10249694824218736,-0.0055029620170806495,-0.014696610113662969,0.0,0.44920688476562454,-0.03055101778877875,0.009750916153991021,1.0,0.22838358764648525,-0.047868247102602665,-0.026817531083249684,1
chronos_bolt,0,switzerland,4739,0.01571652460098267,0.0003270935734112949,0.015890300982570126,3.5413606916495555,0.0,0.009989086151123039,-0.0007021779667845575,0.009428771631512166,1.0,0.0021768121719359934,0.0003800722352961609,0.0025941671253712105,0.0,0.026268040275573723,-0.0039479277491336505,0.02256113418691495,0.0,0.01971536941528318,-0.0032806831040300905,0.016667894337033123,1
chronos_bolt,0,taiwan,4739,0.17206248626709003,0.04768849596527065,0.005379763150224467,3.298682725496277,1.0,0.00747616577148591,0.004800996875336643,0.005035732795599661,1.0,0.22861535644531372,0.008940301600698648,0.0017653924701043016,1.0,0.18422308349609295,0.01214390063885946,0.006384773769461242,1.0,0.2278289794921875,0.02253559125528983,0.015482342114362158,1
chronos_bolt,0,uk,4739,0.023261291214134717,0.0007251857418170626,0.025970918521879563,8.153706383029744,0.0,0.015288676738952622,-0.006310091804815327,0.010325527058648027,1.0,0.014840272806823762,-0.007136282919945283,-0.023566756902650494,1.0,0.016478804525512647,-0.011651284909237641,-0.029995925244447778,1.0,0.029482755372955305,-0.0012777531265109857,-0.0339932648490682,1
chronos_bolt,0,australia,4744,0.02833464456049602,0.0011311037983939888,0.018174961695823107,4.21490070101795,0.0,0.018616855545043887,0.0011995756859620886,-0.010827828637416558,0.0,0.010155351791381939,-0.002784860664833024,0.0037413929136326613,0.0,0.03279294448852532,-0.009245117668237587,0.011811689380564351,1.0,0.04036477432250973,-0.014451504399449092,-0.04113467801837916,1
chronos_bolt,0,canada,4744,0.012880431976318349,0.00029292272240550194,0.009445588100180828,2.649993512150875,0.0,0.00781948547363287,0.00015972340571002725,-0.005546447351412504,1.0,0.005147926712036233,-3.789838413217618e-05,-0.0037916119652468576,1.0,0.0052672281265258025,-0.0011161365481243844,-0.004961159995201082,1.0,0.046434409332275495,-0.0007758117026501942,-0.03518099617712411,1
chronos_bolt,0,denmark,4744,0.08660213750203456,0.01289406748459014,0.011533112654577894,3.6058179306694043,0.0,0.024070140075683533,0.0012140534574498181,-0.001958464056463303,0.0,0.03844612197875996,-0.003470636043762357,0.001599531671771286,1.0,0.00126917572021501,-0.004651068209618747,-0.004483083730617295,1.0,0.34418412322998027,-0.0055378920267355,-0.05220975151609716,1
chronos_bolt,0,eurozone,4744,0.023457175585428886,0.0009392457498986625,0.011878771950882171,3.714664720738802,0.0,0.007122175979614287,0.0014125635849589623,-0.0021560917922106597,0.0,0.008709407997131269,-0.0032657364326625945,0.0011013216972199976,1.0,0.0011322217941283075,-0.0042503312721674,-0.004820012344232451,1.0,0.0926185188293458,-0.004961690894258779,-0.052704652757252446,1
chronos_bolt,0,japan,4744,2.3230530192057293,7.3194602588765045,0.015906818645639982,5.2722072599878285,0.0,0.9547845458984341,0.0046510520798151355,-0.0019363098612327377,1.0,0.46292053222657614,0.005909620619701561,0.00272522030782069,1.0,4.0930413818359455,0.005147244312974491,0.03289121959141789,1.0,5.215029296875002,-0.0032175144511621474,-0.04003212381511468,1
chronos_bolt,0,norway,4744,0.23574174219767235,0.0761173753850945,0.0224162076518944,5.966490206796212,0.0,0.19072332458496177,0.00024529094287184636,-0.017407278701290954,1.0,0.16275305480957059,-0.006139337190617926,-0.021280605338252167,1.0,0.163952607727051,-0.016926255976372245,-0.03234668993046272,1.0,0.6758185287475591,-0.02824922998712009,-0.09416925848758531,1
chronos_bolt,0,south_korea,4744,22.65503987630208,1163.2756991634164,0.016036338844266387,4.855974058660028,0.0,4.6063964843749545,0.003214508143833903,0.0,0.0,22.465527343749955,0.0029421465262207745,-0.012838049808312997,1.0,1.579858398437409,0.002812744512652043,0.0017109838837165445,0.0,120.76472167968745,0.005933797683207815,-0.08170703077892498,1
chronos_bolt,0,sweden,4744,0.21974556762695308,0.06258081355936483,0.019981141122742494,5.4514599677587,0.0,0.12339134216308523,0.004014579321017179,-0.007121490562009888,0.0,0.14082147369384757,-0.007073525626705224,0.005625059760442539,0.0,0.2694716186523429,-0.018298559696325038,0.006131199515087291,1.0,0.24835570068359303,-0.04304853646671001,-0.06668966551006791,1
chronos_bolt,0,switzerland,4744,0.01559197063446045,0.0003084170229892645,0.01578970712168613,3.51329529346329,1.0,0.004058294963836695,0.0024270295562911176,0.006531834155137762,1.0,0.0070956760406494235,0.0005122629384224816,0.007691956350270722,0.0,0.019802079963683994,-0.003309590509135283,0.016675029328854406,1.0,0.028907254123687776,-0.009691459953758563,-0.03979593571217461,1
chronos_bolt,0,taiwan,4744,0.18524299977620445,0.07684610407656337,0.005793280263133219,3.551371926779788,1.0,0.009520111083983096,0.004337805138187068,0.004039202995862991,0.0,0.2795168304443365,0.006374074635121442,-0.0024124322856258445,1.0,0.0811358032226579,0.008651378456321935,0.011181699777525608,0.0,1.017431030273439,0.019754794794664854,-0.012168607230990502,1
chronos_bolt,0,uk,4744,0.023520561976091505,0.000812915600620294,0.026477456971363167,8.24458773812045,0.0,0.010313424776031477,0.0011398858222312696,-0.010426507946417599,1.0,0.0007987681204528752,0.0017564525234173161,0.00264615667957014,0.0,0.01812981840710448,0.006175751149377046,-0.01414299823557298,0.0,0.06071282682614132,0.015517192889844994,-0.053543739377016175,1
chronos_bolt,0,australia,4749,0.026876588790893555,0.0009344103924597979,0.0173512331222852,3.9980086107607526,0.0,0.03332626506805414,-0.0019339354320466477,0.019228982741812627,0.0,0.04466056411743158,-0.0023346841802301343,0.025936067205711958,1.0,0.010480649337768488,-0.005484889934171496,-0.01225807247900233,1.0,0.03412208553314211,-0.021036235732566015,-0.043610667491188755,1
chronos_bolt,0,canada,4749,0.01742345616658528,0.0004595823403220394,0.012826577783047818,3.584665940209688,0.0,0.00673205642700192,-0.00020607480027832152,0.004700917863825799,1.0,0.017248071289062583,0.0009141663166853494,0.013424481411542401,0.0,0.021554434967041125,0.003285268567844441,-0.012533933590582691,1.0,0.029723836135864268,-0.0002383042179869507,-0.02219728091966477,1
chronos_bolt,0,denmark,4749,0.1746896260579427,0.051627743141794,0.02337370684866983,7.27348081826346,1.0,0.04590795364379918,0.002521406863316224,0.008527020990195085,1.0,0.0010731582641598791,0.0029392036093090473,0.0030799463521521786,0.0,0.2173867042541504,0.007474799672542529,-0.02131863039421343,0.0,0.43238834686279315,0.0011028238801834606,-0.057390189332179105,1
chronos_bolt,0,eurozone,4749,0.04659950258255007,0.0036385021680676337,0.023707795246956567,7.379470201642799,1.0,0.011686087417602575,0.0027050549947663545,0.008519169720281477,1.0,0.00037761001586922305,0.003108382553649172,0.0032967062824920245,0.0,0.058121463012695385,0.007835069824671175,-0.021442035133229807,0.0,0.1142224716186524,0.0015610322276052593,-0.05719078834826356,1
chronos_bolt,0,japan,4749,2.8381141153971345,10.889456737814605,0.019568175990978164,6.441146939034014,1.0,0.37105285644531705,0.0016105746138908137,0.004159725474846032,1.0,2.464151611328134,0.005228476525940732,0.021976660009922946,1.0,0.5843664550781114,0.002000433686612211,0.006010562307008753,0.0,5.862192382812509,0.004174767955364036,-0.036878137369429596,1
chronos_bolt,0,norway,4749,0.2150055944824217,0.07278006545909167,0.02073567887544004,5.4416700323275755,0.0,0.05906704254150341,-0.0037488433097135196,0.00179351246287554,1.0,0.030488137817382466,-0.004221400428245773,-0.0013554618031754407,1.0,0.34472127075195225,-0.007341297714415733,-0.040435196379053705,1.0,0.32349512023925797,-0.016398070858801225,-0.04770898878723745,1
chronos_bolt,0,south_korea,4749,28.84107096354167,1722.5611176593695,0.020791333889618194,6.181913304395893,0.0,1.3201171875000455,-0.0009350663614815358,0.0,0.0,17.532958984375,-0.0006961670685061452,0.011649113765891884,1.0,5.3708007812499545,0.006964119054791672,0.0031808890890436974,1.0,70.18686523437509,-0.0013553977753641556,-0.05239501129438967,1
chronos_bolt,0,sweden,4749,0.1433259536234538,0.03436595948299515,0.013176376268098316,3.5556380361014526,1.0,0.07551049346923833,0.00808449875521155,0.014773708534110225,1.0,0.07166181335449195,0.004433503568026085,0.010806002273299165,0.0,0.25155622863769445,0.0004440039449990245,-0.022344362489500603,1.0,0.1703538772583002,-0.03586794422519895,-0.051816441043996145,1
chronos_bolt,0,switzerland,4749,0.014749930963516233,0.0003595175601872932,0.015056835848022214,3.3235608408919544,1.0,0.003832348537445074,0.004293488392783776,0.008133391557977767,0.0,0.013879637336730921,-0.002402073411018266,0.01152779405840906,1.0,0.0014547180175781271,-0.0034385996909936795,-0.001967958248355952,1.0,0.0325218538284302,-0.008584552890774597,-0.04221556477583257,1
chronos_bolt,0,taiwan,4749,0.3843081980387367,0.23135056932974649,0.012088598191511575,7.367735069044246,0.0,0.08411849975585994,0.00265236380577755,0.0,1.0,0.1464675598144538,0.0023347083979485058,0.006937753480506684,1.0,0.23845756530761975,0.004930360611696547,0.012394259697797616,0.0,0.9129446105957015,0.012782259900373646,-0.016088953737566917,1
chronos_bolt,0,uk,4749,0.03794542064181009,0.0019834433395796813,0.04274131837312915,13.30088754083743,1.0,0.005145636585571323,0.0020080451186124003,0.007709164962534132,0.0,0.014627712252777147,0.005606667664092548,-0.010720609925388725,0.0,0.04856314049511723,0.015309110725653314,-0.03940724263711558,0.0,0.08123236507391363,0.02362895578975088,-0.06884615608040698,1
chronos_bolt,0,australia,4754,0.06574891250864663,0.005542197741638609,0.042200314034597675,9.780434578319314,0.0,0.012137951889038101,0.0002608304835354899,-0.007341919318167435,0.0,0.022855765190124444,0.0027025110177412493,-0.011626577997129406,0.0,0.018925452766418438,0.0035422917183467496,-0.008298074640431318,1.0,0.11350164169311516,-0.0042960980920921585,-0.07810088835815762,1
chronos_bolt,0,canada,4754,0.04144225228627523,0.0020267179398688853,0.03026889906228934,8.526243521138472,1.0,0.013950406837463403,-0.00014387683086229943,-0.010251670084841815,0.0,0.015329038047790622,0.0020370905127189733,-0.009050818427644181,0.0,0.020895097923278705,0.004742474316439916,-0.010360909957503899,0.0,0.060530776023864696,0.007490366256656944,-0.036780186257019315,1
chronos_bolt,0,denmark,4754,0.27364313908894855,0.10586019896762791,0.036621434323116826,11.393567941766005,1.0,0.04156481094360309,-0.0009361391833328948,-0.006406947184346768,0.0,0.04404585876464839,0.001558794777017554,-0.004225029857769894,1.0,0.04150811920166042,0.005676353791225069,0.00024913295305509545,0.0,0.5393207183837889,0.007801203138560419,-0.06495912845350729,1
chronos_bolt,0,eurozone,4754,0.07310086065928142,0.007484618834414885,0.037191570592784044,11.576209896103347,1.0,0.01119797477722173,-0.0008491237920006551,-0.006453733283859633,0.0,0.012259498596191465,0.0017236911679797424,-0.004398027979711939,0.0,0.013041954803466815,0.005937534037633966,-0.0005486968587594838,0.0,0.1428669326782226,0.008450174989841854,-0.06481449465251546,1
chronos_bolt,0,japan,4754,4.614709574381511,37.31367633447223,0.031757716510736875,10.473159725432383,1.0,0.007497558593740905,0.002574767288810674,0.0025243614152403557,1.0,0.8271276855468841,0.005363357865280955,0.010893171347354312,0.0,0.9785333251953148,0.005401309020512045,-0.0011802196578267151,0.0,10.682540893554688,0.010510011702353316,-0.06340457505252046,1
chronos_bolt,0,norway,4754,0.3586769902038573,0.1666265534328232,0.03456971702407732,9.077911826323923,1.0,0.10629461517333993,-0.0011228485054704475,-0.01116185730424724,0.0,0.05849617462158285,0.0005017044998792218,-0.005001527819757261,1.0,0.06985661773681606,-0.0014130779052538847,-0.008001248993102674,1.0,0.7132817718505855,-0.006216226149909836,-0.0759642930565302,1
chronos_bolt,0,south_korea,4754,48.4831787109375,3952.313298803408,0.03484482772268478,10.392083147377788,1.0,4.764135742187591,0.0011441068121306258,0.004468657066104241,1.0,4.80322265625,0.004152860616982342,0.007494588456914283,0.0,16.28493652343741,0.007796634535267255,-0.0035753131429184077,0.0,106.63693847656259,0.0008652228411590919,-0.07661960188241043,1
chronos_bolt,0,sweden,4754,0.389626333618164,0.18848494622058365,0.03561816016818411,9.665871230266816,0.0,0.12284389495849624,0.0022351662980656223,-0.008689087880126236,1.0,0.04594543304443377,0.00419683303891706,0.00013295397153096573,0.0,0.10068022308349533,0.0004413588915750129,-0.008519212961302397,1.0,0.5522041931152337,-0.027466799475143557,-0.07908804731944025,1
chronos_bolt,0,switzerland,4754,0.029869780864715582,0.0014605431601983445,0.030384394022847993,6.730474485171869,0.0,0.009952985954284621,0.0031375315138425543,-0.0068003662237800695,1.0,0.0019446382522583239,0.003824479064317207,0.00189186554485662,1.0,0.005865870285034269,0.0040622315154324575,0.009867930221745268,0.0,0.06406958904266358,0.007268669390423988,-0.058223062760379106,1
chronos_bolt,0,taiwan,4754,0.5647517964680991,0.6661276677000576,0.017743053249376764,10.827095641931495,1.0,1.446533202908995e-05,0.0035207610922862063,0.0035212130563329813,1.0,0.16124429321288858,0.004434879265170432,0.009455671256909524,1.0,0.010169525146487501,0.01082662587417189,0.010511145852768597,0.0,1.6895212097167978,0.02108247527425578,-0.03218067927771587,1
chronos_bolt,0,uk,4754,0.04143813394952596,0.0024639671682270105,0.04713321111856653,14.525177221451152,1.0,0.01308458154797365,-0.0008035395716736522,-0.015649772022127636,1.0,0.0035193898510742505,0.003868251362133816,0.007805743830145086,1.0,0.00796178664340208,0.01541461812020384,0.006552723492360707,0.0,0.09078183103543092,0.03214193046533187,-0.07203027128090748,1
chronos_bolt,0,australia,4759,0.07672818299357094,0.007378907575791641,0.04950992166451253,11.413648461231105,1.0,1.1765785217221492e-05,0.002700066844904458,0.0026926573610932176,0.0,0.03307535083770752,0.006348188911167756,-0.01462340765002501,0.0,0.07964035301208505,0.007505171149169024,-0.04369631874180408,0.0,0.12921663742065426,0.01380039687798672,-0.07009806612654523,1
chronos_bolt,0,canada,4759,0.03526594459533691,0.0014508686455049489,0.02587561716675263,7.255542713888654,0.0,0.004117992973327711,0.0013940839817560091,-0.0016014562112378191,0.0,0.01894846210479728,0.003810211716574226,-0.010014703583665066,0.0,0.04736102581024171,0.004543632165304833,-0.030350110624771606,0.0,0.0439222188949584,0.012269203186114769,-0.01979680849651068,1
chronos_bolt,0,denmark,4759,0.35956333457946776,0.1628987985693799,0.0482057760287475,14.970992130621115,0.0,0.08727600784301792,0.002528753339758164,-0.009002187306429613,0.0,0.17253692932128928,0.007999541809850439,-0.014799459508288029,0.0,0.3580599769592281,0.009347286608504552,-0.03849481497384225,0.0,0.6336559249877931,0.018444600298428936,-0.06703020381937032,1
chronos_bolt,0,eurozone,4759,0.09514743274688721,0.011359992870827442,0.04850280005973966,15.067492265065358,0.0,0.02294079666137705,0.002571595026728519,-0.008955584104881738,0.0,0.04694490356445313,0.008103766597818255,-0.01549636037074703,0.0,0.09469288139343268,0.009542544830500576,-0.03857579218381576,0.0,0.16745417366027837,0.01902850967078261,-0.0668485584534505,1
chronos_bolt,0,japan,4759,8.694606160481772,96.31728846178424,0.05950327974213599,19.73255252594273,0.0,2.190642700195326,0.006417411500282102,-0.008200745529439508,0.0,3.5106756591796966,0.006848127129528086,-0.016672655115310568,0.0,9.318015136718742,0.006068721392223619,-0.05766838176225062,0.0,16.877249145507818,0.01562664313161038,-0.10178150375509026,1
chronos_bolt,0,norway,4759,0.44327617238362615,0.23644157699275226,0.04293727789133643,11.219069294971591,0.0,0.09249063415527381,0.0015874484323553022,-0.00716224555456136,0.0,0.28706606903076093,0.002493640150087153,-0.024891685252078324,1.0,0.4655433929443351,-0.0020971208244445496,-0.04710553086793845,0.0,0.7897329605102534,0.0025422799497652367,-0.07467633772606935,1
chronos_bolt,0,south_korea,4759,83.97005045572918,9054.102220022241,0.060093142331254915,17.998484617275874,0.0,7.7946289062499545,0.005364732453311484,-3.472885447215532e-05,0.0,31.876025390625045,0.009454058192902043,-0.012721661802468252,0.0,72.03413085937495,0.006738233904908773,-0.044235523659140775,0.0,153.50341796875,0.009507305153071558,-0.10210522293715366,1
chronos_bolt,0,sweden,4759,0.6210912492370604,0.4336048941119701,0.056605084840144704,15.408065419044116,0.0,0.15593646850585863,0.006267424120777429,-0.007562078143493164,0.0,0.4267538742065433,0.009680488154045385,-0.028497975486101328,0.0,0.7333735382080082,0.006015235890918676,-0.060775581330626424,1.0,0.8624982925415043,-0.0014369907513038715,-0.08107910871713393,1
chronos_bolt,0,switzerland,4759,0.03926988441467284,0.0020449776050189598,0.04003284063615506,8.848573623143675,0.0,0.009612505912780733,0.005072916408042199,-0.004486547904700336,0.0,0.01396560535430913,0.005075984056293312,-0.008842762389358024,0.0,0.03962772865295405,0.001667575401367837,-0.03848286058888206,0.0,0.06608319416046138,0.001921251111065437,-0.06594214191264115,1
chronos_bolt,0,taiwan,4759,1.1089904937744142,1.8225891929319538,0.034691719431063035,21.26092598054561,1.0,0.03255920410155966,0.0030720314793706445,0.002063343813245016,0.0,0.30763055419922125,0.007214888805411976,-0.0023166333678647628,0.0,0.7421752929687493,0.012613470753132182,-0.010412451529253536,0.0,2.4425126342773424,0.025861976533965318,-0.05094025629499652,1
chronos_bolt,0,uk,4759,0.059709280235442086,0.0043384265446830645,0.0678818002249956,20.92970398332834,0.0,0.012163880770202584,0.0005009261770926098,-0.013167449220195254,0.0,0.04155898193417362,0.009650114287610277,-0.03739862392709247,0.0,0.055734115479858404,0.018142151964472775,-0.04491890961445966,0.0,0.10819102277566528,0.034259626643315035,-0.08987312104676262,1
chronos_bolt,0,australia,4764,0.054758413881937654,0.0038070953447452327,0.035907637506390214,8.14555046084438,1.0,0.0031084698104857367,3.94247192659764e-05,0.0020291188619396567,0.0,0.00930175792694099,0.0016081163018437782,-0.004360187351101415,0.0,0.05823444850921633,0.0006305869604983439,-0.03737270338550847,1.0,0.0876182331466675,-0.0009563073941683265,-0.05879215365791538,1
chronos_bolt,0,canada,4764,0.02788538382848104,0.0009451262560901879,0.02051509546305749,5.737081362269157,1.0,0.0012434413909911957,0.0012162887164946555,0.002128284965985944,0.0,0.013515313529968154,0.0038242277578692625,-0.006116452377242756,0.0,0.0384653675079345,0.009043484390792432,-0.019361186340552037,1.0,0.024226119804382273,0.019300561100531473,0.0016883216225005093,1
chronos_bolt,0,denmark,4764,0.3086987403361003,0.12222212974619785,0.04195209686474058,12.853163734588172,1.0,0.0407387245178219,0.0013371893779978218,0.006760225154667822,1.0,0.014075912475585817,0.0032524888112589567,0.005125977341963848,0.0,0.34012121276855467,0.00782453206396652,-0.03832988067907737,0.0,0.5294075286865239,0.013779300914349663,-0.05856674177405405,1
chronos_bolt,0,eurozone,4764,0.0801991707356771,0.008267370399833109,0.0414603144551439,12.70029416283966,1.0,0.010348125839233502,0.0013988960304256606,0.0066418476223290175,1.0,0.004162992477416916,0.0033198507385672187,0.005428316604211204,0.0,0.08833875446319572,0.008100561070678435,-0.03749872526554854,0.0,0.1380615741729736,0.014048568108365817,-0.05771813908036001,1
chronos_bolt,0,japan,4764,7.969139424641926,83.30270975555328,0.055382477836450415,18.086093766735313,1.0,0.3102624511718659,0.005508072618034432,0.007597666087014634,0.0,1.229777221679683,0.0065191233655314314,-0.0017981039941601306,0.0,8.430314941406237,0.01011956125204121,-0.04811924834419822,0.0,12.909714965820314,0.013431960474375676,-0.0768756268462656,1
chronos_bolt,0,norway,4764,0.2909825422159831,0.11391011042235837,0.028602380246583143,7.36460362214745,0.0,0.07750738677978575,-0.0019611258573650142,0.005521692040658818,0.0,0.059747248840331224,0.0009857464230015158,-0.00480377469182954,0.0,0.1830285659790043,0.0013848356720050595,-0.016450481892286976,0.0,0.4370795166015622,0.007470336508433701,-0.035393083281611726,1
chronos_bolt,0,south_korea,4764,73.14004882812499,6886.057659795323,0.05324772691795949,15.677137700826483,1.0,1.8234130859375455,0.0007570465001600012,0.0020379487025288883,0.0,5.347192382812409,0.0020710784024704594,-0.0016897247657504983,1.0,82.39455566406241,-3.829866246713349e-06,-0.059712741268917686,1.0,117.93635253906245,-0.0015231934902942873,-0.08826879809856386,1
chronos_bolt,0,sweden,4764,0.34524922139485675,0.152198820004657,0.03225855440458269,8.564961421788741,1.0,0.05814042968749966,0.0024100000762290767,0.0076852528712388225,0.0,0.030570460510253028,0.0025974672336990853,-0.0001869614887579256,1.0,0.29491121978759693,-0.0007424688447913555,-0.028024849832615238,1.0,0.5452420745849604,-0.007823621199718633,-0.05923519142871829,1
chronos_bolt,0,switzerland,4764,0.03616087106386821,0.001668502851669938,0.037274061411078516,8.148028308585722,1.0,0.0023465805053710653,0.0066982915686483145,0.004356214484657643,1.0,0.0005477064132690668,0.002353417232519619,0.0018048736474835653,1.0,0.0399201692581177,-0.0016370585809646608,-0.04259452330660224,1.0,0.05691267213821416,-0.0066330782261742795,-0.06585076942110997,1
chronos_bolt,0,taiwan,4764,1.085676104736328,1.64648862052437,0.03427512839641911,20.813955963757326,1.0,0.01747528076171534,0.002596899693958226,0.0031393784331749256,1.0,0.0386199951171875,0.0032517158306635497,0.0020525905603321903,0.0,1.1642089538574218,0.006198050840233433,-0.030486648774592017,0.0,1.9058259277343765,0.013338595078841883,-0.04699080955411037,1
chronos_bolt,0,uk,4764,0.03942434551864624,0.0021116153577728104,0.04596932257404215,13.8192903714143,1.0,0.00504192546569826,0.0009298752810435344,0.006751810793724169,1.0,0.016904619028137224,0.007988268321477936,0.027240825396348416,0.0,0.031415584562560994,0.02028997453527488,-0.016046214170686243,0.0,0.07630461241659547,0.030901100238405463,-0.058757923689642784,1
chronos_bolt,0,australia,4769,0.06706537483851113,0.005121517097616806,0.04406152599050218,9.976264033146697,1.0,0.00528447319030767,-0.002161785389408497,-0.005575790795056201,0.0,0.061584504699707,0.00022811559915711125,-0.04020196513946816,0.0,0.08293943122863778,0.0040265770364632985,-0.050599855349214164,0.0,0.0656693812942506,0.005858024642360984,-0.03706482832868598,1
chronos_bolt,0,canada,4769,0.01496578288396199,0.0003153606258181287,0.011086244566005106,3.0790293073768322,0.0,0.006567539787292409,0.0021173855305520336,-0.002738713776957999,0.0,0.030866391372680768,0.0033697024824741843,-0.019631891234867724,0.0,0.027570617866516045,0.0057274540269156,-0.014743928427232983,1.0,0.005376740074157782,0.008188476771476726,0.012122696399372683,1
chronos_bolt,0,denmark,4769,0.44507246668497713,0.2213642558183079,0.060420499579373926,18.5313010407191,0.0,0.08853175964355486,0.000981102902531872,-0.010849508304129804,0.0,0.3465978729248045,0.004000878183050517,-0.0429907175159266,0.0,0.46510844650268535,0.011792623848288462,-0.05127754755463195,0.0,0.6422973068237301,0.016975186154448502,-0.07073254794669856,1
chronos_bolt,0,eurozone,4769,0.11672800186157227,0.015246353221805658,0.06026628638590626,18.48497867351355,0.0,0.022847248649597196,0.0011363380087960112,-0.010477158193268145,0.0,0.09094601249694834,0.004264112280150699,-0.04263660899071669,0.0,0.12178521499633788,0.012162125626963892,-0.05064110453726327,0.0,0.16881956939697274,0.017438545489936515,-0.07023139608352709,1
chronos_bolt,0,japan,4769,9.48344020589193,102.79254969309187,0.06616557060549355,21.522824442577228,0.0,0.8768475341796886,0.0006914484503896018,-0.0052772367675817155,0.0,8.358583984375002,0.001212100752816651,-0.057156416370742195,0.0,10.4832763671875,0.010896821881989082,-0.06213047506899661,0.0,12.18328186035157,0.010829678538562695,-0.07456519026386614,1
chronos_bolt,0,norway,4769,0.3378846477254232,0.13947494657774442,0.03334415678034345,8.551669394171595,1.0,0.035255874633788764,-0.0012197975294726692,-0.004656086883128573,0.0,0.3819352050781255,0.0009504866799737199,-0.03683620358249246,0.0,0.41735334472656227,0.003541163620572686,-0.03771379037616009,0.0,0.4379824127197267,0.005478854592566429,-0.03777434200148524,1
chronos_bolt,0,south_korea,4769,92.23969482421876,9233.939709526556,0.06727810858855247,19.771034069715157,0.0,18.83645019531241,0.0005892286152399165,-0.012764772831595526,0.0,103.21040039062495,0.0017673837322943172,-0.07360129662519964,0.0,94.86672363281241,0.002720970579470783,-0.06627110435352997,1.0,109.46755371093741,-0.0019625674180785415,-0.0824001802155727,1
chronos_bolt,0,sweden,4769,0.5259093395487467,0.3092723714796196,0.04906715189791091,13.046787437767454,1.0,0.10227958984375007,-8.851430201880822e-05,-0.009461978965850888,0.0,0.6070717117309563,0.0022614108488845587,-0.054568744540481356,0.0,0.6419299423217772,0.006765759926610602,-0.053148963140795785,0.0,0.6125505126953126,0.0039688837124016415,-0.05328844556503405,1
chronos_bolt,0,switzerland,4769,0.05430852990150451,0.003229813114818515,0.05586848328062968,12.237189703023624,0.0,0.01002931871414181,0.001430871941479813,-0.00865283595723067,0.0,0.053826167964935334,0.0014777374666475316,-0.053869662923836534,0.0,0.05901153450012209,0.004509486869038636,-0.056145338008221496,0.0,0.06901400928497314,0.0032645606148093914,-0.06813812625805356,1
chronos_bolt,0,taiwan,4769,1.4976010508219404,2.55194595205275,0.04722067973445313,28.711143394516263,0.0,0.2534212341308617,0.004012791846566681,-0.003859866895515392,0.0,0.9882524108886734,0.005136375672996521,-0.025885556875248412,0.0,1.493354949951172,0.010303395883977802,-0.03670427040241571,0.0,1.9862117004394548,0.015528108019821879,-0.04715267064259243,1
chronos_bolt,0,uk,4769,0.06827237354523824,0.00527391173028837,0.07888472427002355,23.93129783019689,0.0,0.017343871353241003,0.0035930162326115803,-0.016093211879259845,0.0,0.04447747526364132,0.007938101148161557,-0.0431172314305985,0.0,0.07823315041360479,0.01725703279109895,-0.07347453989943949,0.0,0.08787185941409303,0.027068436172596914,-0.07438022485226194,1
chronos_bolt,0,australia,4774,0.028479101314544675,0.0010552731722716245,0.01900189373232169,4.2363892668126075,0.0,0.007604223747253336,0.00330022858175818,-0.001790366698654785,1.0,0.00914189811706545,0.007363635498872139,0.001265403440823106,0.0,0.0450111748504638,0.013760233326719768,-0.016434173658577734,0.0,0.032083006210327225,0.021121955122345392,-0.00014739973494747472,1
chronos_bolt,0,canada,4774,0.015707419414520283,0.0003583725850027068,0.011652225663533237,3.231612077734765,1.0,0.0041884056091308075,0.0036031691771646816,0.0004521988244522667,1.0,0.005345987129211416,0.005190990946298678,0.009192103292212404,1.0,0.00465835494995126,0.00881232178043547,0.012287099703315587,1.0,0.023230838584899827,0.006588748437230018,0.023836367444107998,1
chronos_bolt,0,denmark,4774,0.2688418863677978,0.09501745739295668,0.037169990276779176,11.193660137513554,0.0,0.017976026916503685,0.0019105016166305682,-0.0005831956508936741,0.0,0.09344391174316424,0.009353095784591222,-0.0035809061443105995,0.0,0.2873319976806643,0.024067679018120614,-0.01564832658437766,0.0,0.45838748321533185,0.03558829758790559,-0.027784647509083854,1
chronos_bolt,0,eurozone,4774,0.07063085119247438,0.006570530536279763,0.03713641975217394,11.185060629525044,0.0,0.004514053535461526,0.001879991757945545,-0.0005017097846224999,0.0,0.024343435668945368,0.00942923557255804,-0.0033848138937910706,0.0,0.07547083129882814,0.024291177967927256,-0.015376323802621933,0.0,0.12007589435577382,0.03569422294219723,-0.027431973676625247,1
chronos_bolt,0,japan,4774,4.6005421346028665,30.961891349170415,0.03314659773775061,10.441006486466728,0.0,2.0810614013671795,-0.005270842762235403,0.009660873764762318,1.0,0.0831048583984284,0.0052849360723421085,0.005879206753505807,0.0,5.844093627929681,0.019293451120893406,-0.02280140237989887,0.0,9.251119995117193,0.021597467083975926,-0.04572077752123297,1
chronos_bolt,0,norway,4774,0.09696272750854475,0.017174961914103514,0.009729776598358664,2.454071810578543,1.0,0.06805367584228428,0.0019135255425391789,0.008738765183807376,1.0,0.22458723144531234,0.002850647099870909,0.025179664362095743,0.0,0.21281815032958917,0.004413375636125784,-0.017181618435321608,0.0,0.09551930999755776,0.005943174042638654,-0.003676883239800181,1
chronos_bolt,0,south_korea,4774,38.745336914062484,2093.4098769467255,0.029139565462001256,8.304834243330443,1.0,4.378027343750091,0.0023272777700737613,0.005634669927309662,1.0,5.511376953124909,0.012353598721387827,0.016473969676222232,0.0,53.92172851562509,0.026437765604753877,-0.014207931016436873,0.0,76.80104980468741,0.029336060635440895,-0.028893848356272945,1
chronos_bolt,0,sweden,4774,0.23041288070678714,0.07032837008694842,0.0218896746713229,5.716095249581474,1.0,0.059618815612793696,0.002696457554223157,0.008407420960149533,1.0,0.14056779174804745,0.007144082521851335,0.020498284226514413,0.0,0.2663525985717765,0.022963273197505723,-0.0024303340650401292,1.0,0.2232219299316398,0.03497527179878052,0.013993934545111601,1
chronos_bolt,0,switzerland,4774,0.013738703505198154,0.0002486957889950482,0.014551304858912921,3.095703775661361,1.0,0.00029165573120115695,-0.00046704961336236435,-0.0001586000902058581,1.0,3.265342712399644e-05,0.005237985394813485,0.005272327286612686,0.0,0.017114138221740682,0.010950175988262206,-0.007108783252243074,0.0,0.013699515151977537,0.001372969560438985,-0.01319659442833568,1
chronos_bolt,0,taiwan,4774,0.6645745493570963,0.5578471327221973,0.021336570529900598,12.74083987351999,1.0,0.15529165649413912,-0.004432200291925658,-0.009417713273855025,1.0,0.15422421264648278,-0.0013966639407416196,-0.006332778792202217,0.0,0.8985895385742175,0.0050752400295424795,-0.023843300155690566,0.0,0.925100936889649,0.009364621050992932,-0.02029055118973376,1
chronos_bolt,0,uk,4774,0.04021916911451415,0.0019889325979317502,0.04750868100022468,14.097897357043404,1.0,0.0028281723570251494,0.0004192800401941822,0.003743092417024724,0.0,0.017328079643005423,0.0078002716475505125,-0.01265626002382068,0.0,0.053936624117218,0.02330296015077828,-0.040764253212803546,0.0,0.04719583311126707,0.03157235098783075,-0.023787172881929688,1
chronos_bolt,0,australia,4779,0.032413273999532075,0.001246237351649256,0.02161856438122232,4.8216144378033805,1.0,0.015142808303832966,0.004957242836961871,0.014988742085520205,0.0,0.027726385536193776,0.009984107049446581,-0.00855415366125679,0.0,0.04256538150787348,0.01760567962733026,-0.010776879745526657,0.0,0.05172915973663339,0.021047143421149123,-0.013431700614553748,1
chronos_bolt,0,canada,4779,0.01611457009633382,0.0003439385267470367,0.01194226193802839,3.3153784193650306,1.0,0.008566387367248574,0.0015551187034506641,0.00792341167495096,0.0,0.005536669731140087,0.002973368501038951,-0.0011584239258119978,1.0,0.014430280685424846,0.003928424890499803,0.014607459529230907,0.0,0.018708397102356056,-0.0019127910980026779,0.011990862926790816,1
chronos_bolt,0,denmark,4779,0.26452247802734374,0.0869694017775655,0.03677647266930225,11.013814691510257,1.0,0.05716438293457049,0.003794051070148483,0.011696363748259539,0.0,0.1044576278686522,0.010023037202111444,-0.004488992769175954,0.0,0.29587593002319323,0.023560430145050264,-0.01753216601686888,0.0,0.4387056526184079,0.03133774860592262,-0.02972104609175934,1
chronos_bolt,0,eurozone,4779,0.06957958154042562,0.006012583361326376,0.036786005159716834,11.018582177154391,1.0,0.015027334594726494,0.0038454603698117556,0.011744703796876345,0.0,0.027312838363647396,0.010100774282676177,-0.004327000021759929,0.0,0.07812513980865488,0.023650685537670586,-0.01761018185814811,0.0,0.11491685028076182,0.031223296069115843,-0.029597741334053938,1
chronos_bolt,0,japan,4779,6.067227539062503,47.29695575522854,0.043790805794952786,13.769673276927731,0.0,2.2254357910156273,-0.0012549300773117905,0.014548549843925108,0.0,1.5325927734375,0.00639614872998247,-0.004549777673167845,0.0,6.0954846191406205,0.01915612149722477,-0.024532672563072965,0.0,10.821998291015632,0.020393262311532222,-0.05843548739053282,1
chronos_bolt,0,norway,4779,0.3296985499572752,0.1181008155516823,0.03275636050946254,8.344483888074095,1.0,0.1051669174194334,0.0021737754277434867,0.012438542499975811,0.0,0.3375665161132808,0.004005076693556013,-0.029610766072468327,0.0,0.31189125366210924,0.011402985828517257,-0.019383770599744308,0.0,0.4161146392822257,0.009425164355569915,-0.03194789682670584,1
chronos_bolt,0,south_korea,4779,61.85814127604165,4755.580910446046,0.046472507823023576,13.258927417187834,1.0,9.118115234374955,0.003970088217580244,0.010723068074030943,0.0,34.17539062500009,0.012916844386075297,-0.012575476822128624,0.0,52.360522460937545,0.022179572497402607,-0.016777402259623885,0.0,112.602294921875,0.02705073135101378,-0.0582539867595659,1
chronos_bolt,0,sweden,4779,0.3457514580281576,0.13565308843110654,0.03265911029431918,8.577420935445142,1.0,0.04326738281250009,0.007346350819194367,0.01139142956982787,0.0,0.30096060180663997,0.011998693568976116,-0.01646560400214501,0.0,0.4564219635009774,0.019561210260370134,-0.023595098239725054,0.0,0.42231022644043037,0.02288150068595792,-0.01684942591349253,1
chronos_bolt,0,switzerland,4779,0.023074419024785357,0.0005918304194056987,0.02437912356258964,5.199294538177757,1.0,0.004115292072296106,0.00423428711160152,0.008534753485153016,0.0,0.015424390697479251,0.011683483101394106,-0.004479703926137483,0.0,0.027980366897582987,0.014025767958057494,-0.015420383453441558,0.0,0.025926396656036355,0.00029064152264773283,-0.02734639104100088,1
chronos_bolt,0,taiwan,4779,0.708491835530599,0.5881370018070038,0.022769160868838356,13.582796748572532,1.0,0.0030812377929692047,0.0009434622082344242,0.0010422262894947795,0.0,0.44179286193847744,0.005050045455910843,-0.009153972059642445,0.0,0.8320167236328118,0.011865562757633726,-0.01486920112505691,0.0,0.8926185150146502,0.014686708600039048,-0.013941504431596375,1
chronos_bolt,0,uk,4779,0.031191479201374304,0.0011197941397312944,0.03714731738447093,10.93344994132759,1.0,0.00562956371972656,0.005277945228632851,0.011934775158283019,0.0,0.02109851766567994,0.011291709087478766,-0.013904725125889163,0.0,0.0418759698303528,0.025753711467934235,-0.02414645900213494,0.0,0.028879442980957015,0.02563363683582845,-0.008515663361603445,1
chronos_bolt,0,australia,4784,0.028643210058848075,0.0010966859618965548,0.019163439599163445,4.2608011509966754,1.0,0.00521145263671885,0.005141635485095329,0.008634442701845907,0.0,0.02298256378173824,0.011822432199260439,-0.003623755765517133,1.0,0.022815590286254794,0.018789435264954274,0.003563601185790716,0.0,0.06012329303741448,0.0267631095355515,-0.013541034911182257,1
chronos_bolt,0,canada,4784,0.019885967267354334,0.00045555016910974535,0.014744796237120958,4.091297895771069,1.0,0.004333085632324263,0.001320432289405736,0.004551227732184778,1.0,0.006676998519897559,0.0029666189591719587,0.007932559332864532,0.0,0.025187128067016618,-0.0005139687143821267,0.01815537085242444,0.0,0.011903832435607997,-0.0008632121954531407,0.008006746060892965,1
chronos_bolt,0,denmark,4784,0.2617457442728678,0.08116480341210339,0.03650162790913281,10.898200958992982,1.0,0.024181450653076197,0.004291350020165047,0.0009161896943598225,0.0,0.12569942016601576,0.011250573307161579,-0.006296105223633038,0.0,0.3130813980102536,0.021072725759570518,-0.02277377295166893,0.0,0.36679806213378896,0.03250557643482237,-0.01845954217758529,1
chronos_bolt,0,eurozone,4784,0.06898588445663452,0.005627998932906698,0.03658259346989177,10.924564651304678,1.0,0.006705870819091686,0.004409572804042623,0.0008509507228021812,0.0,0.03343098411560064,0.011311969770867823,-0.006432091780647012,0.0,0.08306046714782722,0.02103890968184864,-0.023199275009692155,0.0,0.09652426872253428,0.032313902266833255,-0.01868962324854473,1
chronos_bolt,0,japan,4784,5.8512573038737,43.39632058582706,0.042619964450592254,13.279525255126233,1.0,0.320924682617175,-0.005587752524655061,-0.0032728544382902617,0.0,3.844992065429693,0.0005025097382786703,-0.027483757355215577,0.0,3.3194818115234455,0.011491931754868063,-0.012356094915703384,0.0,8.888715820312513,0.01467609206860996,-0.05029218931069343,1
chronos_bolt,0,norway,4784,0.12441695037841782,0.022840077327245866,0.012497805632252178,3.148922668815373,1.0,0.01745114898681699,0.007767854149379147,0.009520017672964919,0.0,0.15275767211914015,0.011695276816529035,-0.0037135724892964337,0.0,0.17151536560058567,0.01335129717863112,-0.003937232689388084,1.0,0.052588458251953796,0.021128007553815692,0.015899784121880332,1
chronos_bolt,0,south_korea,4784,57.98330240885415,4141.301460703292,0.043974903365517064,12.428378580227614,1.0,13.7662353515625,0.002176358215661526,0.012500866660190003,0.0,37.453369140625,0.010412037921009266,-0.017991032597828905,0.0,48.43740234374991,0.02092445819859757,-0.015570886592035609,0.0,88.96206054687491,0.025372021559436325,-0.04240195409763049,1
chronos_bolt,0,sweden,4784,0.23936186731974285,0.06666932645463117,0.022714720996106,5.93810219515662,1.0,0.04316269378662163,0.009772469924547058,0.0056634068584937415,0.0,0.16326428375244184,0.01371226967753101,-0.001858107426162741,0.0,0.346350137329102,0.0220602542451693,-0.010982522611386193,1.0,0.20051841888427724,0.03318139395020426,0.014396755017557614,1
chronos_bolt,0,switzerland,4784,0.016846076819101965,0.00033454574258187685,0.017907490458367543,3.7958795452746843,0.0,0.0026871573448181696,0.0012005861543719848,-0.0016387813251823049,0.0,0.009500385665893507,0.004217152415541091,-0.005827213607405438,0.0,0.023711567115783705,0.005963134954594753,-0.01925238783308562,1.0,0.014908801460266075,-0.0006247445943469861,-0.016509934577663404,1
chronos_bolt,0,taiwan,4784,0.3348358556111654,0.11999417714079377,0.010847348434650786,6.419279860147966,0.0,0.23591401672363332,-0.0034191734554577828,0.004216722863671352,1.0,0.2577973632812487,-0.0009136263321658934,-0.009303905760371179,0.0,0.409551666259766,0.004556893166273928,-0.00873211776377616,0.0,0.41139533996582145,0.008010935751357605,-0.005291962417390519,1
chronos_bolt,0,uk,4784,0.019530192391983035,0.00045339949939553,0.023434430438527484,6.845856186674057,1.0,0.0012986039836425656,0.006161719041018112,0.004599615355524724,0.0,0.0186519121151123,0.012492364697669405,-0.0100371059357102,0.0,0.027342098267974846,0.022659887491585172,-0.010200812513354059,1.0,0.018703697712463385,0.026216627287011986,0.003935300525881641,1
chronos_bolt,0,australia,4789,0.023777299049377452,0.0009869834409996932,0.016060172420704913,3.536975881859449,1.0,0.006266268882751502,0.0076957804914806974,0.003475277665764055,0.0,0.022451521339416525,0.011824240659601266,-0.0033174951813950892,1.0,0.00032868278503417336,0.014122224068130554,0.013902704784272822,0.0,0.06687161895751959,0.018256004603179915,-0.027236059114102838,1
chronos_bolt,0,canada,4789,0.011468785870869953,0.0001704338275209886,0.008475221259085826,2.3595643535815705,1.0,0.0034752756118774375,0.0003521335483613713,0.002926198958077853,1.0,0.01496953697204595,0.0004305498017657659,0.011470426535346115,0.0,0.020420937156677255,-0.001834857748359456,0.01322911969373857,1.0,0.0028870786666870263,-0.0038376990422409434,-0.00599015836355721,1
chronos_bolt,0,denmark,4789,0.2228988169606526,0.057982071749096246,0.03135312407331966,9.28074726680778,0.0,0.07930155334472655,0.005988406416999117,-0.0051745735968821175,0.0,0.11115363006591839,0.009293836792750119,-0.006335997462971735,0.0,0.210434028625488,0.017433842524349076,-0.012120673585047472,0.0,0.4114186660766599,0.025021251447146665,-0.03314405853147087,1
chronos_bolt,0,eurozone,4789,0.05860804092407228,0.004006676557406786,0.03135014312611229,9.281135368552372,0.0,0.020808175468444823,0.006010696490090359,-0.005127183904902598,0.0,0.029263904762268034,0.00928200269467588,-0.006365940997656522,0.0,0.05509457702636711,0.017382887381539928,-0.012040711671400833,0.0,0.10847097892761237,0.024920360722144007,-0.03340494896332925,1
chronos_bolt,0,japan,4789,3.879132100423179,22.032490368192935,0.028767397889820953,8.803754478791657,1.0,0.12839599609375796,0.006939482869864364,0.005997846987243727,1.0,0.7270520019531261,0.013541790238256605,0.008233221793514114,0.0,5.7128955078125045,0.018233895392118508,-0.02405524424507779,0.0,9.653472290039062,0.012422773628585218,-0.06055311671474595,1
chronos_bolt,0,norway,4789,0.07854740890502931,0.009150448121450378,0.007898912040529801,1.9879905087326628,1.0,0.033681304931640454,0.0076687853578197,0.004265372053251779,1.0,0.05725375061035187,0.00863823041639628,0.01439156919237929,1.0,0.05577798614501894,0.008802660136107414,0.0031665348364260976,1.0,0.07977416381836022,0.012121888920072184,0.004078098078472246,1
chronos_bolt,0,south_korea,4789,47.780539550781235,3117.789601213434,0.036777081769779195,10.241476591267219,0.0,18.20986328124991,0.008319041603850032,-0.005669889642199407,1.0,18.317333984374955,0.015091194461743805,0.0011147630361215404,0.0,54.45290527343741,0.023267887286887223,-0.01851653159498966,0.0,92.97629394531259,0.026062251276592483,-0.04616476738771291,1
chronos_bolt,0,sweden,4789,0.23455091150919596,0.06056418710367807,0.022263343430640865,5.818751742307552,0.0,0.1500070449829103,0.01003269605730487,-0.004344231229149659,0.0,0.2148540054321284,0.01392147456962463,-0.006654058197685666,1.0,0.22207441711425702,0.026221851445523265,0.005210279897645665,0.0,0.349875753784179,0.032605706302423675,-0.00048550107307210566,1
chronos_bolt,0,switzerland,4789,0.014208454739252722,0.00023131963719736945,0.015169109996686827,3.201551512191529,0.0,0.00635195302963254,0.0037142211683241578,-0.0030329658496120178,0.0,0.013799261665344287,0.005932069366286284,-0.008751389897826912,0.0,0.016509137916564942,0.0062065394110520635,-0.011381063777505935,1.0,0.012501697540283185,-0.002498392489462032,-0.015905227254445535,1
chronos_bolt,0,taiwan,4789,0.24658128102620427,0.07090004814149903,0.008073586915567936,4.727314069432104,1.0,0.13974757385253866,-0.0003024422453266408,-0.004881654382697119,0.0,0.11670558166503753,-0.002182514661523908,0.0016328133730214537,0.0,0.256738342285157,-0.005809513188147275,0.00259492422043146,1.0,0.108781341552735,-0.010324756433008888,-0.006739000884312262,1
chronos_bolt,0,uk,4789,0.007380707899850466,8.45035437305591e-05,0.008944856461538336,2.5871360519196105,0.0,0.00499780124743654,0.0058833660112634426,-0.00020462794053564815,0.0,0.012479005116790787,0.008940539530820059,-0.006283426569972729,1.0,0.0003648789436340172,0.015864984287003798,0.015426167699995715,1.0,0.017267395046997036,0.02095462676629197,8.186339472746583e-05,1
chronos_bolt,0,australia,4794,0.02295932330958049,0.0008280324291938153,0.015638215725619395,3.415298459306119,1.0,0.00786282665252691,0.0028142518751712474,0.008128282765201871,1.0,0.018688595619201553,0.004807396532840398,0.017367137978128,1.0,0.007011580619812108,0.009160111793172714,0.0044276511910847065,0.0,0.04623884181976323,0.009218867798522979,-0.02240938162986873,1
chronos_bolt,0,canada,4794,0.007030808900197323,7.315201128368955e-05,0.005199507385138446,1.4465041238485743,0.0,0.0071503961563110785,-0.0022397693523285495,0.003002565419451357,0.0,0.011041803932190009,-0.0037783004063025633,0.004317922399629416,1.0,0.0005562025070189325,-0.005262421429828532,-0.004852415505833967,1.0,0.009594701576232989,-0.008400211927209108,-0.015521949537981973,1
chronos_bolt,0,denmark,4794,0.18441825030008943,0.04173506320946853,0.02614328097975728,7.678547583875956,1.0,0.019798046112060597,0.004609135146646841,0.0018123642148275805,0.0,0.09442190246581994,0.006346123022120659,-0.0070398288306805865,0.0,0.19402271118164105,0.01538830467366153,-0.012061909308599917,0.0,0.33035669174194293,0.020098900720524913,-0.026873569688365104,1
chronos_bolt,0,eurozone,4794,0.04813579843521119,0.002847654271139533,0.025954314786169674,7.622757121831201,1.0,0.00518030986785889,0.00458665195830601,0.0018037668609294595,0.0,0.024744414138794024,0.006255842904736308,-0.007084940398956025,0.0,0.05024313220977783,0.015159302595118863,-0.011872632142626939,0.0,0.08666564273834232,0.019672982755178398,-0.02720513012121281,1
chronos_bolt,0,japan,4794,4.9333650919596375,29.8363534652052,0.036778446593112996,11.196353694455523,1.0,0.07811645507811704,0.005416568156848271,0.005985200889589623,1.0,0.6667718505859455,0.005379347351080325,0.0005123325882394814,0.0,4.905050659179693,0.011175294216125084,-0.02498091506284606,1.0,5.670581054687489,-0.007343556362675231,-0.05006298235118638,1
chronos_bolt,0,norway,4794,0.10379822937011719,0.0144680389992817,0.010440482806015693,2.627074497906659,1.0,0.02303056793212832,2.198682928155407e-05,0.0023269382251590535,1.0,0.04835495605468765,-0.002316802782221691,-0.007185033411703127,0.0,0.10098711547851558,0.0006598105814342087,-0.00950388967386937,0.0,0.10373787536621037,0.001980780068380718,-0.008447360198764976,1
chronos_bolt,0,south_korea,4794,55.14651041666664,4007.4449623027617,0.04270776062066549,11.820328963052297,1.0,1.295654296875,0.005437305435113177,0.00444666658249022,1.0,5.142114257812409,0.008105761784982977,0.004178893117240568,0.0,63.77734375,0.020403844931168227,-0.028802240375729857,0.0,91.59907226562495,0.019478707016242956,-0.05204375132156359,1
chronos_bolt,0,sweden,4794,0.12120947397867846,0.02177985827891471,0.011591941155014962,3.006971208764478,1.0,0.07249254302978514,0.009058142423673659,0.0020829464539440265,1.0,0.07148911132812508,0.012613601843850866,0.005759784374926322,1.0,0.09407689208984316,0.02061087683617465,0.011653960754107524,0.0,0.30483547973632774,0.026419226110043905,-0.002727430761850552,1
chronos_bolt,0,switzerland,4794,0.004465600519180301,2.9252775523891088e-05,0.004813880905022353,1.0062213208539872,0.0,0.004089665508270279,-0.0006859094325778443,0.00369132423960218,1.0,0.0013872420310974132,-0.0019713297577695155,-0.00048248318945992737,0.0,0.009463550090789807,6.811869047059734e-05,-0.010127214327620676,1.0,0.003223517322540337,-0.009506381288410935,-0.013000857425300345,1
chronos_bolt,0,taiwan,4794,0.14911513366699214,0.04745070791582435,0.0048752538185237665,2.8587493195572673,0.0,0.07131452941894523,-5.9209160369913436e-05,0.002265191187515887,0.0,0.06026466369628736,-7.389784886632035e-05,0.0018907294718502965,1.0,0.021730987548828296,0.003915416320139565,0.003208863770643197,0.0,0.3348269042968752,0.001852523377957857,-0.009112427024787867,1
chronos_bolt,0,uk,4794,0.009077208231329348,0.00010787545309240007,0.011045722047637043,3.181804914204691,1.0,0.001031595975769073,0.001994375929389981,0.003259190018494604,1.0,0.007218649046905501,0.0028084487838302688,0.011618524233729274,1.0,0.010504721361633274,0.006932210168412282,0.019674920639107713,0.0,0.014241096878692572,0.011337847634634808,-0.006122922659866778,1
chronos_bolt,0,australia,4799,0.058706372642517116,0.0047161759894804355,0.039658926866294485,8.732826370094925,0.0,0.00883379951477048,0.0030566188171580475,-0.002842402504924897,0.0,0.01386329681396492,0.005961662058535732,-0.0032845365457296175,0.0,0.03199301116943354,0.01209679390239176,-0.00923885521292622,0.0,0.11820781665802005,0.020366224158058024,-0.06014305026475108,1
chronos_bolt,0,canada,4799,0.01635687610626221,0.00034120981897741283,0.012080040432675814,3.3652299581523915,1.0,0.0007811691284178579,-0.0008629487318204233,-0.0002921520672280936,1.0,0.009344172668457107,-0.0010637176495625045,-0.00791822019013243,1.0,0.007320406341552843,-0.0023246729090236873,-0.007697420895793104,1.0,0.0307309240341187,-0.0040385789456868736,-0.026829117559568294,1
chronos_bolt,0,denmark,4799,0.17016969100952145,0.03874444220955199,0.024259829524846177,7.085286123384531,1.0,0.018049170684814264,0.006103925842536994,0.0035403310178551877,0.0,0.06681500778198224,0.009448281834212082,-4.281707831191252e-05,1.0,0.041751760101318425,0.014902850713796097,0.009014861947462859,0.0,0.31082084121704145,0.023411253368268003,-0.020889749462149568,1
chronos_bolt,0,eurozone,4799,0.045057379131317146,0.00271725943412088,0.024426879225172646,7.135260426324524,1.0,0.005209492492675771,0.006200440855236841,0.0033864817051867248,1.0,0.017353368759155163,0.009535853111519286,0.00016281341618516382,1.0,0.011222788810729911,0.015095019480777802,0.009076972930196648,0.0,0.08219097576141365,0.023542753285734765,-0.021006640928535564,1
chronos_bolt,0,japan,4799,6.686656005859376,48.63617732806908,0.04976237304481308,15.175476430230791,1.0,0.620127563476558,0.006928182310553668,0.002411752977820566,0.0,5.250433349609381,0.010448522517082216,-0.028312003628108946,0.0,4.27783203125,0.010827875008693635,-0.02062614706601855,0.0,7.888494873046881,0.008731352187541787,-0.05019055156415201,1
chronos_bolt,0,norway,4799,0.1065732567342123,0.01463773471922907,0.010705189190630151,2.6973088714932487,1.0,0.002840962219238463,0.003972576647139943,0.0036869557929062177,0.0,0.08185220336913979,0.005510514654840771,-0.002738744820807344,1.0,0.30005744018554736,0.004831833675097954,0.034523208785985054,0.0,0.15622171783447314,0.014141877434842427,-0.0015250910688019489,1
chronos_bolt,0,south_korea,4799,69.64270670572914,5460.032456100502,0.05405395152736099,14.92750306264701,0.0,10.456372070312455,0.004966125726026835,-0.003026996199825276,0.0,39.36696777343741,0.01017604384120346,-0.02009496476589983,0.0,58.2860107421875,0.015854980960193225,-0.029034798458257155,0.0,101.53085937500009,0.019684738768080284,-0.059546792140605535,1
chronos_bolt,0,sweden,4799,0.20393618469238273,0.05940636236549948,0.01941788570455617,5.059259937908329,1.0,0.08824055786132767,0.010972977980855812,0.002541297428672548,1.0,0.02605739440917887,0.015185669299234704,0.01271363556966445,1.0,0.07793198852539085,0.021298385408349624,0.028610768378187466,0.0,0.39970428466796903,0.03228783089432384,-0.0056533571371931626,1
chronos_bolt,0,switzerland,4799,0.004713167581558223,3.110060969772883e-05,0.005086638466550231,1.0620049171331234,0.0,0.002512530994415285,-0.0016234211636205005,0.0010718689058811881,0.0,0.0011891290664672871,-0.000202850822681279,0.0010718689058811881,0.0,0.006876750087738026,-0.0018535587951355448,0.005507888045292748,1.0,0.005785988044738732,-0.0038833543262179557,-0.010132126560876852,1
chronos_bolt,0,taiwan,4799,0.21222159779866548,0.077785326558554,0.0069388463277955635,4.0685900443690945,0.0,0.036516387939453665,-0.0002774000722155359,0.0009114880672731217,1.0,0.004225387573242756,0.0011140311688209602,0.0009765625776101702,1.0,0.06615679931640628,0.002574660221849026,0.0004232942120739381,0.0,0.3816065368652346,0.0014842110527387377,-0.011003156496638128,1
chronos_bolt,0,uk,4799,0.010968665991438805,0.00021959919875097446,0.013311141997719291,3.8448115835190846,1.0,0.0013529358854980078,0.003328362249794299,0.0016885286367254023,1.0,0.0019582100863647645,0.005111328054117406,0.00747582053973372,1.0,0.011273644461852972,0.008815649203001636,0.02230266318588546,0.0,0.025687073505218483,0.014397716737975063,-0.016851695500552533,1
chronos_bolt,0,australia,4804,0.062488829547882103,0.0048081429026100965,0.04250171183260386,9.295483163899222,0.0,0.0076169684600830845,0.005090755912469896,0.0,0.0,0.03085489788055429,0.008689446245921368,-0.012018897438783252,0.0,0.0638301445770264,0.008985158105492278,-0.03432608263832538,0.0,0.0817491361236573,0.015233602124801321,-0.04022387624442459,1
chronos_bolt,0,canada,4804,0.013531695537567145,0.00023878705349661254,0.010039506970946403,2.78398313417463,0.0,0.0011167051315308374,0.0008216454503032343,0.0,0.0,0.004875968742370507,0.0009387728928971969,-0.002653401225104867,1.0,0.017509714126586973,-0.0005818820229529658,-0.013561790781420028,1.0,0.020220922851562406,-0.0010893105751594487,-0.016101854154506004,1
chronos_bolt,0,denmark,4804,0.15311755109151204,0.03114252161285007,0.021963248980141372,6.375293118059491,0.0,0.030316938018798645,0.004317700301337606,0.0,0.0,0.07803937759399382,0.005620362701565051,-0.005517304726986118,0.0,0.1722882453918455,0.006995944691839947,-0.01772582895280242,0.0,0.24470705261230474,0.013419636550269209,-0.021648786897504897,1
chronos_bolt,0,eurozone,4804,0.04082257623672487,0.0022108955835805993,0.022267246414368898,6.464639496087885,0.0,0.008090568542480359,0.004380876186412947,0.0,0.0,0.020712186050415138,0.005688408948531997,-0.005550581551219809,0.0,0.04594764842987065,0.007055581702563958,-0.018015052171854534,0.0,0.06623697032928466,0.01338818631065222,-0.022722637294596212,1
chronos_bolt,0,japan,4804,1.8333372599283861,4.999046096496696,0.014000268769188926,4.160789242384758,0.0,0.3799194335937557,0.0028556810494130493,0.0,0.0,1.1972882080078193,0.0021977202995044293,-0.006835503115794095,1.0,2.819953613281257,-0.0015823305378278457,-0.02307179660050003,1.0,1.0030145263671955,-0.006092935078780153,-0.013718052101063267,1
chronos_bolt,0,norway,4804,0.07645025131225593,0.012300161543967602,0.007676934470227873,1.9349126357911,0.0,0.026509529113768693,0.0026791512878634304,0.0,0.0,0.05244047546386632,0.0022178974442675415,-0.0030913492248099013,1.0,0.039326370239257,0.0011048521352137082,0.005072374066854211,1.0,0.12379591522216771,0.011976177838483863,0.02427909130263687,1
chronos_bolt,0,south_korea,4804,52.96844319661458,3326.013865838905,0.041684130227676225,11.353473112153791,0.0,6.779199218749909,0.005278571874849428,0.0,0.0,29.1455078125,0.009901252006553793,-0.012886168727070615,0.0,54.25563964843741,0.014921024252824698,-0.027704795532272834,0.0,83.53737792968741,0.024703944443843755,-0.04103671036418136,1
chronos_bolt,0,sweden,4804,0.25795211349487307,0.08256796785619011,0.0245057921808665,6.399290031202289,0.0,0.0904857238769523,0.00855816527282052,0.0,0.0,0.212047927856446,0.009801673792541845,-0.010345076232089778,0.0,0.17121248931884736,0.010151003233798923,-0.006078553770208248,0.0,0.3063009414672848,0.02404415119844685,-0.00477016557488637,1
chronos_bolt,0,switzerland,4804,0.004073966840108234,2.8986632034584656e-05,0.004406657688263111,0.9179755953005656,0.0,0.000972287368774416,-0.0010421491145564206,0.0,1.0,0.006337568569183327,-0.0020508791944471856,-0.008877469326052455,1.0,0.0013743091583251488,-0.006420814880338496,-0.004940137845923533,1.0,0.0009975041389465034,-0.012719149709174362,-0.011637435360849645,1
chronos_bolt,0,taiwan,4804,0.32860145772298177,0.19162714337917355,0.010790760483467226,6.29975758040072,0.0,0.008044586181640057,-0.00026177449687090986,0.0,1.0,0.0017646331787126712,7.367983571929842e-05,1.6267965935311194e-05,0.0,0.3334557189941414,0.0015265946620567161,-0.00936533850017764,1.0,1.0175872650146474,-4.5966079536207346e-05,-0.033716449069412936,1
chronos_bolt,0,uk,4804,0.01582638084110514,0.00037485768807923257,0.019178421553047085,5.547570910679512,0.0,0.0038277319912719543,0.004605813108918674,0.0,1.0,0.0015597136528014977,0.004489671222044859,0.002615249496505601,0.0,0.01230774303277593,0.007003777532958696,-0.00784609238366399,0.0,0.01281749836917112,0.011550822501848898,-0.0038481476935622494,1
chronos_bolt,0,australia,4809,0.04628537475840252,0.0026205908759607834,0.031768454941186096,6.885149312515467,0.0,0.0017540029525757728,0.0011887702467610166,0.0,0.0,0.015884129638671807,0.002143455692573708,-0.008663487957885142,0.0,0.03206721069335927,0.0060492175269692555,-0.015803041035260743,0.0,0.04855923980712884,0.012480614706871514,-0.02058198964792501,1
chronos_bolt,0,canada,4809,0.013744136091868087,0.00022240269939437547,0.010205470832442129,2.827690215711203,0.0,0.00023977870941171986,-0.0001769806473546724,0.0,0.0,0.008771230697631749,0.0013432287588018466,-0.0051425407917098315,1.0,0.005201368141174223,-0.0005895917305661793,-0.004438041235328118,0.0,0.02067457160949715,0.0008296285365878746,-0.014533680840193878,1
chronos_bolt,0,denmark,4809,0.10818163894653318,0.01453430695452934,0.015589226055164798,4.504314844116274,0.0,8.222427368131946e-05,1.1800453302084453e-05,0.0,1.0,0.04408870239257823,0.0004679398410399487,0.006772511144997987,0.0,0.09300781402587877,0.0030175819177337333,-0.010379680241854431,1.0,0.045012580871581775,0.007529520252255832,0.0010972973880149282,1
chronos_bolt,0,eurozone,4809,0.029174393946329747,0.0010499489118888827,0.01598750202999389,4.620040104431239,0.0,0.00012104625701914173,6.605127250740023e-05,0.0,1.0,0.011060207748412987,0.0005672409337281422,0.006581118063749235,0.0,0.025511365890502846,0.003111775534008258,-0.010863410266476407,0.0,0.01440346298217765,0.007477072515285219,-0.0003547599267649439,1
chronos_bolt,0,japan,4809,1.751957458496094,4.690471966235874,0.013393536476719559,3.976096436675831,0.0,0.5261608886718818,0.003979798975849903,0.0,1.0,0.1928576660156125,0.0021360499163114257,0.0035935204066715643,0.0,3.489513549804684,7.209979041534822e-05,-0.026728675396019703,1.0,0.23122924804687273,-0.00306483620919669,-0.004824229219114738,1
chronos_bolt,0,norway,4809,0.1360669083658855,0.03604719548665913,0.013593645578333284,3.4437765185995524,0.0,0.027281929016114148,-0.0027732998667184686,0.0,0.0,0.21000290374755792,-0.002917957673589523,0.018236914876117886,1.0,0.0727275955200195,0.0010118120222708557,0.00836004404012579,1.0,0.16366252136230486,0.011590019270691355,0.027878985827327184,1
chronos_bolt,0,south_korea,4809,24.61707600911458,758.2797531992397,0.01964925466095817,5.2765249212986465,0.0,0.794677734375,-0.0006286497014682638,0.0,0.0,7.110205078125091,-0.0023437528095586256,0.003276555839806712,0.0,33.46511230468741,0.000881471654366294,-0.02591617618112638,1.0,11.120556640624955,0.009304586182064681,0.0005534253214740313,1
chronos_bolt,0,sweden,4809,0.1587212837727865,0.03668007080931434,0.015163406416253276,3.9375662219841043,0.0,0.037545555114746776,0.0035969165009011616,0.0,1.0,0.09094257202148448,0.006143328016481708,0.014780576928905208,0.0,0.1635021850585936,0.010554231450617046,-0.005094774094548067,1.0,0.22021194763183516,0.02335974259589424,0.0024969998667786386,1
chronos_bolt,0,switzerland,4809,0.0045738063081105585,3.6049173570794815e-05,0.00495087737845557,1.0306030297403515,0.0,0.0005132700920105204,-0.0005549205763611976,0.0,0.0,0.006322849845886269,-0.00045714062275295465,0.00635675253719997,1.0,0.006779658126831012,-0.0015904793096451217,-0.008956985214439986,1.0,0.0015301373481750868,-0.002901023344506122,-0.0012437476255188395,1
chronos_bolt,0,taiwan,4809,0.46054888661702464,0.2923472494741409,0.015124801370787271,8.829377567937058,0.0,0.016076705932615454,-0.00052320320122848,0.0,0.0,0.018721847534180824,0.00010481946547025178,-0.000504430045436602,0.0,0.4228071746826174,0.0018303154481341924,-0.011995987040183639,0.0,0.610588806152343,0.0006371318666909792,-0.01941585301968662,1
chronos_bolt,0,uk,4809,0.018870016747052,0.00046450051064734257,0.022819574431402947,6.6144469187859505,0.0,0.001501181891632064,0.0018041432509913928,0.0,0.0,0.005157350094360358,0.0047398206677526115,-0.0014537612384040626,0.0,0.030216427057128903,0.009560924021995492,-0.02710459762187787,0.0,0.012823533125396747,0.011385865240610091,-0.003982416380502755,1
chronos_bolt,0,australia,4814,0.0461390866063436,0.0024093140289969525,0.03170323738634197,6.86338831836051,0.0,0.025904898262024023,0.0030222829390358723,-0.014802425822944826,0.0,0.03192541572570806,0.004658064583492344,-0.01731877996843778,0.0,0.06787227050781253,0.01177965743067876,-0.035190756406535594,0.0,0.030650637283325288,0.018892182318296355,-0.001896617811320402,1
chronos_bolt,0,canada,4814,0.01096062746683757,0.00014329628977917841,0.008155583079313772,2.2550168914850652,0.0,0.011999349403381432,0.0003332897075483209,-0.0086051677416155,1.0,0.008007832908630386,-0.00010547076315822806,-0.006064345091585615,0.0,0.013034442138671887,0.001359936987045115,-0.00834331419106843,1.0,0.003534514427184998,0.0035430589939575343,0.0009268700264998439,1
chronos_bolt,0,denmark,4814,0.16702105214436844,0.03063820288723976,0.02395632885959523,6.954187529231418,0.0,0.10488754348754892,0.0019776792480184057,-0.013056701548660147,0.0,0.16774724884033176,0.003144959456282591,-0.020980621577518586,0.0,0.22059443588256844,0.008225915100724578,-0.023458377707747387,0.0,0.09418529281616195,0.008712264602431031,-0.004686526266448907,1
chronos_bolt,0,eurozone,4814,0.044548483091990145,0.0021618930977252123,0.02430454678281097,7.054671944692235,0.0,0.02746714630126945,0.0019860168592571777,-0.012986132570005368,0.0,0.044416489791870184,0.003148206348553582,-0.021147417495431434,0.0,0.05775294475555426,0.00812721025010926,-0.023420145746433942,0.0,0.026053742980957084,0.00839646336340863,-0.005708398669442731,1
chronos_bolt,0,japan,4814,2.9307599690755195,11.302422307160766,0.022255692837926836,6.651408236702526,0.0,1.2237072753906375,0.005450361228787957,-0.0037830112453566163,0.0,5.788375244140624,0.006648858028620402,-0.03774468475926801,0.0,3.3670977783203,0.010532599854667852,-0.014950349786861656,1.0,0.5313958740234455,0.010394394501134163,0.014357990652798688,1
chronos_bolt,0,norway,4814,0.12267131072998054,0.02101332464330525,0.01220470121986633,3.1047415162969414,1.0,0.1296822906494146,-0.003266566563102739,-0.016320166067855423,1.0,0.13246657714843835,-0.002213648421570767,-0.01553525853270447,0.0,0.16965878906250076,0.004521007816925943,-0.012457283319220292,1.0,0.19435162963867114,0.00907903872949098,0.028094592668231576,1
chronos_bolt,0,south_korea,4814,31.543107096354166,1198.9375948100092,0.025075457071915958,6.761078798614447,1.0,24.894775390625,-0.0002011983491279252,-0.020023358706367168,0.0,29.73386230468759,0.0019166284199066614,-0.021753845887911415,0.0,45.2183837890625,0.005752064053160428,-0.030329603311516556,1.0,13.741186523437591,0.013512373239280782,0.02414165448146089,1
chronos_bolt,0,sweden,4814,0.3103098463948568,0.10729432459818669,0.029424181481042522,7.698183510552973,0.0,0.2334573837280267,0.0041717915814936685,-0.01805865377964124,0.0,0.22093517150878839,0.0042827001685497345,-0.016740363516792537,0.0,0.4017062393188482,0.014127743071101742,-0.024046464299315055,0.0,0.29957205200195247,0.019749692423194142,-0.00841859330757126,1
chronos_bolt,0,switzerland,4814,0.0060853215026855445,5.7639686620710336e-05,0.006588710399265452,1.3711885364473624,1.0,0.011566040802001964,-0.0011648487217348778,-0.013679216302410955,1.0,0.0032056379318237127,-0.0017676036800966786,-0.005222506284187461,1.0,0.007774156856536818,-0.00147874627390834,-0.009875690743310468,1.0,0.004534440231323211,-0.008558093113071529,-0.0036582782352583615,1
chronos_bolt,0,taiwan,4814,0.4995158233642577,0.2954099989514584,0.016411051345237827,9.576429199598788,1.0,0.18789173889160082,-0.0004105094137498436,-0.0065480846972819405,0.0,0.34834146118164,0.0006456724065417825,-0.010750944227292782,0.0,0.3724321899414065,0.0006974191796859829,-0.011491556994747004,1.0,0.28685743713378997,-0.0006396108507171961,-0.010027319493800785,1
chronos_bolt,0,uk,4814,0.01868304567001648,0.0004392560390577491,0.022607222717759546,6.548908542165649,0.0,0.01377432041500859,0.004688693628398361,-0.01196482625450985,0.0,0.018347788838195767,0.008273826520049078,-0.013890543066864212,0.0,0.03027766544110111,0.011399660932945142,-0.025327146505586536,1.0,0.003862251156341534,0.008615937342870052,0.003992519778540273,1
chronos_bolt,0,australia,4819,0.024221089121500665,0.0007921018059459321,0.01677436759936791,3.602991570960586,1.0,0.0036300813293457246,0.002738546432955529,0.0002157369687580637,1.0,0.010367455291748096,0.008688226473274847,0.0015091823028391285,0.0,0.0538465885543824,0.016994890103099184,-0.02054678974953945,1.0,0.013148390197753823,0.025915542386949642,0.03479319504264716,1
chronos_bolt,0,canada,4819,0.008490542055765804,0.00010194396816085613,0.006317994495601938,1.746826612942118,0.0,0.0014468101501465824,0.0008928431897267595,-0.00018660546061735947,1.0,0.002294563102722247,0.003646411710206131,0.0019386353609213605,0.0,0.018732743072509717,0.006756051706884336,-0.0072283605303459526,1.0,0.007682294273376522,0.012510663608930018,0.018157104163824034,1
chronos_bolt,0,denmark,4819,0.05534670021057136,0.004146541199070404,0.008003494033922627,2.304448016863022,1.0,0.02220734481811526,0.0034668956847327933,0.00024016156438765303,0.0,0.028794859313964416,0.004117670294381981,-6.550861986599463e-05,0.0,0.11318362579345731,0.006172528162176034,-0.010337767514632784,1.0,0.13742167129516591,0.007891905522701389,0.027544730224044307,1
chronos_bolt,0,eurozone,4819,0.01402195295969646,0.00027098575647287263,0.007716053922980691,2.22050833807966,1.0,0.005717796897888094,0.0034920253395640827,0.00033216154428355457,0.0,0.007619750976562534,0.004044715152850089,-0.00016612215554013589,0.0,0.029092249679565363,0.0059303057774163686,-0.01021226266545336,1.0,0.0358911577224732,0.007396977362266175,0.026931217402632157,1
chronos_bolt,0,japan,4819,2.8096018676757826,11.998570197123115,0.021449249336339717,6.376437921119958,1.0,0.5040295410156261,0.0039991328127539985,0.007928335384608522,1.0,1.6058929443359489,0.006286180625762969,0.018723356157073684,1.0,0.5592846679687398,0.011223954397104758,0.00687744495024713,1.0,6.998906860351553,0.014566899680965927,0.06724776395022505,1
chronos_bolt,0,norway,4819,0.13339954188028968,0.02749123021342293,0.013185040605897341,3.376266980976389,1.0,0.008205551147460355,0.0036940035886688927,0.0028660049490904864,1.0,0.07553009643554631,0.009469441536086233,0.0018661109151419286,1.0,0.017846903991699747,0.014572593630125552,0.01279034861394075,1.0,0.31658802947998055,0.022063940653807363,0.05293403861346163,1
chronos_bolt,0,south_korea,4819,20.41003173828125,700.3535176969967,0.016177145866261004,4.374769817165254,1.0,4.851953124999909,-0.0008849500986870229,-0.004804692800116353,1.0,5.8020751953124545,-7.88888446654747e-05,-0.0047642208977290755,0.0,26.692919921875045,0.0045354919130496454,-0.017102766924121385,1.0,53.04736328125,0.008305236779990084,0.049811954461607535,1
chronos_bolt,0,sweden,4819,0.19512085500081386,0.04618302639182924,0.01863445720727792,4.840568760492799,1.0,0.0574421737670896,0.008001498993394552,0.0025066882120004037,0.0,0.2176419906616207,0.01200009990975896,-0.008895987886464117,0.0,0.28046699523925867,0.019296704742396108,-0.007514387191618724,1.0,0.1862052185058598,0.026466774852419113,0.008874735739237591,1
chronos_bolt,0,switzerland,4819,0.00651720452308654,6.632568728083397e-05,0.007051296702131353,1.4685035339209986,1.0,0.0011928438186645796,-0.0013967578123661197,-0.00010796804156463843,0.0,0.0061081437110901415,0.0007642355209363695,-0.005847020068681651,0.0,0.020101583290100145,0.0038270354734108386,-0.018029301782280495,0.0,0.01749399051666256,-0.004212900159436889,0.014576111452307755,1
chronos_bolt,0,taiwan,4819,0.16711192169189423,0.054114046860946646,0.00553591047511513,3.2037733573943723,1.0,0.12543946838378872,-0.00023234627748196525,-0.004369303164666274,1.0,0.023785156249999773,-0.0015241247515259252,-0.0007406127674542902,1.0,0.6453524932861328,-0.0018821480880985926,-0.02338635721794041,0.0,0.2183670349121094,-0.004629326885353672,0.0025632192276038523,1
chronos_bolt,0,uk,4819,0.0094576407231252,0.00013677850082944996,0.011523921420420852,3.315156704873253,1.0,0.004387287385833716,0.006077906188787025,0.0007370708921006268,0.0,0.018219468498870794,0.009796380673966472,-0.012488212624566944,0.0,0.014937222565216013,0.011670739167606728,-0.00652797031895211,1.0,0.0067437101214294914,0.014686014625595451,0.022770596854747832,1
chronos_bolt,0,australia,4824,0.01937558638636272,0.0005011171559569738,0.01341306275203824,2.8822021207342945,0.0,0.01982885902404785,0.0017003909831365524,-0.012151786296850639,0.0,0.03587913948059085,0.004762358532807907,-0.02036653065675446,0.0,0.023900620689392138,0.013433545831399673,-0.003090353464885318,1.0,0.013640247497558544,0.020851829405966315,0.030092692569276987,1
chronos_bolt,0,canada,4824,0.010147980041503916,0.00014161539496435836,0.007539083389058514,2.08782448607819,0.0,0.007143352890014665,0.001892768192930617,-0.0034324549612621,0.0,0.015124759101867724,0.004292431070663451,-0.006989245621956878,0.0,0.013865122413635245,0.00968524347103877,-0.0005961029944407474,1.0,0.0036362207412719005,0.01218938614282044,0.01486164137018975,1
chronos_bolt,0,denmark,4824,0.0684529818725587,0.005929647435162807,0.009878424642355433,2.850148928922927,1.0,0.020255346679687314,-0.0002540179814461487,-0.0032078883168809016,0.0,0.0221617454528813,0.0021684912581575017,-0.00105600860446505,1.0,0.016770947265625225,0.004275114828206542,0.006703254837980442,1.0,0.10357389831542996,0.007263608805489413,0.02212178593457809,1
chronos_bolt,0,eurozone,4824,0.01724485780715944,0.0003809945412027259,0.00946946898252103,2.7308856804654824,1.0,0.0051961313247681495,-0.00022368204125741104,-0.0031060231853961076,0.0,0.005555257415771564,0.0021879728620904267,-0.0008864512062787702,1.0,0.00394043312072756,0.004232793925665141,0.006403378121746282,1.0,0.026798784065246606,0.007174102543813945,0.021801318100836003,1
chronos_bolt,0,japan,4824,2.5732584635416695,10.474132174949135,0.019409524251279568,5.840052655340642,1.0,0.223297119140625,0.0036623474150759574,0.005373261824569886,1.0,0.4542144775390682,0.0038733009098559784,0.00038476337527369205,1.0,0.4741436767578193,0.004077542921205709,0.0077054683451563055,1.0,5.268421020507816,0.008786217505708899,0.04819440504013364,1
chronos_bolt,0,norway,4824,0.19216457438151047,0.05255607996994816,0.01891743799185121,4.86357672787134,0.0,0.12799526977538989,0.0032933724160621983,-0.009681826771644291,0.0,0.05747923278808642,0.005530221551516852,-0.0002627642817399447,1.0,0.10368656921386687,0.011749843416820099,0.022051725903664204,1.0,0.37003206024169977,0.01767494300256313,0.053752853462141544,1
chronos_bolt,0,south_korea,4824,36.89957438151043,2222.7628970267187,0.029140999573919458,7.909205940513154,0.0,4.7733642578125455,-0.0038711476934558493,0.0,1.0,1.084570312500091,-0.002443737624049513,-0.003324147701801301,0.0,25.30727539062491,-0.00032971187509087645,0.019954183986011474,1.0,61.21982421875009,0.004022959226091996,0.052197414262206226,1
chronos_bolt,0,sweden,4824,0.12445877507527676,0.01879740227121858,0.011895136633050947,3.087580046715517,0.0,0.13287334442138743,0.005526887811496709,-0.007376513917347812,1.0,0.08107692718505888,0.010647194460665973,0.002833857999583561,0.0,0.21957427978515653,0.020889654219258078,-0.0001940617122334298,1.0,0.15858659667968666,0.03443813452131576,0.01946109155219105,1
chronos_bolt,0,switzerland,4824,0.009115251102447515,0.00016395603479693382,0.009861419191647377,2.0539141297627967,0.0,0.003549400806426961,-0.0017927781430811798,0.002061185368492954,1.0,0.0010911362648010625,0.0012034496803766928,0.002386247674963487,0.0,0.002094561672210671,0.0004283837393087294,-0.0018478266127342968,0.0,0.02610763502120972,-0.008131614727786824,0.020050662311904985,1
chronos_bolt,0,taiwan,4824,0.19691021982828769,0.07295423037204599,0.006512142208097838,3.7750491389097394,0.0,0.00649781799316429,0.00021393931142266496,0.0,0.0,0.014342742919922102,0.00047217086745401053,0.0,0.0,0.3366903076171859,0.0013718501672029383,-0.009761340184595919,1.0,0.23717800903320452,0.0008005616463902622,0.00857389329221815,1
chronos_bolt,0,uk,4824,0.00951259370466309,0.00013013745712085425,0.01155217572812474,3.3344191986104765,0.0,0.002228572907928439,0.0025107626952962977,-0.00024252250654323504,1.0,0.0022629845502929458,0.0036823316662468256,0.0008897513930434171,1.0,0.0052169162131348035,0.009768436139621257,0.016137926221388658,1.0,0.016326948328826862,0.012416263284603327,0.03216477377350086,1
chronos_bolt,0,australia,4829,0.04196210943857828,0.0024031250497420957,0.028939712692557264,6.242044932352571,1.0,0.0015106219100953222,0.00048173288484585063,0.00155205252854711,1.0,0.022763078536987225,0.0006288513137984662,0.016634637474596942,1.0,0.0353748097229003,0.006303192132539983,0.030929400627452273,1.0,0.08143458526611336,0.011848766352487786,0.06735647556457174,1
chronos_bolt,0,canada,4829,0.01138199511845907,0.00022224818619064453,0.008414839577933016,2.3417082031646905,1.0,0.0018753406524658622,0.002117133670300619,0.0007123709129031677,1.0,0.0024650568008421914,0.004651274501628874,0.0028090432149298246,1.0,0.002180395317077588,0.007413457976080173,0.009035643746483163,1.0,0.03176947498321536,0.009615705196404084,0.032944676643713464,1
chronos_bolt,0,denmark,4829,0.10775057777404792,0.014163096014740435,0.015554124553100856,4.486366925626084,1.0,0.009780817413330034,-0.0012714831872412762,-0.0026997068610903857,1.0,0.0005364967346190852,-0.0008801057297884947,-0.0008018545136671893,0.0,0.1224496490478515,-0.0007070051973451885,0.016993032426905273,1.0,0.0779259368896481,0.003625685057559441,0.014877449117578823,1
chronos_bolt,0,eurozone,4829,0.02744895568847656,0.0009229477734353792,0.015076509020800651,4.346800702657666,1.0,0.002665407180786117,-0.0012393525091314004,-0.0027196553367638313,1.0,0.0011488174438476495,-0.0009156326302280894,-0.0015531829498753923,0.0,0.029900569915771502,-0.0008598157656108777,0.01559158803612903,1.0,0.019724258232116654,0.0034172301704869677,0.014253722141910646,1
chronos_bolt,0,japan,4829,3.2474989624023465,14.012991660681044,0.02442704231513301,7.370252622230106,1.0,0.10347106933593864,0.0036361668098993487,0.0028426571078278783,1.0,0.48001770019530454,0.004490631374659397,0.00816049583497978,1.0,3.6865368652343875,0.004172572445512825,0.03202635739788966,1.0,2.863808593750008,0.011445626588666243,0.03299455587971919,1
chronos_bolt,0,norway,4829,0.32497522832234704,0.133549118037047,0.031910858061561694,8.224939288057026,1.0,0.025774809265136867,0.001603322142137948,0.004200998177343144,1.0,0.2058567291259763,0.0025230458935394115,0.023065437550631278,1.0,0.27270087585449154,0.008920434390769885,0.03587278855579645,1.0,0.5600462280273444,0.011687014085091638,0.06612763282418774,1
chronos_bolt,0,south_korea,4829,54.60058675130208,3927.659507462005,0.04315001809716231,11.703313448116393,1.0,2.0040771484375455,-0.0016629101522422616,-0.003294493858922241,1.0,0.32985839843740905,-0.0013166105358765237,-0.0015848829894756175,0.0,55.53627929687491,-0.001655065456172798,0.042530851535771776,1.0,91.34772949218745,0.0013003849022703241,0.07277288947053387,1
chronos_bolt,0,sweden,4829,0.0760330867513023,0.009539380491608173,0.007249022326272144,1.8862329426070712,1.0,0.011151606750487986,0.004363580413646175,0.003288817373372342,1.0,0.0746976699829105,0.006442122303236849,0.013596827131971153,1.0,0.0025697784423819314,0.010268081582068234,0.010514129602727452,1.0,0.08195683898925843,0.01927779528630363,0.0270253829883867,1
chronos_bolt,0,switzerland,4829,0.007607158788045246,9.20597576204919e-05,0.00819559470857944,1.7140998911066838,0.0,0.0004908819198607972,0.00047752197912911693,-5.416971372634426e-05,0.0,0.00289473876953128,0.002699066736171486,-0.00043343989409155593,1.0,8.910989761357069e-05,0.003094594808158715,0.0031908304296008796,0.0,0.004099516296386718,0.000432728304659602,-0.0040165056167280645,1
chronos_bolt,0,taiwan,4829,0.25274721679687506,0.0912842166364514,0.008337799017703706,4.84552383295754,1.0,0.24096577453613222,-0.0006104871247821325,-0.008581614707770352,1.0,0.6329513397216786,-0.0006603866093822861,-0.021736729995164555,1.0,0.09661994934081974,-0.00024304216560487466,-0.003430421941073723,0.0,0.5259756927490251,-0.0002297241931705356,0.016945407677211043,1
chronos_bolt,0,uk,4829,0.015186046904062915,0.0002818639286536281,0.018444194072948936,5.323116693513821,0.0,0.002729643223022493,0.0014739997565807758,-0.0018998736017271677,1.0,0.014383677320526145,0.0029116373136748004,0.02047936834672399,1.0,0.018176954571258563,0.0063235206613077456,0.02839864207566461,1.0,0.009932753562316932,0.008882627028360247,0.020975071911311906,1
chronos_bolt,0,australia,4834,0.03262978449376424,0.001442007538630513,0.022231203274177217,4.8538213085113755,0.0,0.03043747497558602,-0.004556627141683852,0.01654771251466645,0.0,0.01355940967559821,-0.0018078746677556198,0.0076229891577163054,1.0,0.024793683738708605,0.00735734792296242,0.024379687159615193,1.0,0.04223407051086436,0.014126914191598818,0.04276013979595442,1
chronos_bolt,0,canada,4834,0.016358078727722176,0.0003939143052497884,0.012073897667003706,3.36547738301146,0.0,0.009350597190856957,-0.0004867827755224426,0.0064867510486761515,0.0,0.004662379837036212,0.002400064644070914,-0.0010852279107927954,1.0,0.011011836433410638,0.005250926654251875,0.0134115505178243,1.0,0.03221435337066647,0.004653587775790896,0.02835578878610086,1
chronos_bolt,0,denmark,4834,0.14785034304300954,0.02330966244305155,0.02136720155681673,6.155984521601231,0.0,0.09555455093383802,-0.0022785206897310995,0.011593260970538017,0.0,0.14090288925170924,-0.0031777067547589643,0.017228779558533636,0.0,0.18792721862792927,-0.0028228591699997795,0.02429286758926583,0.0,0.14070732803344743,-0.000526267959962111,0.01979876654821132,1
chronos_bolt,0,eurozone,4834,0.03873238138834636,0.0016042157224248265,0.02130502161690426,6.133637452194557,0.0,0.025007070350646865,-0.0021156904887978424,0.01170023557393244,0.0,0.03600227775573739,-0.0030313630596952358,0.016817295816611493,0.0,0.04950752449035645,-0.002839414389843759,0.024349315164472876,0.0,0.03708029365539556,-0.0006554420321905493,0.01973350463417869,1
chronos_bolt,0,japan,4834,3.955681966145837,19.545758398521787,0.029809923003434668,8.977485665500465,0.0,1.8858483886718886,-0.0005026323170197759,0.013793322132335988,0.0,0.7594934082031273,-0.0037424445244319633,0.00205831976615436,0.0,4.719659423828119,-0.006966052120010879,0.028660429480979792,0.0,1.4370129394531261,-0.0034171025560714545,0.007526549386350411,1
chronos_bolt,0,norway,4834,0.23714061386108412,0.08302872613128601,0.02288907629204997,6.00189485767604,0.0,0.21578405303955073,-9.226233083291342e-05,0.020999083247053043,1.0,0.01843395996093733,0.00232672062477842,0.0005085452998802769,1.0,0.11810068206787072,0.006237629924994029,0.017763430145578924,1.0,0.48371228485107487,0.00980306353511519,0.0560290344584821,1
chronos_bolt,0,south_korea,4834,73.14342447916667,5817.96337163508,0.05792328689302279,15.677861251699888,0.0,28.016845703125,-0.003803258450226032,0.018814889366924915,0.0,42.439990234375045,-0.005415638813692891,0.02870396695858475,0.0,76.08503417968745,-0.006884743795714145,0.05356620960163983,0.0,75.88234863281241,-0.002591894069993187,0.05745210026177346,1
chronos_bolt,0,sweden,4834,0.11267689875284835,0.015671451449706855,0.01072042878946485,2.7952946194806945,1.0,0.1055063522338866,0.003980865692522774,0.013960459495550201,0.0,0.06925197906494063,0.0035300155576421547,-0.0030779107904248143,0.0,0.14027573699951112,0.008323521114947156,-0.005042397349777367,1.0,0.16802161407470706,0.0179263651567421,0.0020498648546966062,1
chronos_bolt,0,switzerland,4834,0.010895774281819664,0.00018184091527766966,0.011765043745601377,2.455114456049002,0.0,0.007413091087341339,-0.0020756269505088644,0.005943393332745362,0.0,0.00417646436691288,-0.003013764996450493,0.0015162184092783262,0.0,0.014287658691406246,-0.0037328117373030007,0.011690998659290297,0.0,0.012828431129455531,-0.007319226818030625,0.006589631709481896,1
chronos_bolt,0,taiwan,4834,0.8162546290079755,0.7415074180565274,0.0271460957810437,15.64876285778733,1.0,0.2391879577636722,0.0007337475080467664,0.008744799666743651,0.0,0.4682094879150398,-0.0013371935478380156,0.014316864015661498,0.0,0.7295771179199235,-0.0030189932128023506,0.021308570252106692,0.0,0.9604714660644547,-0.004586199371281223,0.027368050338092687,1
chronos_bolt,0,uk,4834,0.005096461792694096,3.8115994632416356e-05,0.006132763074729556,1.7864465333165234,1.0,0.0049576718409118925,0.0018628159258768573,0.007836023361842344,1.0,0.00020534903573610208,0.002728950093007291,0.0024809808095649826,1.0,0.000478691654174801,0.006303400310217781,0.006879144864529915,0.0,0.012002900972503672,0.01178498445356845,-0.002680801363526049,1
chronos_bolt,0,australia,4839,0.02661693603134155,0.0009406472261635752,0.018008230203564016,3.959384141838252,0.0,0.010440023689270106,0.0016254875115111526,-0.005616061799638913,1.0,0.009687878952026274,0.003360162861641382,0.010021883878719415,1.0,0.029069748954772878,0.008753355507086589,0.028505217393923116,1.0,0.03590667724609364,0.016840646331414803,0.040988121275350994,1
chronos_bolt,0,canada,4839,0.018975131263732913,0.0004619922739664786,0.013985777319730979,3.903904374756557,0.0,0.004070407676696863,0.0023339580970600997,-0.0007116504972890802,1.0,0.00902025032043463,0.003610181809212994,0.010318010074983824,1.0,0.015342956161499055,0.007354233013450572,0.018694906487192107,1.0,0.03471286392211903,0.004398829800755674,0.029949867069520485,1
chronos_bolt,0,denmark,4839,0.04779185824076337,0.004390560954895703,0.006842235511709931,1.9898901384565286,0.0,0.03467635955810522,0.0013647567135176442,-0.003611991705102382,1.0,0.00027090301513688075,0.000949888757932705,0.0009886874905341775,1.0,0.010817996215820358,0.0039177694243059235,0.005461369477571979,0.0,0.11389424743652388,0.008954732668455435,-0.007359824873897831,1
chronos_bolt,0,eurozone,4839,0.012810613619486492,0.00030351453430120604,0.006982681575787803,2.028681342730905,0.0,0.00961819572448741,0.001237399793351516,-0.004020298321985367,1.0,0.0005609230041503377,0.0009216107754917663,0.0012274793210715,1.0,0.004364028739929138,0.003833448256189726,0.006203763910714413,0.0,0.030713929176330534,0.008730774575743814,-0.008029310226668687,1
chronos_bolt,0,japan,4839,2.7564801228841174,10.235991177849245,0.020653022228860275,6.25587724246201,1.0,1.2524688720703239,0.0018072998826784668,0.011283297171419862,1.0,2.982277832031258,0.00032530058314237135,0.022775740278585015,1.0,4.994591064453118,0.002968773927008083,0.040191226745286,0.0,1.2947637939453216,0.004708748633911634,-0.005153765058101097,1
chronos_bolt,0,norway,4839,0.23810822321573907,0.07903243566730238,0.022913810110199162,6.02638450335666,0.0,0.06376249084472718,0.0036128439502563477,-0.0026789393193338484,1.0,0.14428563537597583,0.0043701560425287,0.018452521717022337,1.0,0.22873372344970733,0.00733433671149226,0.029502730659685745,1.0,0.23794948272705163,0.012445117694616028,0.035380293919465185,1
chronos_bolt,0,south_korea,4839,39.81384195963541,1799.1057514045829,0.03096519635534253,8.533861992174838,0.0,14.4583740234375,-0.0019053660837381324,0.00947911677941362,0.0,38.43210449218759,-0.003152374590867476,0.02686478499979366,0.0,53.55441894531259,-0.0024567134370527145,0.03910062763400664,1.0,28.17922363281241,0.0007669966200461342,0.02277842619093227,1
chronos_bolt,0,sweden,4839,0.19021536616007484,0.05455092127086865,0.018016737157732703,4.718873127100211,0.0,0.10811215820312547,0.004481059266552572,-0.005876185300997432,1.0,0.03697592163085872,0.007384999194430912,0.003864983754555291,1.0,0.16278677673339814,0.0201428753797369,0.004751487508761438,0.0,0.39847527923583925,0.035827735236675894,-0.0016719648039585238,1
chronos_bolt,0,switzerland,4839,0.00996961688995361,0.00015083638521246086,0.010758508154810182,2.2464259918302623,1.0,9.091138839723012e-05,-0.0031334267445071824,-0.00303473922821893,0.0,0.005983548355102508,-0.0025285426510199887,0.003942221927460534,0.0,0.021387474632263204,-0.004433246814240736,0.018548832438955443,1.0,0.001344348621368452,-0.008088845087016957,-0.006623259825550676,1
chronos_bolt,0,taiwan,4839,0.2613448954264326,0.08951309079575961,0.008588155503714884,5.010353567724162,1.0,0.05704306030273543,0.001490270166189175,0.003377989998242085,1.0,0.21174638366699128,0.0018975041557869226,0.008884103480449247,1.0,0.3810261688232437,0.0035754753708980257,0.016091696069919153,1.0,0.021948562622071677,0.006021128558470338,0.006744607585170214,1
chronos_bolt,0,uk,4839,0.009131469158067836,0.00014752481604884943,0.010995433163029904,3.200824824175462,0.0,0.005491584482025136,0.0017690511036534025,-0.004873425650192852,1.0,0.002331148272979755,0.0037202276723028813,0.006521174920639135,1.0,0.001445975650054887,0.00846495333973521,0.010195040668487068,0.0,0.022673418301544235,0.014961876437355762,-0.01238469638018707,1
chronos_bolt,0,australia,4844,0.02362253531392416,0.0006930881093999067,0.01592208356455811,3.5139541080848917,1.0,0.011721243934631254,-0.0010071178970560023,-0.009080863632698916,1.0,0.024856649780273354,0.0025212005527397046,0.01937103288552971,1.0,0.0431085649490357,0.006408978387901741,0.03534203168898937,1.0,0.011735524978637724,0.015130194269847531,0.02302113724879362,1
chronos_bolt,0,canada,4844,0.011764657758076995,0.00020297047540254553,0.008632898898895151,2.4204364254940693,0.0,0.004386791610717866,0.0005459258937985108,-0.00270887228006867,1.0,0.01025459232330328,0.0036216774014620236,0.01116588904573845,1.0,0.019702525138854954,0.005393968042475732,0.019813526538137474,1.0,0.0002502962112427287,0.002849154857776292,0.0030341176240200815,1
chronos_bolt,0,denmark,4844,0.0945797279866536,0.016124599305630403,0.013525069088963898,3.937977616823815,0.0,0.04031161575317377,0.0035899644561645854,-0.0021792748201672246,1.0,0.03322273864746084,0.0065346949519333695,0.01125063491297451,1.0,0.022426155090331967,0.011502133447187854,0.00832200136994683,0.0,0.24924204559326135,0.01751753533166313,-0.018188297435052705,1
chronos_bolt,0,eurozone,4844,0.024890657526652035,0.0011381010531168248,0.013552836628737379,3.9416700895431145,0.0,0.010812035751342819,0.0036528006707150593,-0.0022378700458970135,1.0,0.009125334358215387,0.006561673776280252,0.011492198576643386,1.0,0.004910882186889731,0.011551960278569452,0.008901733273098204,0.0,0.06622439002990732,0.017470139496110357,-0.01865561478350897,1
chronos_bolt,0,japan,4844,2.506677714029946,10.654108862331363,0.018631236010561283,5.688946542802944,0.0,1.0749029541015602,0.005936880481389881,-0.002049219219686938,1.0,0.5865991210937409,0.010834759345427887,0.01514508853815831,1.0,0.022469482421882958,0.01461358769185185,0.014778412089344745,0.0,4.092220458984372,0.020973438253604603,-0.009311089051033831,1
chronos_bolt,0,norway,4844,0.11142189208984382,0.021274078591494685,0.010599880888888798,2.8200250909290236,0.0,0.08302093505859354,0.0004719630649187448,-0.007602860806529829,1.0,0.04374752960205086,0.005094743883430324,0.009304187412525611,1.0,0.20493280487060517,0.01086492944620115,0.030321188724405944,1.0,0.07239121856689401,0.021793915506778262,0.014905584689987579,1
chronos_bolt,0,south_korea,4844,14.496637369791673,277.32467305469555,0.011066854438983288,3.1072686426451934,0.0,15.656152343749909,0.00816581653856398,-0.0038546090975111343,1.0,3.732421875,0.006773011650436609,0.003916454092235142,1.0,6.43310546875,0.012362687879213437,0.017239833514801774,1.0,22.28049316406259,0.018661015000556967,0.0016913323270758512,1
chronos_bolt,0,sweden,4844,0.19814521286010725,0.055398335923556634,0.01880462122969173,4.9155971944046195,0.0,0.1887956680297851,0.003702432592704667,-0.01439841223429621,1.0,0.06771595306396527,0.006986405299157533,0.0005529655300164294,1.0,0.055301960754395196,0.017254256423307593,0.022424536291909828,0.0,0.39801477355957005,0.026497319432169437,-0.01116740725741278,1
chronos_bolt,0,switzerland,4844,0.008356043141682945,9.227996381953045e-05,0.00901213139171818,1.8828439156220091,1.0,0.002445955753326401,-0.0021625654480111494,-0.004808350926553202,0.0,0.013175455188751184,-0.001105985083918247,0.013011883403378657,0.0,0.01005845127105709,-0.0009797309072087396,0.009814779385295786,1.0,0.013770182323455837,-0.0004095024792410466,-0.01537029580155144,1
chronos_bolt,0,taiwan,4844,0.15147588500976567,0.03574865110004609,0.004952957449224385,2.904008282405863,0.0,0.18300741577148472,0.004445605821994748,-0.0015630273256747535,1.0,0.08681637573242185,0.004684830804116756,0.0018395944941118007,1.0,0.1584589996337904,0.00800838830375997,0.013163672035902197,1.0,0.32386611938476406,0.011697997332788689,0.001117300193457949,1
chronos_bolt,0,uk,4844,0.018897143000265508,0.0005350316101646443,0.02269283378836223,6.623955397998844,0.0,0.004938386247924753,0.0033427313478769337,-0.002580324410565615,1.0,0.0024518560559386726,0.00781077330982787,0.0048875340093432135,1.0,0.005173209169921922,0.013503923961916298,0.007361277918412446,0.0,0.04406671286376951,0.023005895665192493,-0.03004782101170565,1
chronos_bolt,0,australia,4849,0.00934198417154947,0.00014791000664258485,0.006239268273844475,1.3896604755176485,1.0,0.0016078474426268752,-0.0021990668955104353,-0.0011164768919138016,1.0,0.0022296083831787605,-0.0016889134747161726,-0.0031913201705311236,1.0,0.008208994789123514,0.005069643802795688,0.010544819162467496,1.0,0.007514695587158116,0.013138660999750317,0.008140739728860688,1
chronos_bolt,0,canada,4849,0.009049421316782635,0.00012045533942810181,0.006638632299916929,1.8618092795555714,1.0,0.00752363414764412,-0.000239229618954736,-0.005770059559744316,0.0,0.0023517810821533924,0.0003676992344964681,-0.0013568274327127043,1.0,0.009967450904846187,0.001232419015952882,0.0085023044979201,0.0,0.019867370223999092,0.0020993560990379416,-0.012537962017931278,1
chronos_bolt,0,denmark,4849,0.19030070665995277,0.04794053798723832,0.027126497027349237,7.923473023716019,0.0,0.044336911010741886,0.00047952233634990314,-0.005816013582193754,0.0,0.06419458007812473,0.003610967727007372,-0.005488452909332099,0.0,0.11602627868652338,0.009468201949260683,-0.0069419311813618805,0.0,0.35865323104858415,0.01676095225954062,-0.034475989782584454,1
chronos_bolt,0,eurozone,4849,0.050528775965372724,0.0034063028541163856,0.027423190616382306,8.001707655600214,0.0,0.01137107982635488,0.00046938604898767635,-0.005675384132599148,0.0,0.01646560497283933,0.0035862020715406655,-0.005296021457336357,0.0,0.03128205986022947,0.009378398219087699,-0.007465749194169793,0.0,0.09608731346130361,0.016669681919897844,-0.03560637260112517,1
chronos_bolt,0,japan,4849,4.083393941243488,22.491563939952208,0.030242740915262155,9.267330105868611,0.0,0.7689215087890489,0.0036149817652193555,-0.002018386343674544,0.0,0.8418847656249966,0.005825902650739431,-0.00033000275301763726,0.0,4.749715576171866,0.009884016494077679,-0.025207831262584923,0.0,6.577823486328128,0.014397621983792692,-0.034309961897177096,1
chronos_bolt,0,norway,4849,0.12208961003621409,0.022872900223473467,0.011604512144871515,3.090019000630904,0.0,0.0910205551147456,0.002571973865178035,-0.006183501522833269,1.0,0.010612738037108826,0.003700702377316409,0.002684925763821823,1.0,0.27620158538818274,0.010059883026802354,0.03597628997232753,1.0,0.1815578170776373,0.018890578127350857,0.0016357861775484416,1
chronos_bolt,0,south_korea,4849,12.572565104166666,207.44988605992037,0.009593779922221815,2.694855110827242,1.0,14.317626953125,0.003009357391556935,0.01389043359143301,0.0,9.474145507812409,0.004873444033607489,-0.002378761097130187,1.0,4.5955078125000455,0.009834986156114903,0.006341223785371032,1.0,6.911767578124909,0.016202021021338442,0.010976138244935178,1
chronos_bolt,0,sweden,4849,0.19583297078450515,0.05383491296302433,0.01859790502441012,4.858234967502683,0.0,0.10295403747558574,0.001866766911719808,-0.007976023432471939,1.0,0.04239187164306557,0.00571590696693029,0.0016903679264892962,1.0,0.12501209259033175,0.013322485787979704,0.0014952882167772192,0.0,0.3241344604492191,0.024487038176740947,-0.006123477812860026,1
chronos_bolt,0,switzerland,4849,0.013150288613637292,0.00026205237259881853,0.0142204954147133,2.963117887861167,1.0,0.0005407348632812115,-0.002300100390455766,-0.002876933257610372,1.0,0.003215875148773195,-0.003801305456175761,-0.00037246920908432933,1.0,0.004998598289489786,-0.005389184875395285,-0.010750778806120097,1.0,0.03126665544509888,-0.004621338717422581,-0.03861441723039705,1
chronos_bolt,0,taiwan,4849,0.13193747456868485,0.024921926680322386,0.004316413262183697,2.5294291489531298,0.0,0.035255020141601534,0.0011563904818075912,0.0,1.0,0.12085072326660296,0.0013168200281973507,0.0052700612971599585,1.0,0.05168017578125017,0.0035487205075347603,0.005237413566174377,1.0,0.14969894409179574,0.006874980397066139,0.0019836234670041445,1
chronos_bolt,0,uk,4849,0.02500596286002096,0.0008699920881275021,0.030105252522797294,8.765260582854626,0.0,0.00798197847723392,0.002376483369018933,-0.007176865054321001,0.0,0.005965308026458782,0.004025211628795809,-0.003094035705813852,0.0,0.02007339288031007,0.009759753250216874,-0.014261306871543493,0.0,0.049255766593231165,0.01878817376985054,-0.040661177492752,1
