model,seed,nation,origin,mae,mse,smape,mase,diracc_h1,abserr_h1,pred_cret_h1,true_cret_h1,diracc_h5,abserr_h5,pred_cret_h5,true_cret_h5,diracc_h14,abserr_h14,pred_cret_h14,true_cret_h14,diracc_h30,abserr_h30,pred_cret_h30,true_cret_h30,fold
hf_transformer,0,australia,4854,0.03323288192749026,0.0012445318355757613,0.022426003573552757,4.826325988039906,0.0,0.019372657165527274,-0.011647951976941469,0.0014824700661820506,0.0,0.03855488460540779,-0.00899902879368791,0.01689725233854056,0.0,0.017119295425415126,-0.007927500299855958,0.0036415935343889396,0.0,0.01659140502929679,-0.007195108232776514,0.004011069453800797,0
hf_transformer,0,canada,4854,0.012875216166178378,0.00023189964548929953,0.009463868719683475,2.6377800674758056,1.0,0.00360678806304926,-0.0034972005666772847,-0.0008443620979269887,0.0,0.02059348487854007,-0.003966230855391172,0.011093789651566701,0.0,0.014847715759277236,-0.00847418550018145,0.002455607897068006,1.0,0.024345855522155846,-0.0012882276534031288,-0.019341099381141105,0
hf_transformer,0,denmark,4854,0.10866366213480634,0.016587533837614476,0.015694026152847065,4.4267100465503955,0.0,0.07577847824096651,0.003295049957709138,-0.007518133875895636,1.0,0.0010230377197268936,-0.00815346722274852,-0.008300345421464479,1.0,0.15435410766601532,-0.0039157970419050015,-0.026228268341023184,1.0,0.2511960983276369,-0.00039933951286744244,-0.03683844745303873,0
hf_transformer,0,eurozone,4854,0.0248581570561727,0.0008225097849927231,0.013693275724134852,3.852027576120142,1.0,0.010064348983764626,-0.0021890871684688883,-0.00766933321287555,1.0,0.005000242042541458,-0.011170084752649799,-0.008434047165204052,1.0,0.0326800384521484,-0.009182919914752473,-0.02721536616964714,1.0,0.057133302116394,-0.006287066882568641,-0.03793520237024769,0
hf_transformer,0,japan,4854,2.3326111653645825,6.418758768653095,0.017445533809873032,5.081222283538171,1.0,0.07451110839843977,-0.0035232236824363056,-0.002974935625346618,1.0,0.8826971435546795,-0.008265714859704381,-0.014815085785140587,1.0,3.319376831054683,-0.014968618015359054,-0.039992611400833225,1.0,2.575186767578117,-0.0022381874302548647,-0.021349958459178656,0
hf_transformer,0,norway,4854,0.1832526807657878,0.05170938220793091,0.01751697604012264,4.439965163256518,1.0,0.10813710327148485,-0.011513085256295665,-0.0010922784671136864,0.0,0.24072173461914126,-0.01092570266050978,0.012112015080306201,1.0,0.01790465545654385,-0.013055312756789297,-0.014793932701992413,0.0,0.0786687652587883,0.0002986133366702285,-0.007261086268849564,0
hf_transformer,0,south_korea,4854,12.35203369140626,245.18377233149656,0.009459525331852117,2.5995487408322377,0.0,6.117041015625091,0.0010113126860001093,-0.0036944433015689533,0.0,30.327832031249955,-0.005916003121780941,0.017251327506526106,1.0,18.71323242187509,-0.003530033467276705,-0.018062506568489185,0.0,3.5885742187499545,0.0006824192856312448,-0.0020764446436322245,0
hf_transformer,0,sweden,4854,0.10880131535847971,0.01613020606846673,0.010400554607471375,2.591040897185907,1.0,0.027384957885741912,-0.0026692339918543005,-0.005285338844348252,0.0,0.11606118621826234,-0.0005911787240872572,0.010398149435779283,1.0,0.1875586700439449,-0.005796398561455643,-0.02390970292650787,1.0,0.1979142776489251,-0.0003079314116130702,-0.019325270757818605,0
hf_transformer,0,switzerland,4854,0.014556758836110429,0.0003023065624799094,0.015839246534514666,3.2796014372028446,1.0,0.001976146984100313,-0.005682804204935891,-0.007800434914879412,1.0,0.01181450309753418,-0.008911862128758097,-0.021680920253669616,1.0,0.014805272006988557,-0.010802929734344395,-0.026861007629565198,1.0,0.033115653896331754,-0.013431304787081731,-0.049809842992422415,0
hf_transformer,0,taiwan,4854,0.1382215006510421,0.03013780019607262,0.004529452952515274,2.623377896865904,0.0,0.1327961425781261,0.002178332605850723,-0.0021570398101320104,0.0,0.42107723999023605,-0.005354649130676961,0.008371514384992916,1.0,0.15781188964843906,-0.003521909716291808,-0.008705615227403868,1.0,0.04736175537109233,-0.007055791536651638,-0.005499825625617916,0
hf_transformer,0,uk,4854,0.016248806823876957,0.00036641212874657713,0.019809905947764224,5.5002095015493575,1.0,0.001031997344665525,-0.0031746639121176174,-0.0044153867033177386,1.0,0.00854122924865719,-1.7257510388593362e-05,-0.010299950469145641,1.0,0.018709700627471904,-0.005566112170610718,-0.02835756028183217,1.0,0.03004342664117432,-0.001546308594403407,-0.03825043480952079,0
hf_transformer,0,australia,4859,0.013225165129343686,0.00025719986818206113,0.00887766865495678,1.9206567248406832,1.0,0.008922703475952254,-0.013943047950206053,-0.007961698294020408,1.0,0.012718804092407332,-0.016498658970071668,-0.007961698294020408,1.0,0.010651230392455968,-0.018416522516147914,-0.0112486975347209,1.0,0.011206410903930708,-0.015782776190681972,-0.008262501440684107,0
hf_transformer,0,canada,4859,0.012091894060770677,0.0001899117579651915,0.008908986629969556,2.477298766860026,1.0,0.00030753402709970956,-0.006559323525718779,-0.0063346651323486795,1.0,0.015289614486694303,-0.012959397655561847,-0.0017798446426827157,1.0,0.006976972198486253,-0.012873676480547233,-0.018016525992587254,1.0,0.01032382125854503,-0.009939400431228516,-0.017536280688837565,0
hf_transformer,0,denmark,4859,0.1272509815470378,0.019260774847027488,0.01841662056743337,5.18391509526751,0.0,0.08087567596435541,0.007456399062399262,-0.00413650311233969,1.0,0.05038802413940413,0.011298661701358795,0.004119462916965307,0.0,0.15142803039550756,0.0017326761754905627,-0.02021091199131178,0.0,0.24885010223388715,0.010618698607563261,-0.025374137580924112,0
hf_transformer,0,eurozone,4859,0.03609122955958049,0.0016304659699588,0.019880291084757747,5.592707906922824,0.0,0.03429463043212899,0.014427607608188649,-0.00421641189772729,1.0,0.007437461853027294,0.007966576889051755,0.003926599542392618,0.0,0.05855139999389647,0.011248429903123556,-0.020899373416468938,0.0,0.060837928199767966,0.007153353242751231,-0.026410570591721656,0
hf_transformer,0,japan,4859,2.836203938802082,9.300948672288008,0.021179436801963585,6.178219014161068,0.0,2.4402099609374943,0.009300494822211198,-0.008860367889557292,0.0,3.488096923828124,0.008768507885781686,-0.01730751065838889,0.0,2.5083367919921784,0.006775940214915709,-0.011944352431719606,1.0,2.1043676757812477,0.016276300775138954,0.0007441307036828974,0
hf_transformer,0,norway,4859,0.09618933705647793,0.017379016687466723,0.00915111609989217,2.330537833459264,1.0,0.034769573974609,-0.007604118227509518,-0.004294985364554087,0.0,0.19833668975830143,-0.005729489766818888,0.012966839184925577,1.0,0.01602050781250064,-0.014180639734850703,-0.015719148828947562,0.0,0.11915444641113204,-0.007712312468463003,0.0035839708959038746,0
hf_transformer,0,south_korea,4859,9.751953938802103,129.75229366324405,0.007451970309026999,2.0523486427910522,1.0,14.072851562500091,-0.006345810198827505,-0.01709768817455523,1.0,3.816015625000091,-0.013979295730147985,-0.01690567219823606,1.0,9.204492187499909,-0.012113783142679505,-0.019173813487755056,0.0,15.110742187499909,-0.008387216981912606,0.0030535525960163467,0
hf_transformer,0,sweden,4859,0.14475889348347964,0.026124154433174084,0.01386069397788186,3.4473499884745804,1.0,0.006204534912109594,-0.003263078860395118,-0.0038494245099937314,1.0,0.07346575927734378,-0.004405819293318329,-0.011378691001718812,1.0,0.17967163085937443,-0.007654735535968062,-0.02485094386151084,1.0,0.2561261230468759,-0.004612943276526177,-0.029141539928135347,0
hf_transformer,0,switzerland,4859,0.016751228901545196,0.00040093030183094226,0.018305158470043784,3.7740100663164338,0.0,0.018906534194946256,0.01249198072123371,-0.008026908525518983,1.0,0.001058123111724818,0.009032749837225134,0.010172697432118535,0.0,0.008523417091369612,0.0025240508114216117,-0.006766737961799686,0.0,0.041925842857360784,0.017495315829591438,-0.028352698963462784,0
hf_transformer,0,taiwan,4859,0.08067285207112627,0.010744959432674521,0.0026452410287445996,1.531132103208936,1.0,0.09966502380371267,-0.01133586271596649,-0.008077732760552491,1.0,0.052035644531251535,-0.013019364744464896,-0.011314087334282786,1.0,0.08434805297851611,-0.011319062609719507,-0.014084739881739085,1.0,0.029973175048827017,-0.007638097204409869,-0.008616398352030827,0
hf_transformer,0,uk,4859,0.019140387684121705,0.00041433413309126715,0.023377198623711105,6.479007556963845,0.0,0.010164512672302228,0.007623606099274664,-0.0046581694623883734,0.0,0.009765521421569834,0.008608631476355934,-0.0031765049281137843,0.0,0.02573191010687259,0.008486772160496751,-0.022874945513039122,0.0,0.024698031502624507,0.005874958369349419,-0.02428740380130292,0
hf_transformer,0,australia,4864,0.013210415831247994,0.0002681459169787314,0.008856306092515052,1.9185147222042611,0.0,0.010676545906066925,0.003107373807697699,-0.004031588426236086,1.0,0.005863313674926651,0.0019474724063543725,0.005850970637112751,0.0,0.015249867973327724,-0.007823406576583102,0.002396505854871788,1.0,0.015284493637085061,0.0011325516433998528,0.011284686213010929,0
hf_transformer,0,canada,4864,0.011256897691090905,0.0001687949531202789,0.008304061171111309,2.3062308211317237,1.0,7.117881774898471e-05,-0.004831562465875831,-0.004883569602264666,0.0,0.0161689052581786,-0.011311392146185801,0.000508850372626735,1.0,0.013006160354614327,-0.01088858665722898,-0.02049507959410268,1.0,0.005332227897643982,-0.009987741444144325,-0.013911485151992803,0
hf_transformer,0,denmark,4864,0.1373791297912598,0.021520174158774174,0.019947611825498146,5.596512781603799,0.0,0.0763725944519047,0.003863662205342612,-0.007074418208472368,1.0,0.054581427001953564,-0.0020781823483968934,-0.00992981186357535,1.0,0.15632121124267595,-0.002151293026722313,-0.024806654368753196,0.0,0.24992833251953162,0.0011116130197033735,-0.03523891778224483,0
hf_transformer,0,eurozone,4864,0.034495497035980226,0.0013746864791940208,0.01909266545297968,5.345432709846473,1.0,0.010369283676147534,-0.0014329032820781433,-0.007100944763251243,1.0,0.012429727554321257,-0.004128949155345852,-0.010945519044235763,1.0,0.04106364326477041,-0.0031271359878430618,-0.025802903520977374,1.0,0.059822499465942425,-0.0032042029745840733,-0.03641501883340231,0
hf_transformer,0,japan,4864,1.347528076171876,2.560556210126977,0.010127490347875492,2.9353755096459344,0.0,2.9308117675781205,0.01891274086745618,-0.0031101864631366007,0.0,2.5834295654296966,0.008960939145126613,-0.010621994678297235,0.0,1.7675207519531284,0.011465644854555847,-0.001857362700629955,1.0,2.167319335937492,0.014793321832862602,0.030838216163849158,0
hf_transformer,0,norway,4864,0.09103789489746088,0.013221654054635068,0.008685699262406603,2.205725341598371,1.0,0.060740786743163966,-0.009603559200223327,-0.003892584684913248,1.0,0.0546578247070304,-0.01494537720485358,-0.020140195239136363,1.0,0.10598389587402401,-0.016019418004963308,-0.026127993851505188,1.0,0.01360022888183643,-0.0028337455618879016,-0.0015608282098945885,0
hf_transformer,0,south_korea,4864,15.33747721354169,367.82953121328416,0.011687269105080307,3.2278506174853416,1.0,4.1620605468749545,0.0029048770199219024,0.006086958671068762,0.0,11.308691406250091,0.002729312054123684,-0.005969707112256394,0.0,18.33444824218759,-0.0009869304792295144,0.013009244033775201,1.0,24.91538085937509,0.008705274494125307,0.02749652493793173,0
hf_transformer,0,sweden,4864,0.15312469502766907,0.028412869774824247,0.014695070648994035,3.6465767521154153,0.0,0.1645471008300774,0.003873442008711341,-0.01186138737077208,0.0,0.08758222045898378,0.0015638616994406722,-0.006799740449079842,0.0,0.13426171875000037,0.005959937763195906,-0.006833304173409909,0.0,0.326623748779296,0.00802767220280348,-0.02331905341414645,0
hf_transformer,0,switzerland,4864,0.014182094421386715,0.00028225215199188407,0.015615919275724812,3.1951904795967776,1.0,0.00019922790527349132,-0.0017789942256851842,-0.0019939111501819117,1.0,0.008807216453552202,-0.002147967191895285,-0.011696673125754195,1.0,0.014572348117828371,-0.010746802354548132,-0.026733725199761523,1.0,0.03356438274383544,-0.005544946191462809,-0.042561955108526894,0
hf_transformer,0,taiwan,4864,0.12153039550781285,0.022863464675413774,0.0039843047374891775,2.306588713556727,1.0,0.12487561035156247,0.005839911261391196,0.0017665826136800244,0.0,0.2735817565917955,0.0026677031162220593,-0.006306578737261078,1.0,0.03859069824218864,-0.001608689925993304,-0.0003438648808659371,1.0,0.19098632812499972,0.0003605601234055798,0.00659239043681281,0
hf_transformer,0,uk,4864,0.018184215084176638,0.0003644805316816965,0.02230641952307674,6.1553438149830555,0.0,0.013494746442443861,0.006852865069265639,-0.009551013841906316,0.0,0.011339416283569381,0.006547113553165697,-0.0072229142070960725,0.0,0.020633735381378138,0.0012447260310999792,-0.02409068638967876,0.0,0.03377942179492188,0.006811902377001919,-0.03476886522047118,0
hf_transformer,0,australia,4869,0.013356611882527696,0.00029479898314404705,0.008956025755040198,1.939746398806355,0.0,0.005944794006347731,-0.0035776839844509642,0.0003786658385694334,1.0,0.00035372749328610453,-0.007708218513665276,-0.007945100147837959,1.0,0.015154765701294037,-0.008136154636998173,-0.018339910213178278,1.0,0.0013441821289061906,-0.013732274757944753,-0.014638178738622233,0
hf_transformer,0,canada,4869,0.013367684014638266,0.00023734358193232597,0.00985417389637664,2.7386732763954784,1.0,0.003819998550415038,-0.0016219552469040682,-0.0044064966874912,1.0,0.016093655014038033,-0.004776173379120875,-0.016597739370516555,1.0,0.026317147064208957,-0.00892990795908921,-0.028415923599465782,1.0,0.024555342102050792,-0.005534661493593121,-0.023642110781591816,0
hf_transformer,0,denmark,4869,0.10720978892008463,0.012959048979264969,0.015645859790209632,4.367482563879741,0.0,0.03755669479370116,0.0035185658859022105,-0.0019009007895904974,0.0,0.09166739196777307,0.0034409514609445996,-0.009839785070620694,0.0,0.1985450004577638,0.0027826679931183553,-0.02622786950542321,0.0,0.1741811737060548,0.0027302695361480695,-0.022676046203874787,0
hf_transformer,0,eurozone,4869,0.025229907760620115,0.0007394993977671118,0.014039126525369226,3.9096341783206836,0.0,0.015310485076904357,0.006642074688140323,-0.0017624546737159423,1.0,0.00555997467041025,-0.006315138821600954,-0.009398825235768713,1.0,0.042422512435912996,-0.0024669212488177194,-0.0261471022318748,1.0,0.03893780879974362,-0.0007498704072208795,-0.02242595791602817,0
hf_transformer,0,japan,4869,1.6773091023763045,4.601678746090076,0.012578783475746407,3.6537510039928973,1.0,1.4710076904297011,0.017836742539356593,0.006713738740761268,1.0,0.8457983398437534,0.01224305118489277,0.018618416285652303,1.0,0.540566406250008,0.017607810418337026,0.013533755324281695,1.0,2.1987109375000102,0.015655801269969592,0.03208952322177592,0
hf_transformer,0,norway,4869,0.10004430486043289,0.014652775431220686,0.00949180840078791,2.423938501234002,0.0,0.01826726684570268,-0.00023513306509999302,0.0015044469711194828,0.0,0.023714727783202605,0.0002395992616727597,-0.002022187512455365,1.0,0.12692946777343828,-0.003313998637505718,-0.015523468022177028,1.0,0.041070594787598225,0.011889869904590091,0.008015019381844015,0
hf_transformer,0,south_korea,4869,20.55550944010419,567.7031766470279,0.015641773444255293,4.326012219296701,1.0,8.54638671875,0.01205390765483165,0.005508806812193913,1.0,0.47348632812509095,0.006141327687671268,0.005777691135937281,1.0,11.948632812499909,0.0031251515560668996,0.012285638460252823,1.0,9.671875,0.014365456052669139,0.021704264161814885,0
hf_transformer,0,sweden,4869,0.08740131891886373,0.010747932485630477,0.008433980691878753,2.081412260877731,0.0,0.07722656707763598,0.0038835289208045266,-0.003520732951298164,0.0,0.06724809570312473,0.0008337540080088124,-0.005630458698899022,0.0,0.17413356018066395,0.002899825747554134,-0.01389048687650126,0.0,0.2636969879150399,0.0012264115545590735,-0.02435416141830979,0
hf_transformer,0,switzerland,4869,0.01802704568862915,0.00039978817802405073,0.019875118738207753,4.06144840445449,0.0,0.012808005523681665,0.012351108221641238,-0.0015263017408409403,0.0,0.005355854225158718,0.0010407504859336226,-0.0048048140485402345,1.0,0.029158549308776816,-4.515673742489942e-05,-0.03232694178876394,1.0,0.023131736373901313,-0.0023648656928451717,-0.027948356147243874,0
hf_transformer,0,taiwan,4869,0.18176999359130844,0.05142866108585043,0.005958595905432995,3.4499074402669665,1.0,0.31453024291992193,0.011125591306759282,0.0008234248349051855,1.0,0.05724739074706875,0.005135230766076266,0.0032567960887372113,0.0,0.15072601318359347,-0.00022165044806327615,0.004733658844864765,1.0,0.1649750976562494,0.004176806359579877,0.009575570386712312,0
hf_transformer,0,uk,4869,0.014536651137838748,0.0002321042808482233,0.017935034791308698,4.920646025008981,0.0,0.010936655628387415,0.009619058410903554,-0.0037142145843459323,0.0,0.010393307216491676,0.00162698405960639,-0.011141949710879612,0.0,0.018706502127777136,0.00025234513724462437,-0.02288077841087387,1.0,0.023524704261352558,-0.002069948967863125,-0.03131796810663945,0
hf_transformer,0,australia,4874,0.013168901947021517,0.00028012350475321634,0.008829994244896229,1.9124857675459235,0.0,0.0232892199707031,0.0030622482201459536,-0.01261023561146279,1.0,0.004360218582153408,0.001579220676899407,0.004490635365596917,1.0,0.009715663795471174,-0.0036933521673430717,-0.010245936093649129,1.0,0.006710011901855495,0.002267877697868898,0.006741718567269038,0
hf_transformer,0,canada,4874,0.01020141172409057,0.0001550979297599289,0.007549699484775471,2.0899905802441565,0.0,0.024729517364501907,0.012285779886933341,-0.0059287978906504436,1.0,0.004436800575256417,-0.0011187394395431756,-0.00440619059621294,0.0,0.011198156929016045,0.002212909319688716,-0.00607746914162117,0.0,0.0059295314788818665,0.004187865093141465,-0.00018474385317379045,0
hf_transformer,0,denmark,4874,0.09490594340006515,0.009777050548483983,0.013877163716935714,3.866251927026133,0.0,0.11208650436401335,0.014247296057474955,-0.00200008826183182,0.0,0.08048216857910173,0.006691169146428481,-0.00503705743455712,1.0,0.06347142105102499,-0.0006388019660458845,-0.009944934567839592,0.0,0.02918442535400434,0.004131208076921561,-0.00011668356160646483,0
hf_transformer,0,eurozone,4874,0.021379284903208402,0.0005466005741898068,0.011917207774317028,3.31294048946553,0.0,0.03546463012695322,0.017326940390400773,-0.002224385735741468,0.0,0.025870896148681544,0.00888742534947372,-0.005458559240972908,0.0,0.023102214050293002,0.002442349876470344,-0.01044177224061719,1.0,0.007292850685119534,0.004208795176632165,0.00016662963824382948,0
hf_transformer,0,japan,4874,2.2187813517252617,6.848091059778429,0.016644684937201875,4.8332621459107274,1.0,0.35158447265624204,-0.003035751535148355,-0.005689004700255284,1.0,0.04846557617187841,-0.009486089453134857,-0.009853784307984986,0.0,2.435249023437507,-0.011108500060106382,0.007224572403000286,0.0,2.9490887451171943,-0.0055309996155534814,0.016505898310465183,0
hf_transformer,0,norway,4874,0.13774523600260416,0.028798930277461835,0.013069313302845746,3.3373811870057457,0.0,0.20811383361816382,0.003936996759995456,-0.016054706368769264,0.0,0.04774777374267636,0.0006011477963476814,-0.003965611099913467,0.0,0.127715432739258,-0.002578052995936777,0.009573906866156594,1.0,0.17310542907714854,0.005090056275202796,0.021400965544614545,0
hf_transformer,0,south_korea,4874,28.605931803385435,933.1738371499188,0.021807485217197276,6.020264829066979,0.0,17.940966796875045,-0.002569621035071469,0.011152389965686828,0.0,27.73520507812509,-0.008047972133344869,0.013201260010094487,0.0,24.777636718750045,-0.0028289288763932757,0.016077761747487172,1.0,30.662060546874955,0.001564194033320402,0.02480782660052251,0
hf_transformer,0,sweden,4874,0.0737392719014484,0.00827916135606922,0.007136162627646349,1.7560584501745502,1.0,0.06292598114013614,0.007424571519231942,0.0013829028221269506,1.0,0.0309556808471676,0.0026238931961376404,0.005596894974568935,1.0,0.05752036132812499,-0.0008373818791686131,-0.0064045418188390804,1.0,0.03904423522949152,0.0044737054180971165,0.0007181917302130182,0
hf_transformer,0,switzerland,4874,0.017342356166839594,0.0003296269566053768,0.0191828791076522,3.9071895639405976,0.0,0.01326621150970464,0.013553632665177293,-0.0008760883219282047,0.0,0.014232422828674318,0.005384658792047638,-0.01023223802546707,0.0,0.026404809951782182,0.007203818716039249,-0.021912014849456887,1.0,0.016075021553039526,-0.0005748227751077201,-0.01833798971257483,0
hf_transformer,0,taiwan,4874,0.2752315343221028,0.10057510492497035,0.009030306548601128,5.223762730546293,0.0,0.02640937805175625,0.0008669983171981841,0.0,0.0,0.1641476440429699,-0.0026851896808234824,0.0027059177676579038,0.0,0.24623538208007645,-0.002688079050199169,0.005388199968545977,0.0,0.3547402038574212,-0.0012567283903533752,0.010341286215678766,0
hf_transformer,0,uk,4874,0.011475451213270064,0.00015442518107374535,0.01423159605549426,3.8844320374986356,0.0,0.015934522198730483,0.0169364030772337,-0.0026250453132050005,0.0,0.01092574807287594,0.007769419747527866,-0.00572582247170313,0.0,0.008329807559204094,0.0029889093651031652,-0.007332829543892248,0.0,0.015612893649658233,0.010746549933610057,-0.008536392380262223,0
hf_transformer,0,australia,4879,0.01297116432062786,0.00023057740673079652,0.008684302294266961,1.8837688405228838,0.0,0.015967259368896425,-0.004388342255952136,0.006247901694502528,1.0,0.006320809478759681,-0.011575401289280803,-0.0073209904455911095,0.0,0.02639578018188482,-0.009786148856145331,0.007830259074598852,0.0,0.00823142116546638,-0.003915765751081586,0.0015789529561294755,0
hf_transformer,0,canada,4879,0.00862111689885457,0.00010439693426182346,0.006393228407881696,1.7662313410251103,1.0,0.0017801301956177351,0.003792613253913386,0.00510790613476637,0.0,0.014888624954223717,0.0029188656612794996,-0.008159964795922578,1.0,0.008725446319580055,0.0036851664546294683,0.010116386811468403,1.0,0.0016965326309203999,0.0013375846021038747,0.0025942274490762572,0
hf_transformer,0,denmark,4879,0.059041643956502285,0.004282628256697131,0.008658902834597778,2.4052220708599066,1.0,0.00022656707763690775,0.007713619996297236,0.007680663889954814,0.0,0.10791416168212908,0.00796633179495561,-0.007850910579786385,0.0,0.07038189544677742,0.0026542915559167957,-0.007688412241343653,0.0,0.1026487289428708,-0.0029210662177851267,0.012056720889500515,0
hf_transformer,0,eurozone,4879,0.011793070596059163,0.00020009030690239555,0.006593162836764647,1.8274578055202666,1.0,0.0026682800292969766,0.009211142883990024,0.007733431220188077,0.0,0.024351939582824667,0.005987201366961854,-0.007624851226458791,0.0,0.019983670616149807,0.003280753139186369,-0.007906287679965582,1.0,0.02089388313293461,0.001008241793298745,0.012598679241452002,0
hf_transformer,0,japan,4879,2.986839070638023,11.35928949060283,0.022320495747272188,6.506353681410189,1.0,0.9689318847656239,0.008245068335913533,0.01551060722974461,1.0,1.650582275390633,0.00018526738836113944,0.012630000684980675,1.0,1.262237548828125,0.008144927426545651,0.017600394160382695,1.0,5.380198364257808,0.010115239611946946,0.0497346192683173,0
hf_transformer,0,norway,4879,0.22149482854207345,0.062003731980324404,0.02099225313699948,5.366520797724024,1.0,0.0798603332519523,0.0030905748978281174,0.010693555438752616,1.0,0.0381414215087883,-0.002539597262030311,-0.006211946682576052,1.0,0.20540684814453058,0.00135487414968657,0.02082810785633626,1.0,0.4000805419921871,0.004082041480432076,0.04156694903093522,0
hf_transformer,0,south_korea,4879,22.139002278645844,572.3404105242099,0.016792299973920996,4.659266395684815,0.0,12.028564453125,-0.008701329197980756,0.0004547349352677554,1.0,5.8910644531249545,-0.01090634611972259,-0.015431343985697647,0.0,30.04189453124991,-0.008443914596746177,0.01426310754248514,0.0,11.495458984375091,-0.003033409376839206,0.005669377948932786,0
hf_transformer,0,sweden,4879,0.08174960316975906,0.009457210837713725,0.007897037165261085,1.9468198931572556,1.0,0.10892388305664014,0.001837261783613979,0.01220968674461522,1.0,0.048483049011229795,-0.006819194299867116,-0.011511425018469263,1.0,0.05126381530761748,-0.0062901435616704955,-0.01124953699834941,0.0,0.15967990417480493,-0.0035766606631638855,0.011674295220861414,0
hf_transformer,0,switzerland,4879,0.011398020181655876,0.00015412888328922018,0.012660517747143319,2.567945501459846,1.0,0.010091104602813705,0.018615916834017386,0.00760166709985689,0.0,0.012636868858337369,0.0024706737181651403,-0.011567894971109736,0.0,0.011634876155853235,0.0046723698163116025,-0.008217246837184219,0.0,0.0034743896484374925,0.0015187682863356136,-0.0023250674778998847,0
hf_transformer,0,taiwan,4879,0.2930653096516925,0.11561301122737784,0.0096041909104324,5.562239246840469,1.0,0.022564270019532984,-0.003299386224409796,-0.002558133302820268,1.0,0.014412307739256391,-0.0026866161307732236,-0.002213387795461962,0.0,0.32758636474609304,-0.0051750565219255895,0.005552847846364919,1.0,0.05326132202148415,0.003212609276995628,0.004950060343284487,0
hf_transformer,0,uk,4879,0.005498626243354291,4.855196636672481e-05,0.006851682747041977,1.8612810550941004,1.0,0.001054325208984408,0.0073921314596905735,0.006089833859663319,0.0,0.01058835137719727,0.012406801083313277,-0.0006832930225825817,1.0,0.002427882779663104,-0.005681975371096458,-0.0026501784715591238,0.0,0.0029994903314819465,0.0035628582271510704,-0.00016081638075320364,0
hf_transformer,0,australia,4884,0.019244272610982265,0.0005756626110261155,0.01285446879552425,2.794796227000662,1.0,0.0021097119522095475,0.005138141538952577,0.003727420264401958,0.0,0.008269690055847212,-0.0009203761695638408,0.004623681444055518,0.0,0.017237877502441323,-0.004690962478804299,0.006874167383421196,0.0,0.05120408863067616,-0.0022755111975409584,0.0316133096339376,0
hf_transformer,0,canada,4884,0.011594688994089745,0.00017916726518261243,0.008600115495225697,2.3754350313381214,1.0,0.008882690238952717,0.009593321966874556,0.0029885337346264853,1.0,0.007886112976074111,0.007056407476402899,0.012898608343870388,1.0,0.02094656829833985,0.001049568133412181,0.01658511255579201,1.0,0.014186608123779365,0.010171738156926893,0.020624631838191528,0
hf_transformer,0,denmark,4884,0.056326748631795216,0.005233252670125854,0.008243748311951732,2.294623420187669,1.0,0.025863453674316084,0.012160435876170645,0.00837846814708585,1.0,0.017349476623535587,0.005715781730121643,0.0031639644506501513,1.0,0.000775845336914216,0.0004835993407022597,0.0005981590173586416,1.0,0.1342816574096677,0.008117412141698968,0.02760438844141178,0
hf_transformer,0,eurozone,4884,0.016360660565694178,0.00044627155998809044,0.009127520437281569,2.5352529360959193,1.0,0.0015493686676024687,0.009187130284489935,0.008322756144307934,1.0,0.004517141723632712,0.005621752629150472,0.0030905846133219596,1.0,0.015775013732910237,0.00945233712311643,0.0006188815320747299,1.0,0.03880111999511726,0.006338805827445851,0.027805776073225246,0
hf_transformer,0,japan,4884,3.663699462890628,17.23019356546446,0.027209639968111477,7.980786351126392,0.0,1.7859362792968625,-0.005265873068688259,0.008096908100244458,0.0,2.4220300292968773,-0.010901632362215736,0.007279003377720919,0.0,2.1997790527343852,-0.01331148680098757,0.003254103224985519,0.0,7.345234985351567,-0.002327260033836361,0.05137009347648879,0
hf_transformer,0,norway,4884,0.25278009043375654,0.08902610885638454,0.02376855862195035,6.124520475229219,1.0,0.004222201538086168,0.009883638045551237,0.009480290944617328,1.0,0.13573693542480392,0.010078543473319062,0.022957072245059548,1.0,0.27566325988769513,0.007752867735058916,0.033795762210444905,1.0,0.580261846923829,0.01261304171932249,0.06640989108702408,0
hf_transformer,0,south_korea,4884,16.549047851562516,368.1081067771121,0.012522257591401896,3.482831862289393,1.0,1.9172851562500455,0.007923195533625964,0.009386502646859746,1.0,13.657373046874909,0.012046648744891893,0.022381324746174724,1.0,7.746337890625,0.012283204699276453,0.018156657001480933,1.0,4.2937500000000455,0.016193855004458448,0.019441033122436224,0
hf_transformer,0,sweden,4884,0.1313717292277018,0.03135553574843173,0.012591055226600754,3.1285423530174197,1.0,0.10844714508056619,0.0153015191449609,0.004886956738890215,1.0,0.05653734741211025,0.006048311607557743,0.0005818802654626239,0.0,0.07600732727050818,0.004081269458055757,-0.003289133046223951,1.0,0.37778904266357394,0.011167183888113384,0.04676757653850878,0
hf_transformer,0,switzerland,4884,0.006944794559478758,6.31788396569423e-05,0.007739387860678122,1.564644882475145,1.0,0.00842544813156132,0.014577404572952144,0.005244377116933357,0.0,0.0034049106597899836,0.00357910022128369,-0.00022377622470997127,0.0,0.010877966308593723,0.004329113706470499,-0.007862117209502185,1.0,0.0067808326721191525,0.0072668892798341935,0.014769840955074496,0
hf_transformer,0,taiwan,4884,0.3364277542114256,0.13360211085313936,0.01101886780331925,6.385237681065756,1.0,0.15694647216797009,0.006232371670721254,0.0010991085204670264,0.0,0.26689991760254017,-0.003498930459056123,0.005254941658579879,0.0,0.24680783081054614,-0.0013569425794373328,0.006723346745323388,0.0,0.29748068237304537,-0.0006068540165241966,0.00911711432516052,0
hf_transformer,0,uk,4884,0.00446211056188965,3.1205193836217324e-05,0.005565939574549479,1.5104212374169488,1.0,0.00042911044006344046,0.007020384611352462,0.006489994600198334,0.0,0.0030102605048217823,-7.617325326860389e-05,0.00366308053907223,1.0,0.0005050955171813643,-0.009558989216962258,-0.010193768531242901,0.0,0.008840996109985344,-0.0019625091521870298,0.00900052434878442,0
hf_transformer,0,australia,4889,0.023385132158915207,0.0008204757493785776,0.015568995510000207,3.396162611433311,1.0,0.0019060475921630626,-0.00262151455286547,-0.0013446931811178324,0.0,0.02111025161743174,-0.002463471373190327,0.011585489359674813,1.0,0.005436463813781822,-0.006187473676356314,-0.0025370275510760917,1.0,0.014764739570617635,0.0010191963279779664,0.010831835092630112,0
hf_transformer,0,canada,4889,0.01067750025431314,0.00015086955146370132,0.007909734652113814,2.1875281143069887,0.0,0.0012087585449218619,-0.0007823701946314308,0.00011079309401062307,0.0,0.008160952377319397,-0.0041902948665580465,0.0018449508941620627,1.0,0.0021096635818480536,-0.006156944082612451,-0.004590220542109472,0.0,0.010310408401489335,0.0007091652368253128,-0.006930445603026894,0
hf_transformer,0,denmark,4889,0.08467793563842765,0.010299337545130925,0.012373576106250611,3.4495861914422634,0.0,0.07709826965332045,0.0064880334554818725,-0.004856994231698619,0.0,0.07115016098022497,0.004738272259520916,-0.005745317284355337,1.0,0.010692233276366814,0.0032432059611948796,0.004811533433850972,0.0,0.1637792213439937,-0.0013896165595123436,0.02247678307280384,0
hf_transformer,0,eurozone,4889,0.02342913438796997,0.0008348956388033124,0.013046775465360734,3.6305857889281663,0.0,0.018839462280273445,0.005449518161364525,-0.005118697192670342,0.0,0.018627941322326702,0.00438230517918983,-0.006077848699288096,0.0,0.012387030220031736,-0.0019021250139962351,0.005036807245746472,1.0,0.03336669425964356,0.004385301758394882,0.022852432395046255,0
hf_transformer,0,japan,4889,3.4322783813476585,15.874721404728783,0.02526742563020673,7.476672346239148,0.0,1.2433648681640648,-0.009291854029392994,0.0,0.0,3.3498297119140545,-0.012122346238032867,0.012786574801777414,1.0,1.1631286621093864,-0.008764661059692577,-7.438815743952106e-05,0.0,5.387935791015622,-0.0012127393186697041,0.038130086564707844,0
hf_transformer,0,norway,4889,0.30598995920817057,0.12833944481569307,0.028551641105720667,7.413723791178502,1.0,0.11882806701660087,-0.016148855730551193,-0.004828850130633709,0.0,0.18300139770507862,-0.009443324245794363,0.007822040079127233,0.0,0.1702387695312506,-0.01149979298762795,0.004603914633708241,1.0,0.37836572570800797,0.0028743389192769607,0.03782272377316719,0
hf_transformer,0,south_korea,4889,12.943505859375007,244.16505022919168,0.009771710940382797,2.7240270873048678,0.0,11.858154296875,-0.004117438035206716,0.004806437851360562,0.0,26.44895019531259,-0.012422190321006825,0.007537300143679378,1.0,4.8984863281250455,-0.005320324516538007,-0.0016198605941676397,0.0,25.55971679687491,0.0021505197878681453,-0.017236569483759796,0
hf_transformer,0,sweden,4889,0.21344324757893887,0.07669890977486267,0.020339111959265514,5.083028471512911,0.0,0.11999450988769489,0.006753544337164983,-0.004869121857290363,0.0,0.09434301757812413,0.0035994454950766253,-0.005556204487729971,0.0,0.04915244750976555,-0.0033263638353989112,0.0014435399262141982,1.0,0.39486118316650476,0.006112400453553202,0.043455613393365324,0
hf_transformer,0,switzerland,4889,0.00735081587791443,7.606650229481012e-05,0.008187891003506403,1.656120472231664,0.0,0.014642910957336386,0.010843376483742171,-0.005498218518936892,0.0,0.009345942687988273,0.0064091635581655084,-0.0040365587129456955,1.0,0.0032009405136108615,0.004355677347794312,0.0007829978028672316,1.0,0.002337289810180665,0.012524286582736365,0.015103846456792093,0
hf_transformer,0,taiwan,4889,0.2899466461181639,0.09921987074702318,0.009485089672834852,5.503048506303831,0.0,0.07360926818847702,-0.0019484492003592358,0.00045706824171494963,0.0,0.17409866333007784,-0.0017845212440510813,0.003894701454560783,0.0,0.3109800720214828,-0.006354604647282432,0.0038133775005453267,0.0,0.0523480834960921,-0.0010242020580030532,0.0006855240446700206,0
hf_transformer,0,uk,4889,0.005682455012795003,4.7509311616852096e-05,0.007087857196981628,1.923506962220411,0.0,0.0049785857608032336,0.000996883864423527,-0.005188756986521533,1.0,0.008735218990356453,-0.002738504518527689,-0.013657966347282141,1.0,0.007902561925781204,-0.00010419011516511542,-0.00995152871016641,1.0,0.0015434251934814958,-0.004827438649178397,-0.006752165671409077,0
hf_transformer,0,australia,4894,0.015664442310333253,0.0004099098716333625,0.01039284469801702,2.274906677532997,1.0,0.0014987929534913125,-0.006882467469443309,-0.005885644923108465,1.0,0.015712239379882753,-0.009533644104156438,-0.020071894314520472,1.0,0.008029698410034092,-0.005925330358800858,-0.0006015554686625279,1.0,0.028807646942138776,-0.0010528624566044132,-0.020294421482297136,0
hf_transformer,0,canada,4894,0.007688760617574049,9.978869619077449e-05,0.005695452028939351,1.5752170090865103,0.0,0.0035277177810668636,0.0005732469882594987,-0.0020296333332337226,1.0,0.009121315383911144,-0.002457255773609788,-0.00922177525697215,1.0,0.0010178901672364127,-0.004975944130768162,-0.0057304628411893425,0.0,0.03170301399230957,0.005186712987055552,-0.018341629159280875,0
hf_transformer,0,denmark,4894,0.10797138399759917,0.015708778403463724,0.015763791159013288,4.398508212332988,1.0,0.021535223388672087,0.0023027953493242217,0.005480194221514882,1.0,0.04116983261108409,0.00869666344021454,0.002633059714794622,1.0,0.1168942169189453,0.006967771320521073,0.024015729774209307,1.0,0.13898627166748057,0.005504312770522281,0.025771136406461902,0
hf_transformer,0,eurozone,4894,0.029033002243041988,0.0011620514867705344,0.016148331734725286,4.498962855735313,1.0,0.007997138595581044,0.009884177831470404,0.00540435351457662,1.0,0.004621745872497529,0.005641108391634438,0.003043541873138314,1.0,0.03523201446533197,0.005217931588471763,0.02480894324628065,1.0,0.030179150772094765,0.009254467731901545,0.025992131112179566,0
hf_transformer,0,japan,4894,3.1010906372070326,13.053646124463773,0.022665762379026674,6.755232540690133,0.0,3.021400146484382,-0.01391340534188068,0.008337343061870473,1.0,0.8540454101562602,-0.015722001132278427,-0.009370687620370268,0.0,3.940561523437509,-0.011007086567538089,0.017832920353154706,0.0,3.6198272705078125,-0.0030143227455789808,0.023300756559424433,0
hf_transformer,0,norway,4894,0.24543129913330072,0.08382128295109009,0.02270879194531724,5.946469178900473,0.0,0.15690648498535076,-0.010328665625621819,0.00439120133500034,1.0,0.002142562866211506,-0.010361833557930635,-0.010564347647397719,0.0,0.2871530181884765,-0.005750526084730392,0.02090500762524376,1.0,0.0410881256103508,0.008854818760893899,0.005038217055848644,0
hf_transformer,0,south_korea,4894,16.72321777343747,475.97221305719853,0.012597260885870097,3.519486814211673,0.0,8.252294921875091,-0.0061848781734077625,0.0,1.0,0.259033203125,-0.01156615776303536,-0.011761967888373193,0.0,5.1497314453124545,0.0007093504474918422,-0.0031430093971992513,0.0,59.96523437499991,0.009825476467568345,-0.03555439986233032,0
hf_transformer,0,sweden,4894,0.2840684578959148,0.12233746691310103,0.02696126431742942,6.764927331841153,1.0,0.029122317504882034,0.008970086438968575,0.006152280580194113,0.0,0.14108117370605555,0.005932420619715769,-0.007834848453243257,1.0,0.21908659667968777,0.010267940613033166,0.031188571695476168,1.0,0.4378996643066415,0.013027481789099286,0.05430297022771666,0
hf_transformer,0,switzerland,4894,0.009742213141123453,0.00012944462930755148,0.010852778238087736,2.194896307542464,1.0,0.0008661706924438795,0.007015578884226336,0.006048744289306424,1.0,0.006543763732910102,0.010220902841523707,0.0029169258355288574,1.0,0.012160460376739457,0.0038569864147415074,0.01737527701548369,1.0,0.008310410594940199,0.004192747941572859,0.013447737739151141,0
hf_transformer,0,taiwan,4894,0.09575830230712867,0.012608017144820008,0.003121406139613576,1.8174467252250213,0.0,0.03166610717773466,0.0010295132027950214,0.0,1.0,0.020121643066406847,-0.002666913449092392,-0.003323398787361642,0.0,0.17851727294921815,-0.005071544691609351,0.0007478702306045744,0.0,0.06487258911132798,0.001458562976919081,-0.0006507768878500238,0
hf_transformer,0,uk,4894,0.005827198119865925,4.943861351705071e-05,0.007266217906947726,1.972502400557791,1.0,0.0068122667033690965,0.012359292721899217,0.003866163142636606,0.0,0.009381475730468769,0.007994622538478609,-0.0037720170932642196,1.0,0.0010869275839233694,0.014280033185367169,0.012932336337791651,0.0,0.014846880576141364,0.01759129290205936,-0.0009145312600884593,0
hf_transformer,0,australia,4899,0.02163398508961995,0.0007125929952206762,0.014415716244841469,3.1418480254199794,0.0,0.033400229072570786,0.015335761997127424,-0.0070912205346045695,1.0,0.0033602308654785418,0.01119689496213085,0.013434797158053279,1.0,0.03667371055603019,0.011007869187530134,0.035170134173612436,0.0,0.06212747764587401,0.0229935259995411,-0.018805235258675855,0
hf_transformer,0,canada,4899,0.013910298379262291,0.0002922111437255872,0.010325213092710676,2.8498401365753603,0.0,0.019746287345886238,0.008629022267821139,-0.006045696873816358,1.0,0.005558790588378937,0.01095940102871909,0.006859627557901294,1.0,0.016017486190795793,0.0022169208112960232,0.014039466571440522,0.0,0.04366408538818356,0.014086488533861295,-0.018475235425919827,0
hf_transformer,0,denmark,4899,0.11297895451863595,0.016330362183039737,0.016485792494027107,4.602505227515332,0.0,0.0357279922485354,0.004264430335424629,-0.001005069774365915,1.0,0.07974234771728472,0.0010199480223966413,0.012719577571647588,1.0,0.15597741394042952,0.0027989019575925395,0.025517039144702332,1.0,0.025312586975097418,0.003581561146956951,0.007300699201833146,0
hf_transformer,0,eurozone,4899,0.03428910667419434,0.0014828869459416122,0.019085923956583165,5.313450396626385,0.0,0.014867585182190002,0.007662168535344228,-0.0006755425707973622,1.0,0.02136232070922861,0.0012584887245158526,0.013193762318503286,0.0,0.04764530830383307,-0.0008700192043998028,0.025612511171432727,1.0,0.0043395294189452205,0.004973945861165455,0.007401003757835328,0
hf_transformer,0,japan,4899,3.134975606282553,12.020403147140293,0.02281191440229295,6.829045554406298,0.0,0.5453845214843795,0.003924122873881922,-0.00011120378104320952,1.0,0.14870483398436818,0.004133222163683673,0.003034791374341533,1.0,4.0215167236328,0.006491234963069305,0.03568036574641183,1.0,4.0881396484375045,0.018449610285685706,0.047767682735337644,0
hf_transformer,0,norway,4899,0.2157621896362303,0.06653243920991977,0.01992524793943013,5.227626692987825,0.0,0.22429944152831993,0.013436391290803939,-0.007705375398491727,1.0,0.008410643005371199,0.010577382422714207,0.011363758650315223,1.0,0.3406073974609374,0.011096667757590235,0.042442233864207424,0.0,0.37824261322021435,0.033975394420541365,-0.0011965089853254824,0
hf_transformer,0,south_korea,4899,29.626800944010384,1505.433740035711,0.022396884449147815,6.235111967227913,0.0,14.502050781250091,0.009856425746979394,-0.0010589615603268279,1.0,3.3762695312500455,0.01140795240147921,0.008881253574644848,1.0,14.162060546874955,0.013040334937937692,0.0024162808599766583,0.0,85.14230957031259,0.025557810805617424,-0.03924036936611951,0
hf_transformer,0,sweden,4899,0.35237568832397465,0.16026077773618366,0.03346546198692836,8.391624831126585,0.0,0.14526856689453105,0.012354931819989418,-0.0018440527166161285,1.0,0.08302607727050848,0.011408743804321431,0.01944189444962382,1.0,0.5085149810791023,0.0130890041993264,0.06122786478562664,1.0,0.2608370605468746,0.019322675572412146,0.04415095980118025,0
hf_transformer,0,switzerland,4899,0.012469074058532714,0.00018570581401796717,0.013905504179372941,2.809251266944763,0.0,0.007984675216674786,0.0059027541496230835,-0.003029285386208881,1.0,0.00269722290039065,0.001793916882305757,0.00480555238612885,0.0,0.012616893100738547,-0.00024300616701552599,0.013795624033591141,0.0,0.006472244453430198,-0.0058111098963906475,0.0014552784388582017,0
hf_transformer,0,taiwan,4899,0.10453520711263037,0.01566117684665241,0.0033989874489253596,1.9840281757316194,1.0,0.15609671020507676,0.005746960691744193,0.0006688254207217231,1.0,0.09826844787597722,0.007211688664582007,0.004022511917703648,0.0,0.1537425537109378,-0.00015479253851502072,0.0048510594888017755,1.0,0.21185517883300875,0.008622990664138226,0.0017445324757995346,0
hf_transformer,0,uk,4899,0.006750939048602289,7.255590344399763e-05,0.008447681898619944,2.2851880450039905,0.0,0.011084072987640359,0.012832645200137561,-0.0010694554221351126,1.0,0.000226444652954072,0.011357198332009972,0.011639626015497596,1.0,0.009268370259399417,0.011107347869185795,0.022605267626341803,0.0,0.02486738117773435,0.0160241566295181,-0.015337723348009915,0
hf_transformer,0,australia,4904,0.022668979244232168,0.000729024633805325,0.015127576828117608,3.292157565133485,1.0,0.002786016387939405,-0.0033811870021579742,-0.005242598350226249,0.0,0.004607657737731863,0.002390489139810923,-0.0006721302455425276,0.0,0.03276239891052235,-0.007178759524899903,0.014536032381001464,1.0,0.001133301696777389,-0.0028424651218737335,-0.0035988282682343975,0
hf_transformer,0,canada,4904,0.013760267251332585,0.0002828730421891936,0.010261754996403654,2.819102857010806,1.0,0.0026229043960570575,-0.0009812628965092847,-0.0029234917667296328,1.0,0.00020391311645506782,-0.001778176809656882,-0.001627219293962853,1.0,0.004492313385009661,-0.005069597166282311,-0.0017382625454233946,1.0,0.03173457489013676,-0.0018237188044146443,-0.025600200437759433,0
hf_transformer,0,denmark,4904,0.10218134091695141,0.013390509603364405,0.014895032901198797,4.16263504763819,1.0,0.015080295562744261,-0.0023482745763470886,-0.00014587360078372337,0.0,0.08469485626220674,-0.005205496274619713,0.007136347016549714,0.0,0.1376682128906248,-0.00778550152108445,0.012250080704752824,1.0,0.022861611938476578,-0.0052666046220459575,-0.0019199398525261875,0
hf_transformer,0,eurozone,4904,0.03044323462168376,0.0012044516410631265,0.016925025514316076,4.7174928939433025,1.0,0.007946232604980397,-0.004701954996427558,-0.00027773149098161797,0.0,0.030301403427124063,-0.009879753499535762,0.006973490362235256,0.0,0.04352623348236073,-0.012027405709093457,0.012144445581514337,1.0,0.0016326580047607564,-0.0027432878557144868,-0.001834454903239083,0
hf_transformer,0,japan,4904,4.35858992513021,20.542839222028395,0.03162911606437947,9.4944946595568,0.0,0.9500079345703227,-0.0008133674222696618,0.006189004835240082,0.0,4.5479077148437455,-0.01001194756236341,0.023374936649867274,0.0,3.885795898437493,-0.0018182582045012494,0.0265466819651704,1.0,6.8914538574218795,0.011379858365912928,0.0605094070549051,0
hf_transformer,0,norway,4904,0.23906270940144853,0.07752444666953799,0.02209506544735407,5.792166843838666,1.0,0.026334600830077548,-0.00397675553779338,-0.006450879124808005,0.0,0.2505892318725582,-0.007113249812038917,0.0162003723864072,1.0,0.3814674926757817,0.0029380663035038146,0.03786856902218021,1.0,0.028190641784668458,0.01823433589602004,0.01564386503051715,0
hf_transformer,0,south_korea,4904,35.09975341796873,1869.5824621785673,0.026587042699916172,7.386922840461804,0.0,9.752050781250091,-0.005561915742712493,0.0017593446301909514,1.0,1.192041015624909,-0.00503905741538126,-0.005937188641495414,0.0,15.064355468749909,0.0016204730452379188,-0.009713200378037442,0.0,59.45712890625009,0.02168599195131941,-0.022889323978465527,0
hf_transformer,0,sweden,4904,0.4340561061096192,0.2119017735856234,0.04123851358422521,10.336797114058381,1.0,0.0856873107910161,-0.009691925763206573,-0.0013886480273498085,0.0,0.25325252075195337,-0.007744328549275132,0.01655299846521736,0.0,0.5893545822143551,-0.010384715252495284,0.04541622394286807,0.0,0.37924411926269563,-0.0006886941892434212,0.035230211515505136,0
hf_transformer,0,switzerland,4904,0.012772190097173057,0.00019565630471500274,0.014248534389010435,2.877542553978939,1.0,0.0007915370941161681,-0.0024463111409188556,-0.0015620644738321315,0.0,0.010856116676330574,-0.006325910677920801,0.005780684209207774,0.0,0.016648337936401414,-0.005307933570358504,0.013179944914008273,0.0,0.006042326164245604,-0.0053572377962150695,0.0013926415085380142,0
hf_transformer,0,taiwan,4904,0.1033993311564128,0.017083685770762833,0.003357712821147674,1.9624697939814055,1.0,0.03538977050781256,0.00047480045816002706,0.0016239569647757712,1.0,0.04665895080566429,-0.0011657113318026986,-0.002685308104736412,1.0,0.030388641357422586,-0.0018509070794748544,-0.0008617676524964221,1.0,0.18041574096679724,0.012129228702557315,0.006318573263469155,0
hf_transformer,0,uk,4904,0.008157231152942913,8.334519985021102e-05,0.010233392606371272,2.761216917652167,1.0,0.00055557320681765,-0.003857732294242389,-0.0031624685730527657,0.0,0.006314510275054919,-0.0052349211341124816,0.0026497535278058094,1.0,0.0024623708172607506,-0.0008833640317730096,-0.003961509938185404,1.0,0.012778050453124967,-0.0028740890397159847,-0.018983889787424376,0
hf_transformer,0,australia,4909,0.020336903157552086,0.0006658937155939596,0.013560712882313898,2.9534761517132413,1.0,0.002222349624633857,0.0005508144532594305,0.002028324069991555,0.0,0.04307401508331288,-0.0057173709124596584,0.022713366232216987,1.0,0.007624744300842368,-0.0024562859130426336,-0.007557544198878051,1.0,0.012212048492431737,0.008169317696129729,7.322422926439919e-05,0
hf_transformer,0,canada,4909,0.01646570466995238,0.0003412157549085191,0.012297533374669068,3.3733730769846506,1.0,0.009829487609863241,0.007654020192919448,0.0004070531260527885,0.0,0.018361794281005928,-0.003679716394679966,0.009870439593192934,1.0,0.0068028308868408605,-0.005974707819723349,-0.011053537429647431,0.0,0.032904322624206506,0.003881953294142099,-0.02068020523753863,0
hf_transformer,0,denmark,4909,0.06538344553629548,0.006011518759115776,0.009497951165265335,2.663572619838022,1.0,0.04013942718505881,-0.007083754180864264,-0.0012462776319469996,0.0,0.1280141098022458,-0.010872173304097536,0.007696756972124982,0.0,0.08438592224121066,-0.010399649572625373,0.001873736771000372,0.0,0.09488352432251013,0.0021531976057938434,-0.011653700428925377,0
hf_transformer,0,eurozone,4909,0.01830326549530029,0.000521866815072219,0.010133551677602921,2.836279586681487,1.0,0.007530853652954139,-0.005270381010658088,-0.0011036615087114392,0.0,0.036734030914306715,-0.012729398452157883,0.007582245605314396,0.0,0.02714332313537593,-0.013516927581374844,0.0015430826130945507,1.0,0.007711820411682169,-0.007050236295836986,-0.011342800868662474,0
hf_transformer,0,japan,4909,3.8738147583007816,17.532022269834684,0.02779610550108808,8.438489090872734,0.0,1.9384088134765705,-0.013508459575643679,0.0005774297320210638,0.0,3.5867663574218795,-0.011595552091727156,0.01426547489315222,0.0,2.0387719726562636,-0.011318073428223123,0.003459587579730991,1.0,5.840908203124997,0.0013643033602986365,0.0426152666973574,0
hf_transformer,0,norway,4909,0.21427088948567707,0.05716447427397507,0.01974099015958232,5.191494502786045,0.0,0.1226630462646483,-0.00929999399086407,0.0020210564139635768,0.0,0.28049721374511805,-0.0070131700071402285,0.018630995373512736,0.0,0.13639620666503838,-0.011049585655826921,0.0015529023551921946,0.0,0.3288980438232425,0.01533535632861214,-0.014902107582234096,0
hf_transformer,0,south_korea,4909,41.87315999348956,2141.4286132269885,0.03167268238007813,8.812420938543445,0.0,24.165844726562455,0.011776645232172983,-0.00638979809877101,0.0,13.687817382812455,0.008621991194647403,-0.001659688812194117,0.0,39.425122070312455,0.012342111564675549,-0.01745059204865746,0.0,48.07851562499991,0.02903102960915201,-0.00680712079010945,0
hf_transformer,0,sweden,4909,0.3579961517333984,0.13758626190236803,0.033767723047727155,8.525472942309543,0.0,0.1450947647094729,-0.012019085272851622,0.0018040247417927485,0.0,0.3904357177734372,-0.013232480849538694,0.023581856299178163,0.0,0.4006662506103513,-0.012899302684883911,0.024849342221214852,0.0,0.3253526199340815,-0.007062913358723348,0.023521680168253675,0
hf_transformer,0,switzerland,4909,0.008774134012858073,0.00011645195279075558,0.009767023242791132,1.9767904959307938,1.0,0.00012957782745359747,-0.00329803596361176,-0.003442153076660736,0.0,0.012726395988464367,-0.008601310412243225,0.005527013461864823,1.0,0.004256531906127958,-0.006066729805716161,-0.0013310411814841984,1.0,0.00147749748229975,-0.01000106922078159,-0.00834822301643669,0
hf_transformer,0,taiwan,4909,0.11141151479085293,0.018064039709417522,0.003612980573161988,2.114537202837616,0.0,0.23524507141113205,0.007476343992570885,-0.00016297793314860195,1.0,0.18508233642578276,0.007956216780898952,0.001953666186413973,1.0,0.24741848754882767,0.010631113429457781,0.0026202949395475925,1.0,0.039632064819336676,0.013704465093285927,0.014977797545929409,0
hf_transformer,0,uk,4909,0.008395953218798831,9.91626807998951e-05,0.010549715295232083,2.8420241663986276,1.0,0.0004995033254089343,0.0008277332415619716,0.0014482838982427654,0.0,0.008695978009246819,-0.0023041871114444753,0.008478047706954855,1.0,0.0023414097897033193,-0.004838199153839436,-0.007768741020361166,1.0,0.014508566015136726,-0.0036709078177280556,-0.021948319034796604,0
hf_transformer,0,australia,4914,0.03045496959559121,0.0012488829247017383,0.020246912259583034,4.422896923139863,1.0,0.008623160781860317,-0.010711992616747214,-0.005056067764186026,1.0,0.007989691200256388,-0.010887726704001587,-0.016157793097251925,1.0,0.06336141891479485,-0.009992283523092218,-0.052530826055676494,0.0,0.04574572303771962,0.0034272933881131385,-0.02668882504321835,0
hf_transformer,0,canada,4914,0.023734336153666172,0.0006874240945286321,0.017706874429435217,4.862517103624964,1.0,0.0011941699981690146,-0.004587336364603138,-0.0037083995427984336,1.0,0.013248202133178788,-0.004850709163824181,-0.01465646909734811,1.0,0.029704212570190514,-0.007538264072298286,-0.02971970355312736,0.0,0.035882721138000395,0.0010129890167682818,-0.025612921600473806,0
hf_transformer,0,denmark,4914,0.0580162743886311,0.004041293509239118,0.008432023877085823,2.3634508505793734,1.0,0.05719111175537073,-0.008579296053032892,-0.0003234117814758807,1.0,0.038866005706786666,-0.007575980426544404,-0.001963640917957986,1.0,0.06921951446533203,-0.00856326051163748,-0.018647392448438375,1.0,0.12080959014892567,-0.004745282895670533,-0.022344010295814967,0
hf_transformer,0,eurozone,4914,0.013807772051493328,0.0002714096104810935,0.007641941697083547,2.13965655567076,1.0,0.005289819335937418,-0.0032290614126230435,-0.0003284701532284452,1.0,0.021755471038818364,-0.013864780951620623,-0.0018627590648569534,1.0,0.008926581192016503,-0.01409676980713831,-0.019064510652828503,1.0,0.028330678939819443,-0.006793499614716904,-0.02252945949069249,0
hf_transformer,0,japan,4914,2.5735869140625,9.275887316729321,0.0182431880904835,5.606149610585743,1.0,1.842490234374992,-0.01468063802165673,-0.0014601922212684674,1.0,1.0307885742187466,-0.013369075755279326,-0.005961003534060126,1.0,2.0850866699218784,-0.015169003199748085,-0.00021355353156333695,1.0,0.6792071533203057,0.007239420127269962,0.012027454054979915,0
hf_transformer,0,norway,4914,0.2863228526306153,0.10333541510558146,0.026298856122776725,6.937216338728176,0.0,0.17022900085449244,-0.010373141872881146,0.005032940752583188,1.0,0.028353900146484534,-0.008207132690952957,-0.005630095068797476,1.0,0.44213556518554675,-0.010130155409788615,-0.05127951770145623,0.0,0.5813101074218743,0.012018945060731357,-0.04121640295363337,0
hf_transformer,0,south_korea,4914,38.329640299479145,1746.4382726958186,0.029089444489571775,8.066669073804944,0.0,11.043896484374955,0.00830390442424843,0.0,0.0,22.33168945312491,0.0026629839737207207,-0.014296277860021212,0.0,52.635937499999955,0.006499229437770588,-0.03378570027514921,0.0,53.45458984375,0.02535044371407854,-0.014794238148402613,0
hf_transformer,0,sweden,4914,0.1826064421081543,0.04279959577385025,0.01703237195644489,4.348667642784734,0.0,0.215592489624024,-0.016888085283020587,0.0032072342706732427,1.0,0.19690509796142663,-0.021177694525555367,-0.002730082879680939,1.0,0.009926658630371676,-0.015559613812614925,-0.016493429442104045,0.0,0.11385356750488285,-0.007191500144178206,0.003368710253778423,0
hf_transformer,0,switzerland,4914,0.005032939380009974,4.390927956161123e-05,0.005590119984422408,1.1339086818618975,1.0,0.002887597465515146,-0.0065113668309972035,-0.003312540985183491,0.0,0.012430978775024415,-0.013686329910516791,0.00011022927700757692,1.0,0.0010665136337280057,-0.015403832379918315,-0.014210619376917344,1.0,0.009576493453979484,-0.008328146904569168,-0.019030175892730254,0
hf_transformer,0,taiwan,4914,0.16187506510416702,0.03721091636384681,0.005239225721386326,3.072311223997692,0.0,0.23577171325683466,0.003953325966986196,-0.003715235090296339,1.0,0.0921068725585954,-0.000175450142892435,-0.003176648621910578,0.0,0.16550244140625026,0.00441430912102876,-0.0009600755779883822,1.0,0.2238467712402361,0.011695670761360922,0.01886681223528623,0
hf_transformer,0,uk,4914,0.012102097864183559,0.00020855972298982218,0.015212892552526195,4.096551481149336,1.0,0.0016291821804809148,-0.0036754505880726086,-0.0016608939841704364,1.0,0.005739353767089894,-0.0049510017384311565,-0.012089609481121106,1.0,0.021084151336059564,-0.006422141427115139,-0.032940213758562355,1.0,0.028619283830688458,-0.002998839268220337,-0.03904137142355477,0
hf_transformer,0,australia,4919,0.04125993017959594,0.0021471625856849252,0.027433018312513855,5.992073565120823,0.0,0.02529439693450919,0.015698516918430286,-0.000906459411997065,0.0,0.036369569015503034,0.004690889878493976,-0.019540767215252504,0.0,0.053165473022460885,0.013183009905658696,-0.022133821447639517,0.0,0.08233481620788585,0.018695626633555593,-0.036229015346879244,0
hf_transformer,0,canada,4919,0.02945876928329467,0.0009477228789173993,0.02199126633810113,6.03529707190212,0.0,0.01967343349456785,0.013867059519326944,-0.000669642882166272,0.0,0.02530827007293701,0.009260621286227875,-0.009566232662092038,0.0,0.03381962242126457,0.004615478593764821,-0.020742486431152868,0.0,0.042434228897094695,0.011267480665102867,-0.020438777382085202,0
hf_transformer,0,denmark,4919,0.09782213025410963,0.015276109740023736,0.014272195957329975,3.985050736037392,1.0,0.010535852050781003,0.002787631207417927,0.0012735692956456555,1.0,0.010679882812500097,-0.003993807181486262,-0.002450963950697143,1.0,0.10165793609619111,-0.006666528209667963,-0.021512622535315835,0.0,0.3350301452636719,0.002284095626428698,-0.04704643188248037,0
hf_transformer,0,eurozone,4919,0.027479740352630625,0.0011429977988393755,0.015258859814948766,4.258268920892089,0.0,0.0030650827407836534,-0.0003647852015736025,0.001315248853802443,1.0,0.004632003974914589,-0.0054889772880730775,-0.002938149982154754,1.0,0.0366831020355225,-0.0012438968772014174,-0.021590850203861586,0.0,0.08693529281616219,0.0016631128833809689,-0.04710120711988428,0
hf_transformer,0,japan,4919,2.1791407674153636,6.8608377716824505,0.015394835004864826,4.746911440178575,0.0,0.8649279785156239,0.006138417444134765,-3.5801872441713754e-05,1.0,0.05780029296875,-0.002457551841935459,-0.0020427552035060335,1.0,2.855114135742184,0.0019305844862672382,0.022129104953489034,0.0,3.3899792480468705,0.015805826656379505,-0.008376673525188245,0
hf_transformer,0,norway,4919,0.5201601704915365,0.37230222057165274,0.0478886978751129,12.602778996983501,1.0,0.08327735900878963,0.010301703081598654,0.002791854679141508,0.0,0.38345720520019455,0.010102222381980075,-0.024962466638191332,0.0,0.46012638549804663,0.005081730165001285,-0.03736090618290411,0.0,1.4141728073120117,0.036376124109557074,-0.09576277705974214,0
hf_transformer,0,south_korea,4919,39.73453450520832,1847.2776379464462,0.0302591251513668,8.362336253376085,1.0,28.03774414062491,0.023119591229780596,0.0019129242959290533,0.0,33.09707031249991,0.014520549823080748,-0.010780530234891297,0.0,32.08154296875,0.01628120150894728,-0.008190305911537065,0.0,84.37314453125009,0.0335688699734123,-0.030957167773090103,0
hf_transformer,0,sweden,4919,0.12868506103515617,0.0469777206208246,0.012042803505371109,3.0645608915698426,1.0,0.06283367309570309,0.004170111912672927,0.009961819520172591,1.0,0.0558787139892587,0.00011800519870378653,0.0052911523466213336,1.0,0.055348081970214125,-0.001863133305026935,-0.007023913812114822,0.0,0.7556196853637687,0.019504045269314173,-0.05176487898158287,0
hf_transformer,0,switzerland,4919,0.008751665169397982,0.00019492732894277472,0.0098234264467946,1.9717283215736008,0.0,0.001171069049835216,0.000298736360165822,-0.0009925011842517046,1.0,0.0027563901901245247,-0.008752871287328939,-0.005692667430586651,1.0,0.004785782623290991,-0.006096492862111073,-0.011417926948080153,1.0,0.04625245208740236,-0.0010449634337620713,-0.05342751900077987,0
hf_transformer,0,taiwan,4919,0.2168701548258466,0.0786183922233363,0.007005808718511437,4.11609169326236,1.0,0.19131550598144642,0.007698249025748938,0.0014836918925792086,1.0,0.02763923645019517,0.0034576376023415446,0.0025584005220407355,1.0,0.01985205078124963,0.009585421301150582,0.010226863803702075,1.0,0.07726580810546935,0.01050996620860329,0.00801180861302914,0
hf_transformer,0,uk,4919,0.019529664119974775,0.000511692698047097,0.024601717879822484,6.610777352396582,1.0,0.006618791539916957,0.014045396861442063,0.005865355451917236,0.0,0.012831945559509284,0.00819398081059194,-0.007820331935961442,0.0,0.027330367676757783,0.013541994481884792,-0.020693673602936943,0.0,0.053688863093139694,0.018366273567554336,-0.04969578423638399,0
hf_transformer,0,australia,4924,0.026961263436635328,0.0010270419585275638,0.018081258129528686,3.915514961312599,0.0,0.03059190826416014,0.01969412785029047,-0.000742115061888301,0.0,0.05878627967834471,0.02101203314069025,-0.01858270809089923,1.0,0.002393833808898904,0.018484586071781536,0.016898495312134443,1.0,0.03526400230407711,0.02545817596234628,0.0020009640944661346,0
hf_transformer,0,canada,4924,0.022984702402750634,0.0005803162740602922,0.01723571168346228,4.708937626546635,1.0,0.012284223365783609,0.013118414729234683,0.0039721254354477846,0.0,0.028346645355224576,0.011903968372348434,-0.009355381523611095,0.0,0.012798527526855397,0.004569222672659167,-0.005044051950137326,0.0,0.03270911979675284,0.016244851461725128,-0.008219017764963,0
hf_transformer,0,denmark,4924,0.15851065121968588,0.033654902860166896,0.023152630629554447,6.457362824464132,1.0,0.026240226745605888,0.00474369140323067,0.0009666854985285204,0.0,0.11061365966796899,0.0002545539482539849,-0.015837377489834256,1.0,0.07550016708374052,-0.0018421491102195032,-0.012820828123759223,0.0,0.29049103088378914,0.009659518261776827,-0.032757103758021884,0
hf_transformer,0,eurozone,4924,0.041649323705037454,0.002249061700869734,0.02317182655030067,6.4539918657694715,1.0,0.01152553100585929,0.007193037827512578,0.0008796042348326717,0.0,0.030789064025879,0.0015053365617109318,-0.015547585481205894,1.0,0.01684521198272715,-0.0028115540499912715,-0.012145842294523217,0.0,0.08046128883361825,0.01208773532009153,-0.032618422560338076,0
hf_transformer,0,japan,4924,2.482361979166667,7.78490394924583,0.017545886513504826,5.40743060465379,1.0,0.4155120849609375,0.004763610570344029,0.0017921151749815361,1.0,1.3969470214843795,0.005174413662384492,0.015096238555542933,1.0,3.8499298095703125,0.009995227526278998,0.0369760432994575,1.0,1.5887805175781295,0.02807766248090313,0.016932073139994345,0
hf_transformer,0,norway,4924,0.575446433207194,0.46613943884371195,0.05366911343434953,13.942290536123803,1.0,0.19906132659912146,0.025893466909722156,0.007676299688136203,0.0,0.4123679412841792,0.0214860578813158,-0.016799073688571885,1.0,0.26218839721679643,0.026748012688976426,0.002704550588345212,0.0,1.1919354095458985,0.04895238748915153,-0.06268203413672674,0
hf_transformer,0,south_korea,4924,31.833038736979166,1360.4021814622881,0.024451926504748523,6.699426008135904,0.0,27.65903320312509,0.01849323984037548,-0.0027522064082418766,0.0,45.80356445312509,0.01993208127261798,-0.015447937392162376,1.0,4.873803710937409,0.023621412785473462,0.019929376116997202,0.0,55.499707031249955,0.03596503507933672,-0.006368706237635593,0
hf_transformer,0,sweden,4924,0.23989670496622725,0.12351859033426178,0.022504762034940874,5.7130023807124095,0.0,0.0199346572875978,0.00019247682703715384,-0.0016496125765896367,1.0,0.18215228881835976,-0.0010067913517839552,-0.017986858879779643,1.0,0.02094845123290945,0.00024019579017465638,0.0021722245240059727,0.0,0.5944925994873049,0.016515535717060933,-0.03899266161264502,0
hf_transformer,0,switzerland,4924,0.013645525163014727,0.00041341514514550584,0.01541833586066665,3.0743027647745516,1.0,0.0018682700157165444,0.005948055025032766,0.00800467991043378,0.0,0.009768113899230935,0.0017921121954050864,-0.00907553346476397,1.0,0.0033920042037963727,-0.0018396201141717067,-0.005613776797199663,0.0,0.03675161628723145,0.0006666841431051821,-0.040898208487540805,0
hf_transformer,0,taiwan,4924,0.2172673192342123,0.06616107578506411,0.007013964291979353,4.123629683556351,1.0,0.14100344848632673,0.005647735317432382,0.0010735548706668758,0.0,0.07935739135742281,0.0016540106963041617,-0.0009280894237120616,1.0,0.2372322540283207,0.0036800214803635405,0.011343989730596356,1.0,0.17773406982421847,0.011078963470023392,0.016784062201186348,0
hf_transformer,0,uk,4924,0.018858444489593514,0.00044480118781933873,0.023902666181251128,6.383569987039487,1.0,6.997416583254257e-05,0.005532130096210993,0.005619671609269103,0.0,0.01803919228155515,0.004652689491441821,-0.01819520918118571,0.0,0.010349503822876027,0.009998099680387649,-0.0029763706093289886,0.0,0.023970363681304896,0.009481035377681713,-0.020845560066829145,0
hf_transformer,0,australia,4929,0.015050158061981208,0.0003325545298527882,0.010131914178598123,2.18569575570161,1.0,0.036746354446411056,0.02820470222049472,0.003354039133302273,1.0,0.014214775123596146,0.019105382961934612,0.02864120414849494,1.0,0.023546990509033305,0.021964499898248505,0.03766704005745806,1.0,0.007911196212768479,0.024478970303352682,0.02976889713517706,0
hf_transformer,0,canada,4929,0.012132894020080547,0.00018862859804047888,0.00914244244248821,2.4856985384863064,1.0,0.02059367599487305,0.01649662711092167,0.0010227854746937559,0.0,0.012227643585205117,0.008963042025978777,-0.00026533745393823594,1.0,0.0011840097427369134,0.012417567484932434,0.011530763073108822,1.0,0.012933342742919907,0.01290357384416693,0.0031785700504462426,0
hf_transformer,0,denmark,4929,0.13905476636250808,0.023721661488774318,0.020393253347089205,5.664774398215891,0.0,0.127640837097168,0.018423810746869832,-0.0001246649630736434,1.0,0.07399593582153319,0.014254893959939703,0.003498938517288261,1.0,0.053886911010741834,0.013089042490315174,0.005258416238533164,0.0,0.1935197158813473,0.018557540197836543,-0.009696795600401953,0
hf_transformer,0,eurozone,4929,0.03575598472595217,0.0017117257976908406,0.01998117548939088,5.540758265564861,1.0,0.028771122360229384,0.016054069428558245,0.00011171624086486858,1.0,0.011700662612915025,0.010447517523793574,0.003958303657428854,1.0,0.019435495376586953,0.01608945567998099,0.005348351142860257,0.0,0.04991317291259767,0.017752376172637405,-0.010021277145457991,0
hf_transformer,0,japan,4929,2.3270724080403644,6.804001127866164,0.016424899765459168,5.06915698197535,0.0,1.761269531250008,-0.010095450584707259,0.002400029387667978,0.0,3.5062304687500045,-0.008917914216759679,0.01577651569390895,0.0,3.036795654296867,-0.0017103253673945123,0.01956078253923808,0.0,3.1066259765624977,0.013489481934078203,-0.00841012036402165,0
hf_transformer,0,norway,4929,0.44651921763102215,0.319140600222272,0.04239693456377823,10.818558084506998,1.0,0.15772063293456995,0.024652735802990742,0.009982096427356178,1.0,0.013270349121093261,0.026982377999876406,0.028204132666157657,1.0,0.08833549804687557,0.03009182691359256,0.021946295742565677,0.0,0.7993752059936519,0.03736538781136382,-0.038306886207852775,0
hf_transformer,0,south_korea,4929,18.334890136718762,527.6666398693129,0.014192031706041552,3.8586715158788056,1.0,12.5919189453125,0.017722991549066647,0.007948825062493798,1.0,3.736352539062409,0.022363656165734387,0.025232298962298838,1.0,7.423803710937591,0.028236027746777213,0.022545363521086735,1.0,37.45529785156259,0.03302589846042696,0.0041193490840945885,0
hf_transformer,0,sweden,4929,0.24977755823771156,0.11099249425318024,0.023531812023200965,5.9483092319315904,1.0,0.012642550659180074,0.008631524770876893,0.009809205304070997,1.0,0.003059118652343429,0.010805698678394832,0.010521146163948726,1.0,0.19361647338867272,0.013260274599112144,0.031063917151807445,0.0,0.4279782165527344,0.027583469989327425,-0.012344843117772454,0
hf_transformer,0,switzerland,4929,0.016874454733530678,0.0005067833124218564,0.019123965048394774,3.801772538734235,1.0,0.009817882919311516,0.01329881978297092,0.0024021686923446747,1.0,0.0006881707191467301,0.005508788565428224,0.0047429154558085865,1.0,0.002503674697875935,0.005970923890068993,0.0031830265601211125,0.0,0.0374569617271423,0.01240328127198669,-0.029861437661316315,0
hf_transformer,0,taiwan,4929,0.34109594217936207,0.15511076181576997,0.011012029262410489,6.473837653398696,1.0,0.0005586395263676991,0.003433164238444358,0.00341502616707638,1.0,0.1701759185791012,0.003084573879681117,0.008596552705373215,0.0,0.6299405822753918,-0.0023792072412720656,0.017984179917518262,1.0,0.4724460144042979,0.007644970717107051,0.0228043894004267,0
hf_transformer,0,uk,4929,0.015125479432571417,0.0002959040895314024,0.01926125244979952,5.119963982110337,1.0,0.016214936664611823,0.02163206054535936,0.0010933657931732539,1.0,0.010441906005798307,0.021177309873036395,0.007993459576083072,1.0,0.007894348697448761,0.019067984971275997,0.009095604468048581,0.0,0.0212042302837524,0.02282222302620054,-0.00408950778173598,0
hf_transformer,0,australia,4934,0.016089687121073407,0.00041186290492634933,0.010786631307520927,2.3366638879317914,1.0,0.006991229362487861,-0.004826207147189304,-0.00014689386277145827,0.0,0.01095961479187002,-0.0043220907926975185,0.0029999222519562223,1.0,0.03689969577789309,-0.0067259812939285115,-0.031841096775145517,0.0,0.022649688949584856,-0.0013025584475484754,0.013725731683782412,0
hf_transformer,0,canada,4934,0.006591909713745096,7.27504644271199e-05,0.004977488102484181,1.350502222649522,0.0,0.02094751052856436,0.013366565422584159,-0.0024292124600465057,1.0,0.002740319252014123,0.005361535172397007,0.0032927759062579528,0.0,0.014580289077758879,0.005278552108311687,-0.005779044294460621,1.0,0.012251326942443796,0.0037828678131779096,0.012994288411437275,0
hf_transformer,0,denmark,4934,0.10921966341654456,0.016722421882727774,0.016071456663552957,4.449360272130977,0.0,0.06780604858398398,0.007462810828120483,-0.002421600975610759,0.0,0.07152470245361364,0.007828091720529727,-0.0025974135598493685,1.0,0.18454592437744122,-0.00021983470502820712,-0.02756644405078161,0.0,0.16594786987304655,0.012128800306122171,-0.012122697209569225,0
hf_transformer,0,eurozone,4934,0.02616373282114667,0.0010335145219083316,0.01468194049167867,4.054339993650912,0.0,0.019023316764831488,0.008103572809689857,-0.002451186431045708,0.0,0.02078729133605961,0.00899395302414265,-0.0025348556031880663,0.0,0.056856218910217304,0.0037521500421235786,-0.02827182993899257,0.0,0.036137031936645414,0.007338168618821987,-0.01282356020412531,0
hf_transformer,0,japan,4934,2.451402526855468,7.33396959936471,0.01724080521402422,5.339990363731675,1.0,0.6089038085937375,-0.005643245864830417,-0.0013923215726919503,0.0,2.4445764160156216,-0.011577255721916644,0.005480796292319493,1.0,4.050075683593747,-0.010348848871889135,-0.039230452669909155,0.0,4.005653076171882,0.014370854658358724,-0.01348224858798467,0
hf_transformer,0,norway,4934,0.4870426825459799,0.33621351227771473,0.04642887102737969,11.80038695470408,1.0,0.08249725036621136,-0.007518080413271721,-0.015195352822064927,1.0,0.11231193084716828,-0.003917000867551317,-0.014345600226343866,0.0,0.8884400543212898,0.0006153644409347956,-0.08461070129180683,0.0,0.8109354797363277,0.005138017795262551,-0.07199361849464968,0
hf_transformer,0,south_korea,4934,17.21491455078126,429.1860635674201,0.013338428358320671,3.6229669188121485,0.0,10.294482421875045,-0.006302243536130973,0.001608702660400512,0.0,19.84018554687509,-0.0050267468447509536,0.010145014546860748,1.0,24.813281250000045,-0.00421534947908685,-0.023504029550616395,1.0,0.5195800781250455,0.0043754179677025825,0.003978734350821876,0
hf_transformer,0,sweden,4934,0.28839420013427747,0.12768544308428886,0.02712202468960267,6.86794240122109,0.0,0.14669126129150456,0.009176331922728256,-0.004438111580165709,1.0,0.05124087219238227,8.922468107243559e-05,0.004844467117965912,0.0,0.608883972167968,0.004852241352693372,-0.05316987442737513,0.0,0.4342079025268557,0.0230603246241825,-0.017213857063475346,0
hf_transformer,0,switzerland,4934,0.01953453076680501,0.0005603056327953776,0.022152067671324348,4.4010810304126196,1.0,0.0022788370132446056,-0.0010818174036749096,-0.0036249098611287243,0.0,0.004460794067382867,0.0010135076786419554,-0.003960180315766938,1.0,0.032647304153442414,-0.00715389139212086,-0.04444923226088353,1.0,0.02542279882431031,-0.0008099484671377763,-0.029545998938960136,0
hf_transformer,0,taiwan,4934,0.30147188517252616,0.12229824816843635,0.009684467943123195,5.721792024851223,0.0,0.12818890380859216,-0.0021564273568210166,0.001984527793352481,0.0,0.2619106597900398,-0.002471175126320447,0.005973916177724101,1.0,0.12704508972167972,0.00027306295324374286,0.004367206212707921,1.0,0.3870972900390619,0.011462293862707763,0.023747565171113687,0
hf_transformer,0,uk,4934,0.010884937384895831,0.00018398492548917747,0.013915099738404584,3.6845435284637746,0.0,0.004394019703735319,0.0055299213878385765,-3.934048917120742e-05,0.0,0.008168777578247077,0.010017142133354074,-0.0003146757195663729,0.0,0.02716945277825933,0.0038266141101780744,-0.031178095779537278,0.0,0.008511787895385758,0.00710833627911208,-0.0036912004599922847,0
hf_transformer,0,australia,4939,0.019633347989400227,0.000552597075930098,0.013114522253602613,2.8513006437485746,1.0,0.00462614753723134,-0.0009615631813441407,-0.00404868304026582,1.0,0.000422961921692,-0.004331409989428644,-0.00404868304026582,1.0,0.01405295516967775,-0.009703548293439258,-0.01919400864936403,1.0,0.02762960498809819,0.0031637490996235694,0.021331279647099875,0
hf_transformer,0,canada,4939,0.009634156010945616,0.00014143617822492583,0.007261893548007913,1.973775380904349,1.0,0.006827136611938567,0.005258875304032193,0.00011335083986209036,1.0,7.318477630624542e-05,0.004882687292356295,0.004937723230257745,1.0,0.002830346679687512,-0.002095262353099754,-0.004240984810815931,1.0,0.014251428222656237,0.0032808933142421965,0.013958427073980857,0
hf_transformer,0,denmark,4939,0.09919412269592283,0.012955664596332413,0.014621248949197528,4.04094258255395,1.0,0.05364622116088835,0.008396516458986621,0.0005712779202652968,0.0,0.0443668716430663,0.0035055550807183227,-0.0029935528947645923,0.0,0.15867643432617218,0.0026378117626502575,-0.020823830319763915,0.0,0.0956771972656254,0.00901108092145096,-0.004979519388883283,0
hf_transformer,0,eurozone,4939,0.026037420253753676,0.0009391925292507908,0.014619146948159245,4.034766559799446,1.0,0.0041088705062866104,0.002595429930043593,0.0003067527457510397,0.0,0.02022635459899913,0.007655319173428298,-0.0036044130167157584,0.0,0.046972783088684134,0.004881679896873034,-0.02153894723752301,0.0,0.02562377567291252,0.008594508935928133,-0.005677939874865878,0
hf_transformer,0,japan,4939,3.7208496907552076,16.17682170420989,0.025988968393134818,8.105279029394696,1.0,1.0914953613281284,-0.008068547082566152,-0.00048442907521738243,1.0,1.8997723388671943,-0.003050468417990382,-0.016322337749225348,0.0,5.042335205078132,0.005707796179867849,-0.029596164132281895,1.0,3.352254638671866,0.024313728964125352,0.0014173366818270015,0
hf_transformer,0,norway,4939,0.5761700561014813,0.38662227567634483,0.054892329151454373,13.959822942354066,0.0,0.13253614807128855,0.011137226396099442,-0.0011721004118027758,0.0,0.16919882507324147,0.008106171924831453,-0.0076832999978865835,0.0,0.8246535858154296,0.014037648285305175,-0.06489732124293002,0.0,0.5366791305541998,0.021207056264851712,-0.029078684540497893,0
hf_transformer,0,south_korea,4939,20.681951497395826,672.9774500877855,0.015980044913397527,4.352622597719599,1.0,1.73193359375,-0.006027361516297495,-0.0073505939101370715,1.0,6.17529296875,-0.004925941743566498,-0.00964680617048738,1.0,38.566650390625,-0.007108535753970286,-0.03702981624592674,0.0,11.5921630859375,-0.003224685297649969,0.005562612493041484,0
hf_transformer,0,sweden,4939,0.3180717767842611,0.13991813538024545,0.029868642809450393,7.574696860724819,1.0,0.0072010955810544175,0.004042156409839813,0.004705934502880527,1.0,0.0484770599365234,0.007891627205797374,0.0034288863847028264,1.0,0.45838337249755945,-0.0017250413695856985,-0.04516615731797973,1.0,0.19066171875000038,0.018184385351982493,0.0006987457567103774,0
hf_transformer,0,switzerland,4939,0.022427592897415152,0.000639317366349727,0.025423318189084613,5.052880708369046,1.0,0.0003339147567749112,0.002159310955726182,0.0017868115759593324,0.0,0.00660794372558593,0.002241875355506375,-0.005154939414428812,0.0,0.032964015769958444,0.004198423777180744,-0.033182977465462934,0.0,0.024753125381469676,0.006298932259449316,-0.02158032001996099,0
hf_transformer,0,taiwan,4939,0.3080967539469403,0.14264664110779085,0.009844723944149671,5.847528861961045,1.0,0.12114692687988438,-0.004203686642547476,-0.00030507631158501944,0.0,0.2418063659667986,-0.0019060477549725243,0.005842680875770956,1.0,0.03436952209472821,-0.0009197015739910258,-0.0020248777528904774,1.0,0.5315718383789054,0.004674576607964273,0.021520209849664445,0
hf_transformer,0,uk,4939,0.010569528766533413,0.00016846510413753114,0.013520487525539145,3.577777936479612,1.0,0.0037129324777221973,0.006590002502586997,0.0018895413331860632,0.0,0.015196317827270489,0.010684553129655166,-0.00861500468180326,0.0,0.010946496473937972,0.002790154208286959,-0.011185098624302298,0.0,0.005524119489562995,0.006998542284147369,0.0,0
hf_transformer,0,australia,4944,0.02851839133199056,0.0011384855945483555,0.01895230669456187,4.141652641591186,1.0,0.0017730690765380697,0.005081950150555049,0.003902229219556429,1.0,0.03125303958892833,-0.004492680091182182,-0.02569798340091285,0.0,0.010851803359985368,0.0007160843024449181,-0.006557928191754341,1.0,0.053156276168823346,0.007035467402677077,0.04170543141959408,0
hf_transformer,0,canada,4944,0.011933012873331705,0.00018803870261108844,0.008963683862734865,2.4447483518678244,0.0,0.00338316192626964,0.0008893336527240078,-0.0016557541225351929,0.0,0.017672790527343718,0.0038449003825195708,-0.009482324878959492,0.0,0.0104111972808838,0.00019639918202525561,-0.007662005061967695,1.0,0.019809504699707103,0.004943764322158671,0.01965811628138715,0
hf_transformer,0,denmark,4944,0.0912572926076253,0.011758283047518747,0.013463298954017346,3.717614205805121,0.0,0.08176282501220733,0.009698327277013653,-0.0022731545932505102,0.0,0.2081504531860352,0.004267560695701791,-0.02666606250462343,0.0,0.03878485107421881,0.0020678076422889604,-0.0036365817966300972,1.0,0.050629304504394845,0.014419750311842127,0.0070586288636976715,0
hf_transformer,0,eurozone,4944,0.02614580169677736,0.000998745206642846,0.01467888321584295,4.051561381166272,0.0,0.0327679914474488,0.01575652227060841,-0.0024662998404188265,0.0,0.06128359947204598,0.008186746552625936,-0.026434506694048728,0.0,0.0259654432296752,0.010644582653404415,-0.0038422214334100763,1.0,0.01270954132080071,0.014014446489335204,0.006973528957500447,0
hf_transformer,0,japan,4944,3.3156303710937483,13.217972208864687,0.02318292036191841,7.222573215688207,0.0,2.3599218749999977,0.012925853385736224,-0.003593071358896395,0.0,5.941141967773433,0.015638130769871087,-0.026365131114228366,0.0,4.184437866210942,0.022560410358464473,-0.0066325873767930695,1.0,2.069875488281241,0.035339009583536134,0.021188191539205748,0
hf_transformer,0,norway,4944,0.5300758032226562,0.30898096662151536,0.05066534681556816,12.843021397333896,0.0,0.27194158630371135,0.016172960789732523,-0.009317556601306586,0.0,0.7300955444335937,0.010218508757679332,-0.060176469174906204,0.0,0.6171580718994143,0.010359320302967021,-0.04880850597174045,1.0,0.23574667053222598,0.02389925301353729,0.0020108536457012663,0
hf_transformer,0,south_korea,4944,23.61735758463541,730.830359861195,0.018193782388633298,4.970393839974542,1.0,9.030957031249955,0.007999304777842574,0.0011104942840271153,0.0,44.56772460937509,0.004142919356589686,-0.030459207484708574,0.0,39.14453125,0.009073296205674755,-0.021102322108404837,1.0,8.5390625,0.018758537611632282,0.025159749516696854,0
hf_transformer,0,sweden,4944,0.35902394714355473,0.16187405294838184,0.033617256355109516,8.549949300273422,0.0,0.09774396362304749,0.0071199248211033135,-0.001874726381966662,0.0,0.6238495513916007,0.0013369004025637215,-0.05786367211504234,0.0,0.4679489624023443,0.010860226357875627,-0.03278736243826053,1.0,0.10529810180664079,0.023097018203855586,0.013558209500926467,0
hf_transformer,0,switzerland,4944,0.020400015471776323,0.0004857463369747299,0.02317806298655931,4.596072574495893,0.0,0.012957114315032991,0.012623891448504006,-0.0018555489031696392,0.0,0.03327073926925661,0.0036680459810535873,-0.03428711383104205,1.0,0.02086693983078003,-0.0002618849368303377,-0.023992054712699076,0.0,0.012947344779968284,0.004648853491542333,-0.009936286796963612,0
hf_transformer,0,taiwan,4944,0.32399832000732437,0.1690869687235381,0.010301376436463306,6.149332971537901,0.0,0.2362434234619144,-0.005738122886703668,0.001817863395480243,1.0,0.36834437561035216,-0.0021779893524402068,-0.014031652244167813,1.0,0.023950897216796108,-0.002046626470282729,-0.0028130312959026437,1.0,0.4548020324707025,0.0064178321569905855,0.020739799307670878,0
hf_transformer,0,uk,4944,0.008325275076231898,0.00012789402893079245,0.010674519843187085,2.818099665632992,1.0,0.011067524875244095,0.014631053562790446,0.0005460217211396516,0.0,0.02336154299426274,0.007442583014777424,-0.022744022293950394,0.0,0.00545110493792722,0.0050704371257875094,-0.0019087313434448595,1.0,0.0020250509871215794,0.010010122084215445,0.007435852213934446,0
hf_transformer,0,australia,4949,0.04155308859507243,0.0024465269405042228,0.027526230643660343,6.034648207979479,1.0,0.025179850997924857,0.02286675531540885,0.005846030591020851,1.0,0.0008084645080566055,0.019233202634786485,0.018689212226092905,1.0,0.045556511993408266,0.01770842356069215,0.0479388203113421,1.0,0.07803427284240727,0.020118913957709626,0.0712359525344428,0
hf_transformer,0,canada,4949,0.01874090368270874,0.0005178818676117529,0.014057145720535097,3.8394992008437976,0.0,0.009386827468871983,0.00672384446928734,-0.00037965072589635614,0.0,0.004848362922668548,-0.001024143859804407,0.0026535269550301316,1.0,0.01755128898620595,0.0014024785940469496,0.014620253637443266,1.0,0.03943056793212896,0.005125904088277502,0.03447202219017484,0
hf_transformer,0,denmark,4949,0.06562427927652995,0.00766449344172302,0.009690306445794352,2.6733836377671034,1.0,0.17789224090576194,0.027627065649949215,0.0011615191561170578,1.0,0.02370540924072273,0.015367979251592443,0.011838364173761495,1.0,0.07329465332031226,0.0174985744342111,0.028310691035174914,1.0,0.16404934692382778,0.019586953438930733,0.04357727394648238,0
hf_transformer,0,eurozone,4949,0.016954554449717215,0.0004339254029947373,0.009535254978672454,2.6272829129512534,1.0,0.04764811038970951,0.02791590594925551,0.0009193025439870942,1.0,0.023528124237060632,0.02482544475111625,0.011544634577391405,1.0,0.00885309486389163,0.023040035481048188,0.028000809142759285,1.0,0.042519652557373,0.01923177682565644,0.04292480319252146,0
hf_transformer,0,japan,4949,1.4767615152994826,3.0119578281702193,0.010321956923112836,3.2168899945390192,1.0,3.183980712890616,0.0270961182321997,0.004466705311947732,1.0,0.07914245605468295,0.022707531039989407,0.023265991461676516,1.0,0.5972467041015648,0.03139655858932655,0.027208686751048684,1.0,2.2117138671875125,0.04153335332586962,0.056737130605003336,0
hf_transformer,0,norway,4949,0.25073656550089524,0.07757583364260529,0.024250397470755036,6.075008623755971,1.0,0.47789009552001893,0.04682914768994415,0.0002047609423161437,1.0,0.3664187088012696,0.04378164975963062,0.008118276284824057,1.0,0.22518329010009808,0.046685503373389274,0.024983358191664494,1.0,0.22256885070800791,0.04880906284376238,0.06976208936414349,0
hf_transformer,0,south_korea,4949,23.275894368489578,714.7731429974432,0.01785618780382857,4.898531157622081,1.0,38.7626953125,0.030660486316803667,0.0005133571696446866,1.0,6.2121093749999545,0.018636420056736835,0.013807931300563141,1.0,3.377539062500091,0.023363178961597,0.025966371173078453,1.0,10.6839599609375,0.037762770300439764,0.04585728759583037,0
hf_transformer,0,sweden,4949,0.1912066443379721,0.04996798069634277,0.01795795256425286,4.55347652425926,1.0,0.39021252746582036,0.041056790946572205,0.0037567250450458007,1.0,0.18679110717773462,0.03583840842296983,0.018063369715559358,1.0,0.10527083740234389,0.03782073563337217,0.04768136130080207,1.0,0.3873928573608403,0.04551724273367648,0.0810645376798158,0
hf_transformer,0,switzerland,4949,0.009341124321619664,0.0001503762560135137,0.010674590545672437,2.1045319974855077,1.0,0.030470332717895454,0.03520835972940438,0.0004068703011751689,1.0,0.013457167434692385,0.022257479990316124,0.0068366430826523475,1.0,0.007162142372131308,0.0261219015817839,0.017975940626273664,1.0,0.00695737915039063,0.02303662580682328,0.03091082341425783,0
hf_transformer,0,taiwan,4949,0.442140986633301,0.2652232849259513,0.014048316585100114,8.391624213085404,1.0,0.10236877441406378,0.008762544563629585,0.005472124452937482,1.0,0.059478454589843466,0.009425072190631245,0.011330654110198181,1.0,0.42382785034179804,0.009990944574056197,0.02348344337841715,1.0,0.34646983337402304,0.020111075055556062,0.03104384417830734,0
hf_transformer,0,uk,4949,0.00854201174967244,9.720478735937721e-05,0.0109533449209816,2.8914648747534635,1.0,0.015447618704315214,0.0228307640007456,0.002824429604848469,1.0,0.0003065448450927377,0.02142358690651184,0.021029892233593448,1.0,0.008275228921935995,0.022254258931796903,0.032815233330869484,1.0,0.01886343903143306,0.020222031034462712,0.04418326777714252,0
hf_transformer,0,australia,4954,0.0543212051302592,0.0036907124676784516,0.035975858768733035,7.888928940735288,1.0,0.008315947113037181,-0.00829666924693391,-0.0026688428621961854,0.0,0.017401447753906174,-0.0024876267050467247,0.009185224949811645,0.0,0.0490734030914306,-0.006667488959689572,0.026041581345822115,0.0,0.07259294136047356,-0.006436834272476051,0.041566650798387214,0
hf_transformer,0,canada,4954,0.025317855459849044,0.0008169380628261849,0.018979233260944105,5.1869369509037,0.0,0.009982394027709951,0.005046788488736135,-0.002501707013189164,1.0,0.0006534168243408356,0.0015483620357300781,0.0020422062917981616,1.0,0.01923808250427239,0.00027398668764240004,0.01473101682516037,1.0,0.028049480247497538,0.0069795759626529235,0.02785009024767079,0
hf_transformer,0,denmark,4954,0.09897754590352381,0.013023975409846953,0.014598679206467069,4.032119737419456,1.0,0.009233584594726452,0.0044251964618519145,0.0030530736868168073,1.0,0.026910658264160503,0.003229917098563476,0.0072229306677857345,1.0,0.03779219436645498,0.0031137138945494637,0.00871746701090446,1.0,0.16252349853515646,0.004379593759104738,0.02822867402260505,0
hf_transformer,0,eurozone,4954,0.029105501670837402,0.0010998900170685914,0.016378043660601187,4.510197389111613,1.0,0.006125281906127933,0.006471207258246193,0.0030070944645798786,0.0,0.014590973663330065,-0.0012173066104539435,0.007049559933674249,0.0,0.017270401763916032,-0.0011771574835700341,0.0086000133994418,1.0,0.04914575424194334,0.0003716931421758637,0.0279048782682848,0
hf_transformer,0,japan,4954,2.5867337036132843,8.760937421702026,0.018034802154641864,5.634787799845199,1.0,0.16062500000001023,-0.005451146719548696,-0.0043124845908363435,1.0,1.2536901855468727,-0.0013504922206452742,-0.010245954948472982,1.0,2.5843005371093852,0.0003928505014004229,0.01845238446607225,1.0,2.652650146484376,0.011379749523295355,0.029711864698002584,0
hf_transformer,0,norway,4954,0.22289631042480482,0.06497345167279686,0.021437839685341378,5.400476812502412,0.0,0.19865276031494083,0.017761294566332745,-0.0017652867967905776,1.0,0.07130113220214795,0.014563224051889147,0.0075760742403021665,1.0,0.09635574645996137,0.02104632882980159,0.011653696913127943,1.0,0.33569124603271483,0.020818592222073436,0.052876177309369325,0
hf_transformer,0,south_korea,4954,27.84866292317707,1059.3561622475577,0.021311378505679657,5.860893715516124,1.0,3.0586425781250455,-0.0004608622848634763,-0.0028479488672885312,1.0,0.03159179687509095,-0.0049351452400066675,-0.0049598820704320696,1.0,27.322802734375045,0.004025698966610024,0.025007073669854163,1.0,27.43337402343741,0.006188010918571331,0.027208380160712108,0
hf_transformer,0,sweden,4954,0.3056859375508626,0.12643279655121945,0.028633919763424172,7.279735206134822,0.0,0.061854528808593656,0.0043785264828725195,-0.001551777047711849,1.0,0.005159677124023432,0.00816972647149184,0.008660959615092946,1.0,0.1283455657958985,0.006450699923012903,0.01861967782820809,1.0,0.4653187774658196,0.013501759449700923,0.056634484614961816,0
hf_transformer,0,switzerland,4954,0.009590097748438524,0.00012641679989135703,0.010985206570085778,2.1606250891973042,1.0,0.005091723442077645,0.00592010933279089,5.773838738284249e-05,1.0,0.006251069164276091,0.009140005897766727,0.0019612373614605583,1.0,0.004502027034759548,0.003801268774899598,0.0089671233729677,1.0,0.011477084541320792,0.007733648172489418,0.02079956132593394,0
hf_transformer,0,taiwan,4954,0.4781889658610028,0.2829947906997019,0.015167396380878115,9.075797597741253,1.0,0.026087554931642387,0.0028897135296730584,0.0037219598408782173,0.0,0.2448306579589854,-0.002734973183310949,0.005092237775528326,1.0,0.4466995544433594,0.0029659244308393273,0.017120744412643024,1.0,0.3982257690429698,0.007359401214832795,0.01993284615032807,0
hf_transformer,0,uk,4954,0.010719179305057773,0.00014983731037601202,0.013721522528607758,3.6284345368580557,0.0,0.0032672812997436296,-0.002053672809979317,0.0021431225988829124,1.0,0.0011944799671020911,-0.0029769176742089776,-0.0014391568960925385,0.0,0.007128654573669402,-0.0004407318933234986,0.008678709268232929,1.0,0.01348231484570317,0.000589911184539811,0.017750319570927084,0
hf_transformer,0,australia,4959,0.06156763191223145,0.004160288459977335,0.04061510419946968,8.94130886898132,1.0,0.006197195281982371,-0.0062032138126816,-0.010370498071758714,0.0,0.031500978698730364,-0.008365097007478116,0.012598038697100333,0.0,0.07631463768005364,-0.012430986736892967,0.03781590688392123,0.0,0.08066131504058838,-0.010600519632935953,0.04233923597002704,0
hf_transformer,0,canada,4959,0.030321123021443696,0.0010650207945609586,0.0226779258907868,6.211969795081565,1.0,0.006039347648620685,-0.0008773747322202517,-0.005455178888038236,1.0,0.00809080352783198,0.0034766623634436555,0.009550380907052906,0.0,0.029839633750915473,-0.0015045002292726072,0.020825128707816987,0.0,0.04239411087036138,-0.0018106305108035845,0.02977628894334671,0
hf_transformer,0,denmark,4959,0.11577685323079429,0.01769278653340612,0.017003778196202482,4.716485247100687,1.0,0.004833943176269173,0.00023188189676053912,0.000947292147628408,0.0,0.00789074554443392,-9.48890024682086e-05,0.0010730369081211378,1.0,0.08910383148193368,0.00014010310222880136,0.013246882957170854,1.0,0.20447141265869107,0.00035216996140695946,0.03017151191129199,0
hf_transformer,0,eurozone,4959,0.032617607803344724,0.0013489782006202238,0.01827080312884912,5.054434423341769,0.0,0.008390088272094642,-0.003810267559894554,0.0009305605183317728,0.0,0.0031758075714112266,-0.0006354258832739958,0.0011560205987616223,0.0,0.03498046379089348,-0.006356822570417466,0.013311671057187816,0.0,0.06055047302246086,-0.004269368824908553,0.029466219007644425,0
hf_transformer,0,japan,4959,2.8545522664388043,9.485518063470396,0.019807650793940958,6.21818792652748,1.0,0.4532604980468875,0.009340741316638587,0.012536018837955363,1.0,0.10309570312500682,0.011431070932719478,0.010704387469946012,1.0,4.008016967773443,0.012092388862484696,0.039923579520468655,1.0,2.8804998779296795,0.031392170460294466,0.05109193422571072,0
hf_transformer,0,norway,4959,0.2867803409322102,0.11156794128877207,0.027494317780954288,6.948300662914815,0.0,0.0867432556152341,0.0033617591774619477,-0.0051761225718881905,0.0,0.09389923248290977,0.003759198581478776,-0.005482599620639299,1.0,0.3079129486083989,0.008064264306537977,0.03765837621960889,1.0,0.32498620910644505,0.01635812656328384,0.04731400388563418,0
hf_transformer,0,south_korea,4959,34.906386718749985,1409.7371555726918,0.026701898605239097,7.346227828447492,0.0,9.087792968749909,0.005184090810239784,-0.0019202513983241894,1.0,27.957470703124955,0.0035115855945725694,0.025091684229026114,1.0,60.89516601562491,0.0030138813688470674,0.0494573763098615,1.0,32.553051757812455,0.018346792512984305,0.04306518961919636,0
hf_transformer,0,sweden,4959,0.39093255081176753,0.1812967267035131,0.036481426035699364,9.309834388096416,0.0,0.03220779418945341,-0.0029366798950243647,0.00013324704020934515,0.0,0.09220792236328101,-0.003113313781693213,0.005652132218245864,0.0,0.41376505126953056,-0.0021405758483782913,0.03656818781477221,1.0,0.5147612579345697,0.007225689405223557,0.05472326637361764,0
hf_transformer,0,switzerland,4959,0.013423191550572719,0.00022363115914242066,0.015347406100514426,3.0242115567582113,0.0,0.005577582740783682,0.005491243371371417,-0.0009224561046161845,1.0,0.0004319675445556559,0.004562884231646942,0.005058354178164593,1.0,0.00785915098190304,0.003268839288040411,0.012256739922879139,0.0,0.024454973220825238,-0.0004092040039303658,0.027397416702488027,0
hf_transformer,0,taiwan,4959,0.4841463394165039,0.25357463019716653,0.015318651670440877,9.188865695217137,0.0,0.10034719848632889,-0.002418283723093233,0.0007799008807096448,0.0,0.3673180847167963,-0.0021141396173211097,0.009539728476060126,0.0,0.6784813842773438,-0.003492538039396334,0.017957656753598963,1.0,0.5069543609619132,0.004116908421234544,0.02006671947150224,0
hf_transformer,0,uk,4959,0.012175380129056789,0.00018052677629552905,0.015528193085878626,4.1213574754552385,0.0,0.005908670985565134,0.0073793170982190915,-0.00019432188089372508,1.0,0.0006539759595947103,0.0075571742894096185,0.008391766897826874,0.0,0.011710906980712865,-0.006699752209137821,0.008352571783457408,1.0,0.019377001660278337,0.005374124595452035,0.02986474188840689,0
hf_transformer,0,australia,4964,0.047728602775573746,0.002424275882260522,0.031236754554839517,6.931502252834605,0.0,0.02391905681610118,-0.013251182842750762,0.0025847540295583934,0.0,0.03654204910278325,-0.01349344912927232,0.010605470215273659,0.0,0.04298340476989737,-0.005172032442495163,0.022884144840600848,0.0,0.03593759552001963,-0.0008351223204281969,0.02257514522439183,0
hf_transformer,0,canada,4964,0.02316940565109255,0.0006353647473046474,0.017248016383607342,4.746778276411153,0.0,0.004559558868408198,-0.0022174467036882345,0.00119675394813777,0.0,0.0067793899536132685,-0.0008081623871138948,0.0042569145688015845,0.0,0.022686192321777376,-0.0024624780680344766,0.014414931772798194,0.0,0.0191578567504882,-0.0020661653449288797,0.012199355370749098,0
hf_transformer,0,denmark,4964,0.1033070970916748,0.014655413864998799,0.015082765289212272,4.208495789589183,1.0,0.015830354309081862,0.004034711705291174,0.0016997003752061285,1.0,0.002700030517577723,0.004148092739800225,0.004545764260836627,0.0,0.15221923217773448,-0.00537959609728961,0.017006551596194838,1.0,0.18674261474609377,0.0067605820296216005,0.033828818889126665,0
hf_transformer,0,eurozone,4964,0.024146486867268866,0.0008364922287299185,0.013425042766425864,3.7417469472478793,0.0,0.0031535970687865955,-3.0207049508561564e-05,0.0017455942266834282,1.0,0.0014076005935668157,0.005400108714245142,0.004610764726071348,0.0,0.030529361343383687,-0.00029838550691115446,0.016766257448335663,1.0,0.04398906936645508,0.00859201900484036,0.032874357249686396,0
hf_transformer,0,japan,4964,2.229912251790365,5.754369297670608,0.01537762775338879,4.857509040672461,1.0,1.0761730957031261,0.011226919988043507,0.003695040538650587,1.0,1.103555908203134,0.012726765479397495,0.020380381562131136,1.0,1.301248779296884,0.017431109418362713,0.026407504558357633,1.0,1.7921337890624898,0.029478471640879016,0.04167341590966136,0
hf_transformer,0,norway,4964,0.3459049058024089,0.14034179401364266,0.03309489063518931,8.380809083634146,1.0,0.07681122436523502,0.012236339620261206,0.004705426817983794,1.0,0.13373960876464785,0.015634492645977247,0.02856933372780791,1.0,0.45547403106689366,0.011548926571043673,0.055105948945789116,1.0,0.42768404235839874,0.022131121267180538,0.06266177350776854,0
hf_transformer,0,south_korea,4964,28.720683593749996,905.547062746922,0.021858984777340603,6.044414930953276,1.0,9.069287109374955,-0.009644532080011496,-0.0026762517885079973,0.0,32.458984375,-0.013073506293162611,0.011728892689080365,0.0,24.619213867187455,-0.00891227336136342,0.009878124469903484,0.0,17.49619140625009,-0.0008756391925050593,0.012407907389430768,0
hf_transformer,0,sweden,4964,0.3349244754536946,0.13287342188039417,0.03094387641088525,7.976034209787019,1.0,0.02733060913085872,0.006568660666726141,0.003995546933396247,1.0,0.1809908843994137,0.005870598769215381,0.02275706993815175,1.0,0.3297521667480474,0.008256633457877008,0.03874044973103774,1.0,0.48395914001464924,0.011723083044284334,0.055999376495001515,0
hf_transformer,0,switzerland,4964,0.012964570716222135,0.00023609886807581787,0.014756165989385069,2.920885427336036,1.0,0.0003359001159668473,0.003132409120783674,0.002748355580522589,1.0,0.001965491104126027,0.0017581106277538231,0.004005498603232176,0.0,0.012224620246887197,-0.0024393241432599812,0.011515347859397182,1.0,0.02108275241851809,0.004367773881027623,0.028153357430422115,0
hf_transformer,0,taiwan,4964,0.20912016550699875,0.05890449687465676,0.006579350017732582,3.9690006069679,1.0,0.11933926391601446,-0.00424643400291631,-0.0004732533097746636,0.0,0.1847662658691398,-0.002076603941146128,0.003746560856274645,1.0,0.11949279785156364,0.0062571643623167104,0.0025045102127503605,1.0,0.14353894042968918,0.01144854885860105,0.006962426459440937,0
hf_transformer,0,uk,4964,0.009322997372718304,0.00013273475241174737,0.011802937441173408,3.155827950209448,0.0,0.00890248239404301,0.010130475009230571,-0.0011751799328948904,1.0,0.0010775717564697196,0.002005614619981083,0.003376524740425904,0.0,0.009946237471801789,-0.004157988296270324,0.00850231466627044,1.0,0.0162939333778076,0.008262378776909217,0.028667106298481865,0
hf_transformer,0,australia,4969,0.03953198192977906,0.0016638991166966002,0.025762836495183124,5.74112808400741,0.0,0.026382277832031287,-0.012096401799829036,0.005153896807566506,0.0,0.042830248298645124,-0.01151484464316997,0.016325468732228385,0.0,0.03940299705505379,-0.01977021519873136,0.006080467751670092,0.0,0.013640483016967853,-0.0002935785611862816,0.008557902061816981,0
hf_transformer,0,canada,4969,0.02018519768397015,0.0004777311247506898,0.015005063225044264,4.1353955864990475,1.0,0.002344007873535059,0.0018286300706614233,0.0035707681607981727,0.0,0.023348232460022045,-0.00672842596233897,0.010637412437663994,0.0,0.021595620346069433,-0.007852504176251504,0.008238134760856943,1.0,0.0037381740570068267,0.00019510407435232685,0.002976524874973467,0
hf_transformer,0,denmark,4969,0.12993964602152508,0.020488915847334605,0.01894073062241386,5.293445160858809,1.0,0.02557872924804716,0.002584112305545529,0.006333942886160288,0.0,0.09527523651123015,-0.004956377386949581,0.009044595357816373,0.0,0.11346527404785167,-0.0055322160517144465,0.011129204993447689,1.0,0.18482492980957055,0.0030985996730944062,0.02986920435628623,0
hf_transformer,0,eurozone,4969,0.03266429339726764,0.0012948063596329139,0.01814152725474556,5.061668837171895,1.0,0.006441510772705161,0.0025819989511713395,0.006179849931968515,0.0,0.019312934875488352,-0.0017478646671553245,0.009047055815650653,0.0,0.02044582920074456,-0.0005307454041670912,0.010879982345252523,1.0,0.035098855590820266,0.009742377281004501,0.029054052530701955,0
hf_transformer,0,japan,4969,2.502071451822917,6.603335035986802,0.017218283049033327,5.4503645548743656,0.0,2.4102960205078148,-0.011921658997174574,0.004790221962391286,0.0,2.466531982421884,-0.013679794991352436,0.003448517108153452,0.0,1.803841552734383,-0.006646618832605335,0.005821079039453534,1.0,2.288399658203133,0.007273472593097976,0.022847403789362522,0
hf_transformer,0,norway,4969,0.419362298075358,0.18224496930391582,0.04006714857677969,10.160582570781148,0.0,0.21263778228759733,-0.014171707087409535,0.0063412603771937585,0.0,0.4131104461669928,-0.016144659998555903,0.023406238188312688,0.0,0.3887645706176759,-0.01531043682383708,0.02192197997434042,0.0,0.4117562530517578,-0.009384816984550478,0.0297784876911122,0
hf_transformer,0,south_korea,4969,22.908927408854158,590.9545454453624,0.01736777803422562,4.821301081856421,0.0,29.030957031249955,-0.017688317739354448,0.004367805723999015,0.0,39.094970703125,-0.019698383761565377,0.009950330853168092,1.0,12.45703125,-0.011925186437038732,-0.0024558433047629983,0.0,12.806469726562455,-0.0007598884357328679,0.008866238860861398,0
hf_transformer,0,sweden,4969,0.3474764479064942,0.13237130583296872,0.031960269016908356,8.274952231673048,0.0,0.11022995300293026,-0.008793407498048115,0.001442221270356589,0.0,0.31944936523437484,-0.013219694612986692,0.016288350128918917,0.0,0.3361876892089839,-0.018218463667721386,0.01296508078739471,0.0,0.30367394104003864,-0.0004510230276562951,0.027268817112346456,0
hf_transformer,0,switzerland,4969,0.01708630379994711,0.00037399082765556733,0.019397843324538543,3.8495016046967687,0.0,0.004449778175353969,-0.0007424126628656194,0.004330737864463247,0.0,0.012715137004852273,-0.008044533824501592,0.0064890938085686006,0.0,0.008759023666381816,-0.0012102845704459512,0.008756025921344814,0.0,0.03157459707260135,-0.001342454080659254,0.034131856564206725,0
hf_transformer,0,taiwan,4969,0.19707512563069637,0.05269026845771186,0.006194212311786239,3.7403915177196576,0.0,0.36454008483886824,-0.007967679595798645,0.003513398431844911,1.0,0.12811898803710875,0.0010484418325685185,0.005062270333777539,0.0,0.10838659667968642,-0.00263960024281141,0.0007696113842570557,1.0,0.2004951477050767,0.003998808637036637,0.010254576197963702,0
hf_transformer,0,uk,4969,0.013895456753113806,0.0002849097783084701,0.01754778037680149,4.703602183856173,0.0,0.006640873552978488,-0.004345363495290048,0.004098528074710477,1.0,9.139073956299093e-05,-0.0012954859371546639,-0.001179152467868687,0.0,0.006623350557830809,-0.005119152117543942,0.003309044211795431,0.0,0.030862760224731445,-0.002715841817625789,0.03587397768390316,0
hf_transformer,0,australia,4974,0.0151040614941915,0.0002805203372423835,0.00975164575146529,2.1935240125554305,0.0,0.02148625671386717,-0.011966811396960394,0.0018765156124046381,0.0,0.022082200698852583,-0.0103694878217862,0.0038325377139360067,0.0,0.023519442329406726,-0.00979138657220144,0.005319365525418842,1.0,0.00560773689270011,-0.003147545548388876,-0.0067602376212960585,0
hf_transformer,0,canada,4974,0.011575446968078633,0.00018296366722168655,0.008574416611475304,2.3714928658618404,1.0,0.006072161102294915,-0.0054507234629936835,-0.0009590203973563713,0.0,0.014100978088378957,-0.005064401107355671,0.005331581029828318,0.0,0.019852806854248062,-0.006845977914638941,0.0077855699913949635,1.0,0.0022701044082642508,-0.004782176174862675,-0.0031016936468323654,0
hf_transformer,0,denmark,4974,0.1168603785451253,0.017345736938238508,0.01691246852509183,4.760625600006247,1.0,0.00646433944702185,-0.00016573948289696805,-0.001109675460825319,0.0,0.09018679428100551,-0.003264908892467985,0.00985258257816126,0.0,0.13749149169921893,-0.003360765228399118,0.01657080711008661,1.0,0.1496767837524411,0.005946867693585167,0.02742717357354723,0
hf_transformer,0,eurozone,4974,0.03507454599380491,0.0014907646685738054,0.019379408822948405,5.435162312424168,1.0,0.006095339202880856,-0.004706172286783167,-0.0013073169879946238,0.0,0.023173892211914016,-0.0033266625617581103,0.009516767540972353,0.0,0.035343676376342836,-0.003923560003250092,0.015610665070698918,1.0,0.046349711227416934,0.0012224845793232094,0.026633134363014135,0
hf_transformer,0,japan,4974,0.9683219604492195,1.3405643343022584,0.0065918191213219695,2.1093353217765785,1.0,0.9752270507812568,0.0006179097788730226,0.007305937245911289,1.0,0.9371472167968875,0.002769864479193229,0.009183807951569192,1.0,1.5144335937499989,0.0023421078236589964,0.012691090000902327,1.0,0.6813293457031193,0.02249144694413234,0.02706768750857849,0
hf_transformer,0,norway,4974,0.29485587671915686,0.09032701088888055,0.027921566330475944,7.14395999744046,1.0,0.21458818359375087,-0.02262704667460348,-0.0022319182844906965,0.0,0.33950076599121104,-0.024564912939531787,0.00757476654353594,0.0,0.30833104858398386,-0.023740801291340857,0.005467077831657064,1.0,0.17942040405273474,-0.01814172715385874,-0.0011364811637521787,0
hf_transformer,0,south_korea,4974,7.113650716145844,77.14011808268252,0.005345104116674503,1.4971042197482831,0.0,20.535327148437545,-0.01209249319143044,0.0033197218051716957,1.0,0.50341796875,-0.009381875119842517,-0.0097616694055752,1.0,6.6804687500000455,-0.007109440760168822,-0.0020944765857007475,1.0,3.530737304687591,0.005677305972511137,0.008297258919834483,0
hf_transformer,0,sweden,4974,0.23167056091308597,0.060176801142345804,0.021161847498919938,5.517101480088137,1.0,0.19580349121093832,-0.01993120975098821,-0.0019132920371724977,0.0,0.29810986785888716,-0.017599234345115834,0.009642656063846983,0.0,0.2954411392211913,-0.013174567720456908,0.013709092025234902,0.0,0.13964807586669892,0.0015914435603931285,-0.01118061306972705,0
hf_transformer,0,switzerland,4974,0.020257464253107708,0.0005788752778515513,0.02283739468693659,4.56395614068778,1.0,0.0039534729957581005,-0.005180456981279296,-0.0006810829481737583,0.0,0.010966625976562505,-0.005880091893176549,0.00655999638017934,0.0,0.019894550228118923,-0.009399555726886645,0.013133238396692294,0.0,0.03640348892211909,-0.0032432552849735907,0.03736410802214759,0
hf_transformer,0,taiwan,4974,0.08847269592285135,0.014623987308257388,0.0027598899772958954,1.6791694046652397,0.0,0.10398901367187463,0.0030902228770770678,-0.00015634282887289059,1.0,0.012960479736328523,-0.0033209527988245246,-0.0037276073735313126,1.0,0.012868408203125625,0.0006292387847465151,0.00103125009139252,1.0,0.300203735351559,0.018500058346821665,0.00924318792950764,0
hf_transformer,0,uk,4974,0.01753339678137512,0.0004261755522785522,0.022006535382875368,5.935042284436763,1.0,0.0025629125411682496,-0.003306945299009841,-3.9280922470976806e-05,0.0,0.011178731389831498,-0.00012695624950436574,0.014003393269257512,0.0,0.01657917371624751,-0.0009461606559871926,0.019956623349842176,1.0,0.028425907613037094,0.006645487493616332,0.041956903131091905,0
hf_transformer,0,australia,4979,0.009074631989796944,0.0001421285580997184,0.005820288763502882,1.3178854695724194,1.0,0.006897280235290459,-0.009984530308693607,-0.005545608474616983,1.0,0.0031177674102782493,-0.012995100604242636,-0.010980089509962888,1.0,0.001480533142089735,-0.00847776195660686,-0.009431732072053696,1.0,0.005754756622314394,0.002070261943281878,0.00573093014821216,0
hf_transformer,0,canada,4979,0.008483385353088398,0.00011318595748915351,0.006252371509565758,1.7380139098460516,1.0,0.004266804504394539,-0.006561362490602072,-0.003416294993141268,1.0,0.001359689903259298,-0.0029676983188314104,-0.003968404987474095,1.0,0.009444133758544915,-0.0016558982723431357,-0.00861820301745584,1.0,0.006262831878662167,0.0012732864422818045,0.005850321998975125,0
hf_transformer,0,denmark,4979,0.11323685442606604,0.01697461659908858,0.016282948343858884,4.613011482217193,1.0,0.013933618927001845,-0.005401981403178091,-0.0033797385556205255,1.0,0.0008127593994142757,-0.003628097964677045,-0.003510235750116026,0.0,0.09939953460693385,-0.003945281916113193,0.010371576064514686,0.0,0.1564010101318356,-0.00018801133415116315,0.02216422423259584,0
hf_transformer,0,eurozone,4979,0.03132362515767415,0.0012894492069394229,0.017184926613646997,4.853918479103409,1.0,0.012303103256225523,-0.010074589950408962,-0.003254277554830442,1.0,0.012661393547058086,-0.010496479294648925,-0.0034752903468453587,0.0,0.028041114807128897,-0.005655497896574478,0.009754303714641666,0.0,0.05046148147583018,-0.005805237931516245,0.021761006841708983,0
hf_transformer,0,japan,4979,0.8711354573567699,1.145110889184275,0.00590404885664361,1.89762998806944,1.0,0.1443670654296909,0.0015295096423457641,0.0005456281679492768,1.0,0.21176269531250114,-0.005210458351256825,-0.0037592744453240844,0.0,0.7336938476562409,-0.0012198312046653604,0.003779178186684492,1.0,0.6360827636718795,0.014587564663066226,0.018855094824496803,0
hf_transformer,0,norway,4979,0.14848922307332355,0.03190489495424942,0.013858134620766198,3.597693495175692,1.0,0.11982548065185483,-0.013064863975459045,-0.0018183179512417053,1.0,0.025297912597656236,-0.011148034172099969,-0.008767635769950186,1.0,0.1480616424560548,-0.01475452053309583,-0.0008527990264614708,0.0,0.2899383636474617,-0.0026155373674805566,0.0241063132378201,0
hf_transformer,0,south_korea,4979,8.50406738281253,109.3095994269457,0.006360819447283997,1.7897245270892712,0.0,11.747753906249955,0.007291034549865813,-0.001548075598488572,0.0,10.203588867187591,0.002865980731554505,-0.004840976134555008,1.0,21.2333984375,0.016266451624254958,0.00037721614932390723,1.0,1.5594482421875,0.017347657022135685,0.018503471564559726,0
hf_transformer,0,sweden,4979,0.11686266601562488,0.01864421424644038,0.010603033878408826,2.783017337639774,1.0,0.0834040008544914,-0.015911290239898426,-0.008300981407385189,1.0,0.09760675659179618,-0.015261433492010819,-0.006366683349294642,0.0,0.2154047943115227,-0.013555583535538755,0.00593665584242864,0.0,0.1352860992431637,0.005792015715797787,-0.00640751013711665,0
hf_transformer,0,switzerland,4979,0.022055479984283446,0.0006697536893404992,0.024709503148664658,4.969044597704005,1.0,0.0020425233840942747,-0.0049074883499143854,-0.0025962312810847857,1.0,0.007831604862213126,-0.012171860838421276,-0.0032746190056713114,0.0,0.0172727615356445,-0.011192282242629477,0.008307653730566874,0.0,0.03427272920608515,-0.008516779653514734,0.02971037862251344,0
hf_transformer,0,taiwan,4979,0.09472812449137345,0.013303027909761156,0.0029527668572398936,1.797894443568662,0.0,0.18184613037109543,0.005612619072034433,-7.846029520796708e-05,0.0,0.0322284545898448,-0.0007920553303751291,0.0002196560822187961,1.0,0.25353881835937386,0.009185471080158021,0.0012701998743993217,1.0,0.1386021118164038,0.016375785000062964,0.01208751937686481,0
hf_transformer,0,uk,4979,0.020788338062339276,0.0005616209537891121,0.025953052525441982,7.03683758267594,1.0,0.004996512583679169,-0.008253495317430587,-0.0019500560930818783,1.0,0.004135472079895064,-0.010635480248005218,-0.005403055972622017,0.0,0.0198673632870483,-0.01424629691459041,0.010733412690000386,0.0,0.028615460758087186,-0.006195921193586051,0.029306274733969524,0
hf_transformer,0,australia,4984,0.00952436945851644,0.00012548459291914724,0.006093143192310548,1.3831996857096809,0.0,0.0037750646209717686,0.0022798089629598914,-0.00015496768309131528,1.0,0.007222909049987791,0.005329863614026214,0.009957810121451475,1.0,0.0015694961547851882,0.006749698488750062,0.005742665254900935,1.0,0.011826711120605404,0.0179378064076001,0.0254099700821517,0
hf_transformer,0,canada,4984,0.009185382041931164,0.0001176973244221053,0.0067597619848593525,1.8818338542542616,1.0,0.0031479574203490124,0.0036734899801323605,0.0013613203228172708,0.0,0.013778874588012746,-0.00618889534348854,0.003968404987474012,0.0,0.012729721450805753,0.003146417353289401,-0.006241595060337478,1.0,0.011895764160156252,0.014471391702342795,0.0058003099476417385,0
hf_transformer,0,denmark,4984,0.12583654591878252,0.018936413905275947,0.01806236330686903,5.126294210025959,1.0,0.002756746673584054,0.001542149529338243,0.0019411996621567732,0.0,0.06989699935913052,-0.0009280359820251017,0.009165768556472734,1.0,0.08617534332275412,0.001539457049011336,0.01393901309881501,1.0,0.17465049591064474,0.0043406839961947635,0.02924375097270528,0
hf_transformer,0,eurozone,4984,0.036498714211781816,0.0015858431836819284,0.019995951882205504,5.655851852533043,1.0,0.00461383857727049,0.004583648372317289,0.002042506920406059,0.0,0.017662070083618087,-0.001112474500295622,0.008610900673033894,1.0,0.023121777534484966,0.0010925549161191525,0.013774776029467785,1.0,0.044652405548095686,0.004272128244056654,0.02854457492717831,0
hf_transformer,0,japan,4984,0.7717033081054694,0.9280011632529046,0.005217351133993934,1.6810328715085092,1.0,0.8074414062500068,0.008336322350358217,0.0028378512933644527,1.0,0.558920898437492,0.007341873020358544,0.011134114579235079,1.0,0.40025451660156364,0.012523150550183333,0.009812685210469376,1.0,0.44166259765626137,0.0216990237925259,0.02465419675903577,0
hf_transformer,0,norway,4984,0.153105593770345,0.03586223245980718,0.014242741424741369,3.709541927568611,1.0,0.009331271362304605,0.002874675404734075,0.0019998316666951644,1.0,0.00621866149902317,0.0014304595466656288,0.002013900816567182,0.0,0.1574093902587883,-0.0016563499862677447,0.013053223810950995,1.0,0.2273146972656246,0.009906856159878573,0.03083929548270877,0
hf_transformer,0,south_korea,4984,9.709224446614583,151.1200276714766,0.007254018429188772,2.043356002357295,1.0,5.61572265625,0.004928293700307278,0.0006821799703651782,1.0,6.6522949218749545,0.005895093120192662,0.010896927388052244,1.0,4.2543457031249545,0.012579793404107682,0.015760204340806733,1.0,7.725976562499909,0.01749330639657094,0.02323333041470678,0
hf_transformer,0,sweden,4984,0.10839131820678709,0.016009315031509617,0.009808859345419958,2.5812770502667295,0.0,0.02737172241210928,0.0023806487650821504,-9.980175750102176e-05,1.0,0.06811361389160098,0.000592833575742112,0.006749741373748904,1.0,0.1562050506591799,0.0010060757273420368,0.015064146456179909,1.0,0.12486961975097621,0.012045180684139357,0.000788990450614952,0
hf_transformer,0,switzerland,4984,0.022538073552449543,0.0006687084098983759,0.02519094647317077,5.077771724227266,1.0,0.0018688858032226419,0.0030140425899793156,0.000904414735776546,1.0,0.006709955215454144,0.0010061608273873924,0.008559092738014652,1.0,0.017869134330749548,0.0009957893612034933,0.020985073812447276,0.0,0.020786764430999805,-0.00015469661230514892,0.023087193300924437,0
hf_transformer,0,taiwan,4984,0.10913777211507186,0.023819091007740278,0.0033900976444170023,2.0713826556021324,1.0,0.2950032958984359,0.009679662168678327,0.00047052919717514895,1.0,0.037069488525389716,0.004068411756007382,0.005226111096702387,1.0,0.08783209228515432,0.005543426032971725,0.008280262282595527,1.0,0.3640036010742165,0.02295290379872896,0.01172832732902461,0
hf_transformer,0,uk,4984,0.021224275667021685,0.0005390464219728642,0.026400393960568536,7.1844021504221365,0.0,0.0003665675471191676,-0.00026447980837844033,0.0001981254509867641,0.0,0.012879976170471208,-0.005536736021215549,0.01067526542138709,0.0,0.022955926244750957,-0.0019099331136731561,0.026701443055756648,1.0,0.029003598783569284,0.0030630203305859454,0.038902208237327374,0
hf_transformer,0,australia,4989,0.008917511320749893,0.00012574692818806697,0.005695206752430467,1.2950672388232913,1.0,0.0043025971603394275,-0.003937477009734255,-0.006702588422133047,1.0,0.004280519332885646,-0.004413836192947328,-0.007166052048534848,1.0,0.001139891433715734,-0.0022335489835531752,-0.0029641222331021413,1.0,0.00627551708221441,0.01528566748223997,0.011327064229636212,0
hf_transformer,0,canada,4989,0.00963053347269695,0.00011652664316797037,0.007083174064696769,1.9730332217776463,0.0,0.009726559829711823,0.0038990665387757454,-0.0032323260465803535,0.0,0.015776187133789144,0.0035699793676879778,-0.008026552665544756,0.0,0.016604227066040034,0.0021277922665552066,-0.010098862181173746,1.0,0.004943362045288113,0.007812275248480377,0.004208375376460063,0
hf_transformer,0,denmark,4989,0.10006894958496089,0.012841056769426365,0.014302488798062486,4.076581037053053,1.0,0.013686573791503953,-0.0007349840988775633,-0.002704901402447668,0.0,0.05397112274169924,-0.0030177494095819176,0.004730343885955867,0.0,0.12484222564697234,-0.0034892839897764172,0.014351071186192785,1.0,0.019347944641113557,0.00983716392679625,0.012586145949998238,0
hf_transformer,0,eurozone,4989,0.029672101694742842,0.0010321568109479685,0.0161886344348472,4.597997901103797,0.0,0.008173347663879449,0.0016002899171958876,-0.0028803838477879555,0.0,0.014492757225036623,-0.0033710166605895025,0.004564158840803653,0.0,0.033402749633788975,-0.0038988686655852386,0.014305773088376997,1.0,0.0124454816818238,0.005139086014258178,0.011899553610399414,0
hf_transformer,0,japan,4989,0.7131646728515629,0.7652377281622607,0.004796659146430038,1.5535157686511316,0.0,1.428078613281258,0.0012052369984149613,-0.00850113933657718,0.0,0.9633068847656148,-0.005250660938801136,0.0012858691538965613,1.0,1.3460498046875102,0.0025967690114964623,0.011647610304920522,1.0,1.5277294921874898,0.025129263849825327,0.014988854350247152,0
hf_transformer,0,norway,4989,0.15178648106892895,0.035978658749421154,0.014035138640034731,3.677581606899786,0.0,0.049634167480467895,0.003032826333985742,-0.0016192511335071662,1.0,0.061597082519531554,0.0041280425026375325,0.009865170001495121,1.0,0.013439761352538326,0.008688684740446232,0.007438243891531832,1.0,0.32085672607421856,0.006413007720381759,0.035876614252160995,0
hf_transformer,0,south_korea,4989,8.650548502604162,109.98617304619164,0.006445406474247249,1.820552228828375,1.0,1.688818359375091,-0.0028833385775557,-0.0016138418560204789,0.0,8.310205078124909,0.0006824379616000079,-0.005565598000739619,1.0,12.542944335937591,0.00266430602699684,0.012002977071912403,1.0,4.2362792968749545,0.01738809502680736,0.014260690339159388,0
hf_transformer,0,sweden,4989,0.13851505681355789,0.02877547644719209,0.012507138406230743,3.298656600772301,1.0,0.009289854431152378,-0.0017957951158716384,-0.002634797981726715,1.0,0.07071679992675861,0.0005795536706559039,0.006928242339629766,0.0,0.15416984252929744,0.0007044294284571366,-0.013275926070633864,0.0,0.3083558135986326,0.01737143790958899,-0.010317027046960237,0
hf_transformer,0,switzerland,4989,0.019739367195765176,0.0005207835255943521,0.02200958478024526,4.447230166657344,1.0,0.0005679847717284803,-0.000973823910833635,-0.0003364737582216231,0.0,0.014016442966461207,-0.009935873313861365,0.005814294906098685,0.0,0.030700464534759497,-0.006638712587069811,0.027430796926372694,1.0,0.00018018932342533933,-2.2215751757916558e-05,-0.00022430325894538718,0
hf_transformer,0,taiwan,4989,0.13437727101643873,0.024843824973291812,0.004177891492629338,2.5504162591583524,0.0,0.1729961853027362,0.0046397552842492185,-0.0007493794552368123,1.0,0.1317429656982405,-0.007699806998290918,-0.003564564536001109,1.0,0.12529522705078477,0.0036360232498871344,0.007525028124117729,1.0,0.15683096313476597,0.015004029252810332,0.010170184469861636,0
hf_transformer,0,uk,4989,0.01885651184459025,0.00041624775343526005,0.023325443499746256,6.382915788086587,1.0,0.0011151572057495063,-0.002041929091994871,-0.003438078727042244,0.0,0.00791894434506224,-0.002670689839787689,0.007194131307901802,0.0,0.019690153792816134,-0.0009732197192593472,0.023336957729998456,1.0,0.019032269722045858,0.003885161276126087,0.027279953902248306,0
hf_transformer,0,australia,4994,0.010549008584340396,0.00016142197985505438,0.006728036057047815,1.5320053912189566,1.0,0.009971612968444843,0.007710298624222126,0.0013190194843071513,0.0,0.010254542236328046,0.0031913162440661805,-0.0034117729473013203,1.0,0.019437360458373965,0.0015007401919125863,0.013919261585258282,1.0,0.01440843994140617,0.022868978354985442,0.013760511771455984,0
hf_transformer,0,canada,4994,0.009186458994547545,0.0001188152324115795,0.00674604484863781,1.8820544924251816,0.0,0.012650142478942916,0.006852474493457493,-0.0024798754265302194,0.0,0.019951811218261728,0.009749964034694938,-0.0049659159269740795,1.0,0.00720263423919687,0.00985652912046927,0.015115671004535968,1.0,0.016411469459533645,0.0121535126189389,0.024069385689007763,0
hf_transformer,0,denmark,4994,0.07752885411580399,0.007703368098289476,0.011049555199255715,3.1583488966735174,1.0,0.005999354553222425,-0.0022619470081050356,-0.0014024344549809563,0.0,0.028417096710205314,-0.003483533088752834,0.0005861497279961791,0.0,0.10198799057006802,-0.0018662415178356553,0.012640093830535288,1.0,0.03265479965210005,0.004287417427222193,0.008926469773662071,0
hf_transformer,0,eurozone,4994,0.021547247842152915,0.0006165522240343373,0.011714700926684399,3.3389680775573747,1.0,0.01208594875335689,-0.007491767096059524,-0.0008729574714828969,0.0,0.0066545654296874535,-0.0028423994004258216,0.0007904600070867805,0.0,0.028086499977111767,-0.0024224228648331825,0.012815304283754039,1.0,0.008644875335693358,0.0035413590226391523,0.008228264050628918,0
hf_transformer,0,japan,4994,0.635119425455729,0.7154711715136983,0.004260377425452374,1.383506614926628,0.0,0.48375244140623863,0.0020522867300260543,-0.0012181505922129235,1.0,0.011361083984382958,0.001477646479898357,0.001554369441832347,1.0,0.03170349121094773,0.005273033230068415,0.0050597153075912895,1.0,2.1815295410156352,0.026243059037072445,0.011766423656239929,0
hf_transformer,0,norway,4994,0.20450530014038085,0.06229591599880614,0.01881008204359066,4.954887451196985,0.0,0.06587285156249933,-0.002401124311107423,0.0037126604359778523,1.0,0.01571109313964847,-0.0028495812936167432,-0.004313952088848567,0.0,0.2382686370849605,-0.0022099030359950616,0.01972541230958649,1.0,0.36106967010498003,0.002382167896646953,0.035288575271178624,0
hf_transformer,0,south_korea,4994,9.21944661458333,129.88307769918478,0.006861270153552073,1.9402797496240956,0.0,17.19370117187509,0.011729492563178089,-0.0011697011049720916,1.0,2.4945800781249545,0.006319397615910738,0.008187224160510861,1.0,12.967822265625045,0.008697400502297965,0.018346396101922402,1.0,1.071435546874909,0.021546545770646,0.0223370897918565,0
hf_transformer,0,sweden,4994,0.18762212783813476,0.04663835404875732,0.016876490711023515,4.4681133205414065,0.0,0.03665955505371166,-0.0012321270027488207,0.002047266631657343,1.0,0.04997329101562542,-0.0014845820525197576,-0.0059734894445033805,0.0,0.15743779296875005,7.049857707336463e-05,-0.014118093611838842,0.0,0.30314513244628927,0.022546009450218694,-0.004336319942161609,0
hf_transformer,0,switzerland,4994,0.01620134991327921,0.00035167953146277015,0.018010163136235557,3.650123702565515,0.0,0.0066005734443664865,-0.006319691388379692,0.0010585843816633695,0.0,0.01003890247344974,-0.0011589326034953922,0.009983997737016932,0.0,0.025006430435180693,-0.008853875197910397,0.01888515540799467,0.0,0.010364159584045463,-0.005101523570564252,0.006445541012467532,0
hf_transformer,0,taiwan,4994,0.13639222819010352,0.029580558506733544,0.004234719010111964,2.5886591814795965,1.0,0.2729340820312487,0.009987208086453446,0.00148677967494154,1.0,0.05604400634765483,0.005293985516846226,0.007038710594797271,1.0,0.013216430664058976,0.011498933464518685,0.011089592660118832,1.0,0.13367163085937506,0.02000779719759367,0.015895176993479886,0
hf_transformer,0,uk,4994,0.01881024847033081,0.0003887307468446822,0.023200749408256463,6.367255668950849,0.0,0.003753767321746815,-0.003366423059030404,0.0012915725202517928,0.0,0.012764405885131835,-0.00519663833428585,0.010583396125847125,0.0,0.023352740349304235,-0.009543640537239165,0.019263082151268977,1.0,0.013772057205780008,0.0036305216930076125,0.020497446757075242,0
hf_transformer,0,australia,4999,0.015481810868581114,0.00034078550949514537,0.009882052966615425,2.2483835828617393,1.0,0.0014002006912230414,0.009445838015692203,0.008549342366246757,1.0,0.003852022476196204,0.0034903338702969326,0.0010073290491152953,1.0,0.01958787361145009,0.006248487372050631,0.01874596898687111,0.0,0.03996325263977041,0.018874833239104466,-0.006787114380014181,0
hf_transformer,0,canada,4999,0.016212699419657403,0.00034869960360664845,0.011887509061593589,3.321539212793079,1.0,0.006993272399902439,0.007250297751999742,0.0020783084118403666,1.0,0.005985496520996003,0.008976565345836737,0.004559193915858362,1.0,0.009852028656005762,0.007475035861828907,0.014714553839937668,1.0,0.006021908187866298,0.011288051488860515,0.01570249735138409,0
hf_transformer,0,denmark,4999,0.07349388203938793,0.007189674691037632,0.010455086519489917,2.9939733264294155,1.0,0.05010381622314419,0.0004995548828008307,0.00763139679944906,0.0,0.07449100799560515,-0.004030063687273111,0.006602564575077407,0.0,0.06886605682373048,-0.00018811045107911383,0.009608039065150925,0.0,0.1538432739257809,0.015379990040595697,-0.0065097768655592945,0
hf_transformer,0,eurozone,4999,0.019776620559692388,0.000461848453830063,0.010734780226753485,3.0645911354672544,0.0,0.01524849205017098,-0.0007078369923929466,0.007573017749009258,0.0,0.014288372802734317,-0.0011386638361226009,0.0066261376479627935,1.0,0.014340372467041007,0.0018834780063888017,0.009653003371740073,0.0,0.021319500541687075,0.004550418298328532,-0.007081853372353525,0
hf_transformer,0,japan,4999,0.6716382039388056,0.7120179343919623,0.004496959214986117,1.4630569633734942,1.0,0.36872558593751137,0.0031774055143774186,0.00565639028740698,1.0,0.9886871337890568,0.0010212757084462863,0.007668800827369255,1.0,0.8835900878906386,0.005162126222563881,0.011080631806262963,1.0,2.0281176757812602,0.022027393472526326,0.00853958928081318,0
hf_transformer,0,norway,4999,0.2201277429707845,0.06686760352641256,0.020148013509109795,5.333398159155526,1.0,0.006773376464844105,0.009697522977616281,0.009071641335101006,0.0,0.15539938964843714,0.006989696471412151,-0.007508730666551554,1.0,0.10548264617919934,0.010292603693694556,0.019983581637431188,1.0,0.1999976928710936,0.01156902238462712,0.02984116660604086,0
hf_transformer,0,south_korea,4999,11.31671793619793,177.17631887879006,0.00841747817831211,2.3816612386561338,0.0,1.281835937500091,0.0008089455590266026,-0.00014962220421421143,0.0,17.59116210937509,-0.003740651577254789,0.009381350912141127,1.0,1.359960937500091,0.0023610353199720628,0.001345593385357916,0.0,26.19248046875009,0.008745666818551646,-0.010868241531534446,0
hf_transformer,0,sweden,4999,0.17715127939860018,0.04162973627538045,0.015951438855742416,4.218756072922848,0.0,0.13582191772460916,0.0075090568033005555,-0.004701495810030745,0.0,0.2905269821166989,0.0042292925258007215,-0.02216108005315459,0.0,0.2942431854248042,0.012786794728025122,-0.013714863269418256,0.0,0.5274114547729489,0.029050141604240198,-0.018169682199098904,0
hf_transformer,0,switzerland,4999,0.01285230735778808,0.00023385154886666255,0.014238965742887149,2.8955927728508755,0.0,0.012931718444824214,-0.0061247042404927185,0.008135041840576182,0.0,0.017738771247863716,-0.009859997674479825,0.00972134526650946,0.0,0.009774787521362294,-0.010401931674281929,0.00044142802681155607,1.0,0.0011169318199157896,-0.007181827013417966,-0.008424369503535442,0
hf_transformer,0,taiwan,4999,0.12312454427083352,0.023088686687237715,0.0038090073756898153,2.336844893742346,1.0,0.1194004211425792,0.003985838241945744,0.0002798986163291864,1.0,0.009557312011722274,0.0037547674725694935,0.004050882065321487,0.0,0.20503997802734375,0.005584377614264655,-0.0007779074682444593,1.0,0.46841143798828,0.018533607812122457,0.004128325202736556,0
hf_transformer,0,uk,4999,0.012655317953784181,0.00019099052657882401,0.015527174695443718,4.283816086252402,0.0,0.007018232352874798,-0.0031205982636066673,0.005477449977937556,0.0,0.010261868954895004,-0.007700451736608824,0.004903772979320021,0.0,0.0073865307332153796,-0.004896552753328258,0.004166672439845905,1.0,0.0036275564894409085,-0.004247903224438608,-0.008726236150584096,0
hf_transformer,0,australia,5004,0.015580758982340489,0.00032849432360445197,0.009947593121501713,2.262753562990046,1.0,0.014740630378723196,0.003427234186323383,0.01286360446167147,1.0,0.012798237495422304,0.008164281494315948,0.016323705483444143,1.0,0.012859439048767074,0.01353911229093368,0.021693627896786163,1.0,0.005488825149536192,0.019802769758132506,0.016323705483444143,0
hf_transformer,0,canada,5004,0.01969167673110963,0.00045330071462222507,0.014436064397614762,4.034286625256376,1.0,0.009576113510131767,0.003672159487380789,0.010704337923849653,0.0,0.020587616157531796,-0.0008417862718494209,0.014283596675635852,1.0,0.02010978164672861,0.0007690964426248786,0.015522393015651965,1.0,0.01668879394531242,0.01111492725461876,0.023248360461801145,0
hf_transformer,0,denmark,5004,0.050031930033365854,0.004994234975448416,0.007099499647546235,2.0381868508374636,0.0,0.06269936065673853,-0.00033362002717677924,0.008532046738915286,0.0,0.0382822471618649,-0.0008355157966932255,0.0045896332372099445,1.0,0.002078735351562777,0.003101548147820807,0.002807278076779627,0.0,0.1738796722412106,0.016821554505888806,-0.007753744661665924,0
hf_transformer,0,eurozone,5004,0.01329032331466676,0.00029381132814975276,0.007199447974603346,2.0594725420698996,0.0,0.022399646759033276,-0.0034975002187624836,0.008597161197211519,0.0,0.01830751743316661,-0.005268832095527604,0.004644640019667171,1.0,0.0026602024078368203,0.00037333883833661825,0.0018118151496980962,0.0,0.034160133171081464,0.01066673861658757,-0.007798422783781621,0
hf_transformer,0,japan,5004,0.8158295288085934,1.0291591614432283,0.00542340286379099,1.7771548224166849,0.0,1.0138232421874989,-0.0026426123803696285,0.004146192451244547,1.0,0.12393676757812955,0.00014114086792028473,0.0009712152674875558,1.0,1.2243377685546761,0.01281310587471634,0.004679934999859971,1.0,0.8544372558593807,0.02059029184338677,0.014965360776339092,0
hf_transformer,0,norway,5004,0.2805222547912598,0.0916656350528636,0.02565775440757822,6.7966756807406625,1.0,0.08199150390625043,0.00915446214880796,0.016760598394216092,1.0,0.24817410430908282,0.00998916750959005,0.03281756094510815,1.0,0.26885103912353436,0.012026885846842946,0.03668426450069577,1.0,0.31371932525634705,0.0184485899540905,0.046981253117589494,0
hf_transformer,0,south_korea,5004,13.81296630859377,515.1592735610616,0.010315286032787425,2.907009491048032,0.0,1.746191406250091,-0.0012948882552346224,0.0,0.0,9.67236328125,-0.0067459601208549325,0.0004445432391501712,1.0,4.281884765624909,0.0027146425641894124,0.005874220271926836,0.0,44.58872070312509,0.008881974242952556,-0.024417528152997692,0
hf_transformer,0,sweden,5004,0.12299108612060543,0.02652298603982711,0.011134813640545157,2.9289621460717554,1.0,0.08108181152343796,0.022325980864215854,0.015000783740641675,1.0,0.09417129211425745,0.022923443237440576,0.014415758996457431,1.0,0.1363970474243157,0.022799809318089982,0.01045217149267376,1.0,0.35088300170898457,0.0370247018430481,0.005406832741033697,0
hf_transformer,0,switzerland,5004,0.006932595024108893,6.702898532036703e-05,0.0076612948846865375,1.561896357602083,0.0,0.012163525009155296,-0.00857792395189893,0.004743867780254699,1.0,0.008146642494201606,-0.010048836928107364,-0.0010937330194549422,1.0,0.004931525802612358,-0.014554990091496325,-0.020039865754192948,1.0,0.009848540496826153,-0.0020807153335778952,-0.012927539278953492,0
hf_transformer,0,taiwan,5004,0.1551524617513029,0.04651988227137596,0.004787917148539182,2.944719431387767,1.0,0.01963668823242415,-0.001631934131080258,-0.0010228118917957496,1.0,0.021973754882814944,-0.0015648226148550044,-0.0008832759261742263,1.0,0.15843887329101847,0.007420822156316069,0.0025370123287059157,1.0,0.6286796264648444,0.021610183820484616,0.002367048098041811,0
hf_transformer,0,uk,5004,0.007016623470381674,6.234759900770333e-05,0.00857562767840694,2.3751220319683304,0.0,0.009085561600006065,-0.004126511847823056,0.006947185048959567,0.0,0.005528495674011258,-0.005408725948837303,0.0013527648721353375,0.0,0.008188025536010723,-0.0048586805426963095,0.005133797804752746,1.0,0.0037893229164123188,0.0053486450070167274,0.0007376443311698023,0
hf_transformer,0,australia,5009,0.020002444353739414,0.0007904864676343213,0.012743671817571177,2.9049035596554162,1.0,0.0005856296920776494,-0.0038707456391811465,-0.004244102336729106,1.0,0.009696679534912045,0.0025766781879859903,0.008698950423976804,1.0,0.004903095626831,0.0014700347478536434,0.004573854692912857,0.0,0.06527822196960442,0.017758507865745555,-0.023812484692092687,0
hf_transformer,0,canada,5009,0.009270842768351224,0.00013134938795832349,0.0067561880985409235,1.8993424224828097,1.0,0.007772055435180558,-0.0005309255343595523,-0.006217106040645837,1.0,0.0026782634735107447,-0.0020596035971529067,-0.004018417038807611,0.0,0.019665747070312545,-0.006925928361558128,0.007409862823809074,1.0,0.010177995681762697,0.008515172694595194,0.0011295524894256535,0
hf_transformer,0,denmark,5009,0.11013970949808763,0.021663365496053764,0.015629637935875944,4.486840853518005,0.0,0.0253095939636232,0.0029155818912238343,-0.0006574041257366338,1.0,0.018740957641601774,0.0009265651164188489,0.003569290989993349,1.0,0.02710097122192412,0.0041959125211180935,0.000374456424360018,0.0,0.3554198181152346,0.01801469460289773,-0.032578791141076556,0
hf_transformer,0,eurozone,5009,0.025848579813639326,0.0013750555486068143,0.014004232276265773,4.005503787778038,1.0,0.0008555856704712816,-0.00021254175643667893,-0.0006737545901745534,1.0,0.001940306854248064,0.004349762462267282,0.0033082777386238887,0.0,0.005850469970703154,0.0027176089648038703,-0.0004311506399314475,0.0,0.08893568382263184,0.015736133046723905,-0.032585091370675986,0
hf_transformer,0,japan,5009,0.9529020792643242,1.5211299996721912,0.006325460715680697,2.075745564062307,0.0,1.3528173828125034,0.0034606808546305177,-0.005605828614336777,1.0,0.7195617675781136,0.0068358030795537495,0.00203982748921466,1.0,1.1619836425781216,0.014172268891856226,0.006472946427121737,1.0,3.2320678710937614,0.022749682041332476,0.0013714899538943173,0
hf_transformer,0,norway,5009,0.1559653473409017,0.03189887576248634,0.014162169174168238,3.778829897467389,1.0,0.07626609802246165,-0.008638990614423041,-0.015659654997284344,1.0,0.05016778564453084,-0.006616857282460251,-0.0020346535250615953,0.0,0.31691090698242164,-0.008017880023917965,0.02062105038957507,0.0,0.25065773925781265,0.009409858494859607,-0.013431192982011569,0
hf_transformer,0,south_korea,5009,24.616255696614605,1251.0132204964384,0.01837294289133986,5.180617062650968,0.0,4.7608642578125,0.003520362363628833,0.0,1.0,5.363427734374909,-0.004092382931758016,-0.00011111728440796455,1.0,2.0593750000000455,0.005827892205433288,0.0073433419159019435,0.0,76.77255859375009,0.01734686098750627,-0.04016634530765161,0
hf_transformer,0,sweden,5009,0.2292700003051758,0.10015433497469153,0.020852864001824678,5.459933506605691,0.0,0.14322038879394583,0.010278235513165696,-0.0026664199258556584,1.0,0.0878651489257809,0.008763483275951535,0.0008298172384368435,1.0,0.025015100097656173,0.011648054543446786,0.013888830590825713,0.0,0.7771898864746092,0.026663772268308246,-0.044464547059208076,0
hf_transformer,0,switzerland,5009,0.016535989933013924,0.000354783382689838,0.01823515961785053,3.725517263867435,0.0,0.007763763713836691,0.0015459304062631861,-0.00697326092676143,0.0,0.010552284908294629,0.0016972728774368889,-0.009897804327260359,0.0,0.01977344894409183,0.004883491802235626,-0.016885022905557424,0.0,0.037952304840087936,0.011589730145540824,-0.030330603614908594,0
hf_transformer,0,taiwan,5009,0.22224656270345117,0.10633585164746914,0.006860442404611543,4.218133340359304,0.0,0.23583874511718506,0.007285770027516027,0.0,0.0,0.15417236328124773,0.004629980794096222,-0.00013953596562145195,1.0,0.043209777832032614,0.007881847228121752,0.0065517262606832405,0.0,1.0323986206054698,0.0192510158639455,-0.012652570952853971,0
hf_transformer,0,uk,5009,0.009996432558804325,0.00020115149420716372,0.012186092691274929,3.3837852795897856,0.0,0.00167874595178219,0.00016281709895378112,-0.0018851689004320312,1.0,0.0006038164157105008,0.004925521447324465,0.004192877530735852,1.0,0.0013105588253173872,0.0066052608911240426,0.0050170769805834405,0.0,0.03556359277105714,0.023369225563286102,-0.019900750610346407,0
hf_transformer,0,australia,5014,0.02533662111790973,0.0012067862413774745,0.01622536513253219,3.679572334933012,1.0,0.00047186889648442865,-0.0063219062811745875,-0.0060230496744145155,1.0,0.009998577499389594,-0.010464763155425353,-0.0041250957310639625,1.0,0.01219587562561042,-0.01217442240051654,-0.019975489046805794,0.0,0.08406138633728033,0.00854366694727188,-0.04534483496504349,0
hf_transformer,0,canada,5014,0.010077001857757565,0.00017937092275211074,0.0073495277065195016,2.0645023972595027,0.0,0.0027371303558350046,6.378533404963737e-05,-0.001941926047653703,1.0,0.0011197416305541719,0.0015583286205524919,0.0023764704162924873,0.0,0.021094441604614156,-0.005943497257189643,0.00947218273813569,0.0,0.010495403861999542,0.0034315693602340372,-0.004255169473941932,0
hf_transformer,0,denmark,5014,0.14044389170328783,0.03212644701729579,0.0200264968791947,5.721364200005553,1.0,0.011836422729492035,-0.0025188475445562775,-0.00419133981260749,0.0,0.06060334167480441,0.0010701846119291272,-0.00749183646623431,0.0,0.11721339263915986,0.006445041432980741,-0.010091731377712267,0.0,0.3720440093994144,0.01199581073501345,-0.041161504423223104,0
hf_transformer,0,eurozone,5014,0.036703251120249435,0.0022991719759706867,0.019950740814878503,5.687546954063346,0.0,0.009925508308410658,0.0009798953040849909,-0.004359533277033889,1.0,0.011573044395446708,-0.0017883146601577284,-0.008034120643744898,1.0,0.010417333221435454,-0.005240563562970393,-0.010880383797825549,0.0,0.09852505302429204,0.012925981592399018,-0.04072018539437758,0
hf_transformer,0,japan,5014,1.2426182454427088,3.078355641303967,0.008249823432774106,2.706846135535722,0.0,0.6321911621093648,0.0040152530230419085,-0.00020045436389449153,1.0,0.009510498046864768,0.0015322178914502795,0.0014687721704465784,1.0,0.9599670410156307,0.011689995524022076,0.005330680622418712,0.0,3.725117797851567,0.02347455254331223,-0.0011364397238866383,0
hf_transformer,0,norway,5014,0.2026728509521485,0.05129976424765464,0.018447833853802848,4.910489680178356,1.0,0.061352764892578904,-0.008171333039524607,-0.0025502943922205232,0.0,0.08153597106933574,-0.00035418592865499575,0.007051219586019402,0.0,0.2235875320434566,-0.0019007008953033826,0.018307715706614644,0.0,0.4592424224853513,0.015448687716211457,-0.02663302771909365,0
hf_transformer,0,south_korea,5014,34.240002441406276,1972.1094792127435,0.025622775202001354,7.205983844957999,1.0,5.7626953125,0.007132848102629929,0.002885044167133311,1.0,4.6410644531249545,0.005350010622485166,0.001924287312505076,0.0,13.555688476562409,0.004881711347753056,-0.005162020560937494,0.0,72.65903320312509,0.021371674169918475,-0.0327564863412089,0
hf_transformer,0,sweden,5014,0.25969296691894533,0.124402070329605,0.023880107021295345,6.1844390004067336,0.0,0.1669444274902343,0.005387860541746941,-0.009779238347792207,1.0,0.040405755615234185,-0.0006841407784931522,-0.004356276123826265,1.0,0.05134081268310631,0.004437491994885265,0.009060370788751862,0.0,0.7432294219970697,0.014197351250216494,-0.054537719195717385,0
hf_transformer,0,switzerland,5014,0.014976632366180428,0.0003230686300181212,0.016613053010704554,3.374197895670308,0.0,0.012400426673889187,0.0099529862955034,-0.0037093468137015654,0.0,0.016212289047241257,0.0032686233212955934,-0.014752403821855196,1.0,0.0027589797973632812,0.0046410480917494145,0.0016012813669738276,0.0,0.03811169090270994,0.01661810405105167,-0.025691951285537057,0
hf_transformer,0,taiwan,5014,0.30964901835123726,0.2267917390585702,0.009623827988244715,5.876990097073844,1.0,0.22095632934570375,0.008321165633724113,0.0015028626934855847,1.0,0.06579321289062534,0.005698692811277129,0.0036679682375394367,1.0,0.007956481933597104,0.0033885150537905236,0.003142587710890746,0.0,1.2851701660156252,0.02020446753599702,-0.019634876424125265,0
hf_transformer,0,uk,5014,0.012597377535901892,0.0003291096290043494,0.015423252907792156,4.264203296192544,1.0,0.003078689430480952,-0.00048815359887071665,-0.0042338980137517504,1.0,0.0015651285706176354,-0.0028503521177425657,-0.0009469889136919287,1.0,0.000803520558746329,-0.0019427429295830196,-0.0029204305897208523,0.0,0.04612572616799926,0.018124457677119284,-0.038426640642861866,0
hf_transformer,0,australia,5019,0.04054101256306964,0.002521469146198049,0.02600131048207281,5.887667008281392,1.0,0.0003959489822387141,-0.0003818641455071909,-0.0006322511512101943,0.0,0.008697242088317791,0.0007753793007920024,-0.004732604506715114,1.0,0.02025057121276852,-0.003393184397521519,-0.016319272286118344,0.0,0.09761070568084707,0.014052869405841146,-0.048710212873317185,0
hf_transformer,0,canada,5019,0.011322625363667786,0.00021416571687580592,0.008254535931826274,2.3196966256950917,1.0,0.006056265258788995,0.004522525446020236,0.00010954702316919184,0.0,0.02645115661621089,-0.007441552470980847,0.011834457647002798,1.0,0.0010915828704833874,0.0035056921115155897,0.0042998280728689005,0.0,0.02814180450439463,0.0077422305070876385,-0.012863568166248203,0
hf_transformer,0,denmark,5019,0.1823561710866293,0.04851606230209357,0.02605137170066285,7.428774980896546,0.0,0.0835331924438476,0.008101881792366657,-0.0037243461483586126,1.0,0.012650929260253463,0.0028621339927176297,0.0010706677096196068,0.0,0.15765752563476543,0.009834922307384359,-0.012564593683956064,0.0,0.31918046264648403,0.021369445558885206,-0.02397297630273159,0
hf_transformer,0,eurozone,5019,0.04522276222229005,0.0029174173113085487,0.02465904352266729,7.00773298498928,0.0,0.02009669303894035,0.006984561181716205,-0.0038783390761065245,1.0,0.006829444122314454,0.004580050782365152,0.0008928692810330434,0.0,0.04167476272583004,0.010648654564146163,-0.01192694674294274,0.0,0.08000959510803218,0.020315525145142597,-0.023055618464792618,0
hf_transformer,0,japan,5019,1.8030041910807293,6.854376049343156,0.011978097579929313,3.9275577554736594,0.0,0.2902734374999909,0.0017348659596155365,-0.00020016012877078278,0.0,0.9346423339843852,0.004291404734789796,-0.0019365615401105666,1.0,0.20851440429686363,0.005631304736517325,0.007013607170985303,0.0,6.079685058593753,0.025325766404397185,-0.015022715350842993,0
hf_transformer,0,norway,5019,0.23561947387695312,0.07615960932528137,0.021476512516682658,5.708741893580034,0.0,0.0819397583007806,-0.002295585003653156,0.005108567942722359,0.0,0.16583251037597613,-0.0057018329171440825,0.009277131020512768,0.0,0.05980470886230549,-0.0002085709829615262,0.005189589170328517,0.0,0.49528519592285214,0.01410983749911863,-0.031085872163408523,0
hf_transformer,0,south_korea,5019,47.518652343750006,3193.877319891812,0.035551898630149625,10.000543712261914,1.0,8.699047851562455,0.00732938901182733,0.0009238217311683058,1.0,2.865991210937409,0.00039476756354991823,0.0025108014519573357,0.0,59.003466796875045,0.012201838431835508,-0.03185245805482089,0.0,81.124267578125,0.025134724116637915,-0.03514017414416401,0
hf_transformer,0,sweden,5019,0.36542038121541337,0.2018560675757393,0.03371141841109963,8.70227670754541,1.0,0.03728524475097572,0.0006703256472533508,0.004057077158817266,1.0,0.09492806396484355,0.004340133998198512,0.012908949444428308,0.0,0.22363949584960885,0.007482486122923778,-0.012934799345436392,0.0,0.88084859008789,0.030508976338155278,-0.05047347468040367,0
hf_transformer,0,switzerland,5019,0.014912645603815722,0.00032969384802937577,0.016652620546190388,3.3597818377980926,1.0,0.013355058097839323,0.01630409289469822,0.001457072663078173,1.0,0.004151090621948295,0.00787526196514039,0.012484139177511549,1.0,0.010367798233032244,0.020172918604389918,0.008710759193924174,0.0,0.04214792022705083,0.025468345944985607,-0.021713486652581618,0
hf_transformer,0,taiwan,5019,0.5236853342692059,0.5413103675854742,0.016296124577616762,9.939296884810007,0.0,0.09382443237304727,0.0028484522007968557,-4.6346003824105136e-05,1.0,0.03163446044921869,0.0011846635021472024,0.002160427987617157,0.0,0.2482520141601583,0.004339332944916875,-0.0033269146888270785,0.0,1.4154310302734388,0.015830014803960624,-0.028169111447117236,0
hf_transformer,0,uk,5019,0.02060781532987772,0.0007016673561616022,0.025264700459442974,6.975730766705203,0.0,0.008500391617797809,0.005439277461333173,-0.004885367607462987,1.0,0.0038457048829956264,0.005071167904315815,0.0004116241627288455,0.0,0.009528068716033955,0.0003853634207012654,-0.011253776267878848,0.0,0.04990240270837398,0.022109910893938232,-0.039024421333344946,0
hf_transformer,0,australia,5024,0.05284112436803181,0.0035829228807385746,0.033904238599921345,7.673980617483582,0.0,0.018498871574401887,0.00825883371661394,-0.003460651307391852,0.0,0.043063409423828025,0.0036660241077108944,-0.023959399098771424,0.0,0.048861478919982826,0.010462438883527533,-0.020725399046570905,0.0,0.08846390460968023,0.02014518700390261,-0.036487134727264524,0
hf_transformer,0,canada,5024,0.015800690917968742,0.00033580873772143173,0.011508975227241418,3.2371299260395268,1.0,0.0064151969909667095,-0.006564405165355647,-0.001914498390320141,0.0,0.018827268218994053,0.0003444143159208805,-0.013332804264597816,1.0,0.0012183898925781644,-0.007194065150718667,-0.008080193245852059,0.0,0.03496865310668951,0.005627336444324145,-0.01979035743280444,0
hf_transformer,0,denmark,5024,0.214277637278239,0.055158022321553875,0.03060303859330896,8.729182792624023,0.0,0.11758267440795933,0.012742970298788708,-0.003848397938949105,0.0,0.14979015808105434,0.006469071125882097,-0.014850096911225252,0.0,0.2630492034912111,0.00913533523034144,-0.028508464301892328,0.0,0.2715769424438479,0.01959666633839567,-0.018878945707962485,0
hf_transformer,0,eurozone,5024,0.05290917458852134,0.0034434355344799615,0.02883355288289534,8.19882178249133,0.0,0.016436602592468263,0.005064287336466961,-0.003820573397247976,0.0,0.04388999137878424,0.009281753824530135,-0.014519657415895539,1.0,0.04968230552673347,-0.0005776735679336993,-0.027834035638952537,0.0,0.08824464321136483,0.029679914253752247,-0.017762844075678408,0
hf_transformer,0,japan,5024,2.882141560872398,14.597461932311132,0.0192170332025526,6.2782868147368065,0.0,2.4943994140625136,0.012649177920172063,-0.003951515422352425,0.0,2.2662463378906352,0.013387123294360936,-0.0016724649335946732,1.0,1.539935913085941,0.015552610157788664,0.005366411225370092,0.0,9.400461425781259,0.028372526569015056,-0.03464977813151288,0
hf_transformer,0,norway,5024,0.3052517961120606,0.1306574842828419,0.02771715287242582,7.39583909547946,1.0,0.04764279327392629,-0.005140680748461546,-0.0008565503074284133,1.0,0.09890291137695328,-0.000847316157992471,-0.009761360753986294,0.0,0.3166150817871092,0.0038222097416039306,-0.024862406862324146,0.0,0.4670180999755864,0.017257921955440347,-0.024765906383193308,0
hf_transformer,0,south_korea,5024,55.213729654947926,3566.063088894587,0.041315680257086145,11.620012136222622,0.0,13.809277343749955,0.006549495560084719,-0.0036205152597054866,0.0,35.50888671875009,0.0014805472285857406,-0.025018107162880103,0.0,71.41916503906259,0.009117993985126048,-0.044490316787706104,0.0,77.36464843749991,0.020740494954169117,-0.036770643309539254,0
hf_transformer,0,sweden,5024,0.48760958145141603,0.3095380181620776,0.045005684506215796,11.612142401381858,0.0,0.09568752746582021,-0.007260575500472575,0.0013652553665726684,1.0,0.1733283935546872,-0.004041249539933952,-0.019806851701440767,1.0,0.5540840820312507,-0.00053186869803239,-0.05164412746593134,0.0,0.7953546203613282,0.011337280827181426,-0.061966149169079825,0
hf_transformer,0,switzerland,5024,0.014887310501734415,0.0003179637469869418,0.0167027262015454,3.354073902526718,1.0,0.000923410034179728,-0.0020218820441533164,-0.0009974510413589025,1.0,0.0020178552627563295,-0.0071346186224995126,-0.004885912778986091,1.0,0.013370553302764931,-0.0021395863108967946,-0.01709347842321174,0.0,0.027517792320251422,0.004881769893207448,-0.025921559072512017,0
hf_transformer,0,taiwan,5024,0.8041037953694664,0.9151927903144107,0.024993943757284646,15.261505001916197,1.0,0.23075427246093483,0.007379727994558128,0.0002928415670997379,0.0,0.23246859741210812,0.0024470158652994153,-0.0047281411959459,0.0,0.6200337829589841,0.005841634892521387,-0.013345531858512352,0.0,1.650518493652342,0.01748159952431062,-0.03381544416561805,0
hf_transformer,0,uk,5024,0.025558020755338546,0.0008943202788642723,0.031375067970607184,8.651371766740455,0.0,0.0027154483397827667,0.0023899778322545133,-0.0009053498364784747,0.0,0.018050032781097403,0.003447282518592862,-0.018640286781812187,0.0,0.022033929707824695,0.002961461038722959,-0.02408088656108782,0.0,0.04470134466387943,0.02219158846716703,-0.032366070459225564,0
hf_transformer,0,australia,5029,0.054589321586608876,0.003700762584578403,0.035188151438850915,7.92786680426229,1.0,0.03664748847961419,0.023856190887076405,0.000305664220480938,1.0,0.0034844401550293558,0.026328146354559972,0.024118148912573644,0.0,0.05891011520385736,0.029197589648125497,-0.008727974293719026,0.0,0.117237992515564,0.04302982787918327,-0.03282104485325805,0
hf_transformer,0,canada,5029,0.022444886086781825,0.0007665121973179516,0.016340491704654934,4.5983440100991535,1.0,0.02533105239868161,0.018717811637865553,0.0003656574561731075,1.0,0.004091054153442464,0.015057086703798078,0.012105057026275397,1.0,0.006801661300659179,0.006998574786310498,0.0020459617673622608,0.0,0.06525464935302727,0.02538878020819658,-0.02226258647793236,0
hf_transformer,0,denmark,5029,0.20881783459981296,0.04932461284420343,0.02991902657914634,8.506762869588595,0.0,0.11385554885864302,0.014836709845400729,-0.0014323814166488748,1.0,0.05504899139404262,0.01320448158935036,0.005358596778970668,0.0,0.2718139831542965,0.02186453317875359,-0.017142551493794178,0.0,0.34463875427246116,0.03140699081586618,-0.017830596375606727,0
hf_transformer,0,eurozone,5029,0.05562834227879845,0.0035036285211750093,0.030374458129672537,8.62018483460228,0.0,0.04078643646240243,0.02117016593157465,-0.0009883322698806263,1.0,0.010552402305602948,0.011650119251181094,0.0059095682365345546,0.0,0.06882577400207524,0.021379337497019174,-0.016294259283482587,0.0,0.0913917560577393,0.03292440630680439,-0.01682432667024684,0
hf_transformer,0,japan,5029,3.9343974812825535,26.45665955011781,0.026367175605721296,8.57045891361183,1.0,1.1571508789062364,0.010239326531130764,0.002541042525449853,1.0,0.23238525390624432,0.012559245085661825,0.014094572322895446,1.0,2.0970507812500045,0.014932978189421806,0.0010038145793720686,0.0,12.566044921875005,0.0327091172034776,-0.05222580715377981,0
hf_transformer,0,norway,5029,0.4181746343994141,0.23067267724850632,0.037916709104833586,10.131807082614644,0.0,0.18355386657714767,0.014475278294187167,-0.0020390507810231387,1.0,0.05679172973632873,0.014710630052128413,0.009631355844997039,0.0,0.4836682662963874,0.0181105767366043,-0.025843032348662746,0.0,0.9567944488525395,0.034151356055701125,-0.05327361961336766,0
hf_transformer,0,south_korea,5029,56.58666748046876,3396.092705612521,0.04244496014532658,11.90895393194139,0.0,63.59213867187509,0.02876675216404042,-0.019086734329018983,0.0,41.89047851562509,0.027147695129018226,-0.004167935709322065,0.0,65.66572265624995,0.030362595245440365,-0.019009657097594865,0.0,86.56281738281245,0.04485386368330702,-0.019780696882892555,0
hf_transformer,0,sweden,5029,0.6648883172098796,0.49466282573933407,0.061303237709504486,15.833933774382876,0.0,0.3442320983886713,0.02922964782980932,-0.0018995536714895896,1.0,0.26326131286621113,0.025230918404083678,0.0014154348869780417,0.0,0.6567196563720703,0.02175712818269259,-0.0389609292491273,0.0,1.1125531494140617,0.04163293325724213,-0.06132850408851912,0
hf_transformer,0,switzerland,5029,0.021916607214609786,0.0006177295075014847,0.02457688550278016,4.937756909274334,0.0,0.013217727279663083,0.013288866419268101,-0.0013366752199054119,1.0,0.0013255531311034963,0.006684961623957029,0.005218175491091495,0.0,0.024922435379028274,0.011314868021231609,-0.016498690742774953,0.0,0.04769720497131347,0.017869337459484436,-0.03569379594668436,0
hf_transformer,0,taiwan,5029,0.9575461212158206,1.1189827080930401,0.029816532534538937,18.17376687270342,0.0,0.510884948730471,0.010994229348257657,-0.0047817268034813275,1.0,0.40393292236328193,0.014695960176644585,0.0022896049606267238,0.0,1.0225111694335922,0.008636241605614312,-0.023268341591903132,0.0,1.725917602539063,0.020827276056553976,-0.03295349304283703,0
hf_transformer,0,uk,5029,0.030849713107488,0.0011457430422201075,0.037906883853895464,10.442605847497651,0.0,0.021916396844909647,0.025301402332852246,-0.0014940739227938854,1.0,0.005860763136291469,0.02149030679704471,0.014367653461073751,0.0,0.024869997728332538,0.017419694816477392,-0.013287231228644778,0.0,0.06160018366644282,0.04927407913773162,-0.026045943352144794,0
hf_transformer,0,australia,5034,0.05281710769399007,0.00346369360325128,0.03437816219504533,7.670492737668439,1.0,0.01057266761779796,-0.011323203178950976,-0.004556599349823736,1.0,0.03172724426269524,-0.0033917727120494315,-0.023812484692092687,1.0,0.060583732910156174,-0.003922948939513035,-0.043307200987721735,0.0,0.11726116073608406,0.007559728930904279,-0.0692069628739474,0
hf_transformer,0,canada,5034,0.02665899637222291,0.0010528753108710483,0.019504680864485736,5.461700086580523,1.0,0.0035276878356933494,-0.00023294530012713528,-0.0027860714539088335,1.0,0.009835626602172853,-0.000697145245736264,-0.007835211296739631,1.0,0.02659318962097168,-0.0009809770109336566,-0.020404774152180956,0.0,0.07453600597381582,0.012557052601749047,-0.042100995356706236,0
hf_transformer,0,denmark,5034,0.21051262652079272,0.04858325479279874,0.03027732176474948,8.57580483151057,0.0,0.059043443298340215,0.006616319770522762,-0.00181167901925407,0.0,0.20955628509521507,0.009903335901796094,-0.02023541324220066,0.0,0.25202551422119157,0.013695777796894324,-0.022523099840290703,0.0,0.38604359741210903,0.02365537744388058,-0.03180039526705652,0
hf_transformer,0,eurozone,5034,0.05048518052419029,0.0028480379212724037,0.027716701068178758,7.823198925211323,0.0,0.01943417358398447,0.008682659882253375,-0.0018839853215486058,0.0,0.052339981651306156,0.008577625244422111,-0.020142028567227015,0.0,0.053912130546569736,0.007344755526287294,-0.022287503693275593,0.0,0.09790095825195322,0.022122323119073785,-0.03153489347183409,0
hf_transformer,0,japan,5034,5.724671549479168,47.15337225532281,0.03842260812277046,12.470286121863817,1.0,0.08431762695312273,0.0019411260311245839,0.0013854072673749687,0.0,1.9132354736328239,8.737346378372114e-05,-0.012622655554957332,0.0,4.492301025390617,0.005610907215280271,-0.024323807855919834,0.0,11.973968505859375,0.018795473269125337,-0.061956173063706495,0
hf_transformer,0,norway,5034,0.5718669076538087,0.42202177406840197,0.05218418929916503,13.855563462382765,1.0,0.02607830047607429,-0.0017160069490642863,-0.004061065230392657,0.0,0.34072846374511734,0.003328040057748819,-0.027594885154493015,0.0,0.5129509078979488,0.012390829923654091,-0.034100379027867826,0.0,1.332965341186524,0.03445087875505185,-0.08825032783273631,0
hf_transformer,0,south_korea,5034,37.06128336588541,1524.488061775107,0.028035415761571283,7.7997368623146714,1.0,5.9906738281249545,0.01083126416382822,0.0063208703854133515,0.0,40.01157226562509,0.015082235624815652,-0.015304273915503893,0.0,52.72573242187491,0.019570862359522732,-0.020484030374729092,0.0,54.308349609375,0.03026106287612665,-0.010573222915482211,0
hf_transformer,0,sweden,5034,0.652346286315918,0.4626653104442801,0.06087305036555313,15.5352525050163,0.0,0.18799165649414107,0.010535770640642287,-0.006641002826309407,0.0,0.49837652435302715,0.010733677416485485,-0.03545562080378436,0.0,0.6345495056152348,0.01727173013777103,-0.04152087276616693,0.0,1.1339600738525384,0.021282300521853037,-0.08588761921207978,0
hf_transformer,0,switzerland,5034,0.027528509642283126,0.0009003909734835695,0.030985193794333586,6.202104520885752,0.0,0.0038770092010498303,0.003622255359108141,-0.0006646358594151651,0.0,0.018619180679321334,0.0022887035180738447,-0.018496797355410023,0.0,0.033755292129516556,0.00028265993110943835,-0.037802086415820925,0.0,0.06091438837051388,0.01474528754007215,-0.054033385891693125,0
hf_transformer,0,taiwan,5034,1.015638363647461,1.1908535559562314,0.03172360083586721,19.27632981737358,1.0,0.1692551879882842,0.005294092321032704,7.726004963930112e-05,0.0,0.691170135498048,0.005568118365070929,-0.015902894977069988,0.0,1.3005349731445328,0.005656161286462295,-0.035131055875506516,0.0,1.7871779785156257,0.01933403018998119,-0.036364210264136325,0
hf_transformer,0,uk,5034,0.028273869502119957,0.0009080814961365348,0.034965361593761096,9.57068462729263,1.0,0.0023761203906860207,-0.0018366045682808143,-0.004744190173079149,1.0,0.01198423371649171,-0.004494365954221975,-0.019285630069380954,0.0,0.03229494409838862,0.0028112495216787103,-0.03725889553161396,0.0,0.04664759584341427,0.015912421901555514,-0.04171201715859138,0
hf_transformer,0,australia,5039,0.05858681791941325,0.0042670401558151634,0.038396176404747545,8.508412917602783,0.0,0.031291767196655274,0.013461347696913666,-0.006818304620040216,0.0,0.03448820327758795,0.009628053180440278,-0.012833399848974069,0.0,0.035298218383789104,0.009409072331175666,-0.013591132879888604,0.0,0.10731997535705573,0.02248454461614053,-0.048188213858308994,0
hf_transformer,0,canada,5039,0.03558346193313599,0.0017328083695479844,0.026120673964973844,7.290079281586938,1.0,0.012227032852172748,0.008902016571371253,3.641594290381393e-05,0.0,0.024944046592712432,0.00876991422516613,-0.009403139002175336,0.0,0.019396642303466827,0.004756798338787971,-0.009403139002175336,0.0,0.08597844734191895,0.022739093500564116,-0.040427559088771776,0
hf_transformer,0,denmark,5039,0.15813083478291834,0.03070497395591262,0.022927673485181037,6.441889968097502,0.0,0.1705275123596195,0.019867258307670353,-0.004844679972279572,0.0,0.15328447265625034,0.017231029462578682,-0.005013422292153178,1.0,0.06867099380493169,0.01917902238273391,0.009294078113607359,0.0,0.2885285858154294,0.02709123470396818,-0.014775423887557603,0
hf_transformer,0,eurozone,5039,0.0382646636327108,0.0018403765489965738,0.02117119335729123,5.9295039117778225,0.0,0.04808118190765387,0.021767146643258104,-0.004770881616755642,0.0,0.04033256149291997,0.017482974711088888,-0.004826816285077646,1.0,0.013305421066284184,0.016811477422433357,0.009501588124614026,0.0,0.07389117546081536,0.026391683452739862,-0.014494429450385881,0
hf_transformer,0,japan,5039,6.955163167317709,61.4141975372815,0.046904411381280396,15.150716328623497,0.0,3.2670092773437602,0.013592703324297947,-0.00818988902904092,0.0,1.5434924316406295,0.009802987915191129,-0.0004681021885661565,0.0,7.505080566406264,0.012920221882797404,-0.03788047845839873,0.0,13.291270751953135,0.03091461190805243,-0.059179902930365944,0
hf_transformer,0,norway,5039,0.5497477153015138,0.4146515447060318,0.050951793285799254,13.319645280595957,0.0,0.3440744384765626,0.018404725353616334,-0.013226362162822856,0.0,0.4078679870605466,0.02222465698001581,-0.015236488262143633,1.0,0.2547218994140632,0.025833393046453067,0.0026878396115126036,0.0,1.1788222473144536,0.04376639871697216,-0.06605161168634162,0
hf_transformer,0,south_korea,5039,30.39431966145831,1088.846321911929,0.023096170886470594,6.396640211511691,0.0,48.357177734375,0.03262477735936169,-0.004133913588928247,1.0,24.14731445312509,0.0256145458415222,0.00729874168203466,1.0,8.785400390625,0.028270237023101517,0.021662873743092084,0.0,54.75930175781241,0.03471395374582746,-0.0069252622261988354,0
hf_transformer,0,sweden,5039,0.5570435795593263,0.35706879764984933,0.052777877692418276,13.265673226445571,0.0,0.44305450286865167,0.03376552469063597,-0.007712781399608708,0.0,0.4313893646240228,0.03122529831568666,-0.009243354898072435,0.0,0.493035455322266,0.033217989523367304,-0.013075264148971269,0.0,0.8741162857055667,0.03809481760290589,-0.045084245767661145,0
hf_transformer,0,switzerland,5039,0.027124337539672846,0.0009384831761991493,0.030831959299673292,6.1110455548396985,0.0,0.014892265319824238,0.014160144846547259,-0.0025412974286725325,0.0,0.01638174476623533,0.01314697716261776,-0.005259151997888823,0.0,0.02186651916503901,0.013352665057309986,-0.01128737771437935,0.0,0.06306094846725463,0.020334373209715144,-0.05191687464917184,0
hf_transformer,0,taiwan,5039,1.0906167755126954,1.2945554031781947,0.034229833553104855,20.699384172180142,0.0,0.7426430358886726,0.016571554024237194,-0.00663177321275092,0.0,0.7658830566406252,0.016810572558028664,-0.007121841436892842,0.0,0.9074928894042955,0.01857240988080689,-0.009797735459557245,0.0,2.1380369873046874,0.030370681364121615,-0.036974325419213444,0
hf_transformer,0,uk,5039,0.025447800947063195,0.0007183244809554637,0.031655678070473404,8.614062440381538,0.0,0.012788868961425837,0.010920066755054723,-0.004933923163753482,0.0,0.019260899488769523,0.00967130039490505,-0.014333012501779471,0.0,0.02423623434664912,0.018745804322959404,-0.011276060300057095,0.0,0.044783759370971676,0.03058042712358898,-0.02493974108414417,0
hf_transformer,0,australia,5044,0.0523848936144511,0.003167053174765109,0.03456776524572126,7.607723398282614,0.0,0.031238789062500105,0.01843505401836261,-0.001971301400196447,0.0,0.04141342002868642,0.019620655822352926,-0.007490473639337603,0.0,0.05607617088317873,0.0197967968711402,-0.01708557570889625,0.0,0.06824700363159186,0.022570157827210634,-0.022372416966977497,0
hf_transformer,0,canada,5044,0.03843883075078329,0.0017547150225421708,0.028303131451076935,7.8750663493976685,1.0,0.023576478958129865,0.019783510823756786,0.0026432703814848676,0.0,0.03218562202453623,0.01730022295083911,-0.00623192827601371,0.0,0.04685220394134526,0.020990662698120822,-0.0133221820079286,0.0,0.052907414627075156,0.01825489849653922,-0.020688215799629473,0
hf_transformer,0,denmark,5044,0.0979426308441162,0.013951101491624393,0.014291823681402487,3.9899596555595003,1.0,0.08932900695800772,0.013769075774602459,0.0007554504640780563,1.0,0.025977108764648094,0.013464804656198528,0.00969669165425718,0.0,0.13072872161865234,0.014195920873506752,-0.004898581413252639,0.0,0.1421912918090822,0.017512556084414654,-0.003204165212955157,0
hf_transformer,0,eurozone,5044,0.024945870049794518,0.0008597968419398651,0.013878209679788058,3.865619608282936,1.0,0.028130020904540975,0.016272982621505956,0.0006710096150224815,1.0,0.004838005256652789,0.012307121868184868,0.009630446285839925,0.0,0.04445419292449948,0.01974734372853736,-0.004934543334988894,0.0,0.03832690925598148,0.017811020578236914,-0.0034740740401462892,0
hf_transformer,0,japan,5044,6.809785807291667,54.08985233253147,0.04621814299487762,14.834034880701672,0.0,1.5566992187499977,0.0065780908876342655,-0.003819867933862025,0.0,3.5171545410156284,0.011122520936556603,-0.01241750345650974,0.0,8.861239013671877,0.006973647721139752,-0.05368826451139375,0.0,8.414977416992201,0.02019520164507482,-0.036544787591234286,0
hf_transformer,0,norway,5044,0.4795655927530927,0.3275601450135464,0.044994476224122996,11.61922715903708,0.0,0.29610853271484316,0.027253287563574084,-8.423298849585477e-05,1.0,0.2749578186035162,0.02794058081009414,0.0025983751417045205,0.0,0.5137268127441406,0.02675393103505731,-0.0211866320101957,0.0,0.7969443893432615,0.03239797857002696,-0.04254862803032077,0
hf_transformer,0,south_korea,5044,17.449370117187467,378.14375327130017,0.013325609467807257,3.6723092933278854,0.0,14.48388671875,0.009055887292718544,-0.001992261491876038,0.0,13.593505859375,0.009897280011058872,-0.00045940049045005486,0.0,29.431835937499955,0.014086286212125498,-0.008378863686517671,1.0,11.221508789062455,0.015436191637856637,0.006941823589313635,0
hf_transformer,0,sweden,5044,0.4439100511169434,0.23277380920581206,0.04248278624091073,10.571463160406028,1.0,0.29481673431396516,0.02921937513381754,0.001425421529874185,0.0,0.23947209472656183,0.02238131321102733,-0.00029203160851252525,0.0,0.5386153060913088,0.027716530707775154,-0.02373919670655458,0.0,0.615909526062012,0.03474947989723934,-0.023886258413911846,0
hf_transformer,0,switzerland,5044,0.02568818581581115,0.000830920780587368,0.029432246163753194,5.787484155585475,0.0,0.014222902297973627,0.015050766596867781,-0.0009643475801941239,0.0,0.013847932910919236,0.004974771927716565,-0.01077393918889967,0.0,0.022262280178070082,0.007301374522692733,-0.018079329900084547,0.0,0.050280572319030714,0.01773662074224856,-0.039908141076992795,0
hf_transformer,0,taiwan,5044,0.8488422053019207,0.8118323663318898,0.02684670411963247,16.11061860005337,0.0,0.5723213500976563,0.01708325105615635,-0.0008700673664590564,0.0,0.5538091735839856,0.012580333696435683,-0.0048662667854523734,0.0,0.8536034545898445,0.016454491528123505,-0.01045914926271533,0.0,1.2724671630859383,0.02070313772796042,-0.01951203528168399,0
hf_transformer,0,uk,5044,0.019922723920528154,0.0004381994515745172,0.024924424397237008,6.743827814077494,1.0,0.013733414804748545,0.01768099429955934,0.0005154527730930151,0.0,0.017500602552734335,0.020322891893421752,-0.0015447696041750861,0.0,0.023237096436737104,0.01763379364027773,-0.01158679305478638,0.0,0.029391228511962852,0.025873947665871134,-0.010920453802333856,0
hf_transformer,0,australia,5049,0.03482973430379232,0.001661524082713204,0.023176511452197512,5.058232752539759,1.0,0.019058125877380316,0.015623321884583107,0.003094223828132843,1.0,0.005999924888610897,0.011434528445496573,0.007490473639337644,0.0,0.06150561321258552,0.01853774173776482,-0.022352510034134215,0.0,0.03742197380065915,0.015240307332631394,-0.009521404917920157,0
hf_transformer,0,canada,5049,0.03296541081110637,0.0013371753263583914,0.024368836746260787,6.753712126566799,1.0,0.01742821807861339,0.014343788254160529,0.0015523935847251513,1.0,0.007730164909362847,0.01058238579701554,0.0049076683804466425,0.0,0.039274595069885176,0.013611604903237467,-0.015470086540325476,0.0,0.036296594238281354,0.017051830302598558,-0.009701416063034232,0
hf_transformer,0,denmark,5049,0.08272788576761876,0.00907739984195295,0.012094079545386533,3.3701456021523963,1.0,0.006380705261230801,0.0008453535347054288,0.0017714410655219716,1.0,0.03034871673583961,0.0017716272306337703,0.006164698304388685,0.0,0.09671931915283238,3.1872874775234294e-05,-0.014123494971377236,0.0,0.11014752807617167,0.004321088739072818,-0.011745880224568734,0
hf_transformer,0,eurozone,5049,0.01940114351272581,0.0004936519261995436,0.010818200190634845,3.0064070980968625,0.0,0.009317669486999414,-0.0033393660450840145,0.001826535073594516,0.0,0.019415888786315838,-0.00456200298601185,0.006185643670147213,0.0,0.025801869964599655,0.0002226116926304471,-0.014171576475755938,0.0,0.022757690048217816,0.000751879284600267,-0.011926465662647814,0
hf_transformer,0,japan,5049,5.896464111328126,39.182926731347926,0.04025072383427492,12.844508884051702,0.0,2.5046801757812602,0.013117436873307362,-0.003765716118626225,0.0,5.659021606445322,0.016849136800186147,-0.021563624320780378,0.0,7.961062622070301,0.016629633460161046,-0.03785364043815607,0.0,5.900793457031256,0.019886238364548146,-0.020076943665951145,0
hf_transformer,0,norway,5049,0.4405049096679689,0.25074676703426513,0.04164574383154588,10.67283951861501,1.0,0.016887448120117554,0.015393740873102016,0.013840249475072064,1.0,0.05470850830078078,0.01055666031718641,0.015597096800727883,0.0,0.6158879364013679,0.01658802548078798,-0.04161808089914596,0.0,0.7415046081542975,0.026946943770307992,-0.042805995470051816,0
hf_transformer,0,south_korea,5049,11.462186686197894,215.2229461904952,0.00876410230293419,2.412275881988587,0.0,9.502246093750045,0.005957517260043659,-0.001302782006623124,1.0,1.005224609375091,0.00011086912901599583,0.0008803322865822391,0.0,13.681787109374909,0.009968746646028362,-0.0004596116362649739,1.0,11.152001953124909,0.014485427449560285,0.006031933994758642,0
hf_transformer,0,sweden,5049,0.34287340230305996,0.14617905384506863,0.03307200030993944,8.165333341765203,1.0,0.1772149230957023,0.018686087436452028,0.001889514239619883,1.0,0.10794903411865242,0.011686149387535313,0.001416274955752108,0.0,0.541692794799804,0.01992389927459196,-0.032264865393917166,0.0,0.2923631317138664,0.010276213056344817,-0.017826042303489515,0
hf_transformer,0,switzerland,5049,0.02415110195795694,0.0007112237119348125,0.027819464241200596,5.441182998434003,1.0,0.012881521987915034,0.016406988551908013,0.0017751314536216714,1.0,0.006422754859924273,0.015551029000987726,0.008276066757581302,0.0,0.03043500242233277,0.016974556974608056,-0.017926808652400865,0.0,0.03275740413665773,0.012877982724989849,-0.02489466188678805,0
hf_transformer,0,taiwan,5049,0.662907069905599,0.5062029065942358,0.021068252917371518,12.581658762748916,0.0,0.693245361328124,0.019768521932811096,-0.0020677924942465484,0.0,0.5625992584228499,0.01429650452891014,-0.003485904730883751,0.0,0.6067435302734374,0.013360739916991604,-0.005848575646854148,0.0,0.7981447448730457,0.014423234401548406,-0.010895894864758244,0
hf_transformer,0,uk,5049,0.011098972726531982,0.00015445738694895635,0.013984127557438596,3.7569943386983216,1.0,0.0059832337053833395,0.009299472767915061,0.001782638227826222,1.0,0.003680116827270541,0.011675690970761841,0.0070699750368481955,0.0,0.010314339350677493,0.011267389257148897,-0.0017004444739742908,0.0,0.018739286553222656,0.013512288485433009,-0.0101203874753966,0
hf_transformer,0,australia,5054,0.03380932760874431,0.0015487123062584013,0.022510600119445768,4.910041712068896,1.0,0.003909199676513708,0.0008498227743699286,0.0034191214614333826,0.0,0.04022330783843997,0.006383824190755074,-0.02029330922476502,0.0,0.07448997581481942,0.009080912217430435,-0.04075997368946899,1.0,0.008297354965209891,0.005751449267121698,0.00030293252080553553,0
hf_transformer,0,canada,5054,0.027864369277954104,0.0009201000628858581,0.020657735622794878,5.708648066604759,0.0,0.015451767158508378,0.010000089431177956,-0.0013260158854821243,0.0,0.031247457695007252,0.007296507511184102,-0.015805033309725557,0.0,0.049381978607177635,0.007102467213886284,-0.029662241904931188,0.0,0.022295326995849685,0.0076237726217953375,-0.008799228616611242,0
hf_transformer,0,denmark,5054,0.09908469884236656,0.01284489501069494,0.014468468754067682,4.036484904040696,1.0,2.2812652588299898e-05,0.002268359485625534,0.002265071986333141,1.0,0.055185247802734594,-0.005752740094980482,-0.013801747578869438,0.0,0.21792128753662077,0.0008909567082890112,-0.031061700363691238,1.0,0.03989903793334992,-0.004480443541915698,-0.010285983336173306,0
hf_transformer,0,eurozone,5054,0.028314998544057213,0.0009837062618843278,0.015748974265564344,4.387700784215059,0.0,0.005711385345458897,-0.0008875983938184198,0.0022548543899022114,1.0,0.022929861068725632,-0.0008648688293218488,-0.013581140010463993,1.0,0.05293286094665528,-0.0011939066712477002,-0.03080693114016211,0.0,0.02322305831909177,0.0022675212798154783,-0.010571859130474905,0
hf_transformer,0,japan,5054,4.492232157389323,24.932195430283357,0.030808174095645114,9.785612998806734,1.0,2.3646423339843636,0.029184802695470125,0.013164642665606971,0.0,6.2988024902343795,0.024227028732153204,-0.019248493955861614,0.0,7.397327880859365,0.025836804718331753,-0.02533377719565063,1.0,1.0954699707031352,0.03194212839214891,0.024572772365941107,0
hf_transformer,0,norway,5054,0.5568828377278646,0.3557631759115702,0.05244520929653861,13.492519668442197,1.0,0.06698518371582018,0.003002006727489986,0.009120787031461169,0.0,0.43634194946289107,0.0025508457669876482,-0.03826907398416052,0.0,0.8242599609374999,0.007681810386724162,-0.07046403744663927,0.0,0.508665985107422,0.012749200932039802,-0.03450447578066794,0
hf_transformer,0,south_korea,5054,12.699601236979143,244.34539255928914,0.009683392881709685,2.672696110570773,1.0,2.0999023437500455,0.005684400526133883,0.0072807991210599434,0.0,21.365063476562455,0.008317189587360295,-0.008028160736233384,0.0,28.57436523437491,0.007299307236748441,-0.014644935704365609,1.0,5.1669921875,0.020398837486864392,0.02426514608818229,0
hf_transformer,0,sweden,5054,0.3166143025716146,0.1327007527674723,0.0305903286338578,7.5399879486209676,1.0,0.04675657043457093,0.009333119325898406,0.004893647083537766,0.0,0.3149457275390617,0.011069030114093983,-0.019169206620880095,0.0,0.5879844390869149,0.007685959408504217,-0.04972750417542779,1.0,0.047675335693359244,0.007148798186665705,0.0026119711823216177,0
hf_transformer,0,switzerland,5054,0.02255663942337036,0.0006240174718613968,0.02604161295144126,5.081954568611813,0.0,0.00380808773040775,0.0039801182963609405,-0.00034110290268205305,0.0,0.015150923156738272,0.002669001584156865,-0.014658149653158481,0.0,0.04413803806304928,0.0009522413677243816,-0.05047691532703744,0.0,0.011479080772399897,0.0008284872358844821,-0.012296057239894865,0
hf_transformer,0,taiwan,5054,0.5298868993123375,0.3472066475477396,0.01688197688872433,10.056999619793336,1.0,0.3545251770019533,0.01558469958788477,0.004391205566983843,0.0,0.6521833190917974,0.01679771904630045,-0.003866190073164817,0.0,1.1573260955810554,0.014856049160494145,-0.02218479749922809,1.0,0.29093713378906116,0.011885938231438771,0.0026752034298949457,0
hf_transformer,0,uk,5054,0.010448860276778153,0.00013021357827484861,0.013180890016144082,3.536931738904402,0.0,0.004888319878173841,0.005637897381216558,-0.00047820253794087056,0.0,0.012242173374389598,0.0031071727853249557,-0.012320159674731403,1.0,0.013147821185058639,-0.0012058298222339938,-0.01785620738759586,0.0,0.017329937211029045,0.010952917662643304,-0.010783486120227762,0
hf_transformer,0,australia,5059,0.02664779552586875,0.001032299441656988,0.01779003090004558,3.8699908226763453,1.0,0.029532257804870676,0.023753295909302048,0.00417876016815932,0.0,0.05859481227874763,0.0268286317357543,-0.01226776910811569,1.0,0.024991524848938074,0.018197616215371196,0.001564887738126152,1.0,0.0027717992401123936,0.02151225120537579,0.019687168739741967,0
hf_transformer,0,canada,5059,0.018736289615631105,0.00047440836695753917,0.01394719728632834,3.8385539045466097,1.0,0.02646969108581554,0.021545283661569905,0.00198001372243703,0.0,0.03203825187683096,0.01612761673390646,-0.00773335185249857,0.0,0.023302659606933673,0.016064623132298343,-0.0012348221367346468,1.0,0.013485529708862298,0.015683945041569496,0.005705245269321357,0
hf_transformer,0,denmark,5059,0.08471231053670243,0.009648464769366335,0.012381312818249184,3.4509865464878473,1.0,0.1247884811401363,0.018289169783986245,0.00018303687511988888,0.0,0.11673550720214809,0.00848475695284939,-0.008611202112478967,0.0,0.07383117065429712,0.007714240673002422,-0.003072694689991788,1.0,0.06546203308105447,0.014366624920626353,0.004871983370557318,0
hf_transformer,0,eurozone,5059,0.017683451086680093,0.0004309708453641471,0.009875074014599904,2.7402329574528443,1.0,0.017525047683715878,0.009788712241025548,5.580980021536257e-05,0.0,0.03331431884765634,0.009782782642359798,-0.008800998565052677,0.0,0.01106400108337402,0.002543992271862763,-0.003634334444809151,1.0,0.001121266555786038,0.005521919657857308,0.004899377893191522,0
hf_transformer,0,japan,5059,2.573673034667969,9.338586352425553,0.017756593144677053,5.606337210622165,1.0,3.1296240234374864,0.031146321392451014,0.009513349968407123,1.0,4.23406982421875,0.03366944001676248,0.004364206412968718,1.0,2.1479541015625045,0.03482071312855615,0.02007854173126317,1.0,1.3794488525390705,0.03432730921129677,0.04368621787296664,0
hf_transformer,0,norway,5059,0.47255891382853216,0.24374239552587534,0.04476863926093107,11.449464783910177,0.0,0.4519743255615243,0.03610931048934345,-0.006408497596451381,0.0,0.5840735107421882,0.030280805323861706,-0.025345352374371573,0.0,0.49813409729003943,0.0311336904682377,-0.016069802053386525,0.0,0.4269672271728524,0.03352192184611955,-0.006701644919496538,0
hf_transformer,0,south_korea,5059,14.782631022135403,294.4474911578293,0.011240646779229401,3.11108039532919,1.0,21.964111328125,0.01740642920447517,0.0006168793810920517,1.0,21.140380859375,0.021133719849049694,0.005039538258088184,1.0,3.549169921875091,0.01317913055738731,0.010473710292868033,1.0,12.062255859375,0.021169488287868053,0.0302374234724981,0
hf_transformer,0,sweden,5059,0.24060060460408525,0.08417253300123603,0.023343424709400016,5.729765346704091,0.0,0.377130563354493,0.03113957668037578,-0.005145394067355619,0.0,0.43197566833496026,0.019047339291555315,-0.023143680236582517,0.0,0.20335173950195262,0.014967334501837078,-0.004753550290453567,1.0,0.09451284027099582,0.025476197910429068,0.01645451330102448,0
hf_transformer,0,switzerland,5059,0.018301271874109903,0.00042683581324286305,0.021200392042014033,4.123230879670769,1.0,0.017002417659759517,0.020611424965327765,0.001210549218302454,0.0,0.02120797939300534,0.011365038651059584,-0.013121414453917228,0.0,0.024254006385803217,0.008219008178582263,-0.01992376285567128,0.0,0.00965280227661136,0.006900978824213559,-0.004219537487971858,0
hf_transformer,0,taiwan,5059,0.4388471282958985,0.26354811571852893,0.014015373081431828,8.329108359060895,1.0,0.37829621887206955,0.014091851596909807,0.0020787368769774944,0.0,0.5797957763671882,0.017290650761937813,-0.0011211122606726044,0.0,0.6236455535888688,0.012001565857449116,-0.007922711043871059,1.0,0.1890599670410147,0.008243424246364692,0.002222489622503309,0
hf_transformer,0,uk,5059,0.008638977633595776,8.490747663186862e-05,0.010918841158615076,2.9242877571879786,1.0,0.010235881049499462,0.017317123070211222,0.0044589208043228044,0.0,0.013538705786804162,0.015770884904479903,-0.0012984203453726996,1.0,0.005991543901367136,0.007619234480934102,3.937275468724211e-05,0.0,0.01050704584579465,0.011547141599431378,-0.001730852744393882,0
hf_transformer,0,australia,5064,0.022175778708140057,0.0006375011355130837,0.014805019156351974,3.2205313194816583,0.0,0.037313689117431714,0.025073052791939082,0.0,0.0,0.02945127532958991,0.01710312886017966,-0.002793735676454264,1.0,0.0006562668228149438,0.020950279990572054,0.02138748171281662,1.0,0.03769718406677236,0.01798004579713567,0.04286180107890254,0
hf_transformer,0,canada,5064,0.010772894630432132,0.00020230425358393856,0.008049231867425113,2.207071815991545,0.0,0.024208585739135646,0.018082061259119344,0.0,0.0,0.03372651233673096,0.019094108945340908,-0.006161775028805157,1.0,0.0019495622634888576,0.010683587999058048,0.012136344040270444,1.0,0.001761089324951115,0.015155787277938074,0.013847526661524626,0
hf_transformer,0,denmark,5064,0.04744249356587729,0.0039044095168417584,0.006954555741560852,1.9326991081980232,0.0,0.12335019226074184,0.018055987574507198,0.0,0.0,0.1279317382812497,0.015569588413661559,-0.00321044186270187,1.0,0.027123043823242377,0.010180284114022135,0.006206649901187915,1.0,0.009064449310303146,0.017916040807317304,0.019230306860212966,0
hf_transformer,0,eurozone,5064,0.012563936748504638,0.0002534048528026922,0.007020516789594036,1.9469114589028391,0.0,0.024375767898559664,0.013631377326065923,0.0,0.0,0.02714408702850335,0.012112983550970333,-0.003101564545778799,1.0,0.00544067096710199,0.009046912775013061,0.006006529791112324,1.0,0.017498621368408296,0.009582821301559314,0.019294099506269854,0
hf_transformer,0,japan,5064,2.1370393880208356,5.792877515086191,0.01472126230389131,4.655200283890025,0.0,2.862335205078125,0.019904777082779587,0.0,0.0,4.23282958984376,0.0197360347767815,-0.009846385421616735,1.0,0.887246093750008,0.018770945895832673,0.024868189800900685,1.0,2.4343981933593852,0.024015550486767265,0.04057051426258853,0
hf_transformer,0,norway,5064,0.19772822031656917,0.05737135641365992,0.018968656067469294,4.790687952447005,0.0,0.37363478240966863,0.0359390401043086,0.0,0.0,0.3566004913330083,0.029114753661100584,-0.0053961690080982444,1.0,0.2664331909179687,0.03794928535052727,0.012506367446668177,1.0,0.0686127258300786,0.032124477607618995,0.038610681217900476,0
hf_transformer,0,south_korea,5064,15.506466471354155,318.31599323630303,0.011769312304600025,3.2634152721272893,0.0,8.16650390625,0.006247903842293838,0.0,0.0,24.54738769531241,0.007224330972009777,-0.011656313226220434,1.0,0.837792968749909,0.008207053277191017,0.007569132815219721,1.0,5.545068359374909,0.010728833422586658,0.014930198115716812,0
hf_transformer,0,sweden,5064,0.13447606496175132,0.02780598347295892,0.01309519348769344,3.2024703273164095,0.0,0.39057952728271417,0.038224110333942865,0.0,1.0,0.24094043579101587,0.028974353748603444,0.00534775264063438,1.0,0.0644104278564459,0.032777635461034946,0.026539864014214997,1.0,0.07957465820312493,0.037387999649850664,0.04500592526601815,0
hf_transformer,0,switzerland,5064,0.011822819124857576,0.0002144322720809875,0.013763399069796409,2.663651643213775,0.0,0.01777952022552487,0.02056840494554253,0.0,0.0,0.02765382251739501,0.015948150333532623,-0.016380286112888814,0.0,0.014278260421752953,0.015976261979003033,-0.0005845902189167478,1.0,0.0008573431015014288,0.012668342000519722,0.011678371114237661,0
hf_transformer,0,taiwan,5064,0.3352485519409182,0.17656744556455387,0.010729426493804754,6.362856986616538,0.0,0.30242341613769597,0.009645920385924631,0.0,0.0,0.8265135498046874,0.01006134213258385,-0.01651301013214707,0.0,0.40463183593750074,0.00984296911719765,-0.0030815181589876907,1.0,0.42176889038086074,0.013822236774552316,0.0004005415375064816,0
hf_transformer,0,uk,5064,0.004820129289886473,3.4935769791823435e-05,0.0061093429174946656,1.631610321071209,0.0,0.011602568110565148,0.014646046731869235,0.0,0.0,0.009131360307861325,0.009060072911360928,-0.0025133539949337685,1.0,0.006946932396911576,0.009106790038040826,0.00031461428174140755,1.0,0.0019115927595825255,0.0070277947130089335,0.00461111869402904,0
hf_transformer,0,australia,5069,0.022981681598663324,0.0007377436981623669,0.015244710687524966,3.3375705239916797,0.0,0.03290882156372077,0.022206978560719882,0.0,1.0,0.011539859848022527,0.020725022065882743,0.012982397042357477,1.0,0.021020792427062895,0.02619678683447938,0.04007276473925701,1.0,0.045749664421081526,0.015135664250986156,0.045420825579419476,0
hf_transformer,0,canada,5069,0.00747375420888264,8.309450890023613e-05,0.005574502588390791,1.5311680694876892,0.0,0.024359880828857428,0.01830547659728438,0.0,1.0,0.002670951080322226,0.012338964428014285,0.01033620428696699,1.0,0.015568137550354022,0.013170779828856373,0.02475550066995673,1.0,0.0076603103637695735,0.02635250123554177,0.020678098623930496,0
hf_transformer,0,denmark,5069,0.04689637880961106,0.0032801065862254797,0.00684476201591223,1.9104516371424827,0.0,0.08562674560546846,0.01260872037857869,0.0,1.0,0.017893196105957188,0.009188533910230397,0.006557836382449212,1.0,0.0766558479309083,0.006814570133481089,0.018033456135490476,1.0,0.033644563293457,0.019023402324156485,0.023903128898248503,0
hf_transformer,0,eurozone,5069,0.010956087436676022,0.00021388132820407407,0.006095032350119456,1.6977586406382335,0.0,0.031455290985107354,0.017609862574531013,0.0,1.0,0.011863639068603549,0.012830631871701127,0.006193539125161786,1.0,0.008708671188354389,0.01295758266860106,0.017801136179997065,1.0,0.0018005914688110636,0.02283707023890588,0.023830582480324707,0
hf_transformer,0,japan,5069,2.2322478841145843,6.3856942331435285,0.015285303996590054,4.862596844069869,0.0,3.0536303710937602,0.021428780206766147,0.0,1.0,0.25266967773438864,0.023918424819851108,0.02216701315056545,1.0,3.6478961181640557,0.024987396508345455,0.049910937755478474,1.0,3.3855468749999886,0.034573794725575924,0.05750710227264021,0
hf_transformer,0,norway,5069,0.07617847274780273,0.01005453307348391,0.007296482281949851,1.8457015950703386,0.0,0.2740313690185552,0.026625388856473416,0.0,1.0,0.15464378356933572,0.023255528450430513,0.008266495393877193,1.0,0.024325064086914594,0.03936244466279768,0.03705702625557644,1.0,0.029950541687011167,0.036240632742096074,0.039080766789059154,0
hf_transformer,0,south_korea,5069,13.497184244791667,253.75567648744587,0.010215579753932518,2.840551538710573,0.0,23.24843749999991,0.01789043809333086,0.0,1.0,18.705615234375045,0.006843819086860028,0.021165827497547158,1.0,18.43198242187509,0.025541066807890814,0.03939540089938022,1.0,7.3253173828125,0.02531902356842389,0.030849301432428027,0
hf_transformer,0,sweden,5069,0.1285688084411621,0.022709098615710473,0.01240311174888827,3.0617924027473493,0.0,0.19411884155273462,0.019078767362966847,0.0,1.0,0.0743007156372073,0.01921328696318148,0.011954632455676963,1.0,0.20103479003906166,0.02107214827914826,0.04041607161323571,1.0,0.16238576354980516,0.021514027013879427,0.037161149372774024,0
hf_transformer,0,switzerland,5069,0.008338198347091671,9.753833671899936e-05,0.00969243348435956,1.8785752783763972,0.0,0.024831781005859366,0.02907683210975149,0.0,1.0,0.014903606319427443,0.024185183395334,0.006749581574290129,1.0,0.00724742202758788,0.02366196569348172,0.03203641014439818,1.0,0.011857450008392334,0.025215606173990653,0.03885963549252369,0
hf_transformer,0,taiwan,5069,0.19835867207845084,0.05766567343365226,0.006343678518599408,3.76475261468923,0.0,0.4685251922607421,0.015150776117067305,0.0,1.0,0.31934788513183676,0.020586170301698754,0.010340448700636756,1.0,0.009998199462891932,0.02921972582366696,0.028903282031632827,1.0,0.24906683349609438,0.02944338823317069,0.021532202254876818,0
hf_transformer,0,uk,5069,0.004636480631548046,3.0646145051014004e-05,0.005865827444297458,1.5694453814243483,0.0,0.011340785280395504,0.014353723734976351,0.0,0.0,0.00568634207550045,0.006911334479047494,-0.0003137252199692023,1.0,0.009350063966308553,0.017758320128670884,0.005979561808619981,1.0,0.004106911948242198,0.014158062822203695,0.00898280504738121,0
hf_transformer,0,australia,5074,0.027576225477854394,0.0009825471293851552,0.01824179984139112,4.004824317259201,1.0,0.0011467757415770663,0.0043395341555607465,0.0035701717110648945,1.0,0.0038878597259521808,0.002752470992802221,0.005360538409719666,1.0,0.0259291984176635,0.005916978605395363,0.023129576273248673,1.0,0.03271497055053718,0.00993587905871544,0.03151861230497333,0
hf_transformer,0,canada,5074,0.00626204464594522,6.195167386067282e-05,0.004659938595839977,1.2829218815066101,1.0,0.0057753433227538675,0.008092472045469533,0.0037832719820559643,1.0,0.00023282756805409477,0.004580929191938652,0.004754871460581495,1.0,0.010108124160766563,0.005794092116793722,0.013308925405037546,1.0,0.0009206848144531765,0.012583324157269317,0.011900683251169941,0
hf_transformer,0,denmark,5074,0.04180033078511558,0.002938588109624487,0.006079695317438782,1.7028502500315692,1.0,0.03230619354248088,0.005374540638369914,0.000632827582966889,1.0,0.03483825149536113,0.006264719905825833,0.0011549766426435053,1.0,0.02331164855957013,0.009762409224026753,0.01315514987952081,1.0,0.07906729278564484,0.007155919593353536,0.018646604132181027,0
hf_transformer,0,eurozone,5074,0.01527578496297201,0.00035401605977902577,0.008486433801829,2.3671402828166594,1.0,0.017896884536743096,0.010606671593141473,0.0006172493322063698,1.0,0.005924265480041546,0.004493979143957832,0.0011780546633385607,1.0,0.021717400169372514,0.0014485867487821203,0.013547623160786157,1.0,0.005336758613586401,0.016071357470953968,0.01901483359791864,0
hf_transformer,0,japan,5074,2.9237406616210952,10.44803434553141,0.01993035328078957,6.368903836912636,0.0,0.3797546386718693,0.000969105946190844,-0.001666435602972696,1.0,0.5177398681640568,0.0004665217420486181,0.004050340468773376,1.0,2.3944433593750034,0.007296450777572581,0.023653109697389724,1.0,3.6123803710937636,0.017077022930603435,0.04141568532466658,0
hf_transformer,0,norway,5074,0.07554763051350898,0.009065756090291005,0.007200339707247206,1.830417139028165,1.0,0.1052171874999992,0.021626482696862574,0.011520299848726621,1.0,0.13779729461669987,0.015676988394931226,0.002341007701973445,1.0,0.014721887207031159,0.023130979165676892,0.021725180579216137,1.0,0.015094700622558577,0.027741000842388237,0.026306210954661614,0
hf_transformer,0,south_korea,5074,13.153633626302083,219.45921850663441,0.009931864731540915,2.768249551846007,0.0,0.7776367187500455,-0.00021108063525660374,0.0003800258463308073,1.0,0.37807617187490905,-0.001081525630209449,-0.0013692900850049057,1.0,14.887158203124955,0.004144231991743789,0.015351550895363879,1.0,6.3437988281250455,0.0103278747127108,0.015089501291618203,0
hf_transformer,0,sweden,5074,0.12266798685709634,0.02037931743593418,0.011795817763265302,2.921267722499353,1.0,0.029869725036620665,0.005648244674716847,0.002731814094881821,1.0,0.011503184509276565,0.006888937432484871,0.005768184501909771,1.0,0.11986682281494154,0.012514032655767178,0.024053779037288833,1.0,0.06537785644531269,0.0185080459268267,0.024780971770616108,0
hf_transformer,0,switzerland,5074,0.010678829720815016,0.00016280859504122811,0.012343424378211725,2.405913685479957,0.0,0.014529421234130813,0.015840617156891695,-0.0011808468042745297,1.0,0.009206536102294938,0.015000558968373314,0.004239540001305034,1.0,0.006018318367004394,0.017062179437240744,0.02402027687517722,1.0,0.01710194301605228,0.019051511924844024,0.03865998478196627,0
hf_transformer,0,taiwan,5074,0.12498439890543635,0.02596834222878928,0.003989863208949172,2.372144044140941,0.0,0.3778051910400393,0.01161595653552766,-0.0004999717862017588,1.0,0.2293657531738269,0.011091799683078008,0.003749873631473446,1.0,0.07141931152343872,0.011970164786386753,0.009691833056025083,1.0,0.1484615631103523,0.015819692680890354,0.011096081136525044,0
hf_transformer,0,uk,5074,0.005890164829382316,5.380485378567299e-05,0.007437747284510401,1.9938165867449535,1.0,0.008923841951232858,0.011431733588237366,0.00011763538151452835,0.0,0.006661478173095703,0.007720411691583369,-0.0007447032772377848,1.0,0.008556352520202593,0.01485513359287993,0.004046759560354596,1.0,0.0038089765636596384,0.01788556084598458,0.01310303746251729,0
hf_transformer,0,australia,5079,0.029145033482869454,0.001003913833723656,0.019255133947548984,4.232658269829713,1.0,0.0003027071380614643,0.005336816040714627,0.00553851475412603,1.0,0.01566371223449714,0.0069474965988986165,0.01731481107806327,1.0,0.026257397079467726,0.005840015609508172,0.02317754316786501,1.0,0.023815812606811537,0.005214790124355895,0.020962543179713404,0
hf_transformer,0,canada,5079,0.006342869828542064,5.7224164576954176e-05,0.00471522197018705,1.299480753439502,1.0,0.0012550006866454133,0.002756440540799256,0.0036909353113898026,0.0,0.00834956665039055,-0.0004106222614296571,0.005809855826869693,0.0,0.00402514228820805,-0.000990399736161527,0.0020149260548384808,1.0,0.0015908422470092276,0.007449238960134758,0.008628117046252578,0
hf_transformer,0,denmark,5079,0.056983092320760126,0.004725828846681896,0.008291577412410083,2.321361366846659,1.0,0.045280802154541,0.008205340794814251,0.0015794948166763685,1.0,0.0036533607482907016,0.007091321940151426,0.0076245951927842144,1.0,0.03127762222290009,0.007452731253841362,0.012007437801421104,1.0,0.01594998779296919,0.010473446059917487,0.012791700308124406,0
hf_transformer,0,eurozone,5079,0.018331453425089527,0.0004299909288139039,0.010176388796518413,2.840647596852817,1.0,0.005139312934875573,0.00421799328744419,0.0013446510135962755,1.0,0.00018344726562502522,0.007438168223011671,0.007540250202320179,1.0,0.009973634338378945,0.006970500335122941,0.01250799787792041,1.0,0.011209567642211926,0.0069783319895951245,0.013199857485697682,0
hf_transformer,0,japan,5079,3.0633835449218756,10.848939397511186,0.02078827619914255,6.673093639697252,1.0,0.1841699218749966,0.006033446867289562,0.007297543658475331,1.0,2.7177166748046773,0.004565711372748862,0.023086091711111995,1.0,0.7780053710937409,0.005216940734092002,0.010550469877736775,1.0,4.272915039062497,0.010564724944582885,0.039360225325944576,0
hf_transformer,0,norway,5079,0.08546791015624991,0.012363456984518071,0.008137083217158881,2.070772127776333,1.0,0.0733358749389641,0.01579777014645438,0.00873994922288381,1.0,0.06373887634277331,0.017816864741735907,0.023898616490111765,1.0,0.017197213745117068,0.021097695381912033,0.019455838457012098,1.0,0.021240245056151963,0.023918569673418426,0.025937014132145435,0
hf_transformer,0,south_korea,5079,10.666156412760422,176.416329128206,0.0080357684561221,2.24474723474903,1.0,5.0965087890624545,0.008826692292257987,0.004973717943503599,0.0,31.71435546875,-0.00485656180934288,0.019113544380005773,1.0,5.2335937499999545,0.009784432265018326,0.013721888365355027,1.0,6.4048339843750455,0.017958907905165012,0.013158582118415007,0
hf_transformer,0,sweden,5079,0.13025476760864266,0.02168791801117416,0.012520015028028492,3.101942552950355,1.0,0.03826550750732416,0.008847957262893967,0.005143674134174156,1.0,0.2038247940063478,0.002222629973210705,0.021854288441563292,1.0,0.09358991394042881,0.008224003148121373,0.017232141266342878,1.0,0.09277314758300825,0.01463429447103914,0.0056817920434577025,0
hf_transformer,0,switzerland,5079,0.015442267894744866,0.0003082857802487122,0.017831721394413556,3.479104418192644,1.0,0.004805353832244896,0.01041080944248206,0.00480657431837697,1.0,0.011157750034332281,0.007950273950342611,0.020874671404474427,1.0,0.0025183889389037706,0.015298547095339992,0.01237972014842269,1.0,0.019091257858276367,0.012854034132903815,0.03476100557405372,0
hf_transformer,0,taiwan,5079,0.13383178354899067,0.02977252390463049,0.0042693304478566675,2.5400631682254637,1.0,0.0379949035644529,0.005382740240398494,0.0041678749699512645,1.0,0.20289068603515759,0.0036113249994831494,0.010085193563769357,1.0,0.016335479736326874,0.006394231509777949,0.006915568318205883,1.0,0.06285452270507719,0.012139138537607699,0.014132143643966578,0
hf_transformer,0,uk,5079,0.0038348504855468773,2.1941130328936196e-05,0.004848004949502364,1.2980941496966758,1.0,0.006558901663940464,0.01063043434345051,0.002314315709650644,1.0,0.0032863080415649337,0.010565256928019079,0.006406876392017224,1.0,0.0012516523294372472,0.007717164243769219,0.006130889811181117,1.0,0.01288221488696284,0.022725952200607073,0.006525180133871974,0
hf_transformer,0,australia,5084,0.021234332656860345,0.000538343999882141,0.01397360131477614,3.0838075302676313,1.0,0.00022401924133297335,-0.0009842199903458374,-0.0008365803456784555,1.0,0.01347928794860831,-0.009832265254241988,-0.0009090730058284719,0.0,0.028004337463378937,-0.0033401812542114572,0.014991883137397475,1.0,0.010548756065368758,0.0009353793570487514,0.007850739310200541,0
hf_transformer,0,canada,5084,0.00558681744893393,4.672682448721318e-05,0.004145218384089407,1.144586274686068,0.0,0.007971793746948341,0.004573279242223357,-0.0013377431298973997,1.0,0.006518742752075202,-0.006160077945351707,-0.00130055942379308,0.0,0.002852945518493577,-0.0021211127763626375,0.0,1.0,0.0030456771850586595,0.0042645932732689905,0.006514439886830203,0
hf_transformer,0,denmark,5084,0.0433158679962158,0.0029260472841398533,0.00629180980301843,1.7645897834367237,0.0,0.036420513916015196,0.005199118121209347,-0.00010215548073028573,1.0,0.0037964981079099402,0.0019093342415618022,0.0013562191278611154,1.0,0.0483186798095705,0.0037551813852481353,0.010755288952989014,1.0,0.009155020141601966,0.002564326190054364,0.003896000063516275,0
hf_transformer,0,eurozone,5084,0.013899462013244634,0.0002632520999294292,0.007698070231480922,2.1538648600241888,0.0,0.006331989288330009,0.003295340230333205,-0.0002225994054657678,0.0,0.010821835327148532,-0.004138331762873483,0.0018900970132022593,0.0,0.023302882766723654,-0.0017280496934989219,0.011177319298684608,1.0,0.022588149261474566,0.016822427683904153,0.004386215460327572,0
hf_transformer,0,japan,5084,2.2391989949544278,6.309336600263958,0.015097311534511219,4.877738733047853,1.0,0.009293212890611358,-0.0015927520892457592,-0.0016556015472261314,1.0,1.487984619140633,-0.010234051360892851,-0.00013504844883603211,0.0,1.625062866210925,-0.0020957285946009915,0.008839650871474966,0.0,2.473724365234375,-0.0030682339382961375,0.01354679872396728,0
hf_transformer,0,norway,5084,0.046281509195963605,0.004576973505240747,0.004388860315086641,1.1213385128900009,0.0,0.04620467834472741,0.0037651380552906903,-0.0006232767907472376,1.0,0.07186087341308678,-0.0035821533724885524,-0.010466243122989119,1.0,0.09309483947753883,0.0021670393689893278,0.01096489765654799,1.0,0.0031287979125984577,0.0006874183541178865,0.0003899451272983517,0
hf_transformer,0,south_korea,5084,5.740657552083325,50.70932680273065,0.004307431359145557,1.2081507777500493,1.0,12.361181640625091,-0.0093499087953226,-7.468538783852691e-05,1.0,10.9605712890625,-0.010292194361714326,-0.002055883351917516,1.0,6.86328125,-0.0029069235878794977,-0.008060780360119908,0.0,11.418310546875091,0.0029964848023201576,-0.005541839990302709,0
hf_transformer,0,sweden,5084,0.07752353993733727,0.009273747561341835,0.007431971653855444,1.846178622109928,1.0,0.020912934875488176,-0.0013492617404196564,-0.0033485666142966707,1.0,0.011219879150390355,-0.004251408187243112,-0.005326664502177285,0.0,0.08389704132080134,-0.0066600913622786645,0.0013629628915511488,1.0,0.1625312942504884,-0.0006267002650832825,-0.016259739092796887,0
hf_transformer,0,switzerland,5084,0.013439820884068802,0.00023193593457983294,0.015450264421931615,3.0279581040938854,0.0,0.003569646453857378,-0.003596800771637151,0.000517762128638515,1.0,0.0032096416473388345,-0.010306865878289015,-0.006581629901235447,0.0,0.011823295021057167,-0.007014178280470311,0.006595762491114536,0.0,0.02005320911407471,-0.004502246878630775,0.018416096742005107,0
hf_transformer,0,taiwan,5084,0.1381253657023115,0.027769062510855747,0.004394416301552704,2.621553301571913,0.0,0.1368978881835936,0.0013634416438625895,-0.0029941572640319286,1.0,0.0853936614990225,-0.0015949082145521613,-0.0043189038805565745,1.0,0.024365905761719375,-0.0018666041564414442,-0.002643313641002745,1.0,0.07695773315429832,0.008028929839332677,0.005597902327408193,0
hf_transformer,0,uk,5084,0.0036818446987253784,1.963872373196037e-05,0.004650509872540776,1.2463018001666781,0.0,0.0063850648922424424,0.005095367713665106,-0.0029923637665361554,0.0,0.005257485966491671,0.0033985169556331888,-0.0032675262988974643,1.0,0.0008824993345641907,0.007004538832811454,0.005892722593514013,1.0,0.008956977442932113,0.013362058203647767,0.002092092104712275,0
hf_transformer,0,australia,5089,0.01905115284347534,0.00044497995533124133,0.012516539359097306,2.7667499397494835,0.0,0.006562268371582025,0.004013622827865309,-0.00030320807556745693,0.0,0.021821367721557516,-0.003420614037216135,0.010906863231044889,0.0,0.023020376281738253,-0.003982226404610447,0.011135001849058076,0.0,0.014803164825439419,0.0023718437809419,-0.007408715274944289,0
hf_transformer,0,canada,5089,0.005748881117502847,4.716906402172049e-05,0.004263735490862671,1.1777886931228205,1.0,0.004080902099609318,0.0034379016640949953,0.0004089295397047036,0.0,0.005056251525878963,-0.003356747923241263,0.0004089295397047036,1.0,0.0001041137695312333,0.0038194877382898952,0.0038966148797257164,1.0,0.0041607210159302355,0.0035341068807624183,0.00044609666167298896,0
hf_transformer,0,denmark,5089,0.047774277038574196,0.003128510288429022,0.006938830894360935,1.9462152110332536,0.0,0.04842504806518555,-0.001046175197759181,0.00599341430764148,1.0,0.0130550994873051,0.003853697801990636,0.005747121377176756,1.0,0.042958349609374835,0.0031997442891537084,0.009420724768049935,0.0,0.11632215728759743,0.008087661676738899,-0.008870536014849337,0
hf_transformer,0,eurozone,5089,0.014951498711903903,0.000288963861500134,0.008291436546034833,2.3168887867444363,0.0,0.011020689010620144,-0.00017812200291713668,0.005925040867672143,0.0,0.017296680831909272,-0.004004943824076582,0.005593723048025702,1.0,0.004204243278503439,0.006971150079595266,0.009287222285482231,0.0,0.020823668670654216,0.0026754152284586934,-0.008925891176575298,0
hf_transformer,0,japan,5089,1.8642855428059903,4.334694240045909,0.012533311180948078,4.061049429772092,1.0,0.20146484374998863,-0.0014092050184317877,-0.0027725200340451006,0.0,0.7060809326171977,-0.003525001706918904,0.001248502802590708,1.0,1.8614270019531318,0.000732911609559189,0.013215460329783595,0.0,1.9708691406250125,0.006266371346431386,-0.007047770845545056,0
hf_transformer,0,norway,5089,0.07076647898356109,0.008698122364876614,0.006719520728297392,1.7145762894181635,1.0,0.06258667907714788,0.0116058517047145,0.005641189301927065,1.0,0.14413038024902391,0.006292845395270573,0.01996697376302539,1.0,0.04782818908691411,0.009026105660744148,0.013572071655349731,0.0,0.17871584014892505,0.014445647667237951,-0.0026325620103226604,0
hf_transformer,0,south_korea,5089,6.122854817708344,65.81261796633429,0.004587392405956714,1.288586149400329,0.0,2.1473388671875,0.0012320481011833767,-0.0003742515013742409,1.0,4.284033203125091,-0.0070338220269050775,-0.010267687098693058,0.0,2.836083984374909,0.0005507063198706083,-0.0015727984069026778,0.0,21.23874511718759,0.0036145970653288554,-0.012349089579575596,0
hf_transformer,0,sweden,5089,0.09447064646403001,0.013929820386895803,0.009076529573998572,2.249764240123367,1.0,0.016911296081543625,0.0035452188662518955,0.005159740692969938,0.0,0.06538779907226555,-0.0008477846271647502,0.005407731728411105,0.0,0.0545633255004887,-0.002757016515930244,0.002475598436303366,0.0,0.3354670761108398,0.008751228436837063,-0.023654700932436948,0
hf_transformer,0,switzerland,5089,0.01369269996007284,0.00023708798377278286,0.015708801888328325,3.08493112881997,1.0,0.004532803249359119,0.005928641113855776,0.0006948465826757982,1.0,0.0008112293243408564,0.0018388674166341867,0.002776494148292223,1.0,0.012063271141052212,0.005875578955368841,0.019673141728528243,1.0,0.008734211158752392,0.004064699223529325,0.01409162592840087,0
hf_transformer,0,taiwan,5089,0.11807866566975882,0.02247580702441132,0.0037552274272564315,2.2410765340444785,0.0,0.27908853149413915,0.006355171327833856,-0.0025426791774536602,0.0,0.10327600097656386,0.0003601217252909601,-0.002943060345669361,1.0,0.06816722106933426,0.0016064767308615272,0.0037780709847343276,1.0,0.003223678588867074,0.004389625695943924,0.004287098276406405,0
hf_transformer,0,uk,5089,0.004875754730517578,3.612746991976695e-05,0.006174143752615827,1.6504394929853887,1.0,0.0010792194773560082,0.0020166046650875085,0.0033858300407524546,0.0,0.006438541136291498,-0.0031394217314506382,0.005043551093050154,1.0,0.003356900106903038,0.006434551126281976,0.010668664665780607,0.0,0.018270551176422067,0.01076382940330806,-0.01249869817661338,0
hf_transformer,0,australia,5094,0.013794982344309484,0.00027065722814065263,0.009046433751032307,2.0034098137549208,0.0,0.02351705551147454,-0.008180184427423352,0.0071582452992853115,1.0,0.011542677993774397,-0.007789604006329265,-0.00023471117593732734,1.0,0.0040710438537596705,-0.00665257250321905,-0.003984511421466864,1.0,0.001864124374389542,-0.006340791845971316,-0.0075644909850468445,0
hf_transformer,0,canada,5094,0.005474160041809088,4.918002309387027e-05,0.004058577020286692,1.1215058495396513,1.0,0.00524545421600342,0.010239501884540744,0.00637251610023277,1.0,0.0031812597274780696,0.0030292371652491227,0.0006687969336007396,0.0,0.007743386077880832,-0.002190381582617683,0.0035617594141290295,1.0,0.0021452802658081804,0.004268683096182408,0.00585533840122836,0
hf_transformer,0,denmark,5094,0.0435434779612222,0.0032637571418591958,0.006320426651302692,1.7738620948883557,1.0,0.03785766906738264,0.0020036901677280457,0.007463205983752149,1.0,0.0029944244384765284,0.0010290400967128393,0.0014623801753336125,0.0,0.007567113494872935,0.00017633937339864484,-0.0009205133780137824,0.0,0.1289703948974612,0.011047982058189453,-0.007606922148817015,0
hf_transformer,0,eurozone,5094,0.011331189193725591,0.00020180965854374846,0.006275645555586526,1.75588452296897,1.0,0.003481163787841801,0.0051884256349502,0.007099253854666844,0.0,0.0028192348480224894,-0.00012108807425686642,0.0014349184282758539,1.0,0.003430743598938024,-0.0027269044197468545,-0.0008287751178842344,0.0,0.021724703216552843,0.0040921889561631,-0.007929068433687556,0
hf_transformer,0,japan,5094,1.6319199829101563,3.395482124318446,0.010958954699053499,3.5548780290684543,1.0,0.4491119384765625,0.0010508273430193259,0.004072091645529477,0.0,1.4468261718749886,-0.0026461510496210787,0.0070902025884348715,0.0,3.061625366210933,-0.005590734746703648,0.014961370198499606,1.0,0.20600830078126364,0.007230881129250893,0.005850526085713935,0
hf_transformer,0,norway,5094,0.07140857660929356,0.00827524210747524,0.0067689150254491605,1.7301334484062254,0.0,0.16425791015625002,-0.007515298711041216,0.007958746843159387,1.0,0.031151217651366636,-0.007880242884519864,-0.004926083436939399,1.0,0.05263036804199217,-0.004440391799327607,-0.009434143877459982,1.0,0.0019579345703117923,-0.0010708042060983895,-0.00088613209165791,0
hf_transformer,0,south_korea,5094,11.747637532552092,228.25610046496027,0.008809533149973403,2.4723504742985005,1.0,13.513769531250091,0.016321371073830065,0.006218339583605476,1.0,7.0020751953125,0.009520598140485977,0.004262790090490674,1.0,10.864648437499909,0.012707849434586657,0.004563892881730177,1.0,21.571459960937545,0.02207531457643764,0.005992894328273314,0
hf_transformer,0,sweden,5094,0.13292412007649748,0.022632110893250127,0.012773289552488246,3.165511650349847,1.0,0.1199943145751945,0.0021773595026087222,0.013531544753913455,0.0,0.027261911010741713,0.000106036598953071,-0.002497023252609783,1.0,0.1392614166259758,-0.0010007899140893975,-0.014384521859652784,0.0,0.1441718902587894,0.0023454208123507665,-0.011466899099972222,0
hf_transformer,0,switzerland,5094,0.016736024592717492,0.00030453906016865076,0.01920128460586791,3.7705845734821826,0.0,0.0061567190170288555,-0.0002388443910009287,0.006850327568657392,1.0,0.008510053157806396,0.0010275989675113167,0.010800978265397406,0.0,0.020124346733093268,-0.004311901584785273,0.01876914791457419,1.0,0.017850930595397996,0.00022995207632603364,0.02063814854358908,0
hf_transformer,0,taiwan,5094,0.13313495127360006,0.030208147256925486,0.004236120673655076,2.5268376253072335,1.0,0.17034147644043074,0.010670155953049869,0.005256232894785877,1.0,0.0567612609863275,0.0028069346500688803,0.004618650585223109,1.0,0.10109506225585818,0.006893114113879982,0.010104476759868718,1.0,0.05096109008789185,0.011500188416688116,0.013112854980763108,0
hf_transformer,0,uk,5094,0.004714480872595221,3.789358760220381e-05,0.005975377384727778,1.595848407294555,1.0,0.005045838956115767,0.004544939775409494,0.010882623197563217,1.0,0.0032857983618164166,0.0060010172262243465,0.0018583323584185328,1.0,0.0016840733399048347,0.004892453598362973,0.0027689881734933404,0.0,0.00928472244464107,0.005301386045690139,-0.006457478881259417,0
hf_transformer,0,australia,5099,0.008164662292480473,0.00010079856750971088,0.0053504958261973885,1.1857329103068812,0.0,0.005833904953002955,0.0022756165587077414,-0.0015269669187689696,1.0,0.006178863487243724,-0.004960617214641662,-0.000919816232088684,0.0,0.00924549697875987,-0.004657021722409459,0.001381395689736537,0.0,0.001903251876831158,-0.0011634495114477062,7.824317984291168e-05,0
hf_transformer,0,canada,5099,0.005239320659637451,4.788536973387231e-05,0.0038812922156775116,1.073393675471622,0.0,0.012248238372802644,0.00817378961966216,-0.0008918286793769926,1.0,0.0014227943420410671,0.0026135221904332257,0.0015587889142064401,0.0,0.016687448120117132,-0.00483091102721618,0.007548601986410572,1.0,0.0006540493011475412,0.010422816938567593,0.009941872518831081,0
hf_transformer,0,denmark,5099,0.04748605923970537,0.0034234336103111753,0.006893939724027424,1.9344738745019625,1.0,0.0029977371215821336,0.001979886222526501,0.0015469248922918041,0.0,0.044557633972168276,-0.005157910520096133,0.0013013116163819586,1.0,0.007765235137939364,-0.002250166288392394,-0.0033768392728794725,0.0,0.07615897827148466,0.008680741127687743,-0.0023031305220199633,0
hf_transformer,0,eurozone,5099,0.010575710398356126,0.00016763666741567856,0.005857895316114756,1.6388152991177765,0.0,0.004093289566039937,-0.0004927669521048025,0.0017632315778509087,0.0,0.004145619392394995,-0.0009079644767264932,0.001377790242755764,1.0,0.00278977527618407,-0.00171674905576897,-0.003259131206126664,0.0,0.009827921867370693,0.0026590408885677434,-0.002761288514131686,0
hf_transformer,0,japan,5099,1.452639180501301,2.635717470583878,0.009724694054248369,3.1643433262698,0.0,0.7377758789062625,-0.004078460514572165,0.0008702055572906653,1.0,0.8571618652343886,0.00035378395228307855,0.006075596202591931,0.0,1.585939331054675,-0.008345048599546816,0.0023077319226860113,1.0,1.2272229003906148,0.005361640192592305,0.013502932312931152,0
hf_transformer,0,norway,5099,0.07465025817871099,0.008461041425676873,0.007069286643130523,1.808675018321808,0.0,0.058652842712401565,0.0005919248032636484,-0.004974260915164736,0.0,0.08475298004150389,0.003521386632556378,-0.004508060440520505,1.0,0.03884776306152382,0.007325795256457267,0.0036673528912634294,1.0,0.031179270935059122,0.01443734121467481,0.01734325222322015,0
hf_transformer,0,south_korea,5099,9.127710774739596,139.95692108382826,0.006858089730979638,1.9209734723815974,0.0,7.928466796875,0.005951362775925727,0.0,0.0,8.529101562500045,-0.0010011420916776446,0.005406027356737393,1.0,10.308691406250091,0.01023071069523006,0.0025189403698171135,1.0,8.677465820312591,0.014038001235434078,0.007575225604282587,0
hf_transformer,0,sweden,5099,0.1369490324401856,0.026272435551174797,0.013157009511243985,3.261362628874734,0.0,0.1493191589355476,0.010913059700035366,-0.003308716522736,1.0,0.018706942749023625,-0.00221643834225546,-0.0004255451464811982,0.0,0.18921687011718724,0.00736016125335181,-0.01076098307084595,1.0,0.011060528564453165,0.007675448582806755,0.008724285421158634,0
hf_transformer,0,switzerland,5099,0.017416081835428872,0.0003454212778813283,0.019905635075748017,3.923799773080309,0.0,0.003908367156982395,-0.0030427583914096577,0.0014275519911853237,0.0,0.015044629096984896,-0.01067925403936977,0.0065499308637326885,0.0,0.015362951087951715,-0.011278161285743098,0.00632282588347987,0.0,0.03272093963623046,-0.010882935917076193,0.02622453963601358,0
hf_transformer,0,taiwan,5099,0.16351856740315743,0.04594924089478581,0.005187269680039204,3.103504110663745,0.0,0.0787673034667975,0.0025086832491831718,0.0,0.0,0.12444613647461011,0.003865349802592258,-9.567241771495016e-05,1.0,0.09488970947265685,0.0049658943422357625,0.00797234561765515,1.0,0.4311063995361337,0.0054665941373712,0.019046690758222743,0
hf_transformer,0,uk,5099,0.00505676218169759,3.9766820054370653e-05,0.006410990691546212,1.7117103858960345,1.0,0.0009790093287963542,0.00022954312465313292,0.0014653756695610272,1.0,0.0015599714191284475,0.0018411972104764396,0.0038065071951669588,0.0,0.0010807763532104664,0.00014009790181169715,-0.0012260964772102213,1.0,0.006334340892883317,0.010447543122456082,0.0024963844163598202,0
hf_transformer,0,australia,5104,0.01014117620849609,0.0001469464057581353,0.0066369764897270065,1.4727769439661402,0.0,0.009861979370117124,0.004897224266477889,-0.0015283731682420696,0.0,0.013976870040893541,0.003932234240797272,-0.005195530715540295,0.0,0.026929083709716695,0.003966177285765921,-0.013694613381398579,1.0,0.0064527580261231066,0.004585938963862852,0.000384990592061545,0
hf_transformer,0,canada,5104,0.0052139440282185905,3.936216790101487e-05,0.0038558801099421156,1.0681946969323577,1.0,0.005290960693359326,0.004728990326705133,0.0008155397842289279,0.0,0.004151815414428661,-0.0015972812157199557,0.0014823052556641992,1.0,0.0001341781616210902,-0.0002713676816138976,-0.0003709198855581943,1.0,0.012967255592346127,0.013238338356634937,0.003701651459750884,0
hf_transformer,0,denmark,5104,0.05163943412780755,0.0035414290244795447,0.007495695086307029,2.103672905558388,0.0,0.013073994445800707,-0.0015363057230773603,0.000353952899066077,1.0,0.005626463317871533,-0.005517093257709616,-0.004699927181412978,1.0,0.08671402893066382,-0.0019505719191176192,-0.014584349911352016,0.0,0.05019794082641571,0.005202456904489325,-0.002039473915334126,0
hf_transformer,0,eurozone,5104,0.012127586008707685,0.00018075106162684137,0.006714571629712484,1.8792944155814033,1.0,0.00891447048187266,0.005281071444037168,0.0003854413350951085,1.0,0.006207028770446765,-0.0012084794585068897,-0.004636921448882439,1.0,0.023539779663085847,-0.0014937326245965748,-0.014562354280197027,0.0,0.011498968887329042,0.0036825783939921893,-0.002647036039771407,0
hf_transformer,0,japan,5104,1.1813777465820332,2.123164897616971,0.007891884630227677,2.573443452702716,0.0,0.24323364257813296,0.001152420160277322,-0.00046604528140481314,0.0,0.6984826660156216,-0.0026559195207484184,0.0019948804700513807,1.0,1.8653253173828261,-0.0015299392390056164,-0.014042962235818494,1.0,0.03875610351562386,0.007105153439643332,0.007361264091815167,0
hf_transformer,0,norway,5104,0.10059595937093099,0.013760552741670245,0.009487664945680934,2.437304345589072,0.0,0.10656058654785205,0.008525432172563616,-0.001575489334350877,1.0,0.10659598236084022,0.012040470851620973,0.0019718108794572636,0.0,0.12436053161621174,0.0038080850693534697,-0.008046209781820884,1.0,0.21610411987304623,0.011307130100310536,0.031428208837002675,0
hf_transformer,0,south_korea,5104,7.528505045572933,113.67844690583196,0.005656167197664251,1.5844124377011937,0.0,0.538476562499909,0.00017855799332468805,-0.00022466861473963785,0.0,7.3347656250000455,0.00219517439239793,-0.003300209258208015,0.0,9.964208984375091,0.0040087343767578765,-0.003450477863622421,1.0,0.271728515625,0.007852774358629988,0.008054635782808347,0
hf_transformer,0,sweden,5104,0.1452975925191243,0.027662168856461975,0.013940552462978461,3.46017879691344,0.0,0.08529658203124946,0.004561251730268242,-0.003593265781473427,0.0,0.18949765777587935,0.004870749121780152,-0.01333099522524845,0.0,0.29049686889648463,0.0072189528701115165,-0.020754399797766734,1.0,0.17238782653808649,0.006222825217814531,0.02247636295657556,0
hf_transformer,0,switzerland,5104,0.012112492666244505,0.00022991954672298414,0.013717571021254139,2.7289143691645235,1.0,0.0012489183425903327,5.799622611662815e-05,0.0014749265210678467,0.0,0.005217919158935547,-0.005599433197149118,0.0003405607933925783,1.0,0.005563302326202391,-0.008280916528165868,-0.0019320383325484405,0.0,0.025037434768676703,-0.005793000000965154,0.022398421568350126,0
hf_transformer,0,taiwan,5104,0.22249485677083325,0.07498820198928953,0.007038872661540878,4.222845842865969,1.0,0.04507301330566449,0.0026935995765989145,0.0012589542782027855,1.0,0.08476995849609281,0.0040970965818235665,0.006785936138914832,1.0,0.11569879150390605,0.0017462127899654095,0.005422911916480519,1.0,0.414342895507815,0.007424241817886007,0.020455581530847432,0
hf_transformer,0,uk,5104,0.0054476117532399485,4.959939471441135e-05,0.006900917547978213,1.8440126866357291,1.0,0.002565592161682173,-0.003353837631574144,-0.00011917260733886059,0.0,0.005993050439178416,0.00024700679338919974,-0.007322560605883177,1.0,0.008685480209808305,-0.004992386395414057,-0.01603943733256793,0.0,0.004790171516113273,0.002345175683665499,-0.003687773595334762,0
hf_transformer,0,australia,5109,0.008327217596689862,9.718550879106126e-05,0.0054634707766520515,1.2093403991461362,1.0,0.0071046715545655115,0.007844834438433462,0.00320949761985822,0.0,0.009675309600830184,-0.0021379353142460676,0.004203007208550385,1.0,0.0003251899719238782,-0.0035126340507564626,-0.0037267491298609034,0.0,0.0031741183090210345,0.000409370105065445,-0.0016743328741857862,0
hf_transformer,0,canada,5109,0.008897770531972249,9.483450437011853e-05,0.006591790880136497,1.8229101128308638,0.0,0.009541528511047392,-0.006122409376385117,0.0009623214896169623,0.0,0.012017606735229558,-0.005210817513889938,0.0036961786674470803,0.0,0.006932702636718746,-0.003957238276817203,0.0011842642293013908,0.0,0.0128041891098023,-0.0019676365160801027,0.007489013660039915,0
hf_transformer,0,denmark,5109,0.0380325972239176,0.002149681801481075,0.005526325075831315,1.5493613680961442,0.0,0.05534610595703082,0.005255520283311405,-0.0027694506061743842,0.0,0.012787118530273034,0.0005859245112867611,-0.0012711050518241123,1.0,0.02969044647216812,-0.0013524459079195185,-0.00567798690840762,1.0,0.06857563629150398,0.010868998491535737,0.0009722122219740152,0
hf_transformer,0,eurozone,5109,0.012832034320831295,0.00023082765819846233,0.007103747719751698,1.9884559402318243,0.0,0.02922467842102061,0.013314392808869837,-0.002770315094200992,0.0,0.005679980468749957,0.0018683840436081217,-0.0012733918230497774,0.0,0.021301271820068468,0.0056834736193504395,-0.006104855655836833,1.0,0.013594647216796929,0.007823164347060171,0.00033192266506706637,0
hf_transformer,0,japan,5109,1.233140543619793,2.2253889834373473,0.008227987258059228,2.686200470105323,0.0,0.35837280273437955,-0.000986122640236321,0.0013940522703743087,0.0,0.49664306640625,0.0005754020094963229,-0.0027273348908653425,1.0,1.1811242675781273,-0.007761639267686399,-0.015700381088925824,1.0,0.6173016357421943,0.002671542769559896,0.0067529800803068606,0
hf_transformer,0,norway,5109,0.14676807195027664,0.03500564407227638,0.013816705902054905,3.555992326084501,0.0,0.039873321533203665,0.002197506014209371,-0.001586645907589266,1.0,0.009315698242186699,-0.002534675086532395,-0.0016484525147353142,0.0,0.05132537231445333,-0.002511802487813952,0.002361052286116446,1.0,0.1609564773559562,0.004337912633142969,0.019437346198821655,0
hf_transformer,0,south_korea,5109,9.573919270833327,147.20287897880868,0.007182174647026167,2.014880335263304,0.0,1.23974609375,0.0008934410344474658,-3.7565034470292516e-05,1.0,5.704931640625091,0.004688239201753849,0.00041312227128786867,0.0,25.693920898437455,0.009231084231738828,-0.010080311878375336,1.0,5.5590332031249545,0.012090668441802052,0.016208414154788513,0
hf_transformer,0,sweden,5109,0.15249415395100907,0.031543299690018664,0.01458356305630926,3.63156077816695,0.0,0.21330529174804624,0.01810252314262245,-0.002411668397625604,0.0,0.1115812438964845,0.010671422584189315,-8.724269469128936e-05,1.0,0.10730298919677672,0.01183805107599608,0.0015061593128447655,1.0,0.20565957794189416,0.012564597720314045,0.032059438572451034,0
hf_transformer,0,switzerland,5109,0.015428860340118403,0.0003757495523134669,0.017417618528911424,3.4760837295958638,1.0,0.0003081829071044373,-0.00021773789975467037,-0.0005676657736453323,1.0,0.002197445678710941,0.002043825997468875,0.00452976257242591,0.0,0.009152977180480915,-0.0076942170498432005,0.0027203190479193388,0.0,0.029941914749145537,-0.010315682072077474,0.02344470813894783,0
hf_transformer,0,taiwan,5109,0.2846993565877277,0.12097607684031268,0.008987569311666081,5.403457463609574,0.0,0.05075265502929582,0.0012900748738692996,-0.000316816629186473,0.0,0.19110295104980324,-0.004511506264158898,0.0015509522472110734,1.0,0.005621826171875455,-0.0023905828062155965,-0.002569105556941874,1.0,0.267335144042967,0.007641697838811094,0.01601039737359645,0
hf_transformer,0,uk,5109,0.00527549617478739,4.005452208065225e-05,0.006686095137987585,1.785751686290871,0.0,0.009161058837341307,0.01108021713605852,-0.00047313026139479377,1.0,0.004874357299041732,0.008122613542109377,0.0019737883628574357,0.0,0.00765257807427977,0.004202636104193837,-0.005505971627778573,1.0,0.00258411592706298,0.00839415099625357,0.0051399769456997625,0
hf_transformer,1,australia,4854,0.04407741457621259,0.002086177358580077,0.02986359570192307,6.401249579225079,0.0,0.0157753976440429,-0.009196726664690905,0.0014824700661820506,0.0,0.04843888442993172,-0.015747271624367398,0.01689725233854056,0.0,0.02101672393798837,-0.01058016357589683,0.0036415935343889396,0.0,0.04416427528381339,-0.026100723409875234,0.004011069453800797,0
hf_transformer,1,canada,4854,0.019088124319712328,0.00047808926733222467,0.014080633071989316,3.9106352239973545,1.0,0.005865923309326115,-0.00516241491644083,-0.0008443620979269887,0.0,0.030292591094970733,-0.011138528319782522,0.011093789651566701,0.0,0.01698442306518544,-0.010056950823203936,0.002455607897068006,1.0,0.001428981018066322,-0.020410907845616784,-0.019341099381141105,0
hf_transformer,1,denmark,4854,0.07070841753641763,0.0072026764640658195,0.010241467338402211,2.8804998481997637,1.0,0.02104281768798799,-0.0045036912256139275,-0.007518133875895636,1.0,0.04030873031616178,-0.014104734305273875,-0.008300345421464479,1.0,0.12429429321289032,-0.008222198201100728,-0.026228268341023184,1.0,0.15400333404541033,-0.014341308081736946,-0.03683844745303873,0
hf_transformer,1,eurozone,4854,0.01913689385732015,0.0005146934430219318,0.01055162816421685,2.965458891144003,1.0,0.008985981750488259,-0.0027748458926475043,-0.00766933321287555,1.0,0.00132311229705806,-0.009157301080566416,-0.008434047165204052,1.0,0.03144717597961422,-0.009857328898332698,-0.02721536616964714,1.0,0.04662846031188961,-0.012031417130371575,-0.03793520237024769,0
hf_transformer,1,japan,4854,1.485311197916666,2.9670556886794417,0.011143623963242323,3.2355141177862476,1.0,0.6161065673828148,-0.007517599467500041,-0.002974935625346618,1.0,0.44742675781250796,-0.018151323801281025,-0.014815085785140587,1.0,2.5153454589843705,-0.020972797022056417,-0.039992611400833225,1.0,0.44545654296874204,-0.018017763186785732,-0.021349958459178656,0
hf_transformer,1,norway,4854,0.28233648951212564,0.09864236852530373,0.027160904840845827,6.84063213979465,1.0,0.08262440795898485,-0.009044707311296737,-0.0010922784671136864,0.0,0.31124690399169985,-0.017776913607454967,0.012112015080306201,1.0,0.06795750427246006,-0.021420549522671802,-0.014793932701992413,1.0,0.14838773803711014,-0.021677911518854977,-0.007261086268849564,0
hf_transformer,1,south_korea,4854,20.783182779947925,553.1406968059345,0.01598210763424767,4.3739272395029385,0.0,4.994726562500091,0.00014958859787684995,-0.0036944433015689533,0.0,26.467968749999955,-0.0029374863526532534,0.017251327506526106,1.0,5.645971679687591,-0.013655622502522988,-0.018062506568489185,1.0,12.213793945312545,-0.011523750939573595,-0.0020764446436322245,0
hf_transformer,1,sweden,4854,0.12591843597412117,0.025458394856862222,0.012066888688684864,2.9986753031768854,1.0,0.026416978454589568,-0.002761589179781451,-0.005285338844348252,0.0,0.24790379943847718,-0.013223074137371055,0.010398149435779283,1.0,0.1260047149658199,-0.01170482118511093,-0.02390970292650787,1.0,0.08477893981933526,-0.011134647808325062,-0.019325270757818605,0
hf_transformer,1,switzerland,4854,0.009368840878804519,0.00015221433413887636,0.010225443750287147,2.110776468648434,1.0,0.0006911304473876667,-0.0070593124380851895,-0.007800434914879412,1.0,0.00807931842803955,-0.012931233822384312,-0.021680920253669616,1.0,0.008570924186706574,-0.01753341819410493,-0.026861007629565198,1.0,0.031423060798644986,-0.015258924040896633,-0.049809842992422415,0
hf_transformer,1,taiwan,4854,0.4056351730346684,0.18237283768497367,0.013378150293256915,7.698761351297067,1.0,0.1559936065673817,-0.0072738597324013,-0.0021570398101320104,0.0,0.607255447387697,-0.011484227386208905,0.008371514384992916,1.0,0.2008573913574203,-0.015342356471475253,-0.008705615227403868,1.0,0.24976196289062358,-0.013732619815966265,-0.005499825625617916,0
hf_transformer,1,uk,4854,0.01192807504043274,0.0001892189357069855,0.014578704295524585,4.037644879633575,1.0,0.001444814064331057,-0.006155010291490713,-0.0044153867033177386,1.0,7.820415557857618e-05,-0.010205320098041482,-0.010299950469145641,1.0,0.015901546998168925,-0.00895394283972921,-0.02835756028183217,1.0,0.02239579308862305,-0.010762391707834596,-0.03825043480952079,0
hf_transformer,1,australia,4859,0.02209360089365643,0.0006018281136796268,0.01489064152898426,3.208596846794396,1.0,0.003323204727172957,-0.01018523542821423,-0.007961698294020408,1.0,0.017713077278137312,-0.01987088329800731,-0.007961698294020408,1.0,0.010162233886718663,-0.018086320996039875,-0.0112486975347209,1.0,0.022061131973266646,-0.023121363113675998,-0.008262501440684107,0
hf_transformer,1,canada,4859,0.011413490899403895,0.00020064801304753638,0.008411800412915978,2.3383124917039932,1.0,0.0027038118362425756,-0.004361658015478081,-0.0063346651323486795,1.0,0.018475721168518033,-0.015304853699866259,-0.0017798446426827157,1.0,0.00495897712707527,-0.021688022968070073,-0.018016525992587254,1.0,0.0033070457458495017,-0.019982056683009872,-0.017536280688837565,0
hf_transformer,1,denmark,4859,0.09184732973734541,0.01056703239080615,0.013327091510075762,3.7416509742947515,0.0,0.07369069366455072,0.006431909680840323,-0.00413650311233969,1.0,0.02516443939209001,0.0005146866292892421,0.004119462916965307,0.0,0.1874135002136228,0.006877312132163394,-0.02021091199131178,1.0,0.12765240173339887,-0.006749158906940681,-0.025374137580924112,0
hf_transformer,1,eurozone,4859,0.024468145014444994,0.0007443287560810445,0.013525481091819126,3.791591191541866,0.0,0.019613529586792078,0.00648884939694955,-0.00421641189772729,1.0,0.004123682022094677,0.006168570510791529,0.003926599542392618,1.0,0.03580984382629393,-0.0011154308416670793,-0.020899373416468938,1.0,0.037137810134887594,-0.0057882504054403055,-0.026410570591721656,0
hf_transformer,1,japan,4859,1.6131644287109368,3.7831846239289635,0.012113134323779355,3.5140220384291885,0.0,3.0197387695312443,0.013565506570892704,-0.008860367889557292,0.0,2.388762207031249,0.000623337951108232,-0.01730751065838889,1.0,1.0313775634765534,-0.004204474894903881,-0.011944352431719606,1.0,0.11391967773437273,0.0015911678401930014,0.0007441307036828974,0
hf_transformer,1,norway,4859,0.15121975031534837,0.03676553770324129,0.014442105566738332,3.663850485519576,1.0,0.13878492431640588,-0.01756948283390866,-0.004294985364554087,0.0,0.3504458358764655,-0.02030879402404173,0.012966839184925577,1.0,0.07980850219726499,-0.0234189229967562,-0.015719148828947562,0.0,0.13509034423828048,-0.009232815388070092,0.0035839708959038746,0
hf_transformer,1,south_korea,4859,24.13355224609376,763.1889997341445,0.018568896601804174,5.079029649732085,1.0,2.005273437499909,-0.018639201722716683,-0.01709768817455523,1.0,10.704858398437409,-0.025160878865049863,-0.01690567219823606,1.0,10.860937500000091,-0.02756898804185049,-0.019173813487755056,0.0,47.96865234374991,-0.03372605653450152,0.0030535525960163467,0
hf_transformer,1,sweden,4859,0.07537068140665669,0.008864268914995387,0.007240826022797289,1.7949095314700767,1.0,0.006703446960449,-0.004483305342823817,-0.0038494245099937314,1.0,0.012846405029296903,-0.010155884392148682,-0.011378691001718812,1.0,0.1583818054199213,-0.009676988977018073,-0.02485094386151084,1.0,0.14727945861816494,-0.014963511196903256,-0.029141539928135347,0
hf_transformer,1,switzerland,4859,0.011481536817550656,0.00021202490315740723,0.012592776735577713,2.5867615910986608,0.0,0.02555364418029782,0.019607078066671692,-0.008026908525518983,1.0,0.005328855514526332,0.004418509722321842,0.010172697432118535,1.0,0.006008816337585432,-0.0002079768793108644,-0.006766737961799686,0.0,0.027611668205261175,0.002077210446566214,-0.028352698963462784,0
hf_transformer,1,taiwan,4859,0.3431629318237306,0.14492120449870727,0.01132645609300992,6.513068127098854,1.0,0.008391998291013891,-0.007803875509661551,-0.008077732760552491,1.0,0.15620930480957185,-0.016442037560520144,-0.011314087334282786,1.0,0.2657953796386714,-0.022850237513214407,-0.014084739881739085,1.0,0.4773415069580089,-0.024326843071321956,-0.008616398352030827,0
hf_transformer,1,uk,4859,0.013320900112405398,0.00021020381344061563,0.016334982269731405,4.509115171446196,0.0,0.007920636215087873,0.004925275761535905,-0.0046581694623883734,0.0,0.0033915795232238866,0.000932250527891047,-0.0031765049281137843,1.0,0.01786898457739261,-0.0009925316782923503,-0.022874945513039122,0.0,0.021284115868469233,0.0017595216060244175,-0.02428740380130292,0
hf_transformer,1,australia,4864,0.02040156786092125,0.000538904571497355,0.0137180475084638,2.9628672403061724,1.0,0.004681749153137238,-0.0008948214058830678,-0.004031588426236086,0.0,0.027837638854980362,-0.012819003755990849,0.005850970637112751,0.0,0.020709295806884853,-0.011507656772975702,0.002396505854871788,0.0,0.03842897720336924,-0.014439188604675095,0.011284686213010929,0
hf_transformer,1,canada,4864,0.00989814825057982,0.00013518334686215237,0.0073114567754747435,2.027860179069108,1.0,0.0022019256591796488,-0.003275973350856744,-0.004883569602264666,0.0,0.014675212860107312,-0.010213555334969666,0.000508850372626735,1.0,0.007972548103332588,-0.014595529347137592,-0.02049507959410268,1.0,0.002654191207885681,-0.01195646225810303,-0.013911485151992803,0
hf_transformer,1,denmark,4864,0.0795619885762533,0.008521124485293767,0.01161163991649667,3.2411741628687007,1.0,0.043004483795166415,-0.0009006072144665861,-0.007074418208472368,1.0,0.029547953033447705,-0.005671637808680095,-0.00992981186357535,1.0,0.05693738021850603,-0.016495270225475686,-0.024806654368753196,1.0,0.1595343124389652,-0.011883626363674044,-0.03523891778224483,0
hf_transformer,1,eurozone,4864,0.024785306015014646,0.0007618078837840404,0.013758928321236728,3.8407385566302517,0.0,0.019851190567016674,0.0037221107805913913,-0.007100944763251243,1.0,0.00834084892272946,-0.006366200954656617,-0.010945519044235763,1.0,0.030119276809692286,-0.009120646790688046,-0.025802903520977374,1.0,0.04920893878936772,-0.009016474923381965,-0.03641501883340231,0
hf_transformer,1,japan,4864,1.768007059733074,4.5311032742969095,0.013327473445494465,3.851322073203046,0.0,2.0309704589843705,0.012202534264495768,-0.0031101864631366007,0.0,2.234445800781259,0.006337866115083057,-0.010621994678297235,1.0,0.2382775878906216,-0.003667077464497129,-0.001857362700629955,0.0,4.673758544921867,-0.004088924995844454,0.030838216163849158,0
hf_transformer,1,norway,4864,0.08271217870076501,0.010281384450348912,0.007884598067045797,2.0040044733523255,1.0,0.19005902404785147,-0.021872064264444782,-0.003892584684913248,1.0,0.030469052124024287,-0.02304780886802315,-0.020140195239136363,1.0,0.11127488098144589,-0.015517440303657466,-0.026127993851505188,1.0,0.09128081665039112,-0.010135505061506912,-0.0015608282098945885,0
hf_transformer,1,south_korea,4864,33.12152587890626,1392.0614295327075,0.02545865610543839,6.97059472504974,0.0,14.141674804687455,-0.00476648705643514,0.006086958671068762,1.0,2.981347656249909,-0.008275719001604493,-0.005969707112256394,0.0,36.01499023437509,-0.014672035908132977,0.013009244033775201,0.0,60.91953125000009,-0.019088591423402093,0.02749652493793173,0
hf_transformer,1,sweden,4864,0.07738506286621073,0.008325175905580696,0.007453296745813615,1.8428808701164967,0.0,0.1946240814208977,0.00672298246577021,-0.01186138737077208,1.0,0.03644811096191347,-0.0033106520631423957,-0.006799740449079842,1.0,0.009824386596680057,-0.005891609029767201,-0.006833304173409909,1.0,0.14808828735351476,-0.008984854724436225,-0.02331905341414645,0
hf_transformer,1,switzerland,4864,0.00919725936253865,0.00012507944052296958,0.010161909254518871,2.072119581241117,1.0,0.002609342956542915,-0.004813009955289988,-0.0019939111501819117,1.0,0.002914513778686567,-0.014876748752945305,-0.011696673125754195,1.0,0.012747671127319338,-0.012734663443593452,-0.026733725199761523,1.0,0.021075779151916496,-0.019158641176255757,-0.042561955108526894,0
hf_transformer,1,taiwan,4864,0.37213178660074875,0.1794355949907213,0.012272500921973387,7.062883119423456,1.0,0.03296511840820315,0.000688516592402549,0.0017665826136800244,1.0,0.01198507690429551,-0.005911741727720634,-0.006306578737261078,1.0,0.35327651977539176,-0.011982790111921628,-0.0003438648808659371,0.0,0.5314842987060544,-0.010847055433980849,0.00659239043681281,0
hf_transformer,1,uk,4864,0.012523073211770633,0.00017759464593153463,0.0154160275178789,4.23905133555797,0.0,0.013032512422210707,0.006295412928052734,-0.009551013841906316,0.0,0.00820582129379277,0.0027607507297856574,-0.0072229142070960725,0.0,0.021369256697906458,0.0021361040311170068,-0.02409068638967876,1.0,0.02113006447604371,-0.008557038417412972,-0.03476886522047118,0
hf_transformer,1,australia,4869,0.02134752855555219,0.0006237501852420167,0.014362818219483282,3.1002466795652452,0.0,0.011048501319885329,-0.006986810363309503,0.0003786658385694334,1.0,0.006829585876464872,-0.01252972222286283,-0.007945100147837959,1.0,0.0018738044738768611,-0.019608812566746573,-0.018339910213178278,1.0,0.009377262954711973,-0.02098086813529937,-0.014638178738622233,0
hf_transformer,1,canada,4869,0.00995080280939739,0.0001473776473476873,0.0073639540939675115,2.038647659754331,1.0,0.0008073413848876942,-0.003817348480348635,-0.0044064966874912,1.0,0.010732217216491646,-0.008698905354759668,-0.016597739370516555,1.0,0.022866514968872043,-0.011463335246228794,-0.028415923599465782,1.0,0.012315289878845226,-0.01451966223067428,-0.023642110781591816,0
hf_transformer,1,denmark,4869,0.058241839370727536,0.004444056479067216,0.00852967742346949,2.372639854085969,0.0,0.047800587463378896,0.004991685428368443,-0.0019009007895904974,1.0,0.02920839996337854,-0.005588906237723225,-0.009839785070620694,1.0,0.13162328948974622,-0.006901912420116864,-0.02622786950542321,1.0,0.07332534637451182,-0.011901933264003357,-0.022676046203874787,0
hf_transformer,1,eurozone,4869,0.015698102601369213,0.00032709614222634764,0.008757981342127335,2.432582752478102,0.0,0.006137091827392638,0.0016149241301325393,-0.0017624546737159423,1.0,0.012680345535278414,-0.002379857798972139,-0.009398825235768713,1.0,0.03211889591217032,-0.008167035436542246,-0.0261471022318748,1.0,0.025412442016601533,-0.008226097226468256,-0.02242595791602817,0
hf_transformer,1,japan,4869,2.867284891764324,11.745490204728013,0.02163822193880692,6.245923924919591,1.0,1.0163720703125136,0.014412212929771798,0.006713738740761268,1.0,1.2966650390625034,0.008827876636538954,0.018618416285652303,1.0,1.4841375732421795,0.0022622413352542873,0.013533755324281695,1.0,4.19535400390626,0.0004947372910770295,0.03208952322177592,0
hf_transformer,1,norway,4869,0.1450385777791339,0.03317048776297342,0.013798081664468642,3.5140890161965372,1.0,0.009717352294922321,0.0024285925893568513,0.0015044469711194828,1.0,0.1005223327636724,-0.01166669162051,-0.002022187512455365,1.0,0.10107344970703203,-0.005789053095653785,-0.015523468022177028,1.0,0.08404289245605412,3.8792453774398215e-05,0.008015019381844015,0
hf_transformer,1,south_korea,4869,39.65507161458335,1907.6967720093346,0.03045215196309805,8.345612881142186,1.0,2.5460205078125,0.0035506707779417515,0.005508806812193913,0.0,7.527734374999909,-2.1427490354275197e-05,0.005777691135937281,0.0,30.36391601562491,-0.011159432655069686,0.012285638460252823,0.0,44.141357421875,-0.012236149905382564,0.021704264161814885,0
hf_transformer,1,sweden,4869,0.059824670969645236,0.007026721178779204,0.005788634001869642,1.4246902129107422,1.0,0.011368823242188242,-0.00461538738776556,-0.003520732951298164,1.0,0.01677633361816433,-0.007249614692542968,-0.005630458698899022,1.0,0.07216098022460926,-0.006898339261641645,-0.01389048687650126,1.0,0.10656579284668055,-0.013937570383076366,-0.02435416141830979,0
hf_transformer,1,switzerland,4869,0.011509766985575353,0.00016985910256273306,0.012745247209544982,2.593121777502011,0.0,0.004602889728546167,0.003483103620311874,-0.0015263017408409403,1.0,0.0015224411010742456,-0.0031396901622531585,-0.0048048140485402345,0.0,0.029401795864105185,0.00021980901644154573,-0.03232694178876394,1.0,0.015597828483581488,-0.010625642687385457,-0.027948356147243874,0
hf_transformer,1,taiwan,4869,0.5393269653320314,0.35057018156923014,0.017807590839523515,10.23616755259955,1.0,0.06256948852539068,0.0028813085243601672,0.0008234248349051855,0.0,0.3188302612304703,-0.00726989144407699,0.0032567960887372113,0.0,0.4875256347656247,-0.011383912799076044,0.004733658844864765,0.0,0.5943574218749994,-0.01001280693342146,0.009575570386712312,0
hf_transformer,1,uk,4869,0.008348777181795249,8.851122886020175e-05,0.010341509484885736,2.826055111576014,0.0,0.009446718322936976,0.007813047902757579,-0.0037142145843459323,0.0,0.010180876262512184,0.0013676227448469623,-0.011141949710879612,1.0,0.0132269875289307,-0.006468575694332864,-0.02288077841087387,1.0,0.018955471797515888,-0.007684285740141764,-0.03131796810663945,0
hf_transformer,1,australia,4874,0.01975485181554161,0.0005311678344384891,0.013285153799318121,2.8689463319868658,1.0,0.017805831069946265,-0.0006057523718854481,-0.01261023561146279,0.0,0.024086256561279384,-0.011699255084327927,0.004490635365596917,1.0,0.001940739746093767,-0.011559999680484365,-0.010245936093649129,0.0,0.030120212974548366,-0.013499284216542257,0.006741718567269038,0
hf_transformer,1,canada,4874,0.00912534015019734,0.00012312512929295896,0.006761928276103104,1.869532910861555,0.0,0.022403505706787064,0.01058661693744467,-0.0059287978906504436,0.0,0.006718227958679268,0.0005674880845233954,-0.00440619059621294,1.0,0.006463163948059014,-0.0012841848005760651,-0.00607746914162117,1.0,0.003952322578430145,-0.00310995713376728,-0.00018474385317379045,0
hf_transformer,1,denmark,4874,0.047169244893391936,0.0032413046573609495,0.0069208856407646175,1.921567579774134,0.0,0.07890388336181609,0.00946478908756659,-0.00200008826183182,0.0,0.059434576416015794,0.0036372761897148116,-0.00503705743455712,1.0,0.06069002990722616,-0.0010447982011406688,-0.009944934567839592,1.0,0.049717819213866754,-0.007395095417448992,-0.00011668356160646483,0
hf_transformer,1,eurozone,4874,0.014609859409332274,0.0002688482079458463,0.008160841809079005,2.2639482565346323,0.0,0.02425204277038584,0.011186766578926054,-0.002224385735741468,0.0,0.023009873199462794,0.0073110086325908,-0.005458559240972908,0.0,0.020287444305419955,0.0008814024827184548,-0.01044177224061719,0.0,0.007230536270141696,-0.003857192650795968,0.00016662963824382948,0
hf_transformer,1,japan,4874,3.2143286743164072,13.460884811427368,0.0242291203737646,7.001903587304258,1.0,0.41710571289061704,-0.0025420688582234647,-0.005689004700255284,1.0,0.1284826660156284,-0.008879317751455982,-0.009853784307984986,0.0,3.2619549560546943,-0.01740932593597237,0.007224572403000286,0.0,4.718177490234382,-0.018987278965789257,0.016505898310465183,0
hf_transformer,1,norway,4874,0.20972269602457672,0.058440755072918495,0.019991255083169387,5.081297912817214,1.0,0.1514255249023435,-0.0014690751537192385,-0.016054706368769264,1.0,0.06274207153320255,-0.00999835907093958,-0.003965611099913467,0.0,0.2087071777343752,-0.010361540032327405,0.009573906866156594,0.0,0.3556520446777345,-0.012403621306336834,0.021400965544614545,0
hf_transformer,1,south_korea,4874,46.874230143229184,2356.786515683414,0.03600655853072473,9.864921760299968,0.0,23.865283203125045,-0.00714245961321145,0.011152389965686828,0.0,32.67661132812509,-0.011881662309286887,0.013201260010094487,0.0,39.957324218750045,-0.014590952825233528,0.016077761747487172,0.0,56.116894531249955,-0.018151138064166454,0.02480782660052251,0
hf_transformer,1,sweden,4874,0.05577178716023763,0.006128596237675087,0.0054017195695043796,1.3281731104555163,1.0,0.01248423919677677,0.0025844494954109076,0.0013829028221269506,0.0,0.0638698425292965,-0.0005469276070163028,0.005596894974568935,1.0,0.005942849731445321,-0.006981496331039661,-0.0064045418188390804,0.0,0.1133939285278327,-0.010269379946646997,0.0007181917302130182,0
hf_transformer,1,switzerland,4874,0.011689970216751092,0.00016081386950926523,0.012965298860000526,2.63372111576174,0.0,0.011051839351654102,0.011159480208134433,-0.0008760883219282047,0.0,0.011217977523803713,0.002097276517128544,-0.01023223802546707,1.0,0.017477345466613725,-0.0025456867858324956,-0.021912014849456887,1.0,0.009165651130676244,-0.008171160706686014,-0.01833798971257483,0
hf_transformer,1,taiwan,4874,0.5637543960571291,0.3812605227284423,0.018595246095015238,10.699788491018012,0.0,0.05106140136718906,-0.0016784387904719077,0.0,0.0,0.30174568176269645,-0.007226828522802828,0.0027059177676579038,0.0,0.49918032836913895,-0.011052905183126177,0.005388199968545977,0.0,0.7897797241210931,-0.015666200884985066,0.010341286215678766,0
hf_transformer,1,uk,4874,0.006997244598096726,6.578864816436818e-05,0.008698369836514596,2.3685622975443628,0.0,0.012823517369323745,0.013147230320204345,-0.0026250453132050005,0.0,0.008947708331359827,0.005339651422749677,-0.00572582247170313,0.0,0.009562670031738274,0.004507578996033016,-0.007332829543892248,1.0,0.006271653720459014,-0.0007457526014305673,-0.008536392380262223,0
hf_transformer,1,australia,4879,0.019401732247670507,0.0004931310928110127,0.013034349425828122,2.8176636851487067,0.0,0.011942038497924745,-0.0016963450001339362,0.006247901694502528,1.0,0.011256550903320228,-0.014910181569661746,-0.0073209904455911095,0.0,0.018436175918579156,-0.004441192762399287,0.007830259074598852,0.0,0.021516700439453196,-0.01284827066441464,0.0015789529561294755,0
hf_transformer,1,canada,4879,0.01214779596964517,0.00020157878598117815,0.00902638583912482,2.4887515408608487,1.0,0.0025679843902588484,0.0032099351230918632,0.00510790613476637,0.0,0.013537506866455162,0.0019185286900993243,-0.008159964795922578,0.0,0.014591020202636695,-0.0006615073054142565,0.010116386811468403,0.0,0.015483325386047353,-0.00893345057452313,0.0025942274490762572,0
hf_transformer,1,denmark,4879,0.046266801605224624,0.0032833670522397535,0.006796822022515277,1.8848040960879662,1.0,0.024735043334961127,0.011272188126553477,0.007680663889954814,1.0,0.031104278564453303,-0.0032661600173811848,-0.007850910579786385,1.0,0.02211071624755867,-0.00442767718155031,-0.007688412241343653,0.0,0.10111426696777315,-0.0026955085099783006,0.012056720889500515,0
hf_transformer,1,eurozone,4879,0.012608087469736724,0.00027779795619941894,0.007054528823341343,1.9537530680900077,1.0,0.00333247718811025,0.005884810730843566,0.007733431220188077,1.0,0.013092741394042928,-0.0002833536128517906,-0.007624851226458791,1.0,0.003118297958373928,-0.0061523742364451295,-0.007906287679965582,0.0,0.040853332901001016,-0.010190727379939098,0.012598679241452002,0
hf_transformer,1,japan,4879,4.383488240559898,23.062746652638463,0.03296176390823304,9.548731678165995,1.0,1.7892138671874989,0.0020526487345513913,0.01551060722974461,0.0,2.6758966064453205,-0.007623908841618434,0.012630000684980675,0.0,3.27703857421875,-0.007135757410036671,0.017600394160382695,0.0,8.173029785156245,-0.011086994237555155,0.0497346192683173,0
hf_transformer,1,norway,4879,0.3185545951334634,0.12153539931540917,0.03036765990913253,7.71814796420657,0.0,0.11764681701660074,-0.00052707536796981,0.010693555438752616,1.0,0.06447965698242264,-0.012451042038480912,-0.006211946682576052,0.0,0.272856417846679,-0.005123166831352393,0.02082810785633626,0.0,0.5106552642822262,-0.0065308215112906375,0.04156694903093522,0
hf_transformer,1,south_korea,4879,37.10227539062501,1531.0456942222525,0.02831862433590792,7.808363843827046,0.0,13.4072265625,-0.009756132850058443,0.0004547349352677554,1.0,0.9098632812499545,-0.014731128605356693,-0.015431343985697647,0.0,47.92885742187491,-0.022212711547235947,0.01426310754248514,0.0,36.89365234375009,-0.022534267038248044,0.005669377948932786,0
hf_transformer,1,sweden,4879,0.07823481313069666,0.0112285559561919,0.007559672102488176,1.8631171850950727,0.0,0.1607961364746089,-0.003140418894621656,0.01220968674461522,1.0,0.1006986251831048,-0.0017902303878818665,-0.011511425018469263,1.0,0.02489089355468721,-0.013666445492815415,-0.01124953699834941,0.0,0.24613429565429712,-0.011931975939484443,0.011674295220861414,0
hf_transformer,1,switzerland,4879,0.007744696880976351,7.585839835870064e-05,0.00862346217132629,1.7448608792324534,1.0,0.0032069469451904142,0.011115157146661997,0.00760166709985689,0.0,0.015534965896606412,0.0056626385291602315,-0.011567894971109736,1.0,0.0038139719009399053,-0.00397363295251715,-0.008217246837184219,1.0,0.004507745170593269,-0.007334261827080216,-0.0023250674778998847,0
hf_transformer,1,taiwan,4879,0.6056618220011392,0.4300191864844949,0.01995973937705246,11.495171368632805,1.0,0.12942729187011892,-0.006817397721080923,-0.002558133302820268,1.0,0.21827926635742045,-0.0094046906498545,-0.002213387795461962,0.0,0.5335666656494134,-0.011979979511837989,0.005552847846364919,0.0,0.5901246490478513,-0.014471209241392988,0.004950060343284487,0
hf_transformer,1,uk,4879,0.0039039070532175665,2.3104798273702072e-05,0.004874658551277988,1.3214697485184042,1.0,0.0025278116324768396,0.00920933831868276,0.006089833859663319,0.0,0.0019459759079895056,0.0017353521143498479,-0.0006832930225825817,0.0,0.007343821894103986,0.006464797956799926,-0.0026501784715591238,1.0,0.0010376514684448113,-0.0014522289081486677,-0.00016081638075320364,0
hf_transformer,1,australia,4884,0.026536584215799977,0.000994668630700975,0.017789015147005073,3.8538398900813333,0.0,0.008310491256713792,-0.0018490767999756643,0.003727420264401958,0.0,0.021211169738769575,-0.009658596047969242,0.004623681444055518,0.0,0.021483397140502847,-0.0075599865085452566,0.006874167383421196,0.0,0.05647051662445057,-0.005827066614204674,0.0316133096339376,0
hf_transformer,1,canada,4884,0.017986689885457343,0.00040848788751861233,0.0133828674988463,3.684981397388892,1.0,0.012969065475463948,0.012617187064072008,0.0029885337346264853,1.0,0.011160315322875869,0.004620745416375495,0.012898608343870388,1.0,0.016973561096191414,0.004014855261122379,0.01658511255579201,0.0,0.030520903396606514,-0.0020005057174721586,0.020624631838191528,0
hf_transformer,1,denmark,4884,0.08343694801330563,0.013378198393327245,0.012265799178813735,3.3990311827130597,1.0,0.00360794372558626,0.007849746168503915,0.00837846814708585,1.0,0.010069126892090274,0.004645757115860255,0.0031639644506501513,0.0,0.015114338684082185,-0.0016359581236028257,0.0005981590173586416,0.0,0.2314534408569333,-0.006224828601689126,0.02760438844141178,0
hf_transformer,1,eurozone,4884,0.020811170215606693,0.0007882512365474693,0.011638716929253761,3.2249052647264036,1.0,0.009549027252197195,0.013638194611623628,0.008322756144307934,1.0,0.004343692207336325,0.0055246788562426305,0.0030905846133219596,1.0,0.007636595535278401,0.004904852516578985,0.0006188815320747299,0.0,0.056826995086669996,-0.003793095206970217,0.027805776073225246,0
hf_transformer,1,japan,4884,4.9655269571940135,29.945805450577797,0.03709842376224662,10.816610414560955,0.0,2.3948840332031125,-0.009863288886410927,0.008096908100244458,0.0,3.2241693115234398,-0.0169963833933744,0.007279003377720919,0.0,2.3087878417968852,-0.014139564907413735,0.003254103224985519,0.0,9.362660522460942,-0.01759476918881862,0.05137009347648879,0
hf_transformer,1,norway,4884,0.3686852648417155,0.16623613609837307,0.03491228307214041,8.932746442030924,1.0,0.011382388305664293,0.010567279341528079,0.009480290944617328,1.0,0.22147607116699142,0.0018574265987216123,0.022957072245059548,1.0,0.3260744842529295,0.002916103802736617,0.033795762210444905,1.0,0.6858774627685555,0.002502163779596811,0.06640989108702408,0
hf_transformer,1,south_korea,4884,35.58993326822918,1374.8395988127004,0.027139477851766573,7.490083699989935,1.0,5.4575927734374545,0.01354015285607297,0.009386502646859746,0.0,34.84121093749991,-0.004197728388496818,0.022381324746174724,0.0,28.2529296875,-0.00343398877449364,0.018156657001480933,0.0,33.814501953125045,-0.006421514586540851,0.019441033122436224,0
hf_transformer,1,sweden,4884,0.15771286458333347,0.04596715195957938,0.015153768795518252,3.7558413774812083,1.0,0.0926867233276365,0.01379470958821768,0.004886956738890215,1.0,0.034171777343750875,0.003889420813331274,0.0005818802654626239,0.0,0.07961603088378943,0.0044298569361301676,-0.003289133046223951,1.0,0.48324730224609347,0.0009989477205424272,0.04676757653850878,0
hf_transformer,1,switzerland,4884,0.00837807120005289,9.870512703310598e-05,0.009359644007185162,1.8875585326398807,1.0,0.011671695899963419,0.01815021584690128,0.005244377116933357,0.0,0.009780879116058294,0.010661627775977912,-0.00022377622470997127,0.0,0.00961631479263303,0.002922742348363308,-0.007862117209502185,0.0,0.016142576599121106,-0.0031852168864108005,0.014769840955074496,0
hf_transformer,1,taiwan,4884,0.6136675979614256,0.41703990248336914,0.020195579859538827,11.647117162901806,1.0,0.01481790161132679,0.000613093870623199,0.0010991085204670264,0.0,0.32248387145996205,-0.005331672635861247,0.005254941658579879,0.0,0.486626403808593,-0.009271453188368015,0.006723346745323388,0.0,0.6541720428466782,-0.012392333942294104,0.00911711432516052,0
hf_transformer,1,uk,4884,0.005573799097989914,5.010676972467316e-05,0.006962861355067383,1.8867270126839135,1.0,0.0034200383102417353,0.002252665420930275,0.006489994600198334,1.0,0.0001410121146240284,0.0034882313834600056,0.00366308053907223,0.0,0.009746497666381804,0.001984582933704297,-0.010193768531242901,0.0,0.014938134037994377,-0.009593736195682176,0.00900052434878442,0
hf_transformer,1,australia,4889,0.038777749710083007,0.0019314453244167105,0.02599152316706024,5.631592878156817,1.0,0.01072670055389402,-0.008551607402699174,-0.0013446931811178324,0.0,0.04048533744812022,-0.015533717478525635,0.011585489359674813,1.0,0.025711460571289146,-0.019920359399797628,-0.0025370275510760917,0.0,0.039416743812560995,-0.015582204872197355,0.010831835092630112,0
hf_transformer,1,canada,4889,0.02341045143127439,0.000655266575019876,0.01744931043149634,4.796161971885179,1.0,0.0001921890258789194,0.00025272993573295465,0.00011079309401062307,0.0,0.017346743392944397,-0.011027296173364643,0.0018449508941620627,1.0,0.017346041297912507,-0.01754558269410293,-0.004590220542109472,1.0,0.018767121505737228,-0.020987746421171127,-0.006930445603026894,0
hf_transformer,1,denmark,4889,0.11041346420288077,0.019741141465825982,0.016183319157526282,4.49799299654531,0.0,0.09401931304931654,0.008960837956391321,-0.004856994231698619,0.0,0.047944880676269896,0.001331162838705051,-0.005745317284355337,0.0,0.0750366394042965,-0.0062470708880479385,0.004811533433850972,0.0,0.23619075851440385,-0.01212599950394492,0.02247678307280384,0
hf_transformer,1,eurozone,4889,0.030604033432006832,0.0014186095865990115,0.017093034031814464,4.74241032648555,0.0,0.023847206115722663,0.008239981599235325,-0.005118697192670342,0.0,0.01579564781188969,0.0027989226903774567,-0.006077848699288096,0.0,0.010032289123535154,-0.00057934085675692,0.005036807245746472,0.0,0.05353392581939698,-0.006944090290260043,0.022852432395046255,0
hf_transformer,1,japan,4889,5.110750691731773,32.70173827487262,0.037925147342975876,11.132957213799807,0.0,1.2660546875000023,-0.00946222322856624,0.0,0.0,3.056479492187492,-0.009916071664734377,0.012786574801777414,1.0,2.1891296386718864,-0.016493586190640626,-7.438815743952106e-05,0.0,8.075771484374997,-0.02143364325003632,0.038130086564707844,0
hf_transformer,1,norway,4889,0.42543132217407226,0.22084839664084208,0.03998596744407284,10.307626834803102,1.0,0.1052210418701165,-0.014846084079874746,-0.004828850130633709,0.0,0.298506616210938,-0.020496201775612705,0.007822040079127233,0.0,0.2600386505126959,-0.020100039825520357,0.004603914633708241,0.0,0.530373782348633,-0.01151743607648953,0.03782272377316719,0
hf_transformer,1,south_korea,4889,29.81524658203127,983.761174093148,0.022684665476322623,6.274771316714091,0.0,33.4912109375,-0.020605475299800103,0.004806437851360562,0.0,41.12436523437509,-0.02367117062404532,0.007537300143679378,1.0,27.211962890625045,-0.022352042208381842,-0.0016198605941676397,1.0,0.997412109375091,-0.018000781389723813,-0.017236569483759796,0
hf_transformer,1,sweden,4889,0.24694559117635098,0.11415813933094394,0.02360061214248532,5.880867561292847,0.0,0.11173664398193317,0.005958001503085752,-0.004869121857290363,1.0,0.022008728027342883,-0.0034128278559369743,-0.005556204487729971,1.0,0.01705543823242195,0.0030933490122605333,0.0014435399262141982,0.0,0.5058745956420907,-0.004642594867195758,0.043455613393365324,0
hf_transformer,1,switzerland,4889,0.010988486874898281,0.0001815397724230548,0.012278514081556424,2.4756786694990907,0.0,0.012752549648284872,0.008748671231808973,-0.005498218518936892,0.0,0.0067797243118286055,0.0035518164338231907,-0.0040365587129456955,0.0,0.0015708881378173611,-0.0009750044947497995,0.0007829978028672316,0.0,0.023549331188201905,-0.01119580428143984,0.015103846456792093,0
hf_transformer,1,taiwan,4889,0.6067961003621417,0.39201401325800084,0.019957085769659825,11.516699428790824,0.0,0.2414979095458989,-0.00745672069537852,0.00045706824171494963,0.0,0.47253387451171847,-0.011595356655585861,0.003894701454560783,0.0,0.5175039672851547,-0.01316481178516133,0.0038133775005453267,0.0,0.5153531494140609,-0.016274918845065666,0.0006855240446700206,0
hf_transformer,1,uk,4889,0.006170305238759355,5.0325475386760756e-05,0.007700878237116379,2.0886439151835763,0.0,0.007482100050659191,0.0040929754482631545,-0.005188756986521533,1.0,0.005221525180847175,-0.007116473644348439,-0.013657966347282141,1.0,0.003724872373474075,-0.005297902214496557,-0.00995152871016641,1.0,0.0004881991236876937,-0.00736174598403545,-0.006752165671409077,0
hf_transformer,1,australia,4894,0.027871897104899086,0.0011536666791948718,0.01861346701647017,4.047763947371491,1.0,0.014463637657165629,-0.015546899578446865,-0.005885644923108465,1.0,0.0014491299438477157,-0.021049447435283607,-0.020071894314520472,1.0,0.03355765251159659,-0.02304141499254018,-0.0006015554686625279,1.0,0.003883235740661517,-0.022916710023014496,-0.020294421482297136,0
hf_transformer,1,canada,4894,0.011772546068827288,0.0002015781531669739,0.008744146418133624,2.411873087254778,0.0,0.003033833694457977,0.00020924869098210727,-0.0020296333332337226,1.0,0.0005633996963501087,-0.008802620121606666,-0.00922177525697215,1.0,0.005583801078796302,-0.009879655100801674,-0.0057304628411893425,1.0,0.002608913993835449,-0.016384386874675885,-0.018341629159280875,0
hf_transformer,1,denmark,4894,0.1676958467610676,0.03793969686828303,0.02462443540220076,6.831546765845769,1.0,0.026522332763671663,0.009379589637062506,0.005480194221514882,0.0,0.027597238159179582,-0.0014522171640570065,0.002633059714794622,0.0,0.18628499069213866,-0.003291443283522706,0.024015729774209307,0.0,0.25234000091552744,-0.011334414605017938,0.025771136406461902,0
hf_transformer,1,eurozone,4894,0.04260154893875122,0.0024811783128861637,0.023816350286624464,6.601548977531786,1.0,0.00010408630371094851,0.005345914110196769,0.00540435351457662,1.0,6.449050903323261e-05,0.0030072484043674186,0.003043541873138314,1.0,0.04135066967010492,0.0017761476221611187,0.02480894324628065,0.0,0.050686963272094765,-0.0022813750312565694,0.025992131112179566,0
hf_transformer,1,japan,4894,5.011252502441409,30.00217580132151,0.03695230326980121,10.916216239521365,0.0,3.453590087890632,-0.017137082220657456,0.008337343061870473,1.0,2.4672351074218852,-0.027830059510269733,-0.009370687620370268,0.0,6.183176269531259,-0.02779941053197861,0.017832920353154706,0.0,6.0485687255859375,-0.021066893996857756,0.023300756559424433,0
hf_transformer,1,norway,4894,0.3904606970723471,0.19229162778986192,0.036444000690020774,9.460335779959493,0.0,0.20316541137695232,-0.014710035268433506,0.00439120133500034,1.0,0.0862668609619135,-0.01875251037897922,-0.010564347647397719,0.0,0.4107816345214843,-0.01744907159625241,0.02090500762524376,0.0,0.22175214538574295,-0.015815225836074764,0.005038217055848644,0
hf_transformer,1,south_korea,4894,14.343046875000027,300.23715359322256,0.010873902976774315,3.0185676606067604,0.0,17.47592773437509,-0.01314332426953621,0.0,1.0,4.91455078125,-0.015484291252113765,-0.011761967888373193,1.0,17.142138671875045,-0.016074514704491207,-0.0031430093971992513,1.0,22.95644531249991,-0.017937530985463256,-0.03555439986233032,0
hf_transformer,1,sweden,4894,0.3636595706176759,0.20300470470355902,0.03470923364296634,8.66034401347913,1.0,0.030327761840819534,0.009086551395955695,0.006152280580194113,1.0,0.06538613586425868,-0.0014306325708764872,-0.007834848453243257,0.0,0.32856459350585965,-0.00035245611992299093,0.031188571695476168,0.0,0.5940037521362314,-0.0021084145333156,0.05430297022771666,0
hf_transformer,1,switzerland,4894,0.01435612664222717,0.00029224878799861384,0.016054378850889773,3.2343995046286484,1.0,0.004125173854827913,0.010644981909895206,0.006048744289306424,1.0,0.0023313842773436955,0.005525277444978244,0.0029169258355288574,0.0,0.018528978252410844,-0.003296228521108622,0.01737527701548369,0.0,0.012398156738281263,-0.00039124189593115594,0.013447737739151141,0
hf_transformer,1,taiwan,4894,0.5382138020833331,0.31362005804568466,0.01768089246528676,10.21504024716238,0.0,0.15645568847656222,-0.005102225387754262,0.0,1.0,0.30111973571777284,-0.01319951471122914,-0.003323398787361642,0.0,0.4350365905761713,-0.013493461567942896,0.0007478702306045744,1.0,0.722898635864258,-0.024461968352736195,-0.0006507768878500238,0
hf_transformer,1,uk,4894,0.007217299376285805,7.155576114258389e-05,0.00902048524095087,2.4430506827517218,1.0,0.00813715874743648,0.014002743592579258,0.003866163142636606,0.0,0.009225788398315449,0.007800478464235597,-0.0037720170932642196,1.0,0.005783819028625459,0.005730189574334401,0.012932336337791651,0.0,0.006003220221527106,0.0066094437131841545,-0.0009145312600884593,0
hf_transformer,1,australia,4899,0.02516721943410237,0.0009141361641602959,0.016801579661908084,3.654970563989371,0.0,0.02762549266815184,0.011494033560955906,-0.0070912205346045695,1.0,0.019362647476196315,0.00047007924536021845,0.013434797158053279,1.0,0.05099825641632072,0.0014093639235563957,0.035170134173612436,0.0,0.03383219909667967,0.0041731115029357,-0.018805235258675855,0
hf_transformer,1,canada,4899,0.009973532638549795,0.00016031425358336145,0.007418502006285602,2.0433043808145057,0.0,0.02044544982910157,0.009144687444008624,-0.006045696873816358,1.0,0.0006218534469604187,0.006399945061793892,0.006859627557901294,1.0,0.01614647064208974,0.002121147486324337,0.014039466571440522,1.0,0.024258481979370083,-0.0002541663308103782,-0.018475235425919827,0
hf_transformer,1,denmark,4899,0.16373930269877104,0.03087181482427411,0.02399330980920118,6.670366174228496,0.0,0.08838130493164087,0.011979969253968147,-0.001005069774365915,1.0,0.0784720535278316,0.0012073998670311067,0.012719577571647588,0.0,0.21359650878906233,-0.005725613723755874,0.025517039144702332,0.0,0.11880700225830054,-0.010276582865175759,0.007300699201833146,0
hf_transformer,1,eurozone,4899,0.040652250264485684,0.0020638868520380005,0.022679904074153594,6.299485062238407,0.0,0.00493685531616217,0.00210075218040097,-0.0006755425707973622,1.0,0.01584936790466318,0.004352276587750177,0.013193762318503286,1.0,0.041700102615356505,0.0024730347379217357,0.025612511171432727,0.0,0.015889598274230865,-0.0015147504564588141,0.007401003757835328,0
hf_transformer,1,japan,4899,4.744265747070315,27.3178389163459,0.03476044558680505,10.334628073030222,0.0,0.09384643554687955,0.0005843315286796015,-0.00011120378104320952,0.0,0.9011608886718818,-0.003647705537076506,0.003034791374341533,0.0,5.7155017089843625,-0.006063803170766742,0.03568036574641183,0.0,7.4750720214843795,-0.006508192883264335,0.047767682735337644,0
hf_transformer,1,norway,4899,0.2597884646097819,0.09341474153081374,0.024064841082089183,6.2943239240114455,0.0,0.16783238525390587,0.008155933498163695,-0.007705375398491727,1.0,0.06831950988769542,0.004958076217597024,0.011363758650315223,1.0,0.36578058471679675,0.008740554548978853,0.042442233864207424,0.0,0.14714539184570263,0.012633591003555093,-0.0011965089853254824,0
hf_transformer,1,south_korea,4899,15.786285807291666,429.2880796070098,0.012049761970942837,3.3223046842330017,0.0,1.875097656250091,0.00035910969969189886,-0.0010589615603268279,0.0,16.799755859374955,-0.003786980778120582,0.008881253574644848,0.0,16.772021484375045,-0.010313459864200075,0.0024162808599766583,0.0,52.12326660156259,0.0009243631203157106,-0.03924036936611951,0
hf_transformer,1,sweden,4899,0.4344148002624512,0.24016856737401054,0.04146152849884377,10.345339209496354,0.0,0.18664944915771464,0.016363000236139808,-0.0018440527166161285,1.0,0.08690371704101629,0.011031982573172557,0.01944189444962382,1.0,0.5786386535644539,0.0062651017449523085,0.06122786478562664,0.0,0.4789757553100582,-0.001925343550717995,0.04415095980118025,0
hf_transformer,1,switzerland,4899,0.01650726943651835,0.00035829143276352234,0.018468699178847588,3.7190466076832847,0.0,0.008840001869201641,0.006854849624290803,-0.003029285386208881,1.0,0.004293567466735815,0.009580984468515514,0.00480555238612885,0.0,0.014372607517242453,-0.002212278384868149,0.013795624033591141,0.0,0.010106578063964866,-0.009914644316472954,0.0014552784388582017,0
hf_transformer,1,taiwan,4899,0.325500685628255,0.11921571524602145,0.010655607324645258,6.177847151635763,0.0,0.11546968078613418,-0.003104295426797609,0.0006688254207217231,0.0,0.17803579711913997,-0.0017814457278179034,0.004022511917703648,0.0,0.3548648376464847,-0.006741388840111462,0.0048510594888017755,0.0,0.2524659576416006,-0.0065147359437632,0.0017445324757995346,0
hf_transformer,1,uk,4899,0.008069310641250604,9.343563597200172e-05,0.01011216883845462,2.7314558872557373,0.0,0.008323007027709939,0.00938763599722226,-0.0010694554221351126,1.0,8.315508691403295e-05,0.011535922087266564,0.011639626015497596,1.0,0.01691218911468506,0.0015242771218937346,0.022605267626341803,0.0,0.01572981031973264,0.004614154069404076,-0.015337723348009915,0
hf_transformer,1,australia,4904,0.02394991028849281,0.0009084003205686235,0.01598946355397205,3.4781838869340125,1.0,5.850784301753009e-05,-0.005203472071459748,-0.005242598350226249,1.0,0.017317672424316477,-0.012267457366567959,-0.0006721302455425276,0.0,0.03546630401611317,-0.008992140164163071,0.014536032381001464,1.0,0.01188542560577388,-0.011565788810470264,-0.0035988282682343975,0
hf_transformer,1,canada,4904,0.011170308907826717,0.0001849131293973559,0.00833091731317927,2.288491144872055,1.0,0.0034469982147216083,-0.000371809401721525,-0.0029234917667296328,1.0,0.006119316482543935,-0.006167317111298103,-0.001627219293962853,1.0,0.012971074104308977,-0.011387535515698217,-0.0017382625454233946,1.0,0.011741150474548379,-0.016737362185284703,-0.025600200437759433,0
hf_transformer,1,denmark,4904,0.14967105504353834,0.025709312128457174,0.021911731839968775,6.097257813905438,1.0,0.06087144470214856,-0.009065721928607566,-0.00014587360078372337,0.0,0.11407279357910127,-0.009522317809317853,0.007136347016549714,0.0,0.1502838935852049,-0.00964176635324269,0.012250080704752824,1.0,0.10486186752319338,-0.017363436271451087,-0.0019199398525261875,0
hf_transformer,1,eurozone,4904,0.03721215930938721,0.001640835288802798,0.02073636049060973,5.766407521797401,1.0,0.0038797653198241466,-0.00243542294026462,-0.00027773149098161797,0.0,0.026341986083984414,-0.007661378233265768,0.006973490362235256,0.0,0.0426282299041747,-0.0115227598312596,0.012144445581514337,1.0,0.0324618492126465,-0.020061518486264904,-0.001834454903239083,0
hf_transformer,1,japan,4904,5.9395789998372415,38.65457239430321,0.043367230432273036,12.93842780868762,0.0,1.9756579589843852,-0.008428740738857025,0.006189004835240082,0.0,4.2945202636718705,-0.008122177485612066,0.023374936649867274,0.0,4.585670776367181,-0.007013717058717033,0.0265466819651704,0.0,9.357121582031255,-0.006801255729768756,0.0605094070549051,0
hf_transformer,1,norway,4904,0.2878111701456706,0.11808661052282296,0.026691092990660446,6.97327626369678,1.0,0.07823388061523495,-0.01383722806934084,-0.006450879124808005,0.0,0.28927693786621056,-0.010761500045974318,0.0162003723864072,0.0,0.4680563522338872,-0.005163603327821304,0.03786856902218021,1.0,0.1608752914428706,0.0007310378214849512,0.01564386503051715,0
hf_transformer,1,south_korea,4904,19.03941731770833,489.585579089721,0.014563600498150751,4.006942868757136,0.0,17.71018066406259,-0.01157638144471756,0.0017593446301909514,1.0,10.363867187500091,-0.013779920957946907,-0.005937188641495414,1.0,5.748388671875091,-0.014072089697024406,-0.009713200378037442,1.0,20.05393066406259,-0.007631661807336919,-0.022889323978465527,0
hf_transformer,1,sweden,4904,0.511531812845866,0.29111265413469944,0.048802384824871745,12.181836615930099,1.0,0.013118417358398915,-0.0026553887999025637,-0.0013886480273498085,0.0,0.35986567993164087,-0.01815216328407364,0.01655299846521736,0.0,0.670521803283691,-0.018319602951783125,0.04541622394286807,0.0,0.5725481811523441,-0.01950558601453353,0.035230211515505136,0
hf_transformer,1,switzerland,4904,0.01762950258255005,0.00036482142967610186,0.019732502906646045,3.971882934783258,0.0,0.004284632873535199,0.0032108860450917463,-0.0015620644738321315,0.0,0.008720303440094002,-0.003932470842302867,0.005780684209207774,0.0,0.02143834600448613,-0.010691147544227729,0.013179944914008273,0.0,0.018349672031402586,-0.01924830799227275,0.0013926415085380142,0
hf_transformer,1,taiwan,4904,0.41214346923828094,0.20348362742349735,0.013497773442537468,7.822285696832268,1.0,0.003018249511718807,0.001526001576282425,0.0016239569647757712,1.0,0.0497136535644529,-0.004306935892808142,-0.002685308104736412,1.0,0.3687351226806648,-0.012930566133760119,-0.0008617676524964221,0.0,0.5304645385742184,-0.01096434056026513,0.006318573263469155,0
hf_transformer,1,uk,4904,0.008195787579139198,8.90837926409723e-05,0.010279595409976146,2.7742682403744587,0.0,0.0047789828959350356,0.0027982386613200627,-0.0031624685730527657,0.0,0.005575412679840075,-0.00430882080666511,0.0026497535278058094,1.0,0.008017973478240958,-0.014050738256417852,-0.003961509938185404,1.0,0.0027805633849486977,-0.015456162507181615,-0.018983889787424376,0
hf_transformer,1,australia,4909,0.024053770022074376,0.0008219093584700327,0.016058917285922507,3.4932671689794668,1.0,0.0016990208435059273,0.0008989415528234749,0.002028324069991555,0.0,0.0492346319580077,-0.009850533064881508,0.022713366232216987,1.0,0.0034832943725586762,-0.005223852136381788,-0.007557544198878051,0.0,0.011554469146728419,-0.007647743351937148,7.322422926439919e-05,0
hf_transformer,1,canada,4909,0.013292794386545802,0.00022858506641471887,0.009934988394021666,2.7233304374331397,1.0,0.004203047561645468,0.0035122551557113238,0.0004070531260527885,0.0,0.0173809402465821,-0.002951230640624041,0.009870439593192934,1.0,0.009894881439209025,-0.003674756506008271,-0.011053537429647431,1.0,0.019806201934814416,-0.005823272275274813,-0.02068020523753863,0
hf_transformer,1,denmark,4909,0.09068790601094558,0.010818236686094822,0.013222628211348826,3.694418692987171,1.0,0.023374786376953338,-0.004641527289297103,-0.0012462776319469996,0.0,0.10989095993041964,-0.008222296900436792,0.007696756972124982,0.0,0.1275263336181638,-0.016732818150821557,0.001873736771000372,1.0,0.05604831085205042,-0.01989999505922742,-0.011653700428925377,0
hf_transformer,1,eurozone,4909,0.023524959659576416,0.00078022835790109,0.01306042972358451,3.6454349021541836,1.0,0.011729643249511756,-0.007601075133576883,-0.0011036615087114392,0.0,0.028165982437133863,-0.007954773327486333,0.007582245605314396,0.0,0.024988019180297805,-0.012312769200422647,0.0015430826130945507,1.0,0.0011921451568603914,-0.010678022074466937,-0.011342800868662474,0
hf_transformer,1,japan,4909,5.597255818684896,35.14689749895959,0.040448700109199105,12.192731225360541,0.0,2.000649414062508,-0.013964049277591274,0.0005774297320210638,0.0,4.5334826660156295,-0.018534541143226724,0.01426547489315222,0.0,3.731444702148451,-0.023755221817429454,0.003459587579730991,0.0,9.533870849609372,-0.02562328357837889,0.0426152666973574,0
hf_transformer,1,norway,4909,0.22944904154459636,0.08326889660836014,0.021206494443281133,5.559240644903019,0.0,0.16494896545410143,-0.013232623987913996,0.0020210564139635768,0.0,0.38059486999511805,-0.016326073182461553,0.018630995373512736,0.0,0.19563845520019463,-0.016573206896252614,0.0015529023551921946,1.0,0.12012443084716828,-0.0037521169426362397,-0.014902107582234096,0
hf_transformer,1,south_korea,4909,16.64348388671874,420.8519242272575,0.01276185805029748,3.502706409462167,0.0,8.840039062499955,0.0002939597764375457,-0.00638979809877101,1.0,1.1674072265625455,-0.002541505431740096,-0.001659688812194117,1.0,16.466992187499955,-0.004898729905637658,-0.01745059204865746,1.0,5.577783203124909,-0.0025829256890100953,-0.00680712079010945,0
hf_transformer,1,sweden,4909,0.43905986735026037,0.20116903519384216,0.04158165015176782,10.455958816943479,0.0,0.1506756668090823,-0.012554610355077583,0.0018040247417927485,0.0,0.38674881286621066,-0.012878425506422814,0.023581856299178163,0.0,0.4777612823486326,-0.020329154770651843,0.024849342221214852,0.0,0.45063776855468696,-0.019094315709328385,0.023521680168253675,0
hf_transformer,1,switzerland,4909,0.013896317745844525,0.00021783269552559268,0.01553072034402958,3.1308057077956364,1.0,0.00031780929565428107,-0.0030887209683710406,-0.003442153076660736,0.0,0.01084306802749635,-0.006497891033948149,0.005527013461864823,1.0,0.012908980560302763,-0.01576286836628189,-0.0013310411814841984,1.0,0.012777822875976508,-0.022733681745663592,-0.00834822301643669,0
hf_transformer,1,taiwan,4909,0.4404261647542314,0.25542819792548266,0.014398071487579685,8.359077714939861,0.0,0.03913339233398361,0.0011118889096158077,-0.00016297793314860195,0.0,0.30820761108398287,-0.008122713538797663,0.001953666186413973,0.0,0.29885188293457077,-0.0071421724663330455,0.0026202949395475925,0.0,0.7533256835937507,-0.009507619367748368,0.014977797545929409,0
hf_transformer,1,uk,4909,0.0069397250463144895,6.576990169646208e-05,0.008722695388947007,2.3490919703586997,1.0,0.0005227759371337903,0.0020973347942042906,0.0014482838982427654,0.0,0.009988504731201164,-0.003916775178586324,0.008478047706954855,1.0,0.0005176864735106923,-0.007120057350642205,-0.007768741020361166,1.0,0.008992156141174323,-0.010580994859556252,-0.021948319034796604,0
hf_transformer,1,australia,4914,0.021326828477223708,0.000687184570177949,0.014240864227574647,3.0972404604173183,1.0,0.01606992668151852,-0.015622195038313707,-0.005056067764186026,1.0,0.012399031219482382,-0.02439169085832192,-0.016157793097251925,1.0,0.049136055183410576,-0.019386379943933302,-0.052530826055676494,1.0,0.017249457626342668,-0.01522608329369963,-0.02668882504321835,0
hf_transformer,1,canada,4914,0.015315094693501778,0.00029863742472789384,0.011468945523264856,3.1376445251570764,1.0,0.006838253021240304,-0.008751998748893238,-0.0037083995427984336,1.0,0.00883555107116707,-0.008106099354740565,-0.01465646909734811,1.0,0.022172688865661705,-0.013115993206140904,-0.02971970355312736,1.0,0.013227591705322173,-0.01571501442765144,-0.025612921600473806,0
hf_transformer,1,denmark,4914,0.049222325693766264,0.004307603819817297,0.007155699486966631,2.005205414417714,1.0,0.05527708740234338,-0.008301889795597744,-0.0003234117814758807,1.0,0.09271474914550737,-0.015404283985778184,-0.001963640917957986,1.0,0.04670326385498047,-0.011832357647166152,-0.018647392448438375,1.0,0.009058033752441297,-0.021013702908196645,-0.022344010295814967,0
hf_transformer,1,eurozone,4914,0.011884133211771656,0.00021812627435440857,0.006577030824642389,1.8415688961407617,1.0,0.012342002487182535,-0.00710914929718067,-0.0003284701532284452,1.0,0.01724161128997803,-0.011362711467074996,-0.0018627590648569534,1.0,0.020541857528686425,-0.007669469149029551,-0.019064510652828503,1.0,0.011847133636474716,-0.015918952005297384,-0.02252945949069249,0
hf_transformer,1,japan,4914,4.367813496907552,22.96093498895665,0.031214211290884933,9.514586743117379,1.0,2.548087158203117,-0.019790163594836273,-0.0014601922212684674,1.0,2.4433557128906216,-0.023610878972131634,-0.005961003534060126,1.0,2.6135290527343784,-0.018995092902399598,-0.00021355353156333695,0.0,4.000908203124993,-0.01651274164023017,0.012027454054979915,0
hf_transformer,1,norway,4914,0.21274410451253256,0.055509182008699344,0.01962347306560258,5.154502563218137,0.0,0.25459866027832057,-0.018097651666716705,0.005032940752583188,1.0,0.2564212982177736,-0.0291809423615942,-0.005630095068797476,1.0,0.30771707763671863,-0.022462253252332597,-0.05127951770145623,1.0,0.41402609558105397,-0.0030124039525281795,-0.04121640295363337,0
hf_transformer,1,south_korea,4914,14.82988118489584,327.9644963819584,0.011389120615242724,3.1210244340338016,0.0,1.5977050781250455,-0.001207044072882665,0.0,1.0,13.639794921874909,-0.0039037212671857056,-0.014296277860021212,1.0,33.881542968749955,-0.0076690748811743155,-0.03378570027514921,1.0,10.2642822265625,-0.0069596584088831,-0.014794238148402613,0
hf_transformer,1,sweden,4914,0.28323517578124996,0.08832164402727302,0.02655169110210313,6.745083196401462,0.0,0.27071581878662165,-0.022091603965082047,0.0032072342706732427,1.0,0.23374076843261804,-0.024666857169003645,-0.002730082879680939,1.0,0.06496443176269473,-0.022626353028347472,-0.016493429442104045,0.0,0.24039279785156253,-0.01906068974100984,0.003368710253778423,0
hf_transformer,1,switzerland,4914,0.007756527214050302,8.714403658038143e-05,0.008649887939061046,1.7475262237496456,1.0,0.003915539169311533,-0.007652575385130825,-0.003312540985183491,0.0,0.011395884513854981,-0.012530234635240474,0.00011022927700757692,1.0,0.0009539646148681857,-0.013144530932914308,-0.014210619376917344,1.0,0.0020234048843383867,-0.021306124817904202,-0.019030175892730254,0
hf_transformer,1,taiwan,4914,0.5504256815592447,0.39916116754594555,0.017972683375369627,10.446815872122324,1.0,0.016490402221680966,-0.0042537982502614995,-0.003715235090296339,1.0,0.11482138061523273,-0.0069306309405948365,-0.003176648621910578,1.0,0.2335377807617185,-0.00859325585551898,-0.0009600755779883822,0.0,0.9398196716308611,-0.011592713529342193,0.01886681223528623,0
hf_transformer,1,uk,4914,0.009647541901469936,0.00012360197703837236,0.012148715916428307,3.265686041333561,1.0,0.005221077283935505,-0.008131379263013562,-0.0016608939841704364,1.0,0.0007705913693237809,-0.011128181124517845,-0.012089609481121106,1.0,0.01917167670379638,-0.008798718334490144,-0.032940213758562355,1.0,0.019248599206970196,-0.014657644383482165,-0.03904137142355477,0
hf_transformer,1,australia,4919,0.030928423961639397,0.0012951579346762786,0.020655957161486042,4.491655483291071,0.0,0.012605640945434482,0.007403213060329823,-0.000906459411997065,0.0,0.03281069488525401,0.0023454971632519816,-0.019540767215252504,0.0,0.0446151867294311,0.00758671003187308,-0.022133821447639517,0.0,0.06196957801818859,0.005388402113237309,-0.036229015346879244,0
hf_transformer,1,canada,4919,0.022365427138010655,0.0005645021070928682,0.016740783572165945,4.582065042154385,0.0,0.015539255332946755,0.010829802736362604,-0.000669642882166272,0.0,0.02043606719970703,0.0056636272766510485,-0.009566232662092038,0.0,0.03252357902526848,0.0036554617356334375,-0.020742486431152868,0.0,0.030790223121643034,0.002666843666605776,-0.020438777382085202,0
hf_transformer,1,denmark,4919,0.07234249781290689,0.009274655505358461,0.010580699132596506,2.947068556033584,0.0,0.013809069061279544,-0.0007143501779229072,0.0012735692956456555,1.0,0.022533100891113378,-0.0057089450595999335,-0.002450963950697143,0.0,0.15654475402832002,0.001258433280432516,-0.021512622535315835,1.0,0.2803116508483887,-0.005608334619307121,-0.04704643188248037,0
hf_transformer,1,eurozone,4919,0.018753981323242196,0.0005929456401052362,0.010451317146825012,2.906122648429901,1.0,0.00776615409851078,0.005559442410949793,0.001315248853802443,1.0,0.010012992095947304,-0.008460460491423825,-0.002938149982154754,1.0,0.02148415603637699,-0.009624098751849487,-0.021590850203861586,1.0,0.06964040908813485,-0.00785042145531649,-0.04710120711988428,0
hf_transformer,1,japan,4919,3.3783744506835944,14.856840016320108,0.024033009537742733,7.359251209905983,1.0,0.6681225585937511,-0.004831375640166926,-3.5801872441713754e-05,1.0,1.76702880859375,-0.014802043426429882,-0.0020427552035060335,0.0,4.695339355468747,-0.011307708418534734,0.022129104953489034,1.0,0.8125256347656205,-0.002526993434081675,-0.008376673525188245,0
hf_transformer,1,norway,4919,0.41279801406860356,0.25472097365176727,0.03826566504073057,10.00153882751956,1.0,0.02111755371093693,0.0008785020820358427,0.002791854679141508,1.0,0.1828108047485344,-0.008092162632264489,-0.024962466638191332,0.0,0.43135021667480444,0.002479537678351675,-0.03736090618290411,0.0,1.1911951690673828,0.016666208626255785,-0.09576277705974214,0
hf_transformer,1,south_korea,4919,19.80194173177084,610.3319899022979,0.015226615773542111,4.167420036319359,1.0,15.654443359374909,0.013808744152653577,0.0019129242959290533,0.0,28.51369628906241,0.011054740186545595,-0.010780530234891297,0.0,15.59619140625,0.0037811405635145598,-0.008190305911537065,0.0,59.01865234375009,0.014612323154810022,-0.030957167773090103,0
hf_transformer,1,sweden,4919,0.13917217773437482,0.037578478288161396,0.013039869798450164,3.3143055584583667,0.0,0.18064487609863278,-0.00678040793362937,0.009961819520172591,0.0,0.08227069702148526,-0.0023346514242057947,0.0052911523466213336,1.0,0.025267286682128187,-0.004664630262788834,-0.007023913812114822,0.0,0.5610882446289054,0.0016360009719461727,-0.05176487898158287,0
hf_transformer,1,switzerland,4919,0.006432587369283042,0.00011195574290001204,0.007242188674128045,1.4492458808138415,1.0,0.003311855888366688,-0.004653252027220935,-0.0009925011842517046,1.0,0.0037553640365600716,-0.009864269719857575,-0.005692667430586651,1.0,0.0007623498916625726,-0.010568352165879383,-0.011417926948080153,1.0,0.029875837516784687,-0.019279915471843857,-0.05342751900077987,0
hf_transformer,1,taiwan,4919,0.46496114807128897,0.31120397793628807,0.015111178217530497,8.824739950053623,1.0,0.06368527221679798,0.0035566903216351555,0.0014836918925792086,1.0,0.07842269897460952,2.5225469225095506e-06,0.0025584005220407355,1.0,0.3121875610351559,9.177359068694763e-05,0.010226863803702075,1.0,0.11856549072265565,0.00416617268290586,0.00801180861302914,0
hf_transformer,1,uk,4919,0.014364719693341067,0.00027102716585818143,0.018172244830467872,4.862447353876302,1.0,0.0018771228387450822,0.008192062155799167,0.005865355451917236,0.0,0.008778948924072272,0.0031634812131558923,-0.007820331935961442,0.0,0.01699802171423337,0.0007364804761379054,-0.020693673602936943,1.0,0.0341048033778687,-0.005927363829328834,-0.04969578423638399,0
hf_transformer,1,australia,4924,0.01803566537602743,0.0004649568671539474,0.012152730760479995,2.6192733060537914,0.0,0.02011555747985838,0.012742555557722326,-0.000742115061888301,0.0,0.0365450448989868,0.006215499982454974,-0.01858270809089923,1.0,0.012682207412719748,0.008453373946622988,0.016898495312134443,1.0,0.01123546264648434,0.00953456219884122,0.0020009640944661346,0
hf_transformer,1,canada,4924,0.011132408644358294,0.00015744157485815907,0.008385895901202903,2.2807264162462393,1.0,0.008368555831909097,0.010212054668014866,0.0039721254354477846,0.0,0.018487560272216763,0.004561024345866499,-0.009355381523611095,0.0,0.015405396270751881,0.006516025068247008,-0.005044051950137326,1.0,0.008284090042114167,-0.00196634452812064,-0.008219017764963,0
hf_transformer,1,denmark,4924,0.09773788256327312,0.01561289761836846,0.014363028460941986,3.9816186770390307,1.0,0.013711807250976982,0.0029421360824044523,0.0009666854985285204,1.0,0.08462841873168969,-0.0035025405179772,-0.015837377489834256,1.0,0.06591812438964872,-0.003228839638039506,-0.012820828123759223,0.0,0.22909347839355476,0.0008431574299177441,-0.032757103758021884,0
hf_transformer,1,eurozone,4924,0.032743765913645445,0.001513447784536025,0.018277944348697894,5.073983922475251,1.0,0.011458535385131752,0.007156454027921539,0.0008796042348326717,1.0,0.02610330448150644,-0.0010712454069814702,-0.015547585481205894,0.0,0.02767477989196787,0.0031436510018481075,-0.012145842294523217,1.0,0.05703928604125985,-0.0007211454313249628,-0.032618422560338076,0
hf_transformer,1,japan,4924,3.029846435546874,13.88746093582488,0.021506016132783377,6.600038382990942,1.0,0.19610595703125,0.00038660897348677224,0.0017921151749815361,0.0,3.0956164550781295,-0.007024553195922518,0.015096238555542933,0.0,5.2982177734375,-0.00034601697580384765,0.0369760432994575,1.0,2.0867565917968705,0.0021017782947978006,0.016932073139994345,0
hf_transformer,1,norway,4924,0.4476621492513021,0.3118304758207218,0.042102323006847735,10.84624977532877,1.0,0.1814593597412113,0.024295925210088238,0.007676299688136203,0.0,0.32822525634765576,0.013792198277009678,-0.016799073688571885,1.0,0.18188329772949174,0.019445017599097822,0.002704550588345212,0.0,1.0035160675048829,0.03211376348797197,-0.06268203413672674,0
hf_transformer,1,south_korea,4924,18.131387532552093,448.075738576989,0.014037340245929704,3.815843350765752,0.0,28.72421875000009,0.01930247206823653,-0.0027522064082418766,0.0,33.06308593750009,0.010215966914400845,-0.015447937392162376,1.0,15.423681640625091,0.008154881477366743,0.019929376116997202,0.0,17.762890624999955,0.007376351460560474,-0.006368706237635593,0
hf_transformer,1,sweden,4924,0.19785587117513023,0.08958554795054544,0.018643161839853938,4.711824046189288,0.0,0.0634679824829103,0.004203475884053641,-0.0016496125765896367,1.0,0.17005969848632851,-0.0021251600191211435,-0.017986858879779643,0.0,0.050627749633788355,-0.00250346575238738,0.0021722245240059727,0.0,0.4819714279174807,0.006243040379170059,-0.03899266161264502,0
hf_transformer,1,switzerland,4924,0.012493813314437859,0.0003336365418752674,0.014137573582301506,2.814824959559672,1.0,6.153402328490376e-05,0.00793700948064853,0.00800467991043378,1.0,0.006557450103759743,-0.0017669407840154438,-0.00907553346476397,1.0,0.0038324825286865094,-0.0013505596068462493,-0.005613776797199663,1.0,0.03081189422607422,-0.005934998634707241,-0.040898208487540805,0
hf_transformer,1,taiwan,4924,0.6356667124430336,0.4808610412333117,0.02068693146847138,12.064649821785133,0.0,0.1017390899658217,-0.0022399252638333365,0.0010735548706668758,1.0,0.18242430114746,-0.006889142457043798,-0.0009280894237120616,0.0,0.5291557769775395,-0.0058321182906167016,0.011343989730596356,0.0,0.8153454589843747,-0.009659833986425974,0.016784062201186348,0
hf_transformer,1,uk,4924,0.016862781753914393,0.0003567559991763072,0.02140400460082075,5.708039576736334,1.0,0.0033680217448119887,0.009824215314834206,0.005619671609269103,0.0,0.019532944284271214,0.006521433912561973,-0.01819520918118571,0.0,0.00932841665322881,0.008725490899074954,-0.0029763706093289886,0.0,0.018191156928527796,0.0022530516930168013,-0.020845560066829145,0
hf_transformer,1,australia,4929,0.018079120933532738,0.0004323227361100885,0.012193686865344475,2.6255842449296383,1.0,0.02684554611206047,0.021569574302289955,0.003354039133302273,1.0,0.020139476814269974,0.015103857850128277,0.02864120414849494,1.0,0.02618890678405772,0.020187228909597305,0.03766704005745806,1.0,0.023210516433715744,0.01416880225152531,0.02976889713517706,0
hf_transformer,1,canada,4929,0.008282494754791259,0.00010808809269011471,0.0062464131760825445,1.6968569141815066,1.0,0.023714575195312504,0.018820880334884573,0.0010227854746937559,0.0,0.01645456657409672,0.012133456224409896,-0.00026533745393823594,1.0,6.344242095956965e-05,0.011578300380088984,0.011530763073108822,1.0,0.002070515441894516,0.004741830835330165,0.0031785700504462426,0
hf_transformer,1,denmark,4929,0.08405221537272126,0.010756122237838207,0.012397593218765927,3.4240957732830037,0.0,0.08002244796752933,0.011544185332034997,-0.0001246649630736434,1.0,0.01479994049072264,0.005659514621273119,0.003498938517288261,1.0,0.025224706268310193,0.008931602631127654,0.005258416238533164,0.0,0.10240662536621059,0.005354204341246559,-0.009696795600401953,0
hf_transformer,1,eurozone,4929,0.02407866139729819,0.0009108389521226208,0.013515042026494728,3.7312366917973256,1.0,0.031032284164428603,0.017296294386193206,0.00011171624086486858,1.0,0.002365502357482896,0.005273617058482589,0.003958303657428854,1.0,0.005460709571838418,0.00837790635213861,0.005348351142860257,0.0,0.034995560836792006,0.00953214739166153,-0.010021277145457991,0
hf_transformer,1,japan,4929,2.9511207071940095,13.008388162015386,0.02093003090908776,6.428546909772419,0.0,2.685677490234383,-0.016716761586266914,0.002400029387667978,0.0,4.330678100585942,-0.014814148126778308,0.01577651569390895,0.0,5.441397705078117,-0.018880233362908352,0.01956078253923808,1.0,0.5796484374999977,-0.00428743200560426,-0.00841012036402165,0
hf_transformer,1,norway,4929,0.328376871693929,0.18438484422172238,0.03147185035579261,7.956128470522198,1.0,0.11505133666992151,0.02070497182005974,0.009982096427356178,1.0,0.16454216918945264,0.012948787181941524,0.028204132666157657,1.0,0.08539058380126896,0.014008743651370973,0.021946295742565677,0.0,0.6542212066650386,0.024043174659317497,-0.038306886207852775,0
hf_transformer,1,south_korea,4929,14.025370279947925,300.6772073488441,0.010874903705072235,2.9517109944665028,1.0,16.568359375,0.02078986217769465,0.007948825062493798,1.0,14.942895507812409,0.01370997036425749,0.025232298962298838,1.0,15.935693359374909,0.010219495248290097,0.022545363521086735,1.0,10.280737304687591,0.012137184609572964,0.0041193490840945885,0
hf_transformer,1,sweden,4929,0.21829456349690748,0.069594157893054,0.020629678807449082,5.19855977650872,1.0,0.008143115234375387,0.009050815752248085,0.009809205304070997,1.0,0.0524266067504886,0.00563191132726557,0.010521146163948726,1.0,0.2500720855712899,0.008008751449833132,0.031063917151807445,0.0,0.2068030227661133,0.00714802096997947,-0.012344843117772454,0
hf_transformer,1,switzerland,4929,0.014521356821060179,0.00037591684635975145,0.01649610202678296,3.2716254515630565,1.0,0.009015306377410881,0.012412500747866302,0.0024021686923446747,1.0,0.001149142456054686,0.003462712627137733,0.0047429154558085865,1.0,0.0003629510879517017,0.002778226655804841,0.0031830265601211125,0.0,0.026877792930602995,0.0006461281800515988,-0.029861437661316315,0
hf_transformer,1,taiwan,4929,0.6098362141927083,0.42430021858786593,0.01978074406552728,11.574399333577704,0.0,0.17439482116699168,-0.0022634190908546537,0.00341502616707638,0.0,0.3116420593261715,-0.001520738043006963,0.008596552705373215,0.0,0.6900048980712903,-0.004342669748834306,0.017984179917518262,0.0,0.8183894653320323,-0.0036029337235519037,0.0228043894004267,0
hf_transformer,1,uk,4929,0.011496442931248985,0.0001890559374185801,0.014679083675013832,3.891537719037778,1.0,0.019995897701293952,0.026361178849269386,0.0010933657931732539,1.0,0.010046250373779264,0.020680914264716323,0.007993459576083072,1.0,0.007104467944885284,0.018074649203600992,0.009095604468048581,0.0,0.010522362684265096,0.009355666765310619,-0.00408950778173598,0
hf_transformer,1,australia,4934,0.02465581915664674,0.0008723071038699573,0.016593218098407688,3.580701216697728,1.0,0.013427815742492744,-0.009153736702197943,-0.00014689386277145827,0.0,0.02859734443664541,-0.01621942679884416,0.0029999222519562223,1.0,0.026319513702392605,-0.01386292246312873,-0.031841096775145517,0.0,0.04092757247924794,-0.013596966817411056,0.013725731683782412,0
hf_transformer,1,canada,4934,0.009748182824452712,0.0001619816545918074,0.007387018593518635,1.9971363600090655,0.0,0.01290279083251944,0.007329800978549236,-0.0024292124600465057,1.0,0.001349632263183631,0.0022723179415513697,0.0032927759062579528,1.0,0.001323143196106047,-0.004770521379689751,-0.005779044294460621,0.0,0.028717110061645457,-0.00873246721703171,0.012994288411437275,0
hf_transformer,1,denmark,4934,0.05846840072631825,0.006643921434669798,0.008656498419632163,2.3818694475788638,0.0,0.04328231353759726,0.00389913643015867,-0.002421600975610759,1.0,0.03362218246459925,-0.007536023819258507,-0.0025974135598493685,1.0,0.14225189895629864,-0.006421371038785299,-0.02756644405078161,1.0,0.012778237915038737,-0.010234251508169789,-0.012122697209569225,0
hf_transformer,1,eurozone,4934,0.01922996264139813,0.0006518514716796215,0.010825110545931783,2.9798808582244356,0.0,0.013270276451110785,0.004923332151813526,-0.002451186431045708,1.0,0.002723641586303671,-0.004055306706515065,-0.0025348556031880663,0.0,0.05655163917541506,0.0035833005967100973,-0.02827182993899257,1.0,0.0197849744796752,-0.001734721464626987,-0.01282356020412531,0
hf_transformer,1,japan,4934,2.0840156046549483,6.502456674718989,0.014715147624720936,4.539696408406287,1.0,2.4621142578124875,-0.01869333665400438,-0.0013923215726919503,0.0,3.8028222656249966,-0.021182261018313168,0.005480796292319493,1.0,3.0238916015624966,-0.017588173058610396,-0.039230452669909155,1.0,1.3571545410156318,-0.003958189992507239,-0.01348224858798467,0
hf_transformer,1,norway,4934,0.39723269241333015,0.2272320833774202,0.03810458199666521,9.624412088551829,1.0,0.0388628356933598,-0.01157139646601988,-0.015195352822064927,1.0,0.0018468811035159405,-0.014173227676415384,-0.014345600226343866,1.0,0.7454957183837898,-0.012616044189616704,-0.08461070129180683,1.0,0.6463455978393551,-0.010042984552360298,-0.07199361849464968,0
hf_transformer,1,south_korea,4934,15.533929850260423,325.2467727895783,0.012052632762781765,3.269195080848541,0.0,13.919848632812545,-0.009103177326263097,0.001608702660400512,0.0,38.57565917968759,-0.019568187315341004,0.010145014546860748,1.0,17.075732421875045,-0.01019033377960431,-0.023504029550616395,0.0,26.518505859374955,-0.016479199801351575,0.003978734350821876,0
hf_transformer,1,sweden,4934,0.24113638554890943,0.0814380997016866,0.02276694660469449,5.742524662484405,1.0,0.006387771606444659,-0.005035194120900163,-0.004438111580165709,0.0,0.11722750549316352,-0.006067949580104107,0.004844467117965912,1.0,0.5439320755004875,-0.0011792052366140326,-0.05316987442737513,0.0,0.24561213073730492,0.005766350546925992,-0.017213857063475346,0
hf_transformer,1,switzerland,4934,0.014052710326512651,0.0003071023747572591,0.01600540249575651,3.166040565919047,0.0,0.0062293136596679455,0.0033114934240310954,-0.0036249098611287243,1.0,0.0043186124801635195,-0.008799021702939424,-0.003960180315766938,1.0,0.03329121313095096,-0.006432116809602944,-0.04444923226088353,1.0,0.01570789737701417,-0.011693692922935943,-0.029545998938960136,0
hf_transformer,1,taiwan,4934,0.6752148106892905,0.5385584819104516,0.02183882481577277,12.815253789428636,0.0,0.06776028442382653,-0.00020223254826701387,0.001984527793352481,0.0,0.37787173461914136,-0.006233143764159487,0.005973916177724101,0.0,0.5396560974121094,-0.013140518859911418,0.004367206212707921,0.0,1.2338036804199213,-0.015947531929943044,0.023747565171113687,0
hf_transformer,1,uk,4934,0.006500923879943843,8.34443863705443e-05,0.008352359092877933,2.200558089026796,0.0,0.0037619124458923014,0.004730655689922803,-3.934048917120742e-05,1.0,0.00014855539120484096,-0.00012582765589767467,-0.0003146757195663729,0.0,0.02596025334970098,0.0022944786017764732,-0.031178095779537278,1.0,0.006307595725830062,-0.011770030995586333,-0.0036912004599922847,0
hf_transformer,1,australia,4939,0.022316328088124598,0.0008163603573400047,0.014918123277950227,3.2409429445312803,1.0,0.005026690750121965,-0.000694720524009191,-0.00404868304026582,1.0,0.002739556045532332,-0.005881346120502102,-0.00404868304026582,1.0,0.02211245681762697,-0.004301046211038977,-0.01919400864936403,0.0,0.05009876792907719,-0.011857876723851695,0.021331279647099875,0
hf_transformer,1,canada,4939,0.01082381559371947,0.0002391438095116204,0.0081743065919325,2.2175041303109615,1.0,0.0029037204742432543,0.0023050839111396423,0.00011335083986209036,1.0,0.0019055702209471725,0.006369672550882131,0.004937723230257745,1.0,0.003580888366699231,-0.0015270384706033366,-0.004240984810815931,0.0,0.024920182800292956,-0.0047877003162864785,0.013958427073980857,0
hf_transformer,1,denmark,4939,0.05981979451497388,0.006742734929156816,0.008858643240888536,2.436922151891978,1.0,0.0644422912597653,0.00996393730630148,0.0005712779202652968,1.0,0.002114737701416125,-0.003304388654670752,-0.0029935528947645923,0.0,0.1611207015991214,0.00299494678556905,-0.020823830319763915,1.0,0.008790194702148035,-0.006274756229539296,-0.004979519388883283,0
hf_transformer,1,eurozone,4939,0.015883439248402926,0.0004494861742121962,0.008959694957064836,2.4613025756583258,1.0,0.011348331451416005,0.006615172690632986,0.0003067527457510397,1.0,0.005059127807617081,-0.006440693353446021,-0.0036044130167157584,1.0,0.03244880008697515,-0.0032132788341635954,-0.02153894723752301,1.0,0.002472735595703046,-0.0042917110997635856,-0.005677939874865878,0
hf_transformer,1,japan,4939,1.8550556030273442,4.921270871652405,0.013085652880133015,4.040943474533881,1.0,1.8130224609375034,-0.013113752318128754,-0.00048442907521738243,1.0,0.2626568603515693,-0.01447688204336291,-0.016322337749225348,1.0,2.745307617187507,-0.010220470126721165,-0.029596164132281895,1.0,0.3940789794921784,0.004136305025999568,0.0014173366818270015,0
hf_transformer,1,norway,4939,0.4612041097005209,0.260671376351487,0.04423165268865358,11.174353202713688,0.0,0.09517118835449168,0.007682256219772154,-0.0011721004118027758,1.0,0.04635222167968678,-0.003332902408827273,-0.0076832999978865835,1.0,0.6697902282714843,-0.00031831787343600124,-0.06489732124293002,0.0,0.3539064941406256,0.0043640368292479715,-0.029078684540497893,0
hf_transformer,1,south_korea,4939,16.25065755208334,368.9119470025302,0.01259026143678199,3.4200340958108804,1.0,3.08447265625,-0.00971153827035383,-0.0073505939101370715,1.0,5.643310546875,-0.013980559225261072,-0.00964680617048738,1.0,26.614501953125,-0.01628603705181098,-0.03702981624592674,0.0,31.760009765625,-0.018699157081826418,0.005562612493041484,0
hf_transformer,1,sweden,4939,0.23323840830485026,0.07896471156478259,0.022032041661606463,5.554438866122697,0.0,0.08616151428222629,-0.0032652581549877805,0.004705934502880527,0.0,0.07555782165527347,-0.0035668344337455114,0.0034288863847028264,1.0,0.39654045410156336,-0.007476944117945057,-0.04516615731797973,0.0,0.010734269714355094,-0.00029484776599380527,0.0006987457567103774,0
hf_transformer,1,switzerland,4939,0.01744570459047953,0.0004024075885833252,0.019838976695246476,3.930473705865198,1.0,0.008376250267028817,0.011089294930681285,0.0017868115759593324,1.0,0.0013016998291015547,-0.0036935059141622283,-0.005154939414428812,1.0,0.02521529273986811,-0.00446387693311724,-0.033182977465462934,1.0,0.013106497001647899,-0.006721812066886067,-0.02158032001996099,0
hf_transformer,1,taiwan,4939,0.630114106241862,0.4865799121194409,0.02026873140330984,11.959264014877064,1.0,0.2410848236084,-0.008078419981438571,-0.00030507631158501944,0.0,0.47678027343750173,-0.009493791893031076,0.005842680875770956,1.0,0.2748231353759749,-0.010906216831184647,-0.0020248777528904774,0.0,1.0805182189941398,-0.013024724011127663,0.021520209849664445,0
hf_transformer,1,uk,4939,0.008934875637750243,0.00013773448230288245,0.011444384704192128,3.0244490202013554,1.0,0.011590520749816924,0.016490222035081728,0.0018895413331860632,0.0,0.01216691175656126,0.006866771065432235,-0.00861500468180326,0.0,0.012897237288146957,0.005260265159495182,-0.011185098624302298,0.0,0.004611411935913079,-0.005879971765361742,0.0,0
hf_transformer,1,australia,4944,0.031311637968699145,0.0014739109459543198,0.020828009230889566,4.547308668148429,1.0,0.00046915786743162435,0.004214521332503173,0.003902229219556429,1.0,0.035773098220825306,-0.0014626870015611282,-0.02569798340091285,1.0,0.004674854812622087,-0.0034178626804558486,-0.006557928191754341,0.0,0.07604660552978526,-0.00827262200927775,0.04170543141959408,0
hf_transformer,1,canada,4944,0.016537871589660632,0.0004406179893286345,0.012452394518611635,3.388158107377974,0.0,0.009293558502197374,0.005320127774539973,-0.0016557541225351929,1.0,0.007813109397888152,-0.0035684669480366363,-0.009482324878959492,1.0,0.009994918441772471,-0.00011662701289881752,-0.007662005061967695,0.0,0.04613663787841804,-0.014953050911110901,0.01965811628138715,0
hf_transformer,1,denmark,4944,0.07118733980814618,0.009081092031503287,0.010526801379811608,2.900010050507757,0.0,0.09175876235961944,0.011152121178212085,-0.0022731545932505102,0.0,0.2216230102539063,0.006237150853482798,-0.02666606250462343,1.0,0.014349330902099666,-0.0015223198953016825,-0.0036365817966300972,0.0,0.05332024230957,-0.0007527676340778861,0.0070586288636976715,0
hf_transformer,1,eurozone,4944,0.01987091918945314,0.0006188726663524534,0.011192640286312488,3.0792036798086526,0.0,0.020403484725952215,0.008919367580676383,-0.0024662998404188265,0.0,0.056851636505127034,0.0057227882498701475,-0.026434506694048728,0.0,0.01079665718078604,0.0022070279028860696,-0.0038422214334100763,0.0,0.013745384216308665,-0.0006974491604645723,0.006973528957500447,0
hf_transformer,1,japan,4944,1.8716650594075521,4.881866874258358,0.013188146920797969,4.077124532538624,0.0,2.1348547363281227,0.011362152628861852,-0.003593071358896395,0.0,4.2590893554687455,0.003924140092384865,-0.026365131114228366,0.0,2.0061083984375045,0.007469543120250455,-0.0066325873767930695,1.0,0.7382409667968659,0.026258221120672345,0.021188191539205748,0
hf_transformer,1,norway,4944,0.45582574091593425,0.24605699627661212,0.04375169892948861,11.044042584943075,0.0,0.21266023712158244,0.01067132568210966,-0.009317556601306586,0.0,0.7062212615966796,0.00799325765879556,-0.060176469174906204,0.0,0.5741406845092776,0.006346779426458245,-0.04880850597174045,1.0,0.045322705078124415,0.006256303545995897,0.0020108536457012663,0
hf_transformer,1,south_korea,4944,24.208674316406245,814.6231238336758,0.01866525141603275,5.094839474103387,1.0,3.4481933593749545,0.0037463784255934063,0.0011104942840271153,1.0,33.75888671875009,-0.004139677943715062,-0.030459207484708574,1.0,21.3486328125,-0.004532376166945194,-0.021102322108404837,0.0,46.634521484375,-0.010309296959017255,0.025159749516696854,0
hf_transformer,1,sweden,4944,0.25020188247680675,0.09665859735530184,0.02361079081884784,5.958414270216656,1.0,0.013407682800293586,-0.0006361187627569752,-0.001874726381966662,1.0,0.5458561584472648,-0.0058754568822584315,-0.05786367211504234,1.0,0.33166604156494195,-0.0016560389172033362,-0.03278736243826053,1.0,0.0527047515869139,0.008749371492003959,0.013558209500926467,0
hf_transformer,1,switzerland,4944,0.016807101128896072,0.0003941978219730751,0.019130075307453188,3.7865979397010707,0.0,0.012585479354858431,0.012211500411698077,-0.0018555489031696392,1.0,0.025882803153991718,-0.004636536135900881,-0.03428711383104205,0.0,0.02118814926147461,9.903364605958751e-05,-0.023992054712699076,1.0,0.003212833404541038,-0.006297148099576061,-0.009936286796963612,0
hf_transformer,1,taiwan,4944,0.5953613622029622,0.46650773560583186,0.019045565720074743,11.299673573898874,0.0,0.24562948608398472,-0.006039508223425118,0.001817863395480243,1.0,0.06769841003417909,-0.01622561806500245,-0.014031652244167813,1.0,0.3877655639648445,-0.015303581826877908,-0.0028130312959026437,0.0,1.0769333801269525,-0.013511672215540149,0.020739799307670878,0
hf_transformer,1,uk,4944,0.00810863534332376,0.00012013657899589374,0.010403195197573538,2.7447672708134845,1.0,0.013362184489807083,0.01752667467784373,0.0005460217211396516,0.0,0.027901271158935592,0.013204306460392765,-0.022744022293950394,0.0,0.005092165767089818,0.004612374527807903,-0.0019087313434448595,1.0,0.004399137626770022,0.0018206742425105834,0.007435852213934446,0
hf_transformer,1,australia,4949,0.04748849212900798,0.003321123389819128,0.03154392015905501,6.896631601049005,1.0,0.03088568443298345,0.026683772386327208,0.005846030591020851,1.0,0.0036274323654175156,0.016244777567732235,0.018689212226092905,1.0,0.046049084777832094,0.017376516226300678,0.0479388203113421,1.0,0.09721767013549809,0.007142106666781062,0.0712359525344428,0
hf_transformer,1,canada,4949,0.02533105097452799,0.0009373128070365824,0.01906723822332834,5.189640351386531,0.0,0.017196943283080968,0.012595943943857478,-0.00037965072589635614,0.0,0.006081821441650481,-0.001961932016611528,0.0026535269550301316,1.0,0.017080412292480363,0.001759383400120705,0.014620253637443266,0.0,0.053962895584106496,-0.005910692906121121,0.03447202219017484,0
hf_transformer,1,denmark,4949,0.09471953598022462,0.013306385659106745,0.014014814943097231,3.8586581134002316,1.0,0.19304421844482444,0.02984923066520549,0.0011615191561170578,1.0,0.03489486999511726,0.017029714890364596,0.011838364173761495,1.0,0.06596948089599586,0.018584425853067188,0.028310691035174914,1.0,0.24514694976806606,0.007511346899988738,0.04357727394648238,0
hf_transformer,1,eurozone,4949,0.025842115275065112,0.0009345893125555005,0.014573321713400783,4.004502040914886,1.0,0.04780582427978519,0.02800406465283721,0.0009193025439870942,1.0,0.0004517780303954222,0.011287887678973164,0.011544634577391405,1.0,0.012868778991699248,0.02078173465250237,0.028000809142759285,1.0,0.060327374649047805,0.009139622712877759,0.04292480319252146,0
hf_transformer,1,japan,4949,2.987027343750002,12.511925466905579,0.020983202011569814,6.506763804428626,1.0,1.599233398437491,0.01589689643625173,0.004466705311947732,1.0,1.7482556152343705,0.01085637173316226,0.023265991461676516,1.0,2.4197821044921852,0.010059474889343964,0.027208686751048684,1.0,4.8165722656250125,0.02332544251355231,0.056737130605003336,0
hf_transformer,1,norway,4949,0.24557961257934574,0.07294706836170534,0.023757542778730236,5.950062613555456,1.0,0.4878626678466791,0.04777931685781876,0.0002047609423161437,1.0,0.38931547546386724,0.04596851888308286,0.008118276284824057,1.0,0.08340339050293011,0.03307641750015239,0.024983358191664494,1.0,0.39756045837402354,0.03202110789701306,0.06976208936414349,0
hf_transformer,1,south_korea,4949,31.869211425781238,1559.3432222285069,0.02452589825844552,6.7070387357220795,1.0,34.076171875,0.027063542124000636,0.0005133571696446866,1.0,0.037792968749954525,0.013837377256640564,0.013807931300563141,1.0,15.659765625000091,0.013839279420370963,0.025966371173078453,1.0,48.5029296875,0.008571658608429875,0.04585728759583037,0
hf_transformer,1,sweden,4949,0.2344462252298992,0.07734699632228416,0.02203311501032831,5.583202333170903,1.0,0.3503146087646485,0.03730621144867876,0.0037567250450458007,1.0,0.16262309265136743,0.03355629771566012,0.018063369715559358,1.0,0.16543528900146498,0.03214121039572918,0.04768136130080207,1.0,0.5167416122436528,0.03336109234659512,0.0810645376798158,0
hf_transformer,1,switzerland,4949,0.009370429766972858,0.00012398732410687626,0.01073336135036147,2.1111344411874526,1.0,0.026335796928405708,0.030556549436616585,0.0004068703011751689,1.0,0.01290844707489014,0.021633319029551065,0.0068366430826523475,1.0,0.002390634441375772,0.015242081482491088,0.017975940626273664,1.0,0.018127289581298833,0.010263653387488796,0.03091082341425783,0
hf_transformer,1,taiwan,4949,0.6986148646036786,0.5975302485263171,0.022306605204199033,13.259375607925284,1.0,0.14134544372558722,0.010012523814387657,0.005472124452937482,1.0,0.1471440124511716,0.006609789608271699,0.011330654110198181,0.0,0.7762028808593762,-0.0013671431709728287,0.02348344337841715,1.0,0.8436870117187496,0.004209672657057019,0.03104384417830734,0
hf_transformer,1,uk,4949,0.011501482096998084,0.00017774839235474045,0.01478102674907043,3.89324347304381,1.0,0.017468991022583036,0.02541929282683061,0.002824429604848469,1.0,0.0012021679234619498,0.0194844538522715,0.021029892233593448,1.0,0.010972815935180624,0.018787310668819602,0.032815233330869484,1.0,0.019060730405639603,0.01996836340926835,0.04418326777714252,0
hf_transformer,1,australia,4954,0.0639309304491679,0.00511158683862017,0.04250916421720761,9.284524638567586,1.0,0.00013098472595207689,-0.0025804516804049816,-0.0026688428621961854,0.0,0.025671711425781174,-0.008083433106191877,0.009185224949811645,0.0,0.05650836727142328,-0.011717811918367798,0.026041581345822115,0.0,0.08610078437805169,-0.015629139915288432,0.041566650798387214,0
hf_transformer,1,canada,4954,0.03287675793965658,0.0014042563374136337,0.024737009698356058,6.735549575024633,0.0,0.009814785766601553,0.004920515509198716,-0.002501707013189164,0.0,0.0064534255981445465,-0.0028459353661401364,0.0020422062917981616,1.0,0.017760364151000907,0.0013919029708162635,0.01473101682516037,0.0,0.044418703842163065,-0.005404472905768449,0.02785009024767079,0
hf_transformer,1,denmark,4954,0.15194652478535975,0.028095607421543448,0.022519739732359993,6.189955267394959,1.0,0.010908236694335827,0.004673850390109075,0.0030530736868168073,1.0,0.0435570434570316,0.0007519145689063761,0.0072229306677857345,0.0,0.06058644104003896,-0.0002814173726010538,0.00871746701090446,1.0,0.17990278244018576,0.00179532635056984,0.02822867402260505,0
hf_transformer,1,eurozone,4954,0.038301898339589434,0.0018280263573118012,0.021617751416532587,5.935273813277807,1.0,0.008167575454711917,0.00762355047890064,0.0030070944645798786,0.0,0.016694183158874498,-0.0024145860121964303,0.007049559933674249,0.0,0.016035035896301286,-0.00047460526078369587,0.0086000133994418,0.0,0.057453211212158184,-0.004358269571278177,0.0279048782682848,0
hf_transformer,1,japan,4954,4.10663415527344,20.336331035857892,0.02882424022444854,8.94564910343852,1.0,1.0447802734375102,-0.011742193657453341,-0.0043124845908363435,1.0,0.13690429687500227,-0.011222158576031881,-0.010245954948472982,0.0,4.163539428710948,-0.010805868129240299,0.01845238446607225,1.0,4.197495727539064,0.0005465986563085392,0.029711864698002584,0
hf_transformer,1,norway,4954,0.2804846577453614,0.11650825266401295,0.027073405357078147,6.795764755054159,0.0,0.2366261642456049,0.021450870638071814,-0.0017652867967905776,1.0,0.0730177459716792,0.014730843136794625,0.0075760742403021665,1.0,0.03498489685058637,0.015074188286386334,0.011653696913127943,1.0,0.4851329650878906,0.0062099172531828156,0.052876177309369325,0
hf_transformer,1,south_korea,4954,41.104527180989585,2308.6968999573583,0.03167147433326876,8.65065822725107,1.0,1.4990722656250455,-0.0016773011144900055,-0.0028479488672885312,1.0,2.869531249999909,-0.007209322113678776,-0.0049598820704320696,0.0,40.157519531250045,-0.005984225755552221,0.025007073669854163,0.0,55.32290039062491,-0.015644668925830198,0.027208380160712108,0
hf_transformer,1,sweden,4954,0.3936505080668132,0.1976363932895401,0.03707406394082433,9.374560980614376,0.0,0.09806744995117178,0.007834188521718062,-0.001551777047711849,0.0,0.12014991149902343,-0.0028411414829974013,0.008660959615092946,0.0,0.22582443237304695,-0.0028916456848200158,0.01861967782820809,0.0,0.6238328002929681,-0.001627053844500806,0.056634484614961816,0
hf_transformer,1,switzerland,4954,0.014268778394063316,0.00026393421218424035,0.016393907161868566,3.2147201623079735,1.0,0.013197239875793465,0.015182093550688985,5.773838738284249e-05,1.0,0.004223497962951628,0.006817172066687162,0.0019612373614605583,0.0,0.009774475097656277,-0.0022827294315567125,0.0089671233729677,0.0,0.022026033782958976,-0.0044280975346061005,0.02079956132593394,0
hf_transformer,1,taiwan,4954,0.8089746536254885,0.7449955433647976,0.025808983504414875,15.353951559271083,0.0,0.20678976440429864,-0.002894150067735062,0.0037219598408782173,0.0,0.27527957153320415,-0.003712719310347806,0.005092237775528326,0.0,0.7968086547851563,-0.008269955568409685,0.017120744412643024,0.0,0.7144660797119151,-0.0027393196002059874,0.01993284615032807,0
hf_transformer,1,uk,4954,0.014646008456473788,0.00028922318414223663,0.018811183998025338,4.957663399240826,1.0,0.0010905930937195052,0.003540068642729052,0.0021431225988829124,1.0,0.0026265411624756263,-0.004823660423870835,-0.0014391568960925385,0.0,0.01366513833831784,-0.008876353530130904,0.008678709268232929,0.0,0.02571986367382817,-0.01524527909746844,0.017750319570927084,0
hf_transformer,1,australia,4959,0.0707670418586731,0.005585574583955775,0.04684561095768449,10.277315520346,1.0,0.0018745849227905786,-0.011634485442601409,-0.010370498071758714,0.0,0.04253594421386708,-0.015813783161078572,0.012598038697100333,0.0,0.0759485459518432,-0.012183817581025148,0.03781590688392123,0.0,0.08553256423950195,-0.013889167260085697,0.04233923597002704,0
hf_transformer,1,canada,4959,0.036779695568084726,0.0016269386897108378,0.027588736904812994,7.535154874694319,1.0,0.0038822555541992987,-0.002510038173184515,-0.005455178888038236,0.0,0.016972372436523386,-0.0032334303284280723,0.009550380907052906,0.0,0.031472681808471625,-0.0027410548653033335,0.020825128707816987,0.0,0.047276327323913625,-0.005513169039644254,0.02977628894334671,0
hf_transformer,1,denmark,4959,0.15547842585245772,0.031521764532536745,0.02292259808126202,6.333836870775384,1.0,0.021174185943603874,0.0040749961867421495,0.000947292147628408,0.0,0.03182606353759798,-0.0036459732258438157,0.0010730369081211378,0.0,0.16191781921386728,-0.010699548556062576,0.013246882957170854,0.0,0.28120643234252896,-0.011072107266654408,0.03017151191129199,0
hf_transformer,1,eurozone,4959,0.03942079722722371,0.0020633295876401276,0.022140488193785772,6.108658725132612,1.0,0.00680039386749276,0.004756706978022829,0.0009305605183317728,0.0,0.009898019409179781,-0.004437988489603636,0.0011560205987616223,0.0,0.03354136924743645,-0.005539985505772924,0.013311671057187816,0.0,0.07373525886535637,-0.011768611855381394,0.029466219007644425,0
hf_transformer,1,japan,4959,5.079796427408856,28.739207900525994,0.03555235863239411,11.06552827408471,1.0,1.6934948730468875,0.0005451092368460468,0.012536018837955363,0.0,2.026512451171868,-0.0036880157482889475,0.010704387469946012,0.0,5.731329345703131,-0.00011638725668468778,0.039923579520468655,1.0,6.753226318359367,0.004279715558775209,0.05109193422571072,0
hf_transformer,1,norway,4959,0.37392114232381174,0.1846145221706989,0.03604216874428907,9.059604687828148,0.0,0.09363069152832004,0.004036555631224932,-0.0051761225718881905,0.0,0.10925911102294883,0.005262861112340384,-0.005482599620639299,0.0,0.40713227081298875,-0.0016615498145276578,0.03765837621960889,0.0,0.5642859832763669,-0.007064523693253251,0.04731400388563418,0
hf_transformer,1,south_korea,4959,51.5042423502604,2950.38103736482,0.03967547245914577,10.839331537954614,0.0,16.01650390624991,0.01056687212043891,-0.0019202513983241894,0.0,36.828076171874955,-0.0034340284184957953,0.025091684229026114,1.0,59.43349609374991,0.0041543092566734725,0.0494573763098615,0.0,68.67597656249995,-0.009817019191543503,0.04306518961919636,0
hf_transformer,1,sweden,4959,0.4947863919576009,0.28918136750571105,0.046433428131421005,11.783054025672522,1.0,0.00892227172851534,0.0009820203707843198,0.00013324704020934515,0.0,0.1554994720458982,-0.009174698396637669,0.005652132218245864,0.0,0.45949278106689384,-0.006511936453413409,0.03656818781477221,0.0,0.753716755676269,-0.015613859670250857,0.05472326637361764,0
hf_transformer,1,switzerland,4959,0.01822966639518738,0.00041018688686853433,0.020909492605978294,4.107098343971726,0.0,0.008581537628173819,0.008928543105696558,-0.0009224561046161845,0.0,0.005794239807128898,-0.0016082074812082223,0.005058354178164593,0.0,0.016053597545623743,-0.0061893416217553305,0.012256739922879139,0.0,0.027578495025634808,-0.004017157303461742,0.027397416702488027,0
hf_transformer,1,taiwan,4959,0.8266251551310222,0.7281537500990514,0.026301620984073914,15.688949626142861,0.0,0.09842840576171952,-0.002357033496353804,0.0007799008807096448,0.0,0.6052598266601557,-0.009736431844903299,0.009539728476060126,0.0,0.8518441162109376,-0.009048010767923217,0.017957656753598963,0.0,1.081846405029296,-0.014283630291476446,0.02006671947150224,0
hf_transformer,1,uk,4959,0.01489214791699014,0.0003108516938507229,0.01904491647807654,5.040981430780772,0.0,0.0016968279718017065,0.001986522059375298,-0.00019432188089372508,1.0,0.004863017555053695,0.002168936846007462,0.008391766897826874,0.0,0.007333601473052953,-0.0010469409529158856,0.008352571783457408,0.0,0.029953726666381852,-0.00825125612078947,0.02986474188840689,0
hf_transformer,1,australia,4964,0.054124411631266287,0.00311797027684746,0.03549921591954263,7.86034912690695,0.0,0.013363193435669052,-0.006231595786811824,0.0025847540295583934,0.0,0.030505171470642134,-0.009471958890548042,0.010605470215273659,0.0,0.05740009941101065,-0.014761191983764348,0.022884144840600848,0.0,0.05863957420349131,-0.015911050076212883,0.02257514522439183,0
hf_transformer,1,canada,4964,0.03327306845982871,0.0012285175050892876,0.024871663263423275,6.8167427742026865,1.0,0.0001001777648925728,0.0011218658778710487,0.00119675394813777,0.0,0.011522489166259753,-0.004367183594549979,0.0042569145688015845,0.0,0.03155965499877933,-0.009142179068062263,0.014414931772798194,0.0,0.03833493595123283,-0.016552766321411255,0.012199355370749098,0
hf_transformer,1,denmark,4964,0.13571421600341796,0.02418278619338551,0.01987523195701859,5.528687986759903,1.0,0.005142526245117018,0.0024588321325453477,0.0016997003752061285,1.0,0.006189524841308192,0.0036339113922144615,0.004545764260836627,1.0,0.09611457214355479,0.0029298735084791446,0.017006551596194838,0.0,0.24596197509765627,-0.001978535687647968,0.033828818889126665,0
hf_transformer,1,eurozone,4964,0.038964100793202706,0.002000384246206158,0.021778240309629604,6.037888906847639,1.0,0.0008867132186889393,0.0012466015862305044,0.0017455942266834282,0.0,0.008295439529419024,-5.378989279624207e-05,0.004610764726071348,0.0,0.03424511489868154,-0.0023953567282256447,0.016766257448335663,0.0,0.08139169921875,-0.012528745077772838,0.032874357249686396,0
hf_transformer,1,japan,4964,4.207739522298178,18.98975098259788,0.029216570683924373,9.165891058694319,1.0,0.45033142089843636,0.0005263639077915944,0.003695040538650587,0.0,3.527841796875009,-0.004295220269213272,0.020380381562131136,1.0,3.547525634765634,0.001743468453299456,0.026407504558357633,1.0,4.966236572265615,0.007507801552146004,0.04167341590966136,0
hf_transformer,1,norway,4964,0.4074952075195313,0.1976083349760805,0.03912357846466429,9.873058980747436,1.0,0.13673439636230533,0.018072343160655605,0.004705426817983794,1.0,0.13786234283447207,0.015233085291378737,0.02856933372780791,1.0,0.4208461166381827,0.014927859594764684,0.055105948945789116,1.0,0.6422683929443362,0.001159333947485466,0.06266177350776854,0
hf_transformer,1,south_korea,4964,46.80555501302083,2331.3081764813664,0.035886194267797156,9.850468727486122,1.0,11.597851562499955,-0.011596012508707634,-0.0026762517885079973,0.0,31.426025390625,-0.012274656247276458,0.011728892689080365,0.0,49.043408203124955,-0.027909375198801642,0.009878124469903484,0.0,40.27475585937509,-0.018438395423698385,0.012407907389430768,0
hf_transformer,1,sweden,4964,0.37708645385742184,0.16673133162846104,0.03491954917694775,8.98009753374951,1.0,0.013845654296874343,0.005299910771322279,0.003995546933396247,1.0,0.2356936431884762,0.0007101968768079141,0.02275706993815175,1.0,0.3610918121337896,0.005310505305135486,0.03874044973103774,1.0,0.5123404876708992,0.009064668754728975,0.055999376495001515,0
hf_transformer,1,switzerland,4964,0.017654631729125982,0.0004258727456518224,0.020163853556948042,3.977544468793264,1.0,0.00020214729309087076,0.0029794996498428163,0.002748355580522589,0.0,0.006444124507904103,-0.003381807861372885,0.004005498603232176,0.0,0.017374461555480947,-0.008376781584689071,0.011515347859397182,0.0,0.03492700405120852,-0.011564813972027965,0.028153357430422115,0
hf_transformer,1,taiwan,4964,0.6557044886271157,0.4594731875580233,0.0207711367924509,12.44495721894166,1.0,0.18397358703613165,-0.006295953332645975,-0.0004732533097746636,0.0,0.5145430297851554,-0.012555002598468682,0.003746560856274645,0.0,0.28546020507812386,-0.00651774697809247,0.0025045102127503605,0.0,0.516880523681639,-0.0093607916705134,0.006962426459440937,0
hf_transformer,1,uk,4964,0.012838582946646112,0.0002450869646328552,0.016307173840971446,4.345851155409564,0.0,0.00516330421334843,0.00539748666658955,-0.0011751799328948904,1.0,0.0013891848393554618,0.0016088231308251087,0.003376524740425904,0.0,0.011452685263855011,-0.006089559747543139,0.00850231466627044,0.0,0.026177813993041976,-0.004321088345989523,0.028667106298481865,0
hf_transformer,1,australia,4969,0.04551978109741212,0.0021748665646229154,0.029720815475141438,6.610720760229866,0.0,0.023432801589965857,-0.010153018793263384,0.005153896807566506,0.0,0.047260065498352155,-0.014439021444234826,0.016325468732228385,0.0,0.04029444412231453,-0.02036285730851758,0.006080467751670092,0.0,0.044403989906311114,-0.020548774247628212,0.008557902061816981,0
hf_transformer,1,canada,4969,0.025364042612711604,0.0007092254826814251,0.01889729453820583,5.196399436785246,1.0,0.0011452392578124027,0.0027199706185506104,0.0035707681607981727,0.0,0.017049571228027416,-0.002013854314548517,0.010637412437663994,0.0,0.021106147003173925,-0.007484921063281655,0.008238134760856943,0.0,0.0181841941833496,-0.010626891691936667,0.002976524874973467,0
hf_transformer,1,denmark,4969,0.16042721519470218,0.03101762909190955,0.023447997441846283,6.535439274644285,1.0,0.00015377197265653564,0.0063114419419729745,0.006333942886160288,1.0,0.050724340820312186,0.0016149138475497792,0.009044595357816373,0.0,0.09313675231933605,-0.002526658390299662,0.011129204993447689,0.0,0.2367753845214846,-0.004556915632005172,0.02986920435628623,0
hf_transformer,1,eurozone,4969,0.04558623865127562,0.0024625547966455777,0.0254250335236477,7.06405740294827,1.0,0.010601795768737876,0.00025140831532782603,0.006179849931968515,0.0,0.02631648063659675,-0.005691451389157964,0.009047055815650653,0.0,0.02428496437072747,-0.0026879459844486903,0.010879982345252523,0.0,0.06668419132232661,-0.007960800936545966,0.029054052530701955,0
hf_transformer,1,japan,4969,4.22471142578125,18.52002080713918,0.029225498435976275,9.202861650043936,0.0,2.6368127441406273,-0.013506673899769929,0.004790221962391286,0.0,2.831156005859384,-0.016236925688221885,0.003448517108153452,0.0,3.167305908203133,-0.016174781916657777,0.005821079039453534,0.0,5.1484307861328205,-0.012538069516203634,0.022847403789362522,0
hf_transformer,1,norway,4969,0.4756949498494466,0.24044507702240975,0.04558559627919382,11.525446704749706,0.0,0.19021022338867155,-0.011988184045489965,0.0063412603771937585,0.0,0.39010972900390684,-0.013900979951987207,0.023406238188312688,0.0,0.41155357208251964,-0.017536580329775023,0.02192197997434042,0.0,0.5548321960449218,-0.023360367376219816,0.0297784876911122,0
hf_transformer,1,south_korea,4969,35.965242513020826,1347.484129054268,0.027406353532113417,7.569069452384668,0.0,24.617749023437455,-0.01430388933335215,0.004367805723999015,0.0,35.618896484375,-0.01702631456789731,0.009950330853168092,1.0,27.154296875,-0.023214011389811016,-0.0024558433047629983,0.0,48.023388671874955,-0.027719054357140626,0.008866238860861398,0
hf_transformer,1,sweden,4969,0.46560166407267256,0.2296068725679621,0.04307252395790138,11.088036476721559,0.0,0.18464897460937557,-0.015763459895865375,0.001442221270356589,0.0,0.3765582443237303,-0.018587917754762207,0.016288350128918917,0.0,0.4051898406982417,-0.024740915538877938,0.01296508078739471,0.0,0.4677478851318355,-0.01575395887257818,0.027268817112346456,0
hf_transformer,1,switzerland,4969,0.020939474315643317,0.0005735480803214305,0.023839931452077776,4.71761130571875,1.0,0.0023239916801452987,0.006970103415699926,0.004330737864463247,0.0,0.008628821372985818,-0.003350729206663161,0.0064890938085686006,0.0,0.01757532548904417,-0.011343086872076111,0.008756025921344814,0.0,0.041299452495574984,-0.012526826336874625,0.034131856564206725,0
hf_transformer,1,taiwan,4969,0.4421315948486326,0.20862253200946787,0.013937270486462395,8.391445961509527,0.0,0.2532100524902354,-0.004447372638518658,0.003513398431844911,0.0,0.5067391357421869,-0.010908351266802641,0.005062270333777539,0.0,0.32725103759765517,-0.009559437114812809,0.0007696113842570557,0.0,0.49174346923827983,-0.005158890065811142,0.010254576197963702,0
hf_transformer,1,uk,4969,0.016845306183719884,0.0004119503583674314,0.021326269152758037,5.7021241087102394,0.0,0.00478728830975339,-0.0019813420271717415,0.004098528074710477,1.0,0.0009206105576782253,-0.002351638709212963,-0.001179152467868687,0.0,0.007867895540740966,-0.006710790924157157,0.003309044211795431,0.0,0.03825623957196045,-0.012185803455995866,0.03587397768390316,0
hf_transformer,1,australia,4974,0.022749333855946876,0.0006024119545964929,0.014725331666749303,3.3038272587707604,0.0,0.016984079475402813,-0.009050201628295134,0.0018765156124046381,0.0,0.04165922706604008,-0.02313124497191503,0.0038325377139360067,0.0,0.03897731090545653,-0.01984856417159199,0.005319365525418842,1.0,0.013689743690490808,-0.015634842522690748,-0.0067602376212960585,0
hf_transformer,1,canada,4974,0.017422658805847185,0.0003548575675101589,0.012939200377881438,3.5694268373698708,1.0,0.005629537010192864,-0.0051226226701033,-0.0009590203973563713,0.0,0.021762559127807668,-0.010758565305166843,0.005331581029828318,0.0,0.022256304550170913,-0.008631975664060525,0.0077855699913949635,1.0,0.01872801971435556,-0.017050614660303113,-0.0031016936468323654,0
hf_transformer,1,denmark,4974,0.18407259460449218,0.03996588961574219,0.026793918328443078,7.498698164796173,0.0,0.009795046997070678,0.00032026960554177106,-0.001109675460825319,0.0,0.13908072280883754,-0.010449025812181935,0.00985258257816126,0.0,0.1610148223876955,-0.006811001359233349,0.01657080711008661,0.0,0.28948448486328093,-0.014542638645305429,0.02742717357354723,0
hf_transformer,1,eurozone,4974,0.045182874565124494,0.0024871955477666786,0.025050996447794197,7.001551981506144,0.0,0.002966712570190433,0.0003427974273735098,-0.0013073169879946238,0.0,0.029141390037536574,-0.006660850085982896,0.009516767540972353,0.0,0.0421816404342652,-0.007747314849811592,0.015610665070698918,0.0,0.05979461174011225,-0.006270969226832267,0.026633134363014135,0
hf_transformer,1,japan,4974,2.820524169921875,8.557266427893863,0.019323519263905815,6.144063132453118,0.0,1.7779614257812568,-0.0049209383373842955,0.007305937245911289,0.0,3.2861157226562625,-0.01348989038027574,0.009183807951569192,0.0,2.2432696533203114,-0.002676876619042197,0.012691090000902327,1.0,3.1622863769531193,0.00564852829733627,0.02706768750857849,0
hf_transformer,1,norway,4974,0.33512254948933917,0.11978559942869478,0.03180033659478828,8.119567140499711,1.0,0.19319536132812587,-0.020575037342567458,-0.0022319182844906965,0.0,0.3627322723388673,-0.026802405824558947,0.00757476654353594,0.0,0.33483556518554636,-0.026291824019578042,0.005467077831657064,1.0,0.251235894775391,-0.025030185662433622,-0.0011364811637521787,0
hf_transformer,1,south_korea,4974,22.293731282552084,592.0848341099622,0.01686330464833157,4.691829906870389,0.0,25.400195312500045,-0.01577875130500932,0.0033197218051716957,1.0,12.962158203125,-0.019590732218805116,-0.0097616694055752,1.0,20.521777343750045,-0.017580709682729675,-0.0020944765857007475,0.0,43.07016601562509,-0.02414123850209542,0.008297258919834483,0
hf_transformer,1,sweden,4974,0.2777181453959148,0.08631839581260323,0.0254307916243086,6.6136982833393185,1.0,0.15674289855957113,-0.01631082257407653,-0.0019132920371724977,0.0,0.3239773300170903,-0.019998423642663687,0.009642656063846983,0.0,0.28310154724121084,-0.012037144737476819,0.013709092025234902,1.0,0.0075572769165042075,-0.011876467951399617,-0.01118061306972705,0
hf_transformer,1,switzerland,4974,0.024932542759577434,0.0008705563255616987,0.02820988002360691,5.61723966083649,1.0,0.0056354564666748486,-0.007100846726051202,-0.0006810829481737583,0.0,0.012440291213989263,-0.007563614379165913,0.00655999638017934,0.0,0.022723267459869412,-0.012645022257432905,0.013133238396692294,0.0,0.04787285308837885,-0.01638640981356534,0.03736410802214759,0
hf_transformer,1,taiwan,4974,0.36306211344401024,0.15479436572054245,0.011406119017556863,6.890745065798537,1.0,0.15364801025390662,-0.0049726511410336655,-0.00015634282887289059,1.0,0.27913661193847616,-0.01252631545148763,-0.0037276073735313126,0.0,0.2819666900634772,-0.007814678016422279,0.00103125009139252,0.0,0.5097289733886754,-0.006673427817354834,0.00924318792950764,0
hf_transformer,1,uk,4974,0.019441314213084922,0.0005302100887403742,0.024438657913528505,6.580870972032549,0.0,0.007738021773559534,0.00976225461338297,-3.9280922470976806e-05,0.0,0.01565313286383052,-0.005839205129091681,0.014003393269257512,1.0,0.014706038149536083,0.0014374737574592317,0.019956623349842176,0.0,0.036807214738128646,-0.0040085525520149245,0.041956903131091905,0
hf_transformer,1,australia,4979,0.015796535280863458,0.00035442145083953877,0.010164013028573313,2.2940901999821874,1.0,0.017919490356445245,-0.017119316216696073,-0.005545608474616983,1.0,0.014065233306884695,-0.020102773855529978,-0.010980089509962888,1.0,0.0017476544189454213,-0.010558992139567158,-0.009431732072053696,0.0,0.01983671157836908,-0.0069443603114365945,0.00573093014821216,0
hf_transformer,1,canada,4979,0.010845424442291285,0.00019485778276079026,0.008002712152650146,2.221931193073105,1.0,0.006671375083923348,-0.008338142429630371,-0.003416294993141268,1.0,0.015180718231201151,-0.01520967250258223,-0.003968404987474095,1.0,0.005663053512573235,-0.004437530500549584,-0.00861820301745584,0.0,0.027226143074035702,-0.014201463853316287,0.005850321998975125,0
hf_transformer,1,denmark,4979,0.171540453338623,0.03689855165965543,0.02479959610805334,6.988167279341668,1.0,0.04086728897094716,-0.009322605344972446,-0.0033797385556205255,1.0,0.06992649078369162,-0.013701778319502696,-0.003510235750116026,0.0,0.128384558105469,-0.008158988312004435,0.010371576064514686,0.0,0.2184117752075192,-0.009190543408358209,0.02216422423259584,0
hf_transformer,1,eurozone,4979,0.037995406328837064,0.001806254899274791,0.020891548981350313,5.8877797180956595,1.0,0.004377116012573179,-0.005675435531389366,-0.003254277554830442,1.0,0.0185076555252075,-0.013755149187985663,-0.0034752903468453587,0.0,0.04168032646179198,-0.01323755264083357,0.009754303714641666,0.0,0.048989485168457136,-0.004990257775803165,0.021761006841708983,0
hf_transformer,1,japan,4979,2.4676822916666663,6.6910872146204605,0.016824021546768937,5.375453241110337,0.0,1.0745507812499966,-0.006808160413531055,0.0005456281679492768,1.0,1.5785534667968761,-0.014627913560120151,-0.0037592744453240844,0.0,1.621846923828116,-0.00730487282296621,0.003779178186684492,1.0,2.0268603515625045,0.00519279539675435,0.018855094824496803,0
hf_transformer,1,norway,4979,0.23583946441650389,0.07179087053264088,0.02212764241572555,5.714071967485473,1.0,0.14201843566894468,-0.015161798292774592,-0.0018183179512417053,1.0,0.09693029785156249,-0.017919159871826993,-0.008767635769950186,1.0,0.1969670150756837,-0.019389105084856095,-0.0008527990264614708,0.0,0.48291817626953204,-0.020805514024417222,0.0241063132378201,0
hf_transformer,1,south_korea,4979,18.961494954427092,530.5909325874458,0.014268232523896337,3.990543708391232,0.0,6.6513183593749545,0.0034660243916002052,-0.001548075598488572,1.0,7.765039062499909,-0.010746111996953338,-0.004840976134555008,1.0,6.299072265625,0.005117291594063607,0.00037721614932390723,1.0,23.453369140625,0.0009779263972363335,0.018503471564559726,0
hf_transformer,1,sweden,4979,0.16989206893920888,0.03631795326792008,0.015458036203569586,4.045882141026063,1.0,0.10495894775390546,-0.01788755455910874,-0.008300981407385189,1.0,0.16279039611816337,-0.021245883423626186,-0.006366683349294642,0.0,0.274717614746093,-0.01899026506855173,0.00593665584242864,1.0,0.01973175354003942,-0.008199337969027448,-0.00640751013711665,0
hf_transformer,1,switzerland,4979,0.028018926137288416,0.0010410088342169969,0.031530504002302465,6.312594133302597,1.0,0.00554524993896488,-0.008883544723656855,-0.0025962312810847857,1.0,0.01136693515777587,-0.01621431942738936,-0.0032746190056713114,0.0,0.023944786262512174,-0.018827601956800628,0.008307653730566874,0.0,0.040010093498229926,-0.015061385324326508,0.02971037862251344,0
hf_transformer,1,taiwan,4979,0.39679230244954433,0.18562630472163902,0.012442892231712663,7.530927901880055,0.0,0.05286358642578293,0.0015793069752303881,-7.846029520796708e-05,0.0,0.05424497985839949,-0.001483784123455566,0.0002196560822187961,0.0,0.191663055419923,-0.004755221238331512,0.0012701998743993217,1.0,0.3669215698242212,0.0006456021011363851,0.01208751937686481,0
hf_transformer,1,uk,4979,0.024339596266283164,0.000787333813986823,0.030478162111982288,8.238935947651566,1.0,0.008824799708312958,-0.013110167235387282,-0.0019500560930818783,1.0,0.0056866233555298296,-0.01260516333633699,-0.005403055972622017,0.0,0.019777837110595664,-0.014132322333226865,0.010733412690000386,0.0,0.03869704998004153,-0.019010227547405424,0.029306274733969524,0
hf_transformer,1,australia,4984,0.014494932417551686,0.00031341916367140266,0.009299297880318249,2.105061763055918,0.0,0.0097765370941163,0.006138373884422345,-0.00015496768309131528,0.0,0.022312540130615233,-0.004408209237765571,0.009957810121451475,1.0,0.0014611616134643235,0.00480423012513633,0.005742665254900935,1.0,0.028081732215881283,0.0075758533231868935,0.0254099700821517,0
hf_transformer,1,canada,4984,0.008533276538848899,0.00011078742943614079,0.006286493387540843,1.7482352508816672,1.0,0.0004889987945557728,0.0010016712796518193,0.0013613203228172708,0.0,0.018916794967651418,-0.010002953950730302,0.003968404987474012,0.0,0.01181681671142587,0.002476087158630544,-0.006241595060337478,1.0,0.004892480087280271,0.002212138444067037,0.0058003099476417385,0
hf_transformer,1,denmark,4984,0.15884750554402666,0.029242997091663527,0.022864469144965847,6.471085502243327,0.0,0.020083578491211007,-0.0009696312224836178,0.0019411996621567732,1.0,0.0538571510314938,0.001397297599792614,0.009165768556472734,1.0,0.08189239196777365,0.0021593646321011683,0.01393901309881501,0.0,0.24087650146484396,-0.0052669184301338415,0.02924375097270528,0
hf_transformer,1,eurozone,4984,0.041142355658213295,0.0019627269678144568,0.022571777177372625,6.375431943078279,0.0,0.007753290748596209,-0.00224233241763052,0.002042506920406059,0.0,0.02947737960815422,-0.00767025511266008,0.008610900673033894,0.0,0.028776827812194927,-0.002033856353135971,0.013774776029467785,0.0,0.05498665885925291,-0.001430392213205953,0.02854457492717831,0
hf_transformer,1,japan,4984,1.7850452473958343,3.5651401584312614,0.012102846022621157,3.888437054091681,1.0,0.08992797851561818,0.002223589276812503,0.0028378512933644527,1.0,1.363516845703117,0.0018573656823725072,0.011134114579235079,0.0,1.5799700927734364,-0.0009589619701285117,0.009812685210469376,1.0,1.6604125976562614,0.01349875238401906,0.02465419675903577,0
hf_transformer,1,norway,4984,0.1975466534932454,0.054226072228308865,0.018427095836273215,4.786288833334576,1.0,0.02395777435302726,0.004244429930773115,0.0019998316666951644,0.0,0.08519720001220676,-0.006009156296326533,0.002013900816567182,0.0,0.169690808105468,-0.002813173735247221,0.013053223810950995,0.0,0.40798829650878865,-0.007048896145615026,0.03083929548270877,0
hf_transformer,1,south_korea,4984,22.378094075520842,659.9845982203092,0.01682752709699158,4.709584488643235,1.0,4.74609375,0.004271935748291885,0.0006821799703651782,1.0,14.008251953124955,0.0003348933402314036,0.010896927388052244,1.0,20.278271484374955,0.0005091993087091897,0.015760204340806733,1.0,25.97219238281241,0.0038050181852346487,0.02323333041470678,0
hf_transformer,1,sweden,4984,0.12732762125651043,0.024168408742216166,0.011554305915536977,3.032234242113909,1.0,0.05839793090820322,-0.005412532061007886,-9.980175750102176e-05,0.0,0.1464865692138666,-0.006538656051727158,0.006749741373748904,1.0,0.15569102020263692,0.001052662822854674,0.015064146456179909,1.0,0.0850422729492184,0.008468744875456216,0.000788990450614952,0
hf_transformer,1,switzerland,4984,0.027133279733657836,0.0009023155391883268,0.030419585545105744,6.113060208827931,1.0,0.0022688925743102883,0.0034649989142942496,0.000904414735776546,0.0,0.0076035480499268004,-4.012958260260355e-06,0.008559092738014652,0.0,0.024034638786315954,-0.005995018228620338,0.020985073812447276,0.0,0.028844179916381885,-0.009311075530916237,0.023087193300924437,0
hf_transformer,1,taiwan,4984,0.2535123494466148,0.08238671303061347,0.00792254256294419,4.811543001546629,0.0,0.027767776489259433,-0.0004006819437060774,0.00047052919717514895,0.0,0.42200677490234284,-0.008033271594174794,0.005226111096702387,1.0,0.04042565917968943,0.00953740771030217,0.008280262282595527,1.0,0.17296081542968977,0.006350350060399953,0.01172832732902461,0
hf_transformer,1,uk,4984,0.023488745529005938,0.0006598340219839522,0.02926710575295929,7.9509235809406995,0.0,0.0015815486262207301,-0.0017993079927054387,0.0001981254509867641,0.0,0.012134679692199724,-0.004591434177746629,0.01067526542138709,0.0,0.023393007104888897,-0.0024627145367749218,0.026701443055756648,0.0,0.03269241103942866,-0.0015886416760688142,0.038902208237327374,0
hf_transformer,1,australia,4989,0.01043784969456989,0.00015602544056364298,0.006673672781592604,1.5158620714890698,1.0,0.00043168056488029904,-0.00698043519162777,-0.006702588422133047,1.0,0.002091955986022853,-0.005820055229915846,-0.007166052048534848,0.0,0.005610001373290929,0.000626271011932343,-0.0029641222331021413,1.0,0.00257458057403559,0.009698471735634874,0.011327064229636212,0
hf_transformer,1,canada,4989,0.009174576899210625,0.00011306085504288733,0.006752250118486198,1.8796201756855602,1.0,0.0028694030761717837,-0.0011232217423595835,-0.0032323260465803535,1.0,0.006672412109375081,-0.00310547186608105,-0.008026552665544756,1.0,0.013279956817626948,-0.00030812123496156937,-0.010098862181173746,0.0,0.006898888778686496,-0.0008429888128766298,0.004208375376460063,0
hf_transformer,1,denmark,4989,0.13715679298400874,0.021609113590227273,0.019661044912881075,5.587455286586236,1.0,0.010205828857421828,-0.0041763627211557006,-0.002704901402447668,0.0,0.08421547317504885,-0.007386018927828793,0.004730343885955867,0.0,0.16398340377807585,-0.009148861507529115,0.014351071186192785,0.0,0.10215548553466824,-0.002014382193452825,0.012586145949998238,0
hf_transformer,1,eurozone,4989,0.027943646469116217,0.0009756611823789457,0.015239578061717747,4.330155953764044,1.0,0.0030601036071777887,-0.0012004662818189398,-0.0028803838477879555,0.0,0.015956051254272463,-0.004175720527280763,0.004564158840803653,1.0,0.01641757164001456,0.005399535478481125,0.014305773088376997,1.0,0.012180598640441964,0.0052834492724875455,0.011899553610399414,0
hf_transformer,1,japan,4989,1.6175381266276077,2.978355143052129,0.010933713372801789,3.523549443444494,1.0,0.13141723632813296,-0.007603975154462575,-0.00850113933657718,0.0,0.6181378173828023,-0.002903597251045816,0.0012858691538965613,0.0,2.3985858154296977,-0.004538001452643127,0.011647610304920522,1.0,1.6191821289062602,0.0041279789848500505,0.014988854350247152,0
hf_transformer,1,norway,4989,0.2044627200826009,0.05961051313600898,0.018975383238417454,4.953855793856954,0.0,0.04340285949706946,0.002449969116518041,-0.0016192511335071662,0.0,0.12352583160400421,-0.0016733494833434065,0.009865170001495121,1.0,0.06547106628418042,0.0013243272756376856,0.007438243891531832,1.0,0.2979284881591795,0.008547504505373655,0.035876614252160995,0
hf_transformer,1,south_korea,4989,21.815139160156264,603.0891676835818,0.01634791659123877,4.591107744008101,1.0,6.189794921875091,-0.006274647055418747,-0.0016138418560204789,1.0,0.640234375000091,-0.0060485823879856985,-0.005565598000739619,0.0,25.84311523437509,-0.007334349822076476,0.012002977071912403,0.0,24.071582031250045,-0.0036981083867899667,0.014260690339159388,0
hf_transformer,1,sweden,4989,0.15070097783406572,0.030327574671748615,0.013610247141818977,3.588857317831485,1.0,0.0015031036376953466,-0.0024989991065961894,-0.002634797981726715,0.0,0.12542528076171955,-0.004359770551799713,0.006928242339629766,0.0,0.17517165832519588,0.0025938690625870947,-0.013275926070633864,0.0,0.3391614013671873,0.02009593210101205,-0.010317027046960237,0
hf_transformer,1,switzerland,4989,0.024278701670964555,0.0006964751791289405,0.027145663125663116,5.469930895330416,1.0,0.0075095417022704725,-0.008796118736620274,-0.0003364737582216231,0.0,0.014377110671997095,-0.010344444702877187,0.005814294906098685,0.0,0.036671836662292456,-0.013402377104544061,0.027430796926372694,1.0,0.017816479492187454,-0.02041039151798687,-0.00022430325894538718,0
hf_transformer,1,taiwan,4989,0.36826995849609384,0.16085875227209956,0.011508119726515631,6.989587471181116,1.0,0.22822222900390443,-0.00790362460413959,-0.0007493794552368123,1.0,0.0864071960449202,-0.006274844815959095,-0.003564564536001109,0.0,0.3161063842773473,-0.0023157208434655737,0.007525028124117729,1.0,0.2324321899414059,0.0029629052904598437,0.010170184469861636,0
hf_transformer,1,uk,4989,0.021849958433106487,0.0005500522987133221,0.027084220938817835,7.396195319746935,0.0,0.004691197473693842,0.002422083687695617,-0.003438078727042244,0.0,0.009409120069091781,-0.0045379666330598485,0.007194131307901802,0.0,0.0226567365679321,-0.0046876430683247825,0.023336957729998456,0.0,0.023930281406463583,-0.0022251680388902955,0.027279953902248306,0
hf_transformer,1,australia,4994,0.0133240823173523,0.00025770645761749947,0.008513734348664738,1.9350222137017288,1.0,0.0017647686386108585,0.0024531223470591152,0.0013190194843071513,0.0,0.009035031204223554,0.002408331000647837,-0.0034117729473013203,1.0,0.015644359283447207,0.003936228505060678,0.013919261585258282,1.0,0.0022366946411132016,0.015179916113667964,0.013760511771455984,0
hf_transformer,1,canada,4994,0.012597574494679782,0.0002348645076734242,0.009259129029138247,2.58089887359702,0.0,0.006191860008239791,0.002098908468832042,-0.0024798754265302194,0.0,0.0073139575958252045,0.00045382299532357073,-0.0049659159269740795,1.0,0.016062149429321382,0.003349417939436771,0.015115671004535968,1.0,0.025151298522949173,0.005749365396575816,0.024069385689007763,0
hf_transformer,1,denmark,4994,0.12114236557006833,0.01715417502128201,0.01732380324098664,4.935063996523735,1.0,0.008155079650879138,-0.0002352599261560627,-0.0014024344549809563,0.0,0.08640383300781274,-0.011839694046125672,0.0005861497279961791,0.0,0.15455690307617154,-0.009426421370285085,0.012640093830535288,0.0,0.07361797256469771,-0.0015625475974401781,0.008926469773662071,0
hf_transformer,1,eurozone,4994,0.02936317879358928,0.0010216520853515347,0.016001002186581712,4.550127114405913,0.0,0.005667533111572309,0.0022158145372973316,-0.0008729574714828969,0.0,0.019063418006896926,-0.009652091681866664,0.0007904600070867805,0.0,0.03972168426513667,-0.00880349661735229,0.012815304283754039,1.0,0.002957400131225585,0.006627351008072225,0.008228264050628918,0
hf_transformer,1,japan,4994,2.043342854817713,4.625893348395097,0.013794437162466594,4.451097294300001,1.0,0.9150817871093864,-0.007434021583332229,-0.0012181505922129235,0.0,1.683022460937508,-0.009875954569048388,0.001554369441832347,1.0,0.7271618652343648,0.0001544511252457724,0.0050597153075912895,1.0,1.1601147460937398,0.003981682495268172,0.011766423656239929,0
hf_transformer,1,norway,4994,0.2595479900614421,0.0897054318877144,0.023957560854664658,6.288497550215347,0.0,0.1559101974487298,-0.010818586592543065,0.0037126604359778523,1.0,0.035969471740722625,-0.007674625382592485,-0.004313952088848567,0.0,0.34333779754638627,-0.012037707262039274,0.01972541230958649,0.0,0.4150772003173824,-0.002634296842877043,0.035288575271178624,0
hf_transformer,1,south_korea,4994,26.883637695312505,823.6343113478423,0.020138861356886913,5.6577992147529,0.0,5.874609375000091,0.0032563330659578136,-0.0011697011049720916,0.0,13.742626953124955,-0.0021462240753357866,0.008187224160510861,0.0,27.903369140625045,-0.0025323303808078177,0.018346396101922402,0.0,32.70449218749991,-0.0020796118240265504,0.0223370897918565,0
hf_transformer,1,sweden,4994,0.14632267069498692,0.02864621744709368,0.013196830578326574,3.48459044550171,0.0,0.07512314758300853,-0.004684502049819056,0.002047266631657343,1.0,0.04783268585205036,-0.010289071320544877,-0.0059734894445033805,1.0,0.13490437622070317,-0.0019479524597863164,-0.014118093611838842,0.0,0.19385500946044942,0.012937463630373604,-0.004336319942161609,0
hf_transformer,1,switzerland,4994,0.020346632420221958,0.0004903814016006012,0.02268509805466269,4.584045506206098,0.0,0.006411388301849397,-0.006107456238526879,0.0010585843816633695,0.0,0.01779823513031009,-0.009857484370975993,0.009983997737016932,0.0,0.026189344215393096,-0.010185307627507925,0.01888515540799467,0.0,0.016563996315002494,-0.012073254134540034,0.006445541012467532,0
hf_transformer,1,taiwan,4994,0.4614856318155925,0.23305384557891476,0.014407459024044975,8.758776315724324,1.0,0.12197888183593619,0.005294698678397235,0.00148677967494154,1.0,0.19344940185546733,0.0010034462656374902,0.007038710594797271,0.0,0.4783454589843785,-0.0038396997356947913,0.011089592660118832,0.0,0.5251876220703124,-0.00042884171065199906,0.015895176993479886,0
hf_transformer,1,uk,4994,0.022261190509820557,0.000524737264033818,0.027519597138498574,7.53539708392576,0.0,0.005721972296874989,-0.005817438425545667,0.0012915725202517928,0.0,0.01809133259335327,-0.011856427989627464,0.010583396125847125,0.0,0.020192144455444372,-0.005595998293952418,0.019263082151268977,0.0,0.02115933766995237,-0.005535445185495905,0.020497446757075242,0
hf_transformer,1,australia,4999,0.023600447134653722,0.0007001189963114581,0.015107968550360002,3.4274322517037015,1.0,0.005964072380066021,0.004721743850559119,0.008549342366246757,1.0,0.00034893829345694627,0.001232507991148038,0.0010073290491152953,1.0,0.025105833206176653,0.002699530123762349,0.01874596898687111,0.0,0.04108334312438955,0.01958468430293996,-0.006787114380014181,0
hf_transformer,1,canada,4999,0.02377099203745526,0.0007289301990049995,0.017491260033739076,4.87002689284843,1.0,0.0046019340515137674,0.005484752179122734,0.0020783084118403666,0.0,0.007251502990722747,-0.0008187792072910882,0.004559193915858362,1.0,0.01250050144195547,0.005519899862601091,0.014714553839937668,1.0,0.014264634513855068,0.005213835719951656,0.01570249735138409,0
hf_transformer,1,denmark,4999,0.1274500568898518,0.018044489267970792,0.018212852180498448,5.192024971216307,0.0,0.05430856628417935,-0.00010127445416398418,0.00763139679944906,0.0,0.0959215003967282,-0.007110047677685152,0.006602564575077407,0.0,0.1197874969482422,-0.007493868222164387,0.009608039065150925,1.0,0.031702389526366836,-0.001959601218261908,-0.0065097768655592945,0
hf_transformer,1,eurozone,4999,0.02419369885762534,0.0007563853945883538,0.01315502766823989,3.749062931629412,0.0,0.021729424285888754,-0.004248248296481852,0.007573017749009258,0.0,0.025799102592468204,-0.007438145793121211,0.0066261376479627935,1.0,0.011038513565063468,0.0036777616959887877,0.009653003371740073,0.0,0.01481985244750983,0.001018418866883728,-0.007081853372353525,0
hf_transformer,1,japan,4999,2.3163205769856794,5.801954656096249,0.015609255741340994,5.045735828739395,0.0,1.4159057617187614,-0.003896603495359338,0.00565639028740698,0.0,2.567422485351557,-0.009685968394492542,0.007668800827369255,0.0,2.331511840820326,-0.00461278917151479,0.011080631806262963,1.0,0.8767132568359273,0.002652297106880288,0.00853958928081318,0
hf_transformer,1,norway,4999,0.31236473795572917,0.12003087722194843,0.028745722599240395,7.568176077739062,1.0,0.03341732025146449,0.005978027280907046,0.009071641335101006,1.0,0.07682997741699182,-0.00031438640388816466,-0.007508730666551554,0.0,0.21655804748535168,-1.4741900309676696e-05,0.019983581637431188,1.0,0.32379797058105453,8.879607420289338e-05,0.02984116660604086,0
hf_transformer,1,south_korea,4999,28.479630533854174,905.3068113388222,0.02132361778833651,5.993684080149176,1.0,9.511865234374909,-0.007291528601613221,-0.00014962220421421143,0.0,26.11789550781259,-0.010163604988024405,0.009381350912141127,0.0,12.738671874999909,-0.008216391095402481,0.001345593385357916,1.0,9.582861328125091,-0.0036475318595089114,-0.010868241531534446,0
hf_transformer,1,sweden,4999,0.09632019129435214,0.01477200406099796,0.008717224483339413,2.293810089024677,0.0,0.08706150360107401,0.003142572717002866,-0.004701495810030745,1.0,0.21403944091796845,-0.0026512866557252307,-0.02216108005315459,0.0,0.2105925964355464,0.00532379986050789,-0.013714863269418256,0.0,0.27315425262451143,0.006564341742450831,-0.018169682199098904,0
hf_transformer,1,switzerland,4999,0.01576323114713032,0.00033868470550834815,0.017504335853693775,3.5514166379431984,0.0,0.01652778587341308,-0.010126474995414579,0.008135041840576182,0.0,0.018658232498168892,-0.010885493764777068,0.00972134526650946,0.0,0.01374833116531371,-0.014843695055391754,0.00044142802681155607,1.0,0.003818332767486554,-0.012683812399544555,-0.008424369503535442,0
hf_transformer,1,taiwan,4999,0.4403624567667646,0.21892058929673672,0.013724322747938729,8.357868567843447,0.0,0.04871710205078017,-0.0012361323454252726,0.0002798986163291864,0.0,0.5352836303710973,-0.012670402219616845,0.004050882065321487,1.0,0.12876129150390625,-0.004794095151808291,-0.0007779074682444593,0.0,0.3569212036132825,-0.006989257749833175,0.004128325202736556,0
hf_transformer,1,uk,4999,0.014096486738879395,0.00021785974198496396,0.017307556357088194,4.771650690419709,0.0,0.012730383880279583,-0.010173549214801065,0.005477449977937556,0.0,0.013351654530761703,-0.011526835152305601,0.004903772979320021,0.0,0.009054864740478563,-0.006955009361745276,0.004166672439845905,0.0,0.008429723905059805,0.0016498430580428225,-0.008726236150584096,0
hf_transformer,1,australia,5004,0.02051217298889158,0.0005319697983650009,0.013122855854789887,2.9789301386337503,1.0,0.01376013397216802,0.004057681371306094,0.01286360446167147,0.0,0.028708505325317324,-0.0020729119409852582,0.016323705483444143,1.0,0.023897623214721664,0.006486072052632287,0.021693627896786163,1.0,0.006735133819580019,0.01203806974523558,0.016323705483444143,0
hf_transformer,1,canada,5004,0.025918164685567232,0.0007537837595994817,0.019045733702255,5.309923912014371,1.0,0.012065680313110283,0.0018358283966793075,0.010704337923849653,1.0,0.01605945129394537,0.0025046630085780435,0.014283596675635852,0.0,0.026934871101379487,-0.004287930864351819,0.015522393015651965,0.0,0.03456804161071769,-0.002049466778303198,0.023248360461801145,0
hf_transformer,1,denmark,5004,0.05437540916442864,0.004348886693245739,0.007732333465788544,2.215130295671897,1.0,0.054975552368164315,0.0007627780181117496,0.008532046738915286,1.0,0.019975038146972324,0.0017625532770644574,0.0045896332372099445,1.0,0.01467350769042941,0.000727599318431787,0.002807278076779627,0.0,0.09136300201415981,0.0052343179739563995,-0.007753744661665924,0
hf_transformer,1,eurozone,5004,0.015089970963795992,0.00034976231045904393,0.008180457702227894,2.3383464890033143,1.0,0.00766490173339851,0.004474949598815939,0.008597161197211519,0.0,0.010633061790466414,-0.0011011645990020818,0.004644640019667171,1.0,0.00846798477172861,0.006377059937825643,0.0018118151496980962,0.0,0.032242413330078046,0.009639104877964036,-0.007798422783781621,0
hf_transformer,1,japan,5004,1.3649828084309916,2.1807970468535727,0.00915524214855657,2.973397866661596,0.0,1.4826037597656239,-0.005797330038856517,0.004146192451244547,0.0,1.2350512695312545,-0.0073315599956413745,0.0009712152674875558,0.0,1.3756835937500114,-0.00453823393218154,0.004679934999859971,1.0,0.3857818603515568,0.012415276884840976,0.014965360776339092,0
hf_transformer,1,norway,5004,0.34188007085164396,0.13122016237017275,0.03136991414375689,8.283292764120691,1.0,0.05234558410644574,0.011911318228831763,0.016760598394216092,1.0,0.29789391479492267,0.005352335206181061,0.03281756094510815,1.0,0.34447741241455,0.004979905237232935,0.03668426450069577,1.0,0.40100150604247986,0.010363373590254297,0.046981253117589494,0
hf_transformer,1,south_korea,5004,19.408456217447927,442.6089805839663,0.014517872936000055,4.084608994927406,0.0,4.837744140625091,-0.0035915494586944876,0.0,0.0,15.1427001953125,-0.01083565460435137,0.0004445432391501712,0.0,18.45839843749991,-0.007817940549517816,0.005874220271926836,1.0,16.76547851562509,-0.011766390258690862,-0.024417528152997692,0
hf_transformer,1,sweden,5004,0.08906004292805995,0.011638665940511357,0.00808227133549606,2.1209138214131995,1.0,0.030821267700195776,0.017791603750762264,0.015000783740641675,1.0,0.014659159851074577,0.013084876818429092,0.014415758996457431,1.0,0.03266112365722584,0.013422803289763622,0.01045217149267376,1.0,0.19861077728271503,0.023426143794646196,0.005406832741033697,0
hf_transformer,1,switzerland,5004,0.006917614771525068,7.777830695591392e-05,0.007647807983558612,1.558521344080412,0.0,0.00914133110046389,-0.00525133641987838,0.004743867780254699,1.0,0.012822626876831,-0.01522531792647121,-0.0010937330194549422,1.0,0.002757327175140434,-0.016969441108334,-0.020039865754192948,1.0,0.0036436969757079885,-0.008900779130232234,-0.012927539278953492,0
hf_transformer,1,taiwan,5004,0.22540597890218142,0.06928782078942367,0.0070012482014738895,4.278097546967609,1.0,0.022799072265627274,-0.0017300647197714518,-0.0010228118917957496,1.0,0.23396029663086182,-0.00816384806104881,-0.0008832759261742263,0.0,0.13843994140624716,-0.0017499524299722281,0.0025370123287059157,1.0,0.05052410888671943,0.00392728867207034,0.002367048098041811,0
hf_transformer,1,uk,5004,0.007661146010724891,8.204725316977367e-05,0.009366412750907941,2.5932924514202527,0.0,0.008052970733917197,-0.0028617716798921503,0.006947185048959567,0.0,0.007480905418273953,-0.007807538502577269,0.0013527648721353375,0.0,0.008161620678375225,-0.00482629564933251,0.005133797804752746,1.0,0.007825987879180873,0.010237345074064614,0.0007376443311698023,0
hf_transformer,1,australia,5009,0.018564146172841373,0.0005192006699775405,0.011851348846828931,2.696023213251376,0.0,0.008826210250854505,0.0013681468897143885,-0.004244102336729106,1.0,0.013618426742553646,8.988773767195371e-05,0.008698950423976804,0.0,0.009684341812133734,-0.0015659564817121425,0.004573854692912857,0.0,0.04752617061614983,0.006623499167051666,-0.023812484692092687,0
hf_transformer,1,canada,5009,0.010486898949940992,0.00016671451906480513,0.0076535156221099725,2.1484791138848878,1.0,0.0068246992111205,-0.0012223011108424544,-0.006217106040645837,1.0,0.009241711807250974,-0.010807184723058545,-0.004018417038807611,0.0,0.019164829635620162,-0.006558210936613698,0.007409862823809074,1.0,0.0031070966720581072,0.003389994069762955,0.0011295524894256535,0
hf_transformer,1,denmark,5009,0.09400825731913247,0.017684138901816353,0.013366715149852725,3.8296822411252163,1.0,0.03387638778686508,-0.005459841919541023,-0.0006574041257366338,0.0,0.028692549133300993,-0.0004795865663435747,0.003569290989993349,0.0,0.01081092071533174,-0.0011540548782107407,0.000374456424360018,0.0,0.3175284301757815,0.012741203975109867,-0.032578791141076556,0
hf_transformer,1,eurozone,5009,0.02333110471089682,0.0011122543782594778,0.012660165597883312,3.615395080360728,0.0,0.0033095088958741137,0.0011090937080713336,-0.0006737545901745534,0.0,0.012985292243957502,-0.003689805727253134,0.0033082777386238887,0.0,0.005261933708190947,0.002401303208352289,-0.0004311506399314475,0.0,0.0870688663482666,0.014745464731510408,-0.032585091370675986,0
hf_transformer,1,japan,5009,1.3486053466796895,2.185071812760837,0.00901945437871781,2.9377221720434132,1.0,0.6742895507812534,-0.001076501086063579,-0.005605828614336777,0.0,1.2646606445312614,-0.00644544880925372,0.00203982748921466,0.0,1.4582861328125034,-0.003274325318923185,0.006472946427121737,1.0,1.0857666015625114,0.008604281351015614,0.0013714899538943173,0
hf_transformer,1,norway,5009,0.16914123784383145,0.035809786393896634,0.015374077981876705,4.098063944049545,1.0,0.09809093475341868,-0.0066389459878207786,-0.015659654997284344,1.0,0.13379167175292928,-0.014301840224614764,-0.0020346535250615953,0.0,0.31198422546386695,-0.007566325970182003,0.02062105038957507,1.0,0.13612145385742203,-0.0009625120339265157,-0.013431192982011569,0
hf_transformer,1,south_korea,5009,19.761978352864595,634.904184894424,0.014823655082934439,4.159009538589952,0.0,3.020263671875,0.002234733471597096,0.0,1.0,9.264794921874909,-0.006998353614476659,-0.00011111728440796455,0.0,14.456103515625045,-0.003343437519300269,0.0073433419159019435,0.0,60.25229492187509,0.005247168701887303,-0.04016634530765161,0
hf_transformer,1,sweden,5009,0.16460443450927736,0.05572854664256157,0.015049528118431429,3.9199601610189236,0.0,0.0749334930419927,0.004127172802425207,-0.0026664199258556584,1.0,0.025878225708007463,0.0031730032126966964,0.0008298172384368435,1.0,0.11136458740234367,0.003874322046709985,0.013888830590825713,0.0,0.5597120880126951,0.007264643776031058,-0.044464547059208076,0
hf_transformer,1,switzerland,5009,0.013738655427296964,0.0002644857302893509,0.01517684706788334,3.0952847808968107,1.0,0.003648599433898947,-0.0029606056359827476,-0.00697326092676143,1.0,0.00592446107864375,-0.0033713352711752824,-0.009897804327260359,0.0,0.01923617267608646,0.004298226586830564,-0.016885022905557424,0.0,0.032354832649231,0.0055164184523476805,-0.030330603614908594,0
hf_transformer,1,taiwan,5009,0.14816456197102898,0.04220113722962649,0.004596808655704267,2.8120924396192004,0.0,0.09782299804687256,0.0030284926422991126,0.0,1.0,0.0525880432128929,-0.0017716305222786899,-0.00013953596562145195,1.0,0.06674505615234239,0.004493638430911793,0.0065517262606832405,0.0,0.6430629882812511,0.007338842114686843,-0.012652570952853971,0
hf_transformer,1,uk,5009,0.011373308774518835,0.000270488200302531,0.013830745280059387,3.8498568949530685,1.0,0.0013416220809325807,-0.00024812071107271005,-0.0018851689004320312,1.0,0.0010269070606994113,0.0029456402627992427,0.004192877530735852,1.0,0.0036767440136108442,0.009466319542607052,0.0050170769805834405,0.0,0.038089518407348644,0.026372445979483773,-0.019900750610346407,0
hf_transformer,1,australia,5014,0.026333700992584207,0.0010362367912059361,0.016876091511478584,3.8243756812630907,1.0,0.0025717826843261182,-0.004395787685543368,-0.0060230496744145155,1.0,0.0206957038879394,-0.01729214917738325,-0.0041250957310639625,0.0,0.03242140052795417,0.0006301324069686825,-0.019975489046805794,0.0,0.0720094463729859,0.000993687733105226,-0.04534483496504349,0
hf_transformer,1,canada,5014,0.013518921012878438,0.00027725872925964975,0.0098785702790441,2.769657605844699,0.0,0.005063022804260298,0.0017649942859922526,-0.001941926047653703,1.0,0.002473345565795926,0.004181257376738877,0.0023764704162924873,1.0,0.01074969787597646,0.0016460709057464042,0.00947218273813569,0.0,0.014275649642944366,0.006185777245495582,-0.004255169473941932,0
hf_transformer,1,denmark,5014,0.12404918217976893,0.026712650605403388,0.017723651038610726,5.053481083126963,1.0,0.02840481872558609,-0.008216402413229566,-0.00419133981260749,1.0,0.006781855010986604,-0.008454551605783758,-0.00749183646623431,1.0,0.045456076049804395,-0.003646167135882187,-0.010091731377712267,0.0,0.3278850738525394,0.005832228389116816,-0.041161504423223104,0
hf_transformer,1,eurozone,5014,0.03570528666178387,0.0022484617430749716,0.019417469824311955,5.532902078125425,1.0,0.005156540679931654,-0.0015820134959599935,-0.004359533277033889,1.0,0.0040452798843384485,-0.01022653380300449,-0.008034120643744898,1.0,0.019600501632690337,-0.0002951475324734244,-0.010880383797825549,0.0,0.09932923889160161,0.013352226157457823,-0.04072018539437758,0
hf_transformer,1,japan,5014,1.1698208211263033,2.006350363736419,0.007800766961646262,2.548268529412119,0.0,0.31975219726561477,0.0019340043198938777,-0.00020045436389449153,0.0,1.0383410644531352,-0.0054824544715339875,0.0014687721704465784,0.0,0.9742370605468693,-0.0011647807197623608,0.005330680622418712,0.0,2.7214404296875045,0.016902875142558567,-0.0011364397238866383,0
hf_transformer,1,norway,5014,0.22601593022664393,0.06124527738646223,0.02061616786189597,5.476060990506737,1.0,0.057105099487305466,-0.007781149300435491,-0.0025502943922205232,0.0,0.15751138916015606,-0.007304270178852065,0.007051219586019402,0.0,0.2813067626953121,-0.007184516954388442,0.018307715706614644,0.0,0.31832178344726536,0.0027230202874516727,-0.02663302771909365,0
hf_transformer,1,south_korea,5014,27.68034586588543,1056.9015726703217,0.020818460977558444,5.825470528915888,0.0,10.5614013671875,-0.004947136633378402,0.002885044167133311,0.0,9.016406250000045,-0.004764755114636272,0.001924287312505076,1.0,2.951147460937591,-0.007362031678561757,-0.005162020560937494,0.0,55.95517578125009,0.009184771912957664,-0.0327564863412089,0
hf_transformer,1,sweden,5014,0.22912871938069657,0.08712369718637988,0.021126582398578488,5.4565689824534624,1.0,0.060584945678710866,-0.0042483943446612795,-0.009779238347792207,1.0,0.006970877075195503,-0.004991165948586239,-0.004356276123826265,0.0,0.1258313598632821,-0.002308085324897545,0.009060370788751862,0.0,0.6041035980224603,0.0016850475882160213,-0.054537719195717385,0
hf_transformer,1,switzerland,5014,0.010657095327377327,0.00017825953274860828,0.01186117352162897,2.4010169808798816,0.0,0.007062592315673855,0.0040948234948615415,-0.0037093468137015654,0.0,0.015636865806579636,0.002634530340340257,-0.014752403821855196,1.0,0.000826716423034668,0.00251310434164933,0.0016012813669738276,0.0,0.02953792037963865,0.007254700022590405,-0.025691951285537057,0
hf_transformer,1,taiwan,5014,0.3284665105183919,0.16740072144722698,0.01023217244437765,6.234137087905538,0.0,0.051508422851561875,-9.329601335529618e-05,0.0015028626934855847,0.0,0.33566552734374966,-0.006757114809927594,0.0036679682375394367,0.0,0.2138300170898404,-0.003489452397664372,0.003142587710890746,0.0,0.790705291748047,0.00506368448935562,-0.019634876424125265,0
hf_transformer,1,uk,5014,0.014863392111729937,0.00037929720666134864,0.01817391778106277,5.031247611243669,1.0,0.0008870266420898387,-0.003153241008092419,-0.0042338980137517504,1.0,0.005364686256469686,-0.007486148256935342,-0.0009469889136919287,1.0,0.0012708209737853915,-0.0013745921009855684,-0.0029204305897208523,0.0,0.04249473041757201,0.013786921945064645,-0.038426640642861866,0
hf_transformer,1,australia,5019,0.036656735252380356,0.0022118295287834175,0.023549775176090488,5.323563402393812,1.0,0.005106513404846247,-0.003867097466144451,-0.0006322511512101943,1.0,0.001219063453674396,-0.005507070160685669,-0.004732604506715114,1.0,0.01953483863830563,-0.0038472047845138956,-0.016319272286118344,0.0,0.09871327239990224,0.014739787520153699,-0.048710212873317185,0
hf_transformer,1,canada,5019,0.012177705338795985,0.00021589829425908247,0.008884966167740933,2.494879153536125,1.0,0.0020157855987548157,0.0015805393623454654,0.00010954702316919184,0.0,0.02469305801391597,-0.006148764186681976,0.011834457647002798,1.0,0.0016580986022949329,0.005504903875139183,0.0042998280728689005,0.0,0.027841993141174415,0.007524927379733246,-0.012863568166248203,0
hf_transformer,1,denmark,5019,0.16209559303283694,0.0384337395622518,0.023201842790722623,6.6034051870055945,0.0,0.08051004486083979,0.007676309424680366,-0.0037243461483586126,1.0,0.0244974716186519,0.004536788304228843,0.0010706677096196068,0.0,0.1547535873413084,0.009426842591491374,-0.012564593683956064,0.0,0.31309697418212856,0.02052417477446324,-0.02397297630273159,0
hf_transformer,1,eurozone,5019,0.040371308987935395,0.002411949445820988,0.022056071772588556,6.255950316597504,0.0,0.013902339935302654,0.0036488797277166433,-0.0038783390761065245,0.0,0.009038027572631835,-0.00400771025540972,0.0008928692810330434,0.0,0.04510000324249264,0.012481670165195689,-0.01192694674294274,0.0,0.06336213703155513,0.01144503487695383,-0.023055618464792618,0
hf_transformer,1,japan,5019,1.433708902994791,3.074307933153857,0.009574522781253928,3.123106728705711,0.0,0.2286584472656159,0.001324439912718414,-0.00020016012877078278,1.0,0.23597290039063523,-0.00036049793871391334,-0.0019365615401105666,1.0,0.8689910888671761,0.0012401587423476964,0.007013607170985303,0.0,4.011569824218753,0.011782409289755675,-0.015022715350842993,0
hf_transformer,1,norway,5019,0.255612492980957,0.08305760445469962,0.02330008213123634,6.193145766741118,0.0,0.14783102416992122,-0.008289606170486085,0.005108567942722359,0.0,0.16540907897949175,-0.00566329897064173,0.009277131020512768,1.0,0.05109956970214924,0.0005789965354892747,0.005189589170328517,0.0,0.436977548217774,0.008894020676405878,-0.031085872163408523,0
hf_transformer,1,south_korea,5019,31.629662272135427,1331.0138909537204,0.023867969659380484,6.656624389689277,0.0,5.2915527343750455,-0.0029927934617125533,0.0009238217311683058,0.0,7.001000976562409,-0.002666127008470365,0.0025108014519573357,1.0,34.532397460937545,-0.005834282794283302,-0.03185245805482089,1.0,46.257568359375,-0.0003271869743848698,-0.03514017414416401,0
hf_transformer,1,sweden,5019,0.3306437627156576,0.153688006422843,0.030584972077142846,7.874091492120288,1.0,0.02262266845703209,0.006106397587743626,0.004057077158817266,0.0,0.16305664978027323,-0.001855163416195496,0.012908949444428308,0.0,0.18875408935546822,0.004324917866885611,-0.012934799345436392,0.0,0.6682307159423821,0.01155359246099296,-0.05047347468040367,0
hf_transformer,1,switzerland,5019,0.010804674240748095,0.00018007148680621377,0.012108064391780847,2.4342661417570244,1.0,0.011797588729858366,0.014583942163776228,0.001457072663078173,1.0,0.00769428873062139,0.003924442585877507,0.012484139177511549,1.0,0.00016759576797487075,0.008897093940132404,0.008710759193924174,0.0,0.02689866790771489,0.008653680684691217,-0.021713486652581618,0
hf_transformer,1,taiwan,5019,0.4020428787231444,0.24444254600353382,0.012570447723247264,7.630581325385751,1.0,0.19185443115234335,-0.005991914083372937,-4.6346003824105136e-05,0.0,0.34716333007812494,-0.008600286735945277,0.002160427987617157,1.0,0.046311279296872954,-0.0047635764705254045,-0.0033269146888270785,0.0,1.0740461425781263,0.005393761613285854,-0.028169111447117236,0
hf_transformer,1,uk,5019,0.02204976522641906,0.0007516034547842031,0.027007431026171428,7.463829776538987,0.0,0.005188995972656207,0.0014298942627464035,-0.004885367607462987,0.0,0.002963887364013651,-0.0031943626096436915,0.0004116241627288455,0.0,0.015496937448486348,0.007608298107285626,-0.011253776267878848,0.0,0.05342193777307125,0.026283741683136373,-0.039024421333344946,0
hf_transformer,1,australia,5024,0.04581205236053465,0.002840983871230428,0.02946986975256048,6.65316656423336,0.0,0.01860306049346927,0.00832445250481297,-0.003460651307391852,1.0,0.03190088996887197,-0.003421849857282177,-0.023959399098771424,0.0,0.05326447402954093,0.013225636547996213,-0.020725399046570905,0.0,0.07872140621185308,0.01406314918531016,-0.036487134727264524,0
hf_transformer,1,canada,5024,0.014198122406005856,0.00027912608188155176,0.010348560435606625,2.908807416882402,1.0,0.010561534500121983,-0.009581326294950778,-0.001914498390320141,1.0,0.008211442565917881,-0.007344521425254456,-0.013332804264597816,1.0,0.009110521697998086,-0.0014731005767905534,-0.008080193245852059,0.0,0.03350404777526861,0.004575620357951616,-0.01979035743280444,0
hf_transformer,1,denmark,5024,0.16975717254638678,0.037159518398465916,0.024335506674734685,6.91552048239294,0.0,0.07329022445678746,0.006525407075360356,-0.003848397938949105,1.0,0.07992540817260707,-0.003418032745963909,-0.014850096911225252,0.0,0.28343256149292007,0.011993996448021403,-0.028508464301892328,0.0,0.18202024841308617,0.007071613906791942,-0.018878945707962485,0
hf_transformer,1,eurozone,5024,0.043128607203165706,0.0023910718376532985,0.02358382163705643,6.683222086449669,0.0,0.01362528991699219,0.0035502082426408744,-0.003820573397247976,1.0,0.020443431472778384,-0.0033627271062062155,-0.014519657415895539,0.0,0.056073115539550855,0.002875090322029704,-0.027834035638952537,0.0,0.05044969558715828,0.009635223002970757,-0.017762844075678408,0
hf_transformer,1,japan,5024,2.142039530436198,7.6224060071247015,0.014357587131473419,4.666092298572563,0.0,1.0333398437500136,0.002959020363090848,-0.003951515422352425,1.0,0.07118652343748977,-0.0021492048720980193,-0.0016724649335946732,1.0,0.4015008544921841,0.0026934660193838837,0.005366411225370092,0.0,6.736856689453134,0.010914827034753861,-0.03464977813151288,0
hf_transformer,1,norway,5024,0.3202887907409668,0.13947324417624776,0.029060185152923586,7.760165183553164,1.0,0.04759606323242238,-0.005136469689317865,-0.0008565503074284133,1.0,0.01193162841796891,-0.008681747796430536,-0.009761360753986294,0.0,0.29774949645996074,0.0021358898327789606,-0.024862406862324146,0.0,0.5023183547973638,0.020363709556710657,-0.024765906383193308,0
hf_transformer,1,south_korea,5024,36.34187093098959,1576.3263309020808,0.02742225912287,7.6483328315295545,1.0,3.3589355468750455,-0.006109962113657806,-0.0036205152597054866,1.0,32.77255859375009,-0.0005366645423267489,-0.025018107162880103,1.0,51.07749023437509,-0.0058603435143631515,-0.044490316787706104,1.0,48.50991210937491,-0.00032463718622060574,-0.036770643309539254,0
hf_transformer,1,sweden,5024,0.43129581242879234,0.24169255736422537,0.03994229534444763,10.271062303852258,0.0,0.11650623779296865,-0.009147191264105674,0.0013652553665726684,1.0,0.06235598907470674,-0.014106409390728982,-0.019806851701440767,1.0,0.48457552947998117,-0.006802292950517541,-0.05164412746593134,0.0,0.6732728637695313,0.0004288966964272997,-0.061966149169079825,0
hf_transformer,1,switzerland,5024,0.012510901492436725,0.00019880720784526022,0.014058277467115224,2.818674883416708,1.0,0.004866376495361369,-0.006408055227930107,-0.0009974510413589025,1.0,0.0011776681900024233,-0.006197696361973348,-0.004885912778986091,0.0,0.017457703399658242,0.002387293147767612,-0.01709347842321174,1.0,0.0201938715934753,-0.003224387889208983,-0.025921559072512017,0
hf_transformer,1,taiwan,5024,0.4726574900309245,0.34622099836118203,0.014805603307340627,8.970812835158544,0.0,0.03845654296875267,-0.000893127260837672,0.0002928415670997379,1.0,0.02575207519531375,-0.00552615723678788,-0.0047281411959459,1.0,0.2546430053710935,-0.005420912613301487,-0.013345531858512352,0.0,1.198614196777342,0.0036962740792854556,-0.03381544416561805,0
hf_transformer,1,uk,5024,0.025567460369378667,0.0009182772650503713,0.03137967835758853,8.654567069349268,0.0,0.00298527856668096,0.0027168374775402523,-0.0009053498364784747,1.0,0.01131369464251708,-0.004738925614915555,-0.018640286781812187,0.0,0.0230872629902954,0.0042360862059739254,-0.02408088656108782,0.0,0.04397047250964359,0.021323084212383995,-0.032366070459225564,0
hf_transformer,1,australia,5029,0.046341960892995186,0.0026968030086732563,0.029971869545972096,6.730123817807652,1.0,0.02855436981201165,0.018702872587492914,0.000305664220480938,1.0,0.0018961903381347067,0.022913439657882013,0.024118148912573644,0.0,0.05421362682342523,0.026226258333183733,-0.008727974293719026,0.0,0.090443558921814,0.026194534220566782,-0.03282104485325805,0
hf_transformer,1,canada,5029,0.02336281042098999,0.0008213981815573981,0.01700313879901305,4.786401630334354,1.0,0.02053240165710446,0.015266985691969166,0.0003656574561731075,1.0,0.00024530296325675494,0.01192777367032405,0.012105057026275397,1.0,0.016923722076416015,0.01432381220692851,0.0020459617673622608,0.0,0.06267376823425286,0.023546627692945566,-0.02226258647793236,0
hf_transformer,1,denmark,5029,0.2058346141815187,0.048965919487153724,0.029492330650444213,8.385233265880279,0.0,0.1817247352600102,0.024410264236337426,-0.0014323814166488748,1.0,0.07295279617309536,0.01574302119415461,0.005358596778970668,0.0,0.2992531005859371,0.02571897804553929,-0.017142551493794178,0.0,0.32814209594726584,0.02910459198015581,-0.017830596375606727,0
hf_transformer,1,eurozone,5029,0.04840604349772138,0.0026865848062502845,0.026489798128603696,7.5010152193801645,0.0,0.037848165893554775,0.019590167628521428,-0.0009883322698806263,1.0,0.018981333541870038,0.016211936053246764,0.0059095682365345546,0.0,0.06303506355285649,0.018263755682127417,-0.016294259283482587,0.0,0.07265634727478032,0.022925567408277413,-0.01682432667024684,0
hf_transformer,1,japan,5029,3.1970126546223963,17.793894740779738,0.021521088193326703,6.964183393541213,1.0,0.7457128906249864,0.00750889991774091,0.002541042525449853,1.0,0.4920593261718693,0.010840832254522861,0.014094572322895446,1.0,1.0574694824218795,0.008052055176480694,0.0010038145793720686,0.0,10.565434570312505,0.01966040153970746,-0.05222580715377981,0
hf_transformer,1,norway,5029,0.42372713699340825,0.24009529753499875,0.0383867981095688,10.266336727601033,0.0,0.09530847473144455,0.006569878614367763,-0.0020390507810231387,1.0,0.03707175750732361,0.006301802647153592,0.009631355844997039,0.0,0.48206037139892643,0.017967612897563105,-0.025843032348662746,0.0,1.0569569549560551,0.04287665286920617,-0.05327361961336766,0
hf_transformer,1,south_korea,5029,42.59503336588543,1962.9490882213317,0.03213381945188324,8.964342886227055,0.0,62.30148925781259,0.027817952242115297,-0.019086734329018983,0.0,32.13706054687509,0.019943528526911215,-0.004167935709322065,0.0,50.757519531249955,0.019365490113896294,-0.019009657097594865,0.0,55.666699218749955,0.022260833118448967,-0.019780696882892555,0
hf_transformer,1,sweden,5029,0.6198951073710124,0.4351133484142656,0.057289521439843005,14.762446298297997,0.0,0.289161221313476,0.024314195778274074,-0.0018995536714895896,1.0,0.21309422912597675,0.02073616706565199,0.0014154348869780417,0.0,0.6773600296020508,0.023606974292150328,-0.0389609292491273,0.0,0.9617009460449211,0.028278168768892102,-0.06132850408851912,0
hf_transformer,1,switzerland,5029,0.019404655907948817,0.0004950263345787593,0.02180309951404724,4.37182054883449,0.0,0.00411007795333862,0.0032341233531628494,-0.0013366752199054119,0.0,0.009373122978210469,-0.005215472637144665,0.005218175491091495,0.0,0.024161045646667434,0.010476510058929649,-0.016498690742774953,0.0,0.0382114833831787,0.007443131453678087,-0.03569379594668436,0
hf_transformer,1,taiwan,5029,0.5967472208658856,0.49161641571784936,0.018710885001771826,11.325976507721537,0.0,0.41518182373047097,0.008057830976544045,-0.0047817268034813275,1.0,0.03684008789062432,0.0011504055299507933,0.0022896049606267238,1.0,0.7333876342773422,-0.0002823049907485356,-0.023268341591903132,0.0,1.2840154418945318,0.007330358664391873,-0.03295349304283703,0
hf_transformer,1,uk,5029,0.027740508338353474,0.0009670525869755961,0.034156127635525675,9.390142254396977,0.0,0.017796166170165995,0.020318413917475745,-0.0014940739227938854,1.0,0.007648783270263637,0.02365324710949043,0.014367653461073751,0.0,0.029127080667480487,0.022582672387697927,-0.013287231228644778,0.0,0.05310962122747798,0.039223463890443115,-0.026045943352144794,0
hf_transformer,1,australia,5034,0.04981734925842284,0.0030816065373883476,0.032464460276614066,7.234845533582777,0.0,0.007268313865661513,6.877140016154926e-05,-0.004556599349823736,1.0,0.029005815391540457,-0.005127116521698729,-0.023812484692092687,1.0,0.05644693214416496,-0.006563413287368871,-0.043307200987721735,1.0,0.10272990596771248,-0.001639571113695931,-0.0692069628739474,0
hf_transformer,1,canada,5034,0.027574239476521822,0.0011170884917137542,0.02016292968082798,5.649208396053119,1.0,0.00017924423217774432,-0.0029159717215754585,-0.0027860714539088335,0.0,0.016583468437194826,0.004170701157276061,-0.007835211296739631,0.0,0.03161535778045654,0.0026452608787523426,-0.020404774152180956,0.0,0.06984929275512686,0.009206866942346717,-0.042100995356706236,0
hf_transformer,1,denmark,5034,0.1577842278798422,0.028364984988216557,0.022783896938473092,6.4277699924781695,0.0,0.08627656707763709,0.010479831148236954,-0.00181167901925407,0.0,0.15988129730224632,0.0028406983012765944,-0.02023541324220066,1.0,0.15111342010498063,-0.0006493322069790318,-0.022523099840290703,0.0,0.3227773200988766,0.014775169120202627,-0.03180039526705652,0
hf_transformer,1,eurozone,5034,0.039767951475779245,0.0018291197383540523,0.0219045248797735,6.162453853049028,0.0,0.007667859077453709,0.002298488003021522,-0.0018839853215486058,0.0,0.04209585056304932,0.003021073989272126,-0.020142028567227015,0.0,0.05266150588989249,0.006667217462155206,-0.022287503693275593,0.0,0.07267078895568857,0.008567243689723452,-0.03153489347183409,0
hf_transformer,1,japan,5034,4.18655214436849,27.670633337255232,0.028305261049424896,9.11973772698408,0.0,1.2832971191406273,-0.0071108610332710695,0.0013854072673749687,1.0,0.8354309082031364,-0.00705283127738155,-0.012622655554957332,1.0,2.571188964843742,-0.007081034129746774,-0.024323807855919834,0.0,9.93524169921875,0.005498909685119617,-0.061956173063706495,0
hf_transformer,1,norway,5034,0.5325506616210939,0.3762079163064641,0.04869024776242674,12.902983876611893,1.0,0.04808895111083977,-0.008399876934508659,-0.004061065230392657,0.0,0.3061949630737306,0.0002371308727864373,-0.027594885154493015,0.0,0.47067166442871056,0.00863954332741372,-0.034100379027867826,0.0,1.22461840209961,0.02502067812168925,-0.08825032783273631,0
hf_transformer,1,south_korea,5034,15.619177246093743,345.7671505915516,0.01192817517450618,3.2871358318239787,1.0,5.3026855468749545,0.010314308824740631,0.0063208703854133515,0.0,24.91440429687509,0.0037249929139968703,-0.015304273915503893,0.0,27.49672851562491,0.0006048430664503873,-0.020484030374729092,0.0,19.162841796875,0.004026391149220528,-0.010573222915482211,0
hf_transformer,1,sweden,5034,0.5562281540425619,0.3405541723224238,0.05215463559203612,13.246254335639112,0.0,0.23010019226074263,0.014343109994285714,-0.006641002826309407,0.0,0.4367977737426756,0.0051407741992338775,-0.03545562080378436,0.0,0.5094121765136723,0.005947815392715296,-0.04152087276616693,0.0,0.9692776855468743,0.006413250106198912,-0.08588761921207978,0
hf_transformer,1,switzerland,5034,0.022853051767349246,0.0006627982562640443,0.025799134853301653,5.148735529968838,0.0,0.006488109874725367,0.006499083043456364,-0.0006646358594151651,1.0,0.00863170719146733,-0.008807056548474216,-0.018496797355410023,1.0,0.03122567100524898,-0.0025216740580678494,-0.037802086415820925,1.0,0.04724090404510495,-0.0002869532483094074,-0.054033385891693125,0
hf_transformer,1,taiwan,5034,0.6848451782226561,0.5567367271992928,0.02151766453482446,12.998033553841042,0.0,0.024050781249997044,-0.0006662533976512116,7.726004963930112e-05,0.0,0.5613521728515636,0.0015703636029660547,-0.015902894977069988,0.0,1.1495034790039078,0.001004022765334549,-0.035131055875506516,1.0,1.0374030456542975,-0.003656488425929618,-0.036364210264136325,0
hf_transformer,1,uk,5034,0.027609295594267783,0.0008576114283913936,0.034157384995272475,9.345726834263852,0.0,0.008148114981445298,0.005191395521945018,-0.004744190173079149,0.0,0.019072000840667735,0.004151683595391763,-0.019285630069380954,0.0,0.034868076613342236,0.005935873654989092,-0.03725889553161396,0.0,0.04474388309393307,0.01362459763687602,-0.04171201715859138,0
hf_transformer,1,australia,5039,0.047270780741373704,0.002795305640401905,0.03112163161505431,6.865013936041074,0.0,0.030109568672180176,0.012702614047127529,-0.006818304620040216,0.0,0.03760624145507818,0.011634116832644743,-0.012833399848974069,0.0,0.03193186725616459,0.007238247486887756,-0.013591132879888604,0.0,0.08843627021789557,0.010405769253214311,-0.048188213858308994,0
hf_transformer,1,canada,5039,0.02928819972356161,0.0012422197849313735,0.021567194036506802,6.000352028729649,1.0,0.005741093826293842,0.004208969487975165,3.641594290381393e-05,1.0,0.008522370910644561,-0.0031569291279585363,-0.009403139002175336,0.0,0.019563773727417022,0.004877940528328029,-0.009403139002175336,0.0,0.068881689453125,0.010492242974999682,-0.040427559088771776,0
hf_transformer,1,denmark,5039,0.10254142908732101,0.014185500675898037,0.0149440102137688,4.177304219375119,0.0,0.1571617668151859,0.017952269534165594,-0.004844679972279572,0.0,0.13258544845581088,0.01425595447712582,-0.005013422292153178,1.0,0.036152130126953175,0.014510225764270733,0.009294078113607359,0.0,0.18818202056884736,0.012728486324745375,-0.014775423887557603,0
hf_transformer,1,eurozone,5039,0.02668946426391603,0.0009538215380201967,0.01482480681322588,4.135807497883215,0.0,0.03705420341491705,0.01574283214579589,-0.004770881616755642,0.0,0.025247102737426808,0.00919667149113677,-0.004826816285077646,1.0,0.009347911071777348,0.014642831387819789,0.009501588124614026,0.0,0.055135739517211846,0.016171001908191724,-0.014494429450385881,0
hf_transformer,1,japan,5039,5.56074550374349,43.1624819125781,0.03771586656303562,12.113199313392576,0.0,2.3373980712890727,0.007442720965155294,-0.00818988902904092,0.0,0.20184814453125455,0.0008810968916325001,-0.0004681021885661565,0.0,6.205199584960951,0.004304275598654644,-0.03788047845839873,0.0,11.033153076171885,0.016169111222250242,-0.059179902930365944,0
hf_transformer,1,norway,5039,0.47533600519816094,0.345332265852964,0.044247253866682865,11.516749960229596,0.0,0.36042041625976573,0.019882816164304533,-0.013226362162822856,0.0,0.27140196075439427,0.009846330507576289,-0.015236488262143633,1.0,0.15558173217773508,0.016888491885197244,0.0026878396115126036,0.0,1.011429516601563,0.028887862647989624,-0.06605161168634162,0
hf_transformer,1,south_korea,5039,12.073130696614566,230.9710650203815,0.009246343752577385,2.540852177412927,0.0,41.024658203125,0.02713713496206172,-0.004133913588928247,1.0,3.939306640625091,0.010309710451594532,0.00729874168203466,1.0,12.849853515625,0.01191938657776377,0.021662873743092084,0.0,28.71499023437491,0.015125794408755004,-0.0069252622261988354,0
hf_transformer,1,sweden,5039,0.445508507232666,0.23070090758684778,0.04246779813954868,10.609529475638965,0.0,0.4017422851562493,0.02996983621141479,-0.007712781399608708,0.0,0.31679204406738215,0.020633646945101506,-0.009243354898072435,0.0,0.3408147293090824,0.019152646086960438,-0.013075264148971269,0.0,0.6629899581909182,0.018629102410501714,-0.045084245767661145,0
hf_transformer,1,switzerland,5039,0.022226343736648554,0.000639763441806287,0.025352513417485054,5.0075397746957675,0.0,0.016014382362365742,0.015407352851968191,-0.0025412974286725325,0.0,0.010845188522338844,0.006964062852942817,-0.005259151997888823,0.0,0.02050228805541987,0.011833026992122977,-0.01128737771437935,0.0,0.04797143659591674,0.003514894584621961,-0.05191687464917184,0
hf_transformer,1,taiwan,5039,0.7175881474812826,0.5813379484562601,0.022661082173659936,13.61947943184304,0.0,0.7217423095703133,0.015925835949833076,-0.00663177321275092,0.0,0.6421037597656252,0.012981295280158116,-0.007121841436892842,0.0,0.5727417602539049,0.008200836171115113,-0.009797735459557245,0.0,1.4020064086914061,0.007695071801367719,-0.036974325419213444,0
hf_transformer,1,uk,5039,0.02186252593282166,0.0005292111994913103,0.02726289053572459,7.400449409422156,0.0,0.017228699741455133,0.016365741595138712,-0.004933923163753482,0.0,0.020161644880615226,0.010779892980399934,-0.014333012501779471,0.0,0.023549767652770948,0.017907752060936023,-0.011276060300057095,0.0,0.029554057375122067,0.012043386271741624,-0.02493974108414417,0
hf_transformer,1,australia,5044,0.03756461592356365,0.0018296078344093092,0.0249299597976746,5.455412577765704,0.0,0.03902887771606456,0.0234596191510104,-0.001971301400196447,0.0,0.03462302047729482,0.015225420827526466,-0.007490473639337603,0.0,0.037784101448059104,0.007914601678725068,-0.01708557570889625,0.0,0.04713265426635749,0.008880304963505923,-0.022372416966977497,0
hf_transformer,1,canada,5044,0.028930455423990895,0.0011038938599687842,0.021386508239302982,5.927059994601354,1.0,0.016027550697326642,0.014327303245255824,0.0026432703814848676,0.0,0.01460415916442881,0.004514412681770431,-0.00623192827601371,0.0,0.0419220653533936,0.017434938398253413,-0.0133221820079286,0.0,0.03572053451538082,0.005769841914700384,-0.020688215799629473,0
hf_transformer,1,denmark,5044,0.06419747553507478,0.005713653306413416,0.009393356898018467,2.6152589037698295,1.0,0.10925889282226553,0.016649537845902673,0.0007554504640780563,1.0,0.004400279235840188,0.009056999926079256,0.00969669165425718,0.0,0.12618064880371094,0.01353770562606221,-0.004898581413252639,0.0,0.028253437042236484,0.0009465604097226856,-0.003204165212955157,0
hf_transformer,1,eurozone,5044,0.016029419581095362,0.00033605909136563076,0.008946280135174274,2.483923732401031,1.0,0.019026365089416464,0.01125034353187572,0.0006710096150224815,1.0,0.0022889221191406683,0.008361575839559066,0.009630446285839925,0.0,0.031045651245117156,0.012366596701472634,-0.004934543334988894,0.0,0.02272527427673343,0.009201155115722507,-0.0034740740401462892,0
hf_transformer,1,japan,5044,5.108744140625001,32.717114137200944,0.034911628766540366,11.128586261474716,0.0,1.0696081542968727,0.0033361775654911566,-0.003819867933862025,0.0,1.8692663574218784,0.00016229817251864158,-0.01241750345650974,0.0,8.498735961914065,0.004562905834566283,-0.05368826451139375,0.0,5.471663818359389,0.0007131921138655987,-0.036544787591234286,0
hf_transformer,1,norway,5044,0.38712338984171557,0.2175606552174424,0.036551644741280705,9.379477329315455,0.0,0.21413831787109316,0.01976008207031846,-8.423298849585477e-05,1.0,0.16729371032714901,0.01809379788563008,0.0025983751417045205,0.0,0.3950182022094726,0.015878563023344276,-0.0211866320101957,0.0,0.6395490264892576,0.018034543155840636,-0.04254862803032077,0
hf_transformer,1,south_korea,5044,9.44736572265624,158.0496894569197,0.007253643738264109,1.9882464930126564,0.0,8.239013671875,0.004307327936411268,-0.001992261491876038,1.0,0.5,-7.655209373712838e-05,-0.00045940049045005486,1.0,2.0552490234374545,-0.006793607284872222,-0.008378863686517671,0.0,24.546435546875045,-0.011894578082478789,0.006941823589313635,0
hf_transformer,1,sweden,5044,0.34626845591227223,0.14750362726153948,0.03332347447604806,8.246184595452936,1.0,0.2884929199218753,0.028631231205827192,0.001425421529874185,0.0,0.19076699371337824,0.017811347368441626,-0.00029203160851252525,0.0,0.4676485855102541,0.02108638409952097,-0.02373919670655458,0.0,0.3916234466552737,0.013792913176131015,-0.023886258413911846,0
hf_transformer,1,switzerland,5044,0.018251103684107452,0.00044937690769893156,0.021022370690150487,4.111928111665452,0.0,0.007594925403594965,0.007619506192169796,-0.0009643475801941239,0.0,0.01743356952667241,0.00901247119120354,-0.01077393918889967,0.0,0.01705283422470094,0.00141968035726509,-0.018079329900084547,1.0,0.026910067939758253,-0.008644081551399065,-0.039908141076992795,0
hf_transformer,1,taiwan,5044,0.40350421040852874,0.1993840865995044,0.0128615681410477,7.658316701035488,0.0,0.36382144165039065,0.010580017252883442,-0.0008700673664590564,0.0,0.4620504455566419,0.009710623221852751,-0.0048662667854523734,0.0,0.4499436340332039,0.0038175527447462765,-0.01045914926271533,1.0,0.5655637054443368,-0.0014379586072398468,-0.01951203528168399,0
hf_transformer,1,uk,5044,0.01194625551639404,0.00017483918368642743,0.015021432586934351,4.043798957758136,1.0,0.014337567484191904,0.018429406800729034,0.0005154527730930151,0.0,0.011134707281433065,0.012423691317295997,-0.0015447696041750861,0.0,0.023207711346862836,0.017597375959615424,-0.01158679305478638,0.0,0.014811217144165001,0.007790660467653452,-0.010920453802333856,0
hf_transformer,1,australia,5049,0.025684237461090106,0.0010124563886155292,0.017156377862366103,3.7300557626002053,1.0,0.021677750015258734,0.01733329551478031,0.003094223828132843,1.0,0.009059550514221248,0.013439802550617278,0.007490473639337644,0.0,0.057743844871521066,0.01608427155338244,-0.022352510034134215,1.0,0.012435587501525847,-0.0012247033094142205,-0.009521404917920157,0
hf_transformer,1,canada,5049,0.02602357175191244,0.0008684821283782672,0.01929692750813051,5.331518940399748,1.0,0.02035349483490001,0.01647484190662376,0.0015523935847251513,1.0,0.007786312484741265,0.010623486182618868,0.0049076683804466425,0.0,0.03848578720092766,0.013035761345503591,-0.015470086540325476,0.0,0.026009667015075788,0.009542009847752744,-0.009701416063034232,0
hf_transformer,1,denmark,5049,0.052058973922729436,0.003923449315830205,0.007626444312023724,2.120764001041664,1.0,0.010811476135254239,0.00020177210803203099,0.0017714410655219716,0.0,0.0758804664611814,-0.0048556452828639254,0.006164698304388685,0.0,0.09951024703979527,0.0004373798352125385,-0.014123494971377236,1.0,0.016406961059570513,-0.014161370690985043,-0.011745880224568734,0
hf_transformer,1,eurozone,5049,0.013980425478617347,0.0002775896763403206,0.007806417915876706,2.166410983237152,1.0,0.01030572929382334,0.007509325671415665,0.001826535073594516,0.0,0.014785442352294842,-0.00198831502061446,0.006185643670147213,1.0,0.024190160369873093,-0.0006704774164285264,-0.014171576475755938,1.0,0.01511685142517094,-0.0034869446479388884,-0.011926465662647814,0
hf_transformer,1,japan,5049,4.599889200846355,25.141544221700364,0.03155002611303141,10.020126738737412,0.0,3.4566455078125102,0.01946027139587793,-0.003765716118626225,0.0,4.501245727539072,0.009109444147839464,-0.021563624320780378,0.0,7.013232421874989,0.01029647986108922,-0.03785364043815607,0.0,3.5933898925781307,0.0044489124950389215,-0.020076943665951145,0
hf_transformer,1,norway,5049,0.39606776997884124,0.19413494228086545,0.037543647290965,9.596187589977442,1.0,0.01837179870605432,0.012147465984445792,0.013840249475072064,1.0,0.13585284118652297,0.0030335219699384472,0.015597096800727883,0.0,0.576569851684571,0.012971710492734214,-0.04161808089914596,0.0,0.4921998367309577,0.004033694544260094,-0.042805995470051816,0
hf_transformer,1,south_korea,5049,12.05125325520834,206.65694768285792,0.009246818974971262,2.5362479578422055,0.0,10.594531250000045,0.006788722311776859,-0.001302782006623124,0.0,3.812231445312591,-0.0020409336306829395,0.0008803322865822391,1.0,14.457617187500091,-0.01159878308677677,-0.0004596116362649739,0.0,13.601171875000091,-0.004375764475988878,0.006031933994758642,0
hf_transformer,1,sweden,5049,0.2582264461771648,0.08637159158042071,0.025027613923814595,6.149514650402277,1.0,0.18671542663574137,0.019578634175439702,0.001889514239619883,1.0,0.08559490814208992,0.009568101633808133,0.001416274955752108,0.0,0.43950849914550716,0.010285252228501317,-0.032264865393917166,0.0,0.26577659912109297,0.007753080830752625,-0.017826042303489515,0
hf_transformer,1,switzerland,5049,0.018008805564244577,0.00043100510631399736,0.020824842357855037,4.0573389499516095,1.0,0.015570704746246333,0.01943474934421636,0.0017751314536216714,1.0,0.0004180041313170957,0.008751147580983255,0.008276066757581302,0.0,0.025650418376922612,0.011567884153341809,-0.017926808652400865,0.0,0.024996402549743668,0.004056870433136046,-0.02489466188678805,0
hf_transformer,1,taiwan,5049,0.235860696411133,0.08947503581535457,0.007557031896223288,4.476523079187829,0.0,0.42200131225585835,0.01128138569882593,-0.0020677924942465484,0.0,0.2658253479003889,0.004955614571951139,-0.003485904730883751,0.0,0.32299871826171866,0.004423377442261027,-0.005848575646854148,1.0,0.17452185058593628,-0.005304607697772594,-0.010895894864758244,0
hf_transformer,1,uk,5049,0.007542661596008301,7.80129471861604e-05,0.009525367006896435,2.5531855616853045,1.0,0.008817851796966591,0.012841020315950337,0.001782638227826222,1.0,0.001530177290222201,0.008987589629937816,0.0070699750368481955,0.0,0.009604388426757815,0.010380163575670705,-0.0017004444739742908,0.0,0.010246459137756347,0.002870878237737795,-0.0101203874753966,0
hf_transformer,1,australia,5054,0.027751826414744073,0.0010521816765743776,0.01853099298481602,4.0303263897873665,1.0,0.004509241142272913,0.006374618094821669,0.0034191214614333826,0.0,0.03067726634979251,0.00011674943825207668,-0.02029330922476502,1.0,0.05826261127471932,-0.0015670912784218872,-0.04075997368946899,0.0,0.017875044555664132,-0.011536689162613809,0.00030293252080553553,0
hf_transformer,1,canada,5054,0.02009142333984375,0.0005704615471463904,0.014941038007646911,4.116183785113762,0.0,0.017825104904174882,0.011728430767434192,-0.0013260158854821243,0.0,0.026316603851318288,0.003686357003664193,-0.015805033309725557,0.0,0.042479045486450095,0.002043807955378131,-0.029662241904931188,1.0,0.002511172485351487,-0.010666002065060827,-0.008799228616611242,0
hf_transformer,1,denmark,5054,0.06760633761088052,0.006686478917818569,0.009901903363245052,2.7541281789425494,1.0,0.001911238861083575,0.0019896076515048444,0.002265071986333141,1.0,0.052306105041504125,-0.006171077525063856,-0.013801747578869438,1.0,0.19284537506103483,-0.0027342358009347597,-0.031061700363691238,1.0,0.04510896072387727,-0.003724851565448569,-0.010285983336173306,0
hf_transformer,1,eurozone,5054,0.017374033025105793,0.0005010443023404337,0.00969762375556692,2.6922854405455974,1.0,0.0037673202514647564,0.00018315170490503592,0.0022548543899022114,0.0,0.02686758232116704,0.0013027064135741292,-0.013581140010463993,1.0,0.054360272979736335,-0.0004073655609907818,-0.03080693114016211,1.0,0.007282122039794947,-0.014632129969288398,-0.010571859130474905,0
hf_transformer,1,japan,5054,3.07057676188151,12.78313073296123,0.021183429291094808,6.688762918335857,1.0,2.1650268554687386,0.027842306693371413,0.013164642665606971,0.0,5.0095874023437545,0.015481147540218215,-0.019248493955861614,0.0,6.94075439453124,0.022753180601319156,-0.02533377719565063,1.0,0.9453778076171773,0.018169153597561938,0.024572772365941107,0
hf_transformer,1,norway,5054,0.4620910439046225,0.25181580431265865,0.04373352503085242,11.195842421599085,1.0,0.012722068786620966,0.007961562545703457,0.009120787031461169,0.0,0.42457742309570357,0.0014718490451890943,-0.03826907398416052,0.0,0.7752353790283202,0.003200865439904399,-0.07046403744663927,1.0,0.30130667114257825,-0.0062451252901966625,-0.03450447578066794,0
hf_transformer,1,south_korea,5054,16.349420572916664,469.92954946967023,0.012502392469765452,3.4408192792763916,1.0,1.4657714843749545,0.00839360710809169,0.0072807991210599434,0.0,16.223461914062455,0.004407947588565746,-0.008028160736233384,1.0,14.296533203124909,-0.003605441065233848,-0.014644935704365609,0.0,39.448486328125,-0.0056387051590972145,0.02426514608818229,0
hf_transformer,1,sweden,5054,0.2645665391540527,0.09339643891352362,0.02563690393832154,6.30050032682496,1.0,0.13431150207519593,0.017593701387307197,0.004893647083537766,0.0,0.313559085083007,0.010937881378160779,-0.019169206620880095,0.0,0.5694326126098641,0.005923944330342605,-0.04972750417542779,0.0,0.06708220214843763,-0.003806688519256519,0.0026119711823216177,0
hf_transformer,1,switzerland,5054,0.015347996838887526,0.0003270137212904528,0.017804174586197933,3.457865384575531,0.0,0.005160159492492711,0.005509898590699385,-0.00034110290268205305,1.0,0.01148547592163085,-0.0014954894012115373,-0.014658149653158481,0.0,0.04474642267227169,0.001642965709328603,-0.05047691532703744,1.0,0.0033946026802063045,-0.01621049041683886,-0.012296057239894865,0
hf_transformer,1,taiwan,5054,0.25040298156738305,0.1005183680441274,0.00802097411354163,4.752528688077446,1.0,0.47274645996093767,0.01928963910309411,0.004391205566983843,0.0,0.1880567321777349,0.0021361758810640617,-0.003866190073164817,0.0,0.7637580566406257,0.0024130332470958245,-0.02218479749922809,0.0,0.14322309875488415,-0.0018904279643821948,0.0026752034298949457,0
hf_transformer,1,uk,5054,0.007794822529947913,8.623075245514953e-05,0.009844713936841784,2.6385418576772146,0.0,0.007833385376525892,0.00930468721615383,-0.00047820253794087056,0.0,0.015233015239929149,0.006840269011009767,-0.012320159674731403,0.0,0.019415368792480514,0.00663484924063238,-0.01785620738759586,1.0,7.575155163574987e-05,-0.010879543701098553,-0.010783486120227762,0
hf_transformer,1,australia,5059,0.02673734811274211,0.0009329527519822949,0.0178702355281405,3.8829963145944437,1.0,0.03287762809753425,0.025946701840358577,0.00417876016815932,0.0,0.04961155784606941,0.020933019894374755,-0.01226776910811569,1.0,0.017798674736023035,0.0134388106617189,0.001564887738126152,0.0,0.03121441158294669,-0.0010991759426582628,0.019687168739741967,0
hf_transformer,1,canada,5059,0.015374426714579241,0.0003289955252353954,0.011476319402396544,3.1498000354445312,1.0,0.02173493652343761,0.018073549327280128,0.00198001372243703,0.0,0.026593486785888576,0.012112492890170991,-0.00773335185249857,0.0,0.01333199462890633,0.008699193250004346,-0.0012348221367346468,0.0,0.008387229156494147,-0.0005515369505574967,0.005705245269321357,0
hf_transformer,1,denmark,5059,0.07308816965738935,0.006943757859385404,0.010711684213869387,2.977445528248134,1.0,0.0924102844238277,0.013622672460708075,0.00018303687511988888,0.0,0.11615471954345669,0.008400419761074043,-0.008611202112478967,0.0,0.049318879699707274,0.004145815286488975,-0.003072694689991788,0.0,0.060283740234375216,-0.003952054167830359,0.004871983370557318,0
hf_transformer,1,eurozone,5059,0.01798764610290527,0.0004695391367620547,0.010048279691110228,2.787371109664604,1.0,0.021971554183960018,0.012243179509100392,5.580980021536257e-05,0.0,0.03929242630004892,0.013081318658115937,-0.008800998565052677,0.0,0.028064199447631832,0.01196342447697659,-0.003634334444809151,0.0,0.013199583816528415,-0.002458487061506582,0.004899377893191522,0
hf_transformer,1,japan,5059,2.7522239786783844,9.756609624546252,0.019007867212766986,5.9952820330271015,1.0,4.124207153320299,0.03792434949550612,0.009513349968407123,1.0,3.54107666015625,0.02893142368691269,0.004364206412968718,1.0,1.2015026855468705,0.011736419109949735,0.02007854173126317,1.0,4.632149658203133,0.011906196807950672,0.04368621787296664,0
hf_transformer,1,norway,5059,0.38181623041788765,0.17085746500157248,0.03633158128681786,9.250892018262022,0.0,0.4288114837646493,0.033973746054397846,-0.006408497596451381,0.0,0.6165518432617194,0.033285011139474664,-0.025345352374371573,0.0,0.3857149688720707,0.020673787718831684,-0.016069802053386525,0.0,0.3255716201782235,0.02411513998996269,-0.006701644919496538,0
hf_transformer,1,south_korea,5059,22.503870442708337,799.504538731059,0.017178133234804112,4.736054769174949,1.0,20.3165283203125,0.01615673615268165,0.0006168793810920517,1.0,3.3782958984375,0.007628888979136365,0.005039538258088184,1.0,9.796044921874909,0.0029682888517570767,0.010473710292868033,0.0,41.3065185546875,-0.0011627093571049219,0.0302374234724981,0
hf_transformer,1,sweden,5059,0.20899424972534184,0.0644166916908527,0.020324501638774594,4.97707814037784,0.0,0.3357897354125985,0.02722568796058152,-0.005145394067355619,0.0,0.4045308288574212,0.016419114156639752,-0.023143680236582517,0.0,0.1927907501220698,0.013952656773761972,-0.004753550290453567,1.0,0.06496725463867215,0.010205548386088276,0.01645451330102448,0
hf_transformer,1,switzerland,5059,0.01402183783531188,0.0002681207710239853,0.016285742151422075,3.1590850706984406,1.0,0.011043860530853267,0.013855076785743544,0.001210549218302454,0.0,0.023974230957031217,0.01451516319852566,-0.013121414453917228,0.0,0.019238037109374995,0.002463407466443703,-0.01992376285567128,1.0,0.0002645761489867837,-0.004526090667291321,-0.004219537487971858,0
hf_transformer,1,taiwan,5059,0.3002869176228843,0.13260065765265822,0.009638550536052205,5.69930190816466,1.0,0.39387734985351486,0.014583562480462242,0.0020787368769774944,0.0,0.25783341979980534,0.007108426380306792,-0.0011211122606726044,0.0,0.2643869018554703,0.0005724643457868029,-0.007922711043871059,0.0,0.20037866210937594,-0.004198729577237906,0.002222489622503309,0
hf_transformer,1,uk,5059,0.006192784063187658,6.03042848035517e-05,0.007837602634065289,2.096252981193428,1.0,0.01203153057800288,0.019555850616705235,0.0044589208043228044,0.0,0.015257107695678673,0.01791671887047739,-0.0012984203453726996,1.0,0.0024656907443236786,0.003165661492967581,3.937275468724211e-05,0.0,0.005238174061584444,0.00491078579683227,-0.001730852744393882,0
hf_transformer,1,australia,5064,0.028144659183502205,0.0010346816901047513,0.0188211892321812,4.087376482672712,0.0,0.036760081176757886,0.024705611503640448,0.0,0.0,0.03899898574829108,0.023469372344423815,-0.002793735676454264,1.0,0.014037509574890139,0.01199382344807759,0.02138748171281662,1.0,0.05405913589477529,0.006984752175748256,0.04286180107890254,0
hf_transformer,1,canada,5064,0.013952561734517392,0.0002414040960590348,0.010446171639893377,2.858498743517386,0.0,0.01647607517242422,0.01234189659205428,0.0,0.0,0.027896820449829107,0.014773929196508615,-0.006161775028805157,1.0,0.0062929527282715725,0.007439413343788796,0.012136344040270444,1.0,0.013779510498046932,0.0035516199522329464,0.013847526661524626,0
hf_transformer,1,denmark,5064,0.07128719744364422,0.006826283914527948,0.01046319225695929,2.9040780230903076,0.0,0.13143544311523403,0.01922819762307347,0.0,0.0,0.08962264099121064,0.009982817762845897,-0.00321044186270187,1.0,0.008474896240234564,0.00744995293102509,0.006206649901187915,0.0,0.13896109008789104,-0.0011100744889536924,0.019230306860212966,0
hf_transformer,1,eurozone,5064,0.017294752515157063,0.00042327420849223353,0.009664413340084771,2.6800001086168757,0.0,0.03519162673950205,0.01962079439708117,0.0,0.0,0.03229428596496575,0.014973779307289967,-0.003101564545778799,1.0,0.010969955444335877,0.012127373223774211,0.006006529791112324,1.0,0.022570142173767183,0.006750541640888821,0.019294099506269854,0
hf_transformer,1,japan,5064,3.0442643432617187,12.072820383498668,0.021022335996030216,6.631445500924039,0.0,2.4683990478515625,0.01718873045934324,0.0,0.0,3.5612750244140727,0.015100685305078587,-0.009846385421616735,1.0,2.437294921875008,0.00802882445724604,0.024868189800900685,1.0,5.119884033203135,0.005429419883308753,0.04057051426258853,0
hf_transformer,1,norway,5064,0.1561842573547363,0.0401607276893687,0.015034813434095276,3.784133791692848,0.0,0.3669285446166999,0.03530523599038624,0.0,0.0,0.35821124725341846,0.02926796774869631,-0.0053961690080982444,1.0,0.21262307128906244,0.032862616204678174,0.012506367446668177,1.0,0.16467061767578173,0.022972520319745,0.038610681217900476,0
hf_transformer,1,south_korea,5064,28.649518229166667,1072.0604458967848,0.021863757430658607,6.0294378155635915,0.0,6.5576171875,0.005020085234511381,0.0,0.0,23.10354003906241,0.006123606893837848,-0.011656313226220434,0.0,16.60703125000009,-0.005160669625203833,0.007569132815219721,0.0,26.34877929687491,-0.005192875862650725,0.014930198115716812,0
hf_transformer,1,sweden,5064,0.16205898834228513,0.036208928207243744,0.01577127408198585,3.859341821079452,0.0,0.29945403900146417,0.029435890789691724,0.0,1.0,0.23017440643310572,0.027930466903454965,0.00534775264063438,1.0,0.013904353332518937,0.025188187499121314,0.026539864014214997,1.0,0.2506562011718749,0.020810649183218816,0.04500592526601815,0
hf_transformer,1,switzerland,5064,0.01228085506757099,0.00019908826546627842,0.014307038913719353,2.766845998009781,0.0,0.021191707324981657,0.02446789357155092,0.0,0.0,0.02776838264465331,0.016079925411902302,-0.016380286112888814,0.0,0.009088603210449242,0.009988639342566852,-0.0005845902189167478,1.0,0.0033735137939453486,0.007773444192911256,0.011678371114237661,0
hf_transformer,1,taiwan,5064,0.2934407231648764,0.12218235427192069,0.009423442903811804,5.569364415559031,0.0,0.2164306030273444,0.006912597663989965,0.0,0.0,0.8100531311035155,0.009538934812134029,-0.01651301013214707,1.0,0.032185333251952386,-0.004116769033388833,-0.0030815181589876907,0.0,0.05879141235351426,-0.0014847294511148121,0.0004005415375064816,0
hf_transformer,1,uk,5064,0.004256542511977128,3.053069802861982e-05,0.005398641527402118,1.4408365993817203,0.0,0.008353936156372033,0.010566839007230263,0.0,0.0,0.009308982149291989,0.009283874697812637,-0.0025133539949337685,1.0,0.006608139596008256,0.008679795439450213,0.00031461428174140755,1.0,0.002001929007080072,0.0020739611907559167,0.00461111869402904,0
hf_transformer,1,australia,5069,0.037765618405659986,0.0019205321635813273,0.02521124557693476,5.484603651387267,0.0,0.03194167659759528,0.021561330797348083,0.0,1.0,0.006850524024963445,0.01758595724330697,0.012982397042357477,1.0,0.037834428253173735,0.014957700227053426,0.04007276473925701,0.0,0.06958043586730955,-0.0010106884403074316,0.045420825579419476,0
hf_transformer,1,canada,5069,0.018440438938140853,0.00040045518662937984,0.013811322680941141,3.777942182773504,0.0,0.026255785369873053,0.01971621683463918,0.0,1.0,0.00440496940612789,0.013637039958803042,0.01033620428696699,1.0,0.02383053340911867,0.006967530283811889,0.02475550066995673,1.0,0.02028675785064693,0.005493183113791198,0.020678098623930496,0
hf_transformer,1,denmark,5069,0.10286462554931643,0.013870921798035315,0.015090771703081063,4.190470506956609,0.0,0.06347575225830049,0.009362152387144771,0.0,1.0,0.012724281311035313,0.00842929912075516,0.006557836382449212,1.0,0.11543272247314462,0.0010911198983786694,0.018033456135490476,1.0,0.15746200714111325,0.0008573224751561561,0.023903128898248503,0
hf_transformer,1,eurozone,5069,0.024744497795104993,0.0008164331967140858,0.013827113813503529,3.834414902464372,0.0,0.02851892776489251,0.015979035941899793,0.0,1.0,0.007063080978393588,0.010150271651377081,0.006193539125161786,1.0,0.019938424682617084,0.006677032179707393,0.017801136179997065,1.0,0.03190510940551761,0.00607840274755755,0.023830582480324707,0
hf_transformer,1,japan,5069,3.878830240885416,18.46303357972374,0.026726365688962847,8.449414521673267,0.0,3.3091235351562602,0.023201052616593672,0.0,1.0,0.7551733398437364,0.01691407492539889,0.02216701315056545,1.0,5.417671508789056,0.012668236888255585,0.049910937755478474,1.0,5.910449218749989,0.017121356555263926,0.05750710227264021,0
hf_transformer,1,norway,5069,0.14768573796590154,0.03344255794828296,0.014172428821626953,3.578226135291835,0.0,0.26424762420654346,0.025686885627401426,0.0,1.0,0.1822869873046873,0.025911368572879404,0.008266495393877193,1.0,0.18460209045410103,0.019385881723533765,0.03705702625557644,1.0,0.17054216308593695,0.022799810489926655,0.039080766789059154,0
hf_transformer,1,south_korea,5069,31.848859049479174,1191.94347393926,0.024286851128763946,6.702755473911858,0.0,20.36916503906241,0.015692030616972562,0.0,1.0,16.735034179687545,0.008362302844187042,0.021165827497547158,1.0,40.85971679687509,0.008420294937070652,0.03939540089938022,1.0,26.2080078125,0.01092081041393531,0.030849301432428027,0
hf_transformer,1,sweden,5069,0.20155204386393233,0.05524682808648905,0.01952461271001778,4.799846277981189,0.0,0.21576343383789087,0.02118370171271004,0.0,1.0,0.05442518920898465,0.017276744729931924,0.011954632455676963,1.0,0.29516435241699135,0.011884588928567433,0.04041607161323571,1.0,0.3287876266479497,0.005221821657517935,0.037161149372774024,0
hf_transformer,1,switzerland,5069,0.01204255705833434,0.00020569306158447768,0.014030433397249744,2.713158051237152,0.0,0.021009454345703116,0.024655755556934257,0.0,1.0,0.010083915138244581,0.01857985831102334,0.006749581574290129,1.0,0.007294032859802235,0.023607878952584222,0.03203641014439818,1.0,0.021817922592163086,0.013608729191540348,0.03885963549252369,0
hf_transformer,1,taiwan,5069,0.34618669331868474,0.1588993455124925,0.011125132287593771,6.570457672385904,0.0,0.7164900512695311,0.02307732078663625,0.0,1.0,0.09864666748046957,0.0135165751542246,0.010340448700636756,1.0,0.6181546478271471,0.00914156047566235,0.028903282031632827,1.0,0.36704110717773375,0.009758486485565043,0.021532202254876818,0
hf_transformer,1,uk,5069,0.004931245140903736,3.8287897217215e-05,0.006261543231148453,1.6692229572581208,0.0,0.009654450670410153,0.012232372263204134,0.0,0.0,0.002206682518157921,0.0024962845497408714,-0.0003137252199692023,1.0,0.003239574597869832,0.010076347441929038,0.005979561808619981,1.0,0.006351438233337392,0.0009260291560300004,0.00898280504738121,0
hf_transformer,1,australia,5074,0.04008702186584471,0.0020078761065784054,0.02665400146780174,5.821735106704943,1.0,0.004135471839904703,0.006341848774609181,0.0035701717110648945,1.0,0.0057158149719238605,0.001523880924413836,0.005360538409719666,0.0,0.036805973205566334,-0.0013925060649943768,0.023129576273248673,0.0,0.060212023696899486,-0.008571879825773886,0.03151861230497333,0
hf_transformer,1,canada,5074,0.019856831582387276,0.00046842465349361306,0.014861076991143378,4.068122342585261,1.0,0.004561554336547813,0.0071883585340718455,0.0037832719820559643,1.0,0.0007565139770506768,0.004189579694430959,0.004754871460581495,0.0,0.025530945205688438,-0.005781859699178078,0.013308925405037546,0.0,0.022970287322997995,-0.005283230917966805,0.011900683251169941,0
hf_transformer,1,denmark,5074,0.09273199785868333,0.011337665188850342,0.013549702194306791,3.7776903381782465,1.0,0.0034737579345707204,0.0011437655005663765,0.000632827582966889,0.0,0.020152040100097857,-0.0018126963896077744,0.0011549766426435053,1.0,0.07857993621826154,0.001672453495351471,0.01315514987952081,1.0,0.12085825500488312,0.0010287658426337291,0.018646604132181027,0
hf_transformer,1,eurozone,5074,0.02561485132853191,0.0008977785774574929,0.014273926894718415,3.96928515065526,1.0,0.012035602188110284,0.007346082708780433,0.0006172493322063698,1.0,0.004359762763977093,0.0036193649890177556,0.0011780546633385607,1.0,0.022520274734497026,0.0009984771159309617,0.013547623160786157,0.0,0.037933108329772924,-0.0020976256801882778,0.01901483359791864,0
hf_transformer,1,japan,5074,4.872486490885418,28.189326356777812,0.0334707273848589,10.613936562314294,1.0,0.2929748535156307,-0.0037044724458956207,-0.001666435602972696,1.0,0.5527435302734318,0.00022376065628387524,0.004050340468773376,0.0,4.498813476562503,-0.007302954464169427,0.023653109697389724,0.0,7.351485595703139,-0.008755335776029657,0.04141568532466658,0
hf_transformer,1,norway,5074,0.18109911956787095,0.044767257640379164,0.017359661444498416,4.387787281570232,1.0,0.049058168029784355,0.016245082007983615,0.011520299848726621,1.0,0.12235063171386784,0.014190885274979907,0.002341007701973445,1.0,0.1325177978515626,0.00898124701590113,0.021725180579216137,1.0,0.18327051086425783,0.00871963584964951,0.026306210954661614,0
hf_transformer,1,south_korea,5074,32.507544759114595,1171.4301607819605,0.024735350012361323,6.8413792544054495,0.0,13.279345703125045,-0.009762305777678905,0.0003800258463308073,1.0,9.728613281250091,-0.008802636985490348,-0.0013692900850049057,0.0,36.310742187499955,-0.012207503749332391,0.015351550895363879,0.0,30.368579101562545,-0.007913382092590621,0.015089501291618203,0
hf_transformer,1,sweden,5074,0.19788197820027667,0.050227980172911704,0.01910756102975569,4.712445770013447,1.0,0.08307998352050738,0.010822627524775275,0.002731814094881821,1.0,0.042765582275389846,0.009928496148205634,0.005768184501909771,1.0,0.1174044357299806,0.012752434746118669,0.024053779037288833,1.0,0.21958890075683613,0.003553920618049685,0.024780971770616108,0
hf_transformer,1,switzerland,5074,0.0171953433450063,0.00040912127959836137,0.019978131777110726,3.874067942074081,0.0,0.014266922378539992,0.01553565123744688,-0.0011808468042745297,1.0,0.007642748641967789,0.01318087775516359,0.004239540001305034,1.0,0.016045130920410156,0.00536103214606748,0.02402027687517722,1.0,0.029206573486328158,0.004936666378961815,0.03865998478196627,0
hf_transformer,1,taiwan,5074,0.3973617034912106,0.19133860897691266,0.012769064700521202,7.541734861000915,0.0,0.15196939086914085,0.004391234158496884,-0.0004999717862017588,1.0,0.0901380310058606,0.0008497644221545218,0.003749873631473446,0.0,0.4850382080078113,-0.005920138938486885,0.009691833056025083,0.0,0.5915343933105461,-0.007949551929810629,0.011096081136525044,0
hf_transformer,1,uk,5074,0.004465764873355097,3.3557412640055376e-05,0.005652695577159625,1.5116582192373207,1.0,0.01515276574884028,0.019253897544319016,0.00011763538151452835,0.0,0.007370058190185547,0.008616642035713077,-0.0007447032772377848,1.0,0.0051716431619872605,0.010593528026655774,0.004046759560354596,1.0,0.007668613043579131,0.0034044413838785507,0.01310303746251729,0
hf_transformer,1,australia,5079,0.04300491345341999,0.0020688737196859455,0.028557415643419053,6.245492998967316,1.0,0.0031870951080321674,0.0034128577367736517,0.00553851475412603,0.0,0.02844616672515876,-0.0015931799540139402,0.01731481107806327,0.0,0.04095065727233882,-0.003994607211599587,0.02317754316786501,0.0,0.04423564865112306,-0.008487765869613733,0.020962543179713404,0
hf_transformer,1,canada,5079,0.018148219439188637,0.00037733444463652736,0.013556714194715063,3.7180743902863576,0.0,0.005251730537414456,-0.00022542453025393972,0.0036909353113898026,0.0,0.01804795761108391,-0.007684895444973847,0.005809855826869693,0.0,0.01295749435424809,-0.00769207457982352,0.0020149260548384808,0.0,0.015690797805786083,-0.0030605917379843703,0.008628117046252578,0
hf_transformer,1,denmark,5079,0.12169107963562015,0.017654174535313424,0.017801637807185636,4.9574173575180325,1.0,0.007117402648925797,0.0005340157493900499,0.0015794948166763685,1.0,0.02183087005615203,0.004433753985578901,0.0076245951927842144,0.0,0.10874411010742158,-0.003918219703296785,0.012007437801421104,0.0,0.12299992980957075,-0.005226398882441342,0.012791700308124406,0
hf_transformer,1,eurozone,5079,0.03027974488576254,0.0011560269669668281,0.01687778396053376,4.692158474752127,1.0,0.0039432861328125846,0.0035500425122772204,0.0013446510135962755,1.0,0.008103235626220728,0.0030211175671842633,0.007540250202320179,1.0,0.01815615997314457,0.002404440307523809,0.01250799787792041,0.0,0.040095766639709485,-0.00923476505277994,0.013199857485697682,0
hf_transformer,1,japan,5079,4.745908162434897,25.787119902568364,0.032416655097900524,10.338205813578348,1.0,0.1621972656249966,0.006184345721750658,0.007297543658475331,0.0,4.29506347656249,-0.006342847458731276,0.023086091711111995,0.0,2.067128906249991,-0.003683603966327257,0.010550469877736775,0.0,6.155391845703122,-0.0023893912465375007,0.039360225325944576,0
hf_transformer,1,norway,5079,0.1924858494059243,0.045196386502609605,0.01844104189759182,4.663672379638654,1.0,0.12500022735595628,0.02074019172538426,0.00873994922288381,1.0,0.10705381011962878,0.013662687701006497,0.023898616490111765,1.0,0.12202779235839856,0.007727490639439022,0.019455838457012098,1.0,0.22631550903320274,0.004217951913482627,0.025937014132145435,0
hf_transformer,1,south_korea,5079,30.183620605468757,967.8021664614084,0.022910823456941367,6.352297516261981,1.0,2.3643066406250455,0.003181242368124872,0.004973717943503599,0.0,29.589111328125,-0.003232189566737754,0.019113544380005773,0.0,37.526562499999955,-0.01486003674971747,0.013721888365355027,0.0,36.669384765624955,-0.014777230988690463,0.013158582118415007,0
hf_transformer,1,sweden,5079,0.203120972442627,0.04866586288664682,0.01960870991298801,4.8372094118621325,1.0,0.041707318115234315,0.009180469269765344,0.005143674134174156,1.0,0.1994483825683595,0.002648224110757361,0.021854288441563292,0.0,0.179861199951171,-0.00015220424591584083,0.017232141266342878,0.0,0.08452158355712847,-0.0025448083426061743,0.0056817920434577025,0
hf_transformer,1,switzerland,5079,0.021792835652033483,0.0005871578509842901,0.025279983051136403,4.909871485116373,1.0,0.0038028633117676014,0.009244246527188332,0.00480657431837697,1.0,0.015183030509948736,0.0032463489580244506,0.020874671404474427,0.0,0.013655331420898476,-0.003596955944928239,0.01237972014842269,0.0,0.03475595455169678,-0.005486501771532034,0.03476100557405372,0
hf_transformer,1,taiwan,5079,0.5832630213419593,0.38880962161490973,0.018774069474606508,11.07005285748347,1.0,0.10802217102050804,0.0007058431357097854,0.0041678749699512645,0.0,0.3366644897460951,-0.0006801930389833734,0.010085193563769357,0.0,0.5672235412597644,-0.011348074467675296,0.006915568318205883,0.0,0.9530293884277334,-0.016521694564102216,0.014132143643966578,0
hf_transformer,1,uk,5079,0.0066408467306152425,6.23501870067569e-05,0.00842677797985917,2.247921874016584,1.0,0.010620481368225132,0.01574570626544969,0.002314315709650644,1.0,0.003993922480590828,0.0013297156905882047,0.006406876392017224,1.0,0.004269466311462411,0.0007009969953452642,0.006130889811181117,0.0,0.005584496157348684,-0.0005803076126678684,0.006525180133871974,0
hf_transformer,1,australia,5084,0.033092929382324214,0.001262061203709523,0.021871194136843655,4.8060010397762865,0.0,0.0014546859741211282,0.00012159894222709733,-0.0008365803456784555,1.0,0.015724237289428622,-0.011326171313521899,-0.0009090730058284719,0.0,0.04060571304321292,-0.011700155634836588,0.014991883137397475,0.0,0.041494772377014266,-0.019632016472132443,0.007850739310200541,0
hf_transformer,1,canada,5084,0.011961057739257819,0.00019401758683280842,0.00890342868904227,2.4504939787668323,0.0,0.004447728729248146,0.001964520644594246,-0.0013377431298973997,1.0,0.0013526889801025455,-0.0023070068094022925,-0.00130055942379308,0.0,0.0045627643585204325,-0.0033944913452514857,0.0,0.0,0.016878723144531316,-0.0060180896186201645,0.006514439886830203,0
hf_transformer,1,denmark,5084,0.10096945508321128,0.011933211087558014,0.01474048684744404,4.1132655795925235,0.0,0.04516952209472613,0.006468425099853438,-0.00010215548073028573,0.0,0.009762843322754122,-6.754451988562036e-05,0.0013562191278611154,0.0,0.09851532745361347,-0.0035692652863069103,0.010755288952989014,0.0,0.059809431457519935,-0.004836002661249218,0.003896000063516275,0
hf_transformer,1,eurozone,5084,0.026123003787994384,0.0008224540851153959,0.014537722500993897,4.048028610289033,0.0,0.003256747245788505,0.0015883365930953678,-0.0002225994054657678,1.0,0.00445710010528555,0.0043624485815626475,0.0018900970132022593,0.0,0.0221959053039551,-0.0011112118889262251,0.011177319298684608,0.0,0.0185978258132935,-0.005970449325241002,0.004386215460327572,0
hf_transformer,1,japan,5084,3.5459328206380225,15.269368312238761,0.02403616807462858,7.724250458751086,1.0,0.39742980957032614,-0.004347099519998721,-0.0016556015472261314,1.0,1.535408935546883,-0.010557604939732103,-0.00013504844883603211,0.0,3.5139331054687375,-0.014958444458637936,0.008839650871474966,0.0,4.28570556640625,-0.015416189265955038,0.01354679872396728,0
hf_transformer,1,norway,5084,0.1347273927815754,0.025269954877831676,0.012858914046605831,3.264262918211289,1.0,0.011639483642577275,-0.001731811797652833,-0.0006232767907472376,1.0,0.048778140258789904,-0.005788258588145811,-0.010466243122989119,0.0,0.26952077331542945,-0.014721329752968988,0.01096489765654799,0.0,0.16750833282470623,-0.015666646570103367,0.0003899451272983517,0
hf_transformer,1,south_korea,5084,21.825996907552074,495.782865768015,0.01652124545358656,4.593392812546304,1.0,14.863867187500091,-0.0112383189227197,-7.468538783852691e-05,1.0,22.950927734375,-0.019380719514969336,-0.002055883351917516,1.0,18.84765625,-0.0223522597438253,-0.008060780360119908,1.0,23.92409667968741,-0.023671624712800234,-0.005541839990302709,0
hf_transformer,1,sweden,5084,0.10717911468505867,0.018896941596721135,0.010304992788586159,2.5524091189355453,1.0,0.026597787475585832,-0.0008064724046087829,-0.0033485666142966707,1.0,0.0019215545654294175,-0.005142430389327146,-0.005326664502177285,0.0,0.1424392929077154,-0.012296848006732869,0.0013629628915511488,1.0,0.0037132125854490994,-0.016619764787039325,-0.016259739092796887,0
hf_transformer,1,switzerland,5084,0.01881884183247884,0.00047332109866647166,0.021723294390184146,4.239838099617907,0.0,0.00358979282379146,-0.0036200706509480624,0.000517762128638515,1.0,0.006197801303863493,-0.013787559677583489,-0.006581629901235447,0.0,0.015302596950531044,-0.011054776321015047,0.006595762491114536,0.0,0.032548011589050296,-0.01905250224334682,0.018416096742005107,0
hf_transformer,1,taiwan,5084,0.36157418009440045,0.17070263274740208,0.01157831196084559,6.862504803299648,0.0,0.12802299499511705,0.0010815196489564049,-0.0029941572640319286,1.0,0.11423898315429781,-0.00797468637665979,-0.0043189038805565745,1.0,0.2591881713867181,-0.01094298510354253,-0.002643313641002745,0.0,0.5747775726318345,-0.012748171105310601,0.005597902327408193,0
hf_transformer,1,uk,5084,0.007469072712273162,6.910179056282899e-05,0.00948104123557476,2.528275777113698,0.0,0.005085743240783702,0.0034548564265691746,-0.0029923637665361554,0.0,0.0053648935363769246,0.0035342384757687906,-0.0032675262988974643,0.0,0.007394022825012225,-0.0034715208684593653,0.005892722593514013,0.0,0.007127335949707048,-0.006967395959008154,0.002092092104712275,0
hf_transformer,1,australia,5089,0.028320561650594076,0.0009094948614470434,0.018676420877291988,4.112922345656794,0.0,0.0029387828063964783,0.0016323040934211532,-0.00030320807556745693,0.0,0.030393350105285544,-0.009105447912072755,0.010906863231044889,0.0,0.02901505382537839,-0.007956658950521722,0.011135001849058076,1.0,0.011094099655151402,-0.01480189287623811,-0.007408715274944289,0
hf_transformer,1,canada,5089,0.014098424765268968,0.0002646685989130195,0.010498754969102733,2.888382093834161,1.0,0.0018180713653563885,0.0017594918384483025,0.0004089295397047036,0.0,0.0009345903396607014,-0.00028604547292760763,0.0004089295397047036,0.0,0.006437941741943343,-0.0008838155573494509,0.0038966148797257164,0.0,0.007964294242858827,-0.005491584421813146,0.00044609666167298896,0
hf_transformer,1,denmark,5089,0.0924381998189291,0.009976345429180182,0.01349291017216583,3.7657216753457403,1.0,0.030382006835937503,0.0015825524592314932,0.00599341430764148,0.0,0.07977606201171916,-0.0058794411605026424,0.005747121377176756,0.0,0.09520348968505843,-0.004418624197037106,0.009420724768049935,1.0,0.031311395263672104,-0.013484868671973177,-0.008870536014849337,0
hf_transformer,1,eurozone,5089,0.02143495579401652,0.0005300247597535712,0.011913091558153021,3.321567267633174,1.0,0.008511333465576199,0.0012148162449022797,0.005925040867672143,0.0,0.021374234580993745,-0.006281236129792691,0.005593723048025702,0.0,0.030171006774902365,-0.007453778535967934,0.009287222285482231,1.0,0.014154385757446208,-0.0010255537433636252,-0.008925891176575298,0
hf_transformer,1,japan,5089,3.5982415568033854,15.262773251388703,0.024360939633245197,7.838196717679165,1.0,1.2674835205078239,-0.011392490945057973,-0.0027725200340451006,0.0,2.0860095214843852,-0.012920396158613335,0.001248502802590708,0.0,3.906409912109382,-0.013162588737555119,0.013215460329783595,1.0,1.3779772949218625,-0.016463082603229772,-0.007047770845545056,0
hf_transformer,1,norway,5089,0.14158780792236308,0.02559775772714732,0.013519410505702342,3.4304815192341325,1.0,0.00437630615234319,0.0060594207531510505,0.005641189301927065,1.0,0.15063253173828173,0.005671534748857995,0.01996697376302539,1.0,0.1163544570922852,0.0024766037435630613,0.013572071655349731,0.0,0.04084600524902271,0.001296502704641514,-0.0026325620103226604,0
hf_transformer,1,south_korea,5089,14.382145182291659,245.2000838295616,0.01086491372787401,3.0267960995851406,1.0,7.2255859375,-0.005798320144149996,-0.0003742515013742409,1.0,2.266381835937409,-0.011982737659092229,-0.010267687098693058,1.0,11.038183593750091,-0.009880784481816264,-0.0015727984069026778,1.0,5.960180664062591,-0.007843453677706292,-0.012349089579575596,0
hf_transformer,1,sweden,5089,0.08526540405273444,0.012150299169534483,0.00819971645948751,2.030546673887224,1.0,0.028022555541992844,0.002483005923849693,0.005159740692969938,0.0,0.10912521057128899,-0.005054001349529175,0.005407731728411105,0.0,0.11285285339355511,-0.008377389068541448,0.002475598436303366,1.0,0.1450202224731445,-0.009516785505520278,-0.023654700932436948,0
hf_transformer,1,switzerland,5089,0.020653065646489464,0.0005238320218485658,0.02380829730358088,4.653084147334136,1.0,0.0016817342758178588,0.002639856204485838,0.0006948465826757982,0.0,0.005768905258178747,-0.00391044544866291,0.002776494148292223,0.0,0.022596484756469692,-0.0063296339992133755,0.019673141728528243,0.0,0.017991885375976513,-0.006674082016336833,0.01409162592840087,0
hf_transformer,1,taiwan,5089,0.4510113281249994,0.24856811834275666,0.014449388819289404,8.559979047155124,0.0,0.0988593444824204,0.0006181997421608641,-0.0025426791774536602,1.0,0.133429779052733,-0.007226900257561212,-0.002943060345669361,0.0,0.3984074707031233,-0.008981227513606917,0.0037780709847343276,0.0,0.5745065002441407,-0.014154728583025017,0.004287098276406405,0
hf_transformer,1,uk,5089,0.005991371066084798,4.42996773535692e-05,0.007601379232478254,2.028074825565853,1.0,0.00900338302355952,0.01473611037428633,0.0033858300407524546,1.0,0.0007175925154419005,0.005951431570795813,0.005043551093050154,1.0,0.0053737424721679306,0.0038820264843659135,0.010668664665780607,1.0,0.007279991121643015,-0.003164675455311302,-0.01249869817661338,0
hf_transformer,1,australia,5094,0.018414051142374672,0.00040997294668847987,0.012107641464890856,2.6742252979277024,0.0,0.01813570976257317,-0.004649516216304017,0.0071582452992853115,1.0,0.015973210449218733,-0.010704694606863303,-0.00023471117593732734,1.0,0.007959889297485256,-0.009207890321843423,-0.003984511421466864,1.0,0.00818414585113536,-0.012954740035271238,-0.0075644909850468445,0
hf_transformer,1,canada,5094,0.01388095627466838,0.00022898735520110678,0.010329874673306537,2.843828740911268,1.0,0.005508535003662107,0.002295423336399955,0.00637251610023277,0.0,0.009621937179565387,-0.006504615764129838,0.0006687969336007396,0.0,0.010257986831665011,-0.004065481525001118,0.0035617594141290295,0.0,0.019882311248779372,-0.008947031584200996,0.00585533840122836,0
hf_transformer,1,denmark,5094,0.06020067151387535,0.004659133106851382,0.008768945634006868,2.4524382131438567,0.0,0.05486406631469709,-0.0004585657953251209,0.007463205983752149,0.0,0.05181682739257809,-0.006062945534858898,0.0014623801753336125,1.0,0.018273168945312612,-0.0035741793768811468,-0.0009205133780137824,1.0,0.03572153015136692,-0.012836001004099453,-0.007606922148817015,0
hf_transformer,1,eurozone,5094,0.01540784566243488,0.00033095266097093675,0.008555950827383977,2.3876044489615253,1.0,0.009262337493896489,0.0020070213978088235,0.007099253854666844,0.0,0.014855200767517118,-0.00679140800590782,0.0014349184282758539,1.0,0.00553729095458988,-0.003894182805335338,-0.0008287751178842344,1.0,0.015526530838012587,-0.016610016381488686,-0.007929068433687556,0
hf_transformer,1,japan,5094,3.4415455322265616,13.340125674052853,0.02327802447573021,7.496859359938636,0.0,2.096832275390625,-0.010112552131624153,0.004072091645529477,0.0,3.1113769531249886,-0.013966212160148803,0.0070902025884348715,0.0,4.0605725097656205,-0.0123889140760078,0.014961370198499606,0.0,3.4270483398437364,-0.017396334122278614,0.005850526085713935,0
hf_transformer,1,norway,5094,0.08599642542521148,0.009563432124453687,0.008181357503813397,2.0835773395343953,0.0,0.14213648071289064,-0.0054173271557418625,0.007958746843159387,1.0,0.058678073120116636,-0.010497976576577651,-0.004926083436939399,1.0,0.013367596435546858,-0.008163415400524834,-0.009434143877459982,1.0,0.10579971618652273,-0.0109143399537335,-0.00088613209165791,0
hf_transformer,1,south_korea,5094,11.723642578124993,187.12617418646803,0.008854962754489997,2.4673006132694875,1.0,2.600439453125091,0.008170401926407242,0.006218339583605476,1.0,1.63818359375,0.0030286890977083343,0.004262790090490674,0.0,10.035986328125091,-0.0030183009279566766,0.004563892881730177,0.0,10.480664062499955,-0.001915233814273015,0.005992894328273314,0
hf_transformer,1,sweden,5094,0.0609464236450196,0.006253651432133921,0.005868672497783794,1.451404109234939,0.0,0.18558421936035074,-0.004083861989172252,0.013531544753913455,1.0,0.013370336914062975,-0.003776149197643691,-0.002497023252609783,1.0,0.019493273925780485,-0.012500302458103327,-0.014384521859652784,1.0,0.008517440795898779,-0.010645565562944824,-0.011466899099972222,0
hf_transformer,1,switzerland,5094,0.023114056940078734,0.0005850732088183851,0.026627873271777413,5.207539344007275,1.0,0.0021884676933288105,0.009358186734455563,0.006850327568657392,0.0,0.015522599220275879,-0.007098377064993033,0.010800978265397406,0.0,0.024194628715515143,-0.009045674331110792,0.01876914791457419,0.0,0.0284259866714478,-0.012059469579439345,0.02063814854358908,0
hf_transformer,1,taiwan,5094,0.4428830937703446,0.23540230632029413,0.014174316040591209,8.405709051198555,1.0,0.028417572021485427,0.006161461371746303,0.005256232894785877,0.0,0.16889047241210875,-0.0007817007329782638,0.004618650585223109,0.0,0.6226442871093738,-0.009840153350831955,0.010104476759868718,0.0,0.5674443969726575,-0.004992398925204367,0.013112854980763108,0
hf_transformer,1,uk,5094,0.004475432824811805,2.7009083654697324e-05,0.005678281439898133,1.5149308138985216,1.0,0.004115946892974898,0.00571592747446248,0.010882623197563217,0.0,0.0043852598161315814,-0.00369740948323425,0.0018583323584185328,0.0,0.004575487245117138,-0.0030231627705325204,0.0027689881734933404,1.0,0.0010957840708618605,-0.007854428278434595,-0.006457478881259417,0
hf_transformer,1,australia,5099,0.013451869598388674,0.00024455594919379554,0.008834040080461356,1.9535804319372843,0.0,0.004829328269958522,0.0016218555771008625,-0.0015269669187689696,1.0,0.012129910430908275,-0.008867929898415663,-0.000919816232088684,0.0,0.014025670280456648,-0.00779340605990114,0.001381395689736537,0.0,0.017822221984863384,-0.011609904262911298,7.824317984291168e-05,0
hf_transformer,1,canada,5099,0.017741270211537676,0.00038202032816837545,0.013213935204002035,3.634701610573953,1.0,0.0008704269409178789,-0.00024485637541208456,-0.0008918286793769926,1.0,0.0017410202026366672,0.00026663591801532173,0.0015587889142064401,0.0,0.017913277244567816,-0.005746358204002268,0.007548601986410572,0.0,0.023771457290649334,-0.0076969357377421384,0.009941872518831081,0
hf_transformer,1,denmark,5099,0.029671917419433667,0.0013398241968652171,0.004314751103210166,1.208766319490239,1.0,0.04140315551757823,0.007510235968759181,0.0015469248922918041,0.0,0.04918581542968781,-0.0058312251241953725,0.0013013116163819586,1.0,0.015010414886474699,-0.0055583344768193165,-0.0033768392728794725,1.0,0.005406834411621375,-0.001519349933757145,-0.0023031305220199633,0
hf_transformer,1,eurozone,5099,0.009470689004262282,0.00013010582411341972,0.005255142137990096,1.4675808478817693,0.0,0.006018996429443257,-0.0015558748109111764,0.0017632315778509087,0.0,0.019174096107482885,-0.009238237598629025,0.001377790242755764,1.0,0.012442906951904309,-0.010167553408251772,-0.003259131206126664,1.0,0.010739376068115147,-0.008718094272526391,-0.002761288514131686,0
hf_transformer,1,japan,5099,3.189100830078124,11.576851928685846,0.02149124472893739,6.946948742616648,0.0,1.7560559082031375,-0.01094909811270437,0.0008702055572906653,0.0,3.1798547363281386,-0.015317484338135227,0.006075596202591931,0.0,3.5146350097656125,-0.021454938940925636,0.0023077319226860113,0.0,4.23512695312499,-0.014877421244950634,0.013502932312931152,0
hf_transformer,1,norway,5099,0.0775861250813802,0.00995180456525898,0.007359001339137721,1.8798071115459674,0.0,0.09930893249511641,0.004432108153751544,-0.004974260915164736,1.0,0.0013074310302734204,-0.004383704314178316,-0.004508060440520505,0.0,0.12451187896728477,-0.008149425889595484,0.0036673528912634294,1.0,0.1837805130004888,9.17993552408224e-05,0.01734325222322015,0
hf_transformer,1,south_korea,5099,15.149919433593746,288.2520362139737,0.011446893682989557,3.1883781222770273,0.0,1.12548828125,0.0008469879247450432,0.0,0.0,13.665454101562545,-0.0048795340725074215,0.005406027356737393,0.0,15.357934570312409,-0.009081530064617035,0.0025189403698171135,0.0,26.26772460937491,-0.012246887891810934,0.007575225604282587,0
hf_transformer,1,sweden,5099,0.08967607655843104,0.010078737451850965,0.008636056799651534,2.1355843088523847,0.0,0.1103958953857429,0.0072252921743637755,-0.003308716522736,0.0,0.009008740234374812,0.00043575607177673,-0.0004255451464811982,1.0,0.1024029434204099,-0.0009131897030350366,-0.01076098307084595,0.0,0.16890507202148441,-0.007413598763975788,0.008724285421158634,0
hf_transformer,1,switzerland,5099,0.021654081354141232,0.0005283817320269167,0.02481963660182372,4.87861048808339,0.0,0.0014488410949706765,-0.00022727279018491163,0.0014275519911853237,0.0,0.015107392787933382,-0.010751756727182234,0.0065499308637326885,0.0,0.015876087474823053,-0.011871430240139987,0.00632282588347987,0.0,0.037195102691650384,-0.016065624022450996,0.02622453963601358,0
hf_transformer,1,taiwan,5099,0.5079262329101559,0.30733220694411834,0.016223922185523806,9.640196687047181,0.0,0.17412614440917906,-0.005568231313205269,0.0,1.0,0.24792744445800707,-0.008034082627508172,-9.567241771495016e-05,0.0,0.4994421691894537,-0.007954192883895466,0.00797234561765515,0.0,0.9327142944335947,-0.010570017928623809,0.019046690758222743,0
hf_transformer,1,uk,5099,0.003723608612575269,1.96025691141133e-05,0.004727131970337021,1.2604388551682495,1.0,0.002673205675170931,0.004832084558146981,0.0014653756695610272,0.0,0.0035246597202148733,-0.0006394983791302394,0.0038065071951669588,1.0,0.0059672344729003735,-0.008802981958884749,-0.0012260964772102213,0.0,0.00983860460653685,-0.009980227276509462,0.0024963844163598202,0
hf_transformer,1,australia,5104,0.008823741764068593,0.0001129041322968273,0.005788767806797074,1.2814493272234075,0.0,0.010241541748046812,0.005143705866759617,-0.0015283731682420696,1.0,0.005689082603454576,-0.0014701459920992768,-0.005195530715540295,1.0,0.009414616470336812,-0.0074847409207708816,-0.013694613381398579,0.0,0.011768620300292909,-0.007322493611780291,0.000384990592061545,0
hf_transformer,1,canada,5104,0.014008506374359131,0.00025406834134986285,0.010412359691718196,2.8699602719260735,1.0,0.0019448751449584467,0.0022558442826652886,0.0008155397842289279,0.0,0.00675629997253413,-0.0035339953968520316,0.0014823052556641992,1.0,0.0013452091217041051,-0.0013695330595663647,-0.0003709198855581943,0.0,0.007878276824951236,-0.002137106257842388,0.003701651459750884,0
hf_transformer,1,denmark,5104,0.029974142634073903,0.001509963388624253,0.004367302940230909,1.2210782862294884,0.0,0.00495059661865227,-0.00036139185814776457,0.000353952899066077,1.0,0.006634020233154736,-0.005663497504206937,-0.004699927181412978,1.0,0.07270836791992163,-0.0039803458483446495,-0.014584349911352016,1.0,0.01324667358398468,-0.003959316587788044,-0.002039473915334126,0
hf_transformer,1,eurozone,5104,0.009466618874867765,0.00012332155596299737,0.0052664371739446275,1.4669501393931783,1.0,0.002686381149292094,0.0018632671142516464,0.0003854413350951085,1.0,0.009208758926391614,-0.009745117994014185,-0.004636921448882439,1.0,0.01609098720550528,-0.005610650574106236,-0.014562354280197027,1.0,0.0017382690429688097,-0.003607362845999056,-0.002647036039771407,0
hf_transformer,1,japan,5104,2.0738146158854156,5.641192562075032,0.013888222691010187,4.517475177444387,1.0,0.6083441162109295,-0.0045254446585463485,-0.00046604528140481314,0.0,2.091503295898434,-0.011996342559328473,0.0019948804700513807,1.0,0.6679376220703261,-0.009544269610379647,-0.014042962235818494,0.0,2.586271972656249,-0.009875016302505002,0.007361264091815167,0
hf_transformer,1,norway,5104,0.1192977187093098,0.02436708955249168,0.011267937946500595,2.890422737129194,0.0,0.09618556365966846,0.007546450678689398,-0.001575489334350877,1.0,0.010640133666992568,0.0029814051779111805,0.0019718108794572636,1.0,0.07919070129394612,-0.0004813602724683684,-0.008046209781820884,1.0,0.32377395019531185,0.0011290215313725339,0.031428208837002675,0
hf_transformer,1,south_korea,5104,17.64550862630207,429.2321032536222,0.013318858033617877,3.713587646928258,1.0,1.746557617187591,-0.0015336608491362403,-0.00022466861473963785,1.0,11.891186523437455,-0.01227404276319348,-0.003300209258208015,1.0,8.701318359374909,-0.010010111398436779,-0.003450477863622421,0.0,27.712890625,-0.012745442144516464,0.008054635782808347,0
hf_transformer,1,sweden,5104,0.12337058029174805,0.021068089889763022,0.011845512726925071,2.937999582011151,0.0,0.07964892272949164,0.004023375445736774,-0.003593265781473427,1.0,0.1381432495117192,-2.9340646146761503e-05,-0.01333099522524845,1.0,0.19079784851074244,-0.002293615033739413,-0.020754399797766734,0.0,0.2583720565795904,-0.001983999890564574,0.02247636295657556,0
hf_transformer,1,switzerland,5104,0.019991515423456827,0.0005231385642923368,0.02277679145821008,4.50403853308259,0.0,0.003365836906433106,-0.002348297991599185,0.0014749265210678467,0.0,0.008029291439056396,-0.008814540516530522,0.0003405607933925783,1.0,0.010532422351837156,-0.0139859926567246,-0.0019320383325484405,0.0,0.03636982746124262,-0.018818977273687188,0.022398421568350126,0
hf_transformer,1,taiwan,5104,0.5865650833129883,0.43142978355515604,0.0186980396548397,11.132724412546011,1.0,0.10202453613281293,0.004503391911782126,0.0012589542782027855,0.0,0.3013780059814444,-0.002806569230872252,0.006785936138914832,0.0,0.29804132080078105,-0.00407588522785675,0.005422911916480519,0.0,1.0631733093261744,-0.013329286353386276,0.020455581530847432,0
hf_transformer,1,uk,5104,0.003587845644555661,2.3520925794261086e-05,0.004559714816721575,1.2144831874842257,1.0,0.0004088576951294387,-0.0006339547083363552,-0.00011917260733886059,1.0,0.00213704715472407,-0.0046167693280330145,-0.007322560605883177,1.0,0.010277997108917192,-0.002980039287851203,-0.01603943733256793,1.0,0.0026160632250976645,-0.006997988185219619,-0.003687773595334762,0
hf_transformer,1,australia,5109,0.017875098326365156,0.00044555566123049715,0.011772407171102988,2.5959545663098607,1.0,0.004239999694824137,0.0004329006397854799,0.00320949761985822,0.0,0.011762783470153915,-0.003511299846423144,0.004203007208550385,1.0,0.0010423789978026843,-0.004413392689831025,-0.0037267491298609034,1.0,0.013788529129028282,-0.010776782093204816,-0.0016743328741857862,0
hf_transformer,1,canada,5109,0.016069910888671875,0.00031298298010838145,0.011943774505641299,3.2922857434892254,0.0,0.005627529907226592,-0.003210131155535709,0.0009623214896169623,0.0,0.008726953506469792,-0.002764011516703485,0.0036961786674470803,0.0,0.009186473464965816,-0.0056344130330230145,0.0011842642293013908,0.0,0.023351469421386772,-0.009825164915671855,0.007489013660039915,0
hf_transformer,1,denmark,5109,0.03574981674194338,0.002360683685835168,0.0052095486559419115,1.4563660917075378,0.0,0.031048391723632385,0.0017403735270666253,-0.0027694506061743842,1.0,0.006668791198730872,-0.0022409607956663255,-0.0012711050518241123,1.0,0.004113854980468901,-0.005077529916287611,-0.00567798690840762,0.0,0.036111577606201095,-0.004279022507453309,0.0009722122219740152,0
hf_transformer,1,eurozone,5109,0.009181735210418717,0.00014752327574784732,0.005100216239445637,1.4228044801247093,0.0,0.01284877910614024,0.004333297833332381,-0.002770315094200992,1.0,0.005420907783508344,-0.00428110026611989,-0.0012733918230497774,1.0,0.004667045974731554,-0.0035101531784494677,-0.006104855655836833,0.0,0.013664344978332466,-0.007254705099844741,0.00033192266506706637,0
hf_transformer,1,japan,5109,2.317447692871092,7.308560097344081,0.015506119935967951,5.048191071361109,0.0,1.4393664550781295,-0.0082001784040121,0.0013940522703743087,1.0,1.302154541015625,-0.01143897336636797,-0.0027273348908653425,1.0,0.13821655273437727,-0.014768117537959154,-0.015700381088925824,0.0,3.6925579833984443,-0.01791321956327672,0.0067529800803068606,0
hf_transformer,1,norway,5109,0.2099938308207194,0.07025996904905263,0.019860547773295968,5.0878671430428755,0.0,0.0705339508056646,0.005097625215216728,-0.001586645907589266,0.0,0.02516725769043049,0.000741843650136992,-0.0016484525147353142,0.0,0.06451182708740255,-0.0037675739947422176,0.002361052286116446,0.0,0.2822924606323234,-0.007197341787679004,0.019437346198821655,0
hf_transformer,1,south_korea,5109,21.47208170572914,652.382274867851,0.01618833778445923,4.518909546045801,0.0,0.115478515625,4.9191920011435975e-05,-3.7565034470292516e-05,0.0,5.412988281249909,-0.003660188149505929,0.00041312227128786867,1.0,6.4885742187500455,-0.015016642049787978,-0.010080311878375336,0.0,42.148388671874955,-0.01544367767575983,0.016208414154788513,0
hf_transformer,1,sweden,5109,0.19113807001749664,0.061051704729371825,0.01833451221925531,4.551843466163747,0.0,0.055872735595702494,0.0030025866018285347,-0.002411668397625604,0.0,0.096917547607422,0.009264137492803772,-8.724269469128936e-05,1.0,0.0077556030273431276,0.0022565131794896887,0.0015061593128447655,1.0,0.33107061157226525,0.00048739038331977597,0.032059438572451034,0
hf_transformer,1,switzerland,5109,0.022856560894648232,0.000691860689717932,0.02594906854497974,5.149526127591747,1.0,0.0015798538208008361,-0.002363444297458813,-0.0005676657736453323,0.0,0.011481822776794437,-0.008528200858823543,0.00452976257242591,0.0,0.013078062248229938,-0.012193743067257219,0.0027203190479193388,0.0,0.0366115552902222,-0.017993682046832656,0.02344470813894783,0
hf_transformer,1,taiwan,5109,0.670939068094889,0.5564330369581314,0.02134564650230725,12.734102242368246,1.0,0.008876815795897386,-3.557934002646843e-05,-0.000316816629186473,0.0,0.4188003234863267,-0.01178318333414333,0.0015509522472110734,1.0,0.43959912109374955,-0.016628320858044852,-0.002569105556941874,0.0,0.9846698913574201,-0.015166215712883065,0.01601039737359645,0
hf_transformer,1,uk,5109,0.006492176460171506,5.7393391926094e-05,0.00825159180793878,2.1975970936831164,0.0,0.005161110335754393,0.006052144158678559,-0.00047313026139479377,0.0,0.004064670487213151,-0.003182714377948304,0.0019737883628574357,0.0,0.004615006167236313,0.0003602291311545146,-0.005505971627778573,0.0,0.010949714715637215,-0.008767710801747325,0.0051399769456997625,0
hf_transformer,0,australia,4594,0.03183353859202068,0.001257853398870934,0.02343613814452317,4.735376293177721,1.0,0.024893622360229406,0.020941020886572796,0.002862198212563999,1.0,0.0074357824707032005,0.009513183032963897,0.004085305570024016,0.0,0.047708056182861336,0.014300811480923938,-0.020875786415617537,0.0,0.04119867740631111,0.021412364511528864,-0.008673145273314193,1
hf_transformer,0,canada,4594,0.011923457686106372,0.0001971398818292611,0.009432233775985628,2.4531075952018537,0.0,0.006546359825134296,-0.0047477376112929695,0.000391604015029511,1.0,0.0008621704101563488,-0.0044262394628138465,-0.005104856762420872,1.0,0.022476930999755895,-0.0005665848259365382,-0.018341160019061643,0.0,0.01696385707855219,0.0015763348392331025,-0.011780369869988,1
hf_transformer,0,denmark,4594,0.12550448804219555,0.018981197124854153,0.018649482081086598,5.2255792572256174,0.0,0.1708332435607911,-0.021005465026713507,0.004276295810501362,1.0,0.1169873069763181,-0.021823240557097678,-0.004427324218795786,1.0,0.11686737670898406,-0.025524594787041346,-0.00808247447561564,0.0,0.19561302947998005,-0.0157331774290406,0.013013470324984969,1
hf_transformer,0,eurozone,4594,0.03457547825495402,0.0014216089208287873,0.01955419257310693,5.475352682960318,0.0,0.04201235733032216,-0.01962711551111499,0.004011706174268891,1.0,0.031528107833862284,-0.022144462241931225,-0.004308181004644725,1.0,0.02646829185485844,-0.023023988574340147,-0.008015737985958902,0.0,0.05480052108764655,-0.017459135021555144,0.013200047462622521,1
hf_transformer,0,japan,4594,5.9146633402506525,46.209651920081576,0.04965107113543319,13.423426303681689,1.0,0.12653137207031762,0.003855022309008159,0.004952225585708855,1.0,0.8732882690429733,0.011316742728936803,0.01880906147101962,1.0,6.56242614746094,0.005927386764671326,0.06119058974551522,1.0,10.332139282226564,0.006579022427524198,0.09220551694966225,1
hf_transformer,0,norway,4594,0.14424276809692405,0.028035146573904754,0.016337798507897953,3.650702905766393,0.0,0.09779281616210866,-0.0034473223351114504,0.007424870131094243,1.0,0.00625747375488217,-0.004891995979985761,-0.004191754923013692,1.0,0.243397039794921,-0.008850938170286636,-0.03658695655624998,1.0,0.11429634399414113,-0.004969932402907715,-0.017848284126887815,1
hf_transformer,0,south_korea,4594,20.74718587239583,540.5192689953243,0.01707528875404701,4.447036815500708,0.0,18.403271484374955,-0.004625274703403468,0.010486312451057812,0.0,30.444140625000045,-0.010550949344617543,0.014471677628456919,0.0,20.62060546875,-0.013365099592296186,0.003699141086202785,1.0,10.029101562500045,0.00034657237457486805,0.008569313801387462,1
hf_transformer,0,sweden,4594,0.16906964309692388,0.036975744312337716,0.017704667307422744,4.194288881725242,0.0,0.3809949295043946,-0.028584743457150088,0.010386874943138625,1.0,0.1287099578857429,-0.03084191811233835,-0.017475775798545923,1.0,0.21982005767822344,-0.025349642753419735,-0.048469889460186606,1.0,0.14059641113281174,-0.01704813981372052,-0.03165142151713688,1
hf_transformer,0,switzerland,4594,0.01569356591860453,0.00028066185789239685,0.01697114119641963,3.536187475727447,1.0,0.006129724502563438,0.0010556397505564472,0.007699018727978309,1.0,0.011506256198883014,0.002927994439852025,0.015339215152264251,0.0,0.013015939903259333,-0.0007796429851257971,0.013300369076317549,0.0,0.024586036491394014,-0.00047476188574280807,0.02594896999623236,1
hf_transformer,0,taiwan,4594,0.6878922510782876,0.5582456385206825,0.02426302254872256,13.187873399157708,0.0,0.20961248779297037,-0.0024607074952813566,0.004983826216205237,0.0,0.4067749023437486,-0.004554108087846427,0.009872516979337671,0.0,0.6776966247558605,-0.00741322951924378,0.016575354799485336,0.0,0.9637764282226549,-0.003215449153177356,0.030589528639420983,1
hf_transformer,0,uk,4594,0.018022089054757683,0.000346667098694073,0.02391528811809755,6.317225523233897,0.0,0.013142753732299783,-0.011153371452379029,0.006261047341159254,0.0,0.017258395317657493,-0.012845778587480332,0.009998372457016574,0.0,0.011805230342956552,-0.013110842823610138,0.0025755637349452946,0.0,0.01969843431353757,-0.012897253497283904,0.013136290026468477,1
hf_transformer,0,australia,4599,0.024670944382985442,0.0007922065596354281,0.018233493106062194,3.6699094831631034,1.0,0.0005064044952391988,0.012282243239794334,0.012648315219515736,0.0,0.01541155616760248,0.00020606433802719675,-0.011136210240458405,0.0,0.03467227897644043,8.217943287808677e-05,-0.02562170803410963,0.0,0.012589557418823283,-0.00039500808119480085,0.008781351177698998,1
hf_transformer,0,canada,4599,0.013631639601389571,0.0002615483547048158,0.010791109365207708,2.8045454197559185,1.0,0.00025478477478024786,0.0056101657768846255,0.005809633612266735,0.0,0.011647779083251875,0.003927381924791542,-0.005249770291795719,0.0,0.02136840553283692,0.000290029613922392,-0.016673007406457774,0.0,0.002592282485961883,-0.000939209066466836,0.0011017116990805023,1
hf_transformer,0,denmark,4599,0.08909259498596186,0.010778062919565302,0.013155156575814704,3.7095120946951354,1.0,0.029292358398437912,-0.005386568609118224,-0.001054560703624184,1.0,0.042250158691405915,-0.01350541957860719,-0.007212343235408365,1.0,0.023157537841797193,-0.011138802504280402,-0.014596739973237616,0.0,0.15451335144042933,-0.00497477828625036,0.01765806776571098,1
hf_transformer,0,eurozone,4599,0.026855433559417743,0.0009806786489194841,0.015099265468808697,4.252810882537886,1.0,0.008846402168273926,-0.006213100398727981,-0.0012343256258979783,1.0,0.00936118507385264,-0.012731000603763313,-0.007428911110975249,1.0,0.002011554527282744,-0.015631677948848965,-0.014486663512313782,0.0,0.042410963821411185,-0.0060802735915408464,0.01756332488601396,1
hf_transformer,0,japan,4599,7.833075469970704,71.52217538074974,0.06532686127591014,17.777294370548677,0.0,2.235962524414063,-0.010447673616586274,0.008680536188989136,0.0,3.251507568359372,-0.009200773336053325,0.018461802249036104,0.0,6.053153991699219,-0.014404318496853186,0.036753727769635924,0.0,12.621280517578128,-0.009889161928297873,0.09352529485215548,1
hf_transformer,0,norway,4599,0.14873343643188494,0.02961254705121689,0.016852334411978927,3.764359182303313,1.0,0.009671234130859574,0.0062759220539619414,0.007350454253251135,0.0,0.21035098266601615,0.0025473978286026013,-0.021203605971359517,1.0,0.14813943481445335,-0.005289609436242114,-0.022089535469311417,1.0,0.04233109436035143,0.005959308480512942,0.001240937681954633,1
hf_transformer,0,south_korea,4599,9.35352376302084,143.84280422314032,0.007637939291631448,2.00487260222396,0.0,25.2781982421875,-0.012232636424609039,0.00832597162811889,1.0,1.369873046875,-0.01891234592068662,-0.02004617332758329,1.0,4.6538574218750455,-0.012452833669060694,-0.01628513895056676,0.0,18.003344726562545,-0.008767036882503135,0.00586773024834784,1
hf_transformer,0,sweden,4599,0.23075037180582675,0.06008518911308283,0.024131607527525537,5.724467747082824,1.0,0.1103504135131832,-0.0007894127041272547,-0.012247105610627071,1.0,0.22234531555175785,-0.00590292446032296,-0.02924530854253896,0.0,0.37721521911621103,0.0002645828910135461,-0.03941404629670367,0.0,0.26802353973388726,0.012839938780012702,-0.014835024356635144,1
hf_transformer,0,switzerland,4599,0.015665315882364906,0.00034004643292772914,0.016853709238032828,3.5298219737849617,0.0,0.009365176773071249,-0.006846751385606037,0.003210791006896974,0.0,0.008263614177703826,-0.007924994391206306,0.0009643202290191881,1.0,0.0023094997406005735,-0.011092544019461022,-0.013599043958877363,0.0,0.038247844314575175,-0.014303279176199613,0.026446773293101983,1
hf_transformer,0,taiwan,4599,0.7097132848103839,0.600453302325875,0.024904314474872038,13.606213669522063,0.0,0.341285003662108,-0.007591595621633575,0.004444334649771089,1.0,0.08927163696289142,-0.005500014181169412,-0.002344295009313308,0.0,0.48571707153320176,-0.008281275285062945,0.008816652644002047,0.0,1.0399355468750002,-0.006497667960252827,0.029695535679919782,1
hf_transformer,0,uk,4599,0.011850280367526238,0.00016255460786906558,0.01562524305798109,4.153841065137321,0.0,0.011268246224456768,-0.011865666571141095,0.0029462986487319193,1.0,0.005253194088073676,-0.013264621212978823,-0.0063223856102699,1.0,0.009803752014312717,-0.019086704443639985,-0.006094560777107799,0.0,0.026107669948425283,-0.015282572990612354,0.01882118030685868,1
hf_transformer,0,australia,4604,0.028236432540893572,0.0009858548965302099,0.020775906113578886,4.2002912391139215,0.0,0.029931567687988325,0.019664723519419242,-0.002297097036105778,0.0,0.03559687973022463,0.013057113722903264,-0.013292202619235935,0.0,0.030558720703125042,0.012766197433842212,-0.00981800103555916,1.0,0.04510600963592526,0.008089574823011723,0.0406692161746895,1
hf_transformer,0,canada,4604,0.013586651102701816,0.00022824122602025938,0.01075214456937032,2.7952895788133825,0.0,0.018842032814025966,0.010465883889523955,-0.004402585197439452,0.0,0.021470591926574745,0.00742887687450478,-0.009583530948689143,0.0,0.01038530616760247,0.004292898453490923,-0.003925694515588044,1.0,0.013427073287963776,0.0009674966112906022,0.011528979338243647,1
hf_transformer,0,denmark,4604,0.13974812713623042,0.030035136806978464,0.020521747900756445,5.81863585749773,0.0,0.019366744995116925,0.0026641557437523523,-0.00020789403418989776,0.0,0.06594899139404298,-0.004277795719504834,0.00550826890606873,1.0,0.06085479125976523,0.003016309142812656,0.011984498838744187,1.0,0.30740446929931675,0.0013347679346770373,0.04590903504608139,1
hf_transformer,0,eurozone,4604,0.036390548839569097,0.0020905560095154383,0.020320407124164067,5.762786208013887,1.0,0.00011820678710927623,-0.00017976861446863997,-0.00011298477542184983,0.0,0.01429068737030037,-0.00225685200369161,0.005801525791095513,0.0,0.027283955764770607,-0.002876017535406352,0.012462619550057744,0.0,0.0896316530227661,-0.0033563694397274694,0.046197718513965584,1
hf_transformer,0,japan,4604,8.114749776204428,75.13995068915266,0.06685018850719955,18.41655886860358,1.0,1.4995941162109432,-0.012875435997509963,-0.00020979754613820918,0.0,5.024474487304687,-0.01875651200191474,0.023305085263623376,0.0,6.860531616210935,-0.017868206217151284,0.03908354281574827,0.0,12.81242614746094,-0.020578885464108104,0.08355109321223912,1
hf_transformer,0,norway,4604,0.19590323649088556,0.054258320381754405,0.021980536381447074,4.958200152022512,0.0,0.24776947631835888,0.024645315154778826,-0.0033649833458227183,0.0,0.28773616943359315,0.019309738229936417,-0.01347050231071189,1.0,0.12780826416015678,0.018695598980651353,0.004258637004278414,1.0,0.3873326614379877,0.02007506661724802,0.0625387081210441,1
hf_transformer,0,south_korea,4604,14.215566406250014,384.6287521113956,0.011546931981176371,3.047022740847926,1.0,5.20947265625,0.011494326279475272,0.007220247973487097,1.0,0.3277587890625,0.009004670328632901,0.009273636785329253,1.0,0.12607421875009095,0.009908451273608836,0.010011825795228522,1.0,26.880859375,0.01774566045148032,0.03937996150141614,1
hf_transformer,0,sweden,4604,0.13363240564982107,0.023721214181941026,0.014008596262201006,3.315159971881669,1.0,0.1663838867187497,0.019728781240425628,0.0022492781558061587,1.0,0.1133909469604486,0.013780951625493714,0.001830574276678437,1.0,0.13210806579589907,0.018183590985245284,0.00430844415391628,1.0,0.18631150207519553,0.02022902000116974,0.039436597217229453,1
hf_transformer,0,switzerland,4604,0.015651982978185017,0.0004399971657377903,0.01667308532111812,3.5268177076404457,1.0,0.0016486520767211577,-0.004990910016958579,-0.003218023694200731,1.0,0.00970128259658809,-0.013587239390721957,-0.0031105892291210923,1.0,0.007800271034240747,-0.008928923611858078,-0.0005356186523337573,0.0,0.039508742713928235,-0.0027977442710069617,0.038757213724357684,1
hf_transformer,0,taiwan,4604,0.7355076822916664,0.6465672706404769,0.025673796006979006,14.100728977489956,0.0,0.23264248657226716,-0.003115741877873258,0.005087009200956014,0.0,0.3270824432373054,-0.0016984589911302973,0.009798835120838094,0.0,0.6456654663085928,-0.00458690508569229,0.018047811623547284,1.0,1.0711878662109378,0.0024961191802386935,0.039514559650122606,1
hf_transformer,0,uk,4604,0.01614846610967814,0.00045509372403881556,0.02107643744855753,5.660470434874785,1.0,0.001232602419525164,-0.004283047015034741,-0.002654131186568947,1.0,0.00243019150146484,-0.00499413929949892,-0.0017828369332250915,0.0,0.012211674100097603,-0.00823321122143943,0.007851846452595075,0.0,0.04341970112030025,-0.008271043381676918,0.04778455676936613,1
hf_transformer,0,australia,4609,0.028920014991760244,0.001487873390478057,0.021169677017991332,4.301977079753635,1.0,0.010560401191711533,0.01087670007476643,0.00301067443287274,1.0,0.004551952819824123,0.004738054735744684,0.0013342030117365368,1.0,0.00036042274475089897,0.011402726803907016,0.011669962016355952,1.0,0.06743721427917482,0.005589332179137823,0.05466471615073984,1
hf_transformer,0,canada,4609,0.015131388689676901,0.00037841302028064774,0.011969815152659049,3.1131007043242245,1.0,0.005958657836913961,0.010144286974814898,0.005419419520265613,0.0,0.011592727661132729,0.00835016631469345,-0.0008794372168978174,1.0,0.00019047889709478127,0.008006794729315106,0.00815778813291781,1.0,0.03385853195190425,0.0020289213254241264,0.028673540929783668,1
hf_transformer,0,denmark,4609,0.17810487513224282,0.045609889835441696,0.026029030714981645,7.415680153118493,1.0,0.009525711059570341,5.526773046396929e-05,0.001460812855228885,1.0,0.0005344207763675612,-0.004897373086300847,-0.004818073731557793,0.0,0.17932999420165974,-0.007177093573636307,0.019144868873120516,0.0,0.30104152755737346,-0.0064577354621210845,0.03731146154573893,1
hf_transformer,0,eurozone,4609,0.05117545143127442,0.0036477983003451774,0.028493450165279495,8.104114807313934,0.0,0.013122395706176793,-0.006040162202720517,0.001346990522170208,1.0,0.001643856430053603,-0.005656842813783818,-0.004728806627704424,0.0,0.04904211635589606,-0.008257365536435328,0.019135613787147083,0.0,0.07779079017639168,-0.0057680791968684995,0.03723577896873187,1
hf_transformer,0,japan,4609,7.670685282389323,66.42787018412247,0.06229621045109843,17.40874715322771,0.0,4.948945922851564,-0.028174871194725216,0.01270737581562769,0.0,3.638508300781254,-0.022956988111816772,0.007106711825151299,0.0,7.203355102539064,-0.027284927232033913,0.031629567965983194,0.0,10.790597229003907,-0.019624827581773974,0.06674690596122658,1
hf_transformer,0,norway,4609,0.23773655085245765,0.1234187850437384,0.026345423137063784,6.016977685985318,1.0,0.09545016174316423,0.023266132107044746,0.012407292689686641,1.0,0.007674740600586816,0.014712309929782593,0.013836076637756739,1.0,0.002720448303222156,0.020709022420997206,0.021017579078197384,1.0,0.6325048294067379,0.01842807587291298,0.08787428990224044,1
hf_transformer,0,south_korea,4609,23.10022460937501,903.1031618447307,0.018707023350960302,4.951396778148372,0.0,11.394628906250091,-0.002254542777813087,0.00707236764293985,1.0,3.8378173828125455,-0.0058738882267034085,-0.0027113647372129616,0.0,6.3916503906250455,-0.0003624454831215606,0.0048701727151847715,0.0,56.646240234375,-0.0021736346716098713,0.043354170470388524,1
hf_transformer,0,sweden,4609,0.16979224380493185,0.05123462459420338,0.017681441545314234,4.2122151993066135,1.0,0.06615651245117249,0.003243653557346758,0.010210736054997553,0.0,0.0855862030029293,0.001487056613751258,-0.007614878020820426,1.0,0.05188558349609451,0.00779557432046232,0.013239088547269746,1.0,0.3681957824707034,0.010620384580548394,0.04851800098294788,1
hf_transformer,0,switzerland,4609,0.026154371668497718,0.001137786201884299,0.027730178042077606,5.893291684589064,1.0,0.004332856178283717,7.212912954048916e-05,0.004715726010349663,1.0,0.004224979972839327,-0.0005104380637329079,-0.005061938649173827,0.0,0.0204180028915405,-0.009138695898819943,0.01275602384407019,0.0,0.05862545366287231,-0.004873491970660206,0.0564927312444586,1
hf_transformer,0,taiwan,4609,0.7862150238037107,0.7337355603559305,0.027314391207088014,15.072860876374492,0.0,0.35507614135742216,-0.007369196618082293,0.005054917509343187,0.0,0.36880093383788903,-0.009597713018830353,0.0033321442891403,0.0,0.6981609649658189,-0.011111251717211817,0.013262471548558629,1.0,1.0590602111816416,0.00038226991613810296,0.036713961279125205,1
hf_transformer,0,uk,4609,0.023459634900877886,0.0008574925143330466,0.030429561916360762,8.223231164338907,0.0,0.009047712186798118,-0.003651049327512971,0.008258062491443653,0.0,0.01217949594003298,-0.009591275250690263,0.006501800740838694,0.0,0.009095125635864232,-0.0006928574780291447,0.011243140112946932,1.0,0.050980143569824166,0.000784495526803176,0.06582791461487156,1
hf_transformer,0,australia,4614,0.046660680863698324,0.003548605191108688,0.03395125134150279,6.9409777159009485,0.0,0.02020010101318359,0.007878948925021558,-0.007247062239481646,1.0,0.004990678710937502,0.0014291600509275253,0.005155151240561429,1.0,0.009328744468688921,0.005573311929715348,0.012498162187367273,1.0,0.11029605518341068,0.001155827419512059,0.08044941805469309,1
hf_transformer,0,canada,4614,0.02367779818216958,0.0008326295717094766,0.018685328573242045,4.8714213684859695,0.0,0.01716795616149902,0.011031079801794191,-0.0026429616538062974,1.0,0.0017576469421387575,0.009043286636248203,0.007649134940732538,0.0,0.0030083475112914204,0.002403306513653254,0.0,1.0,0.042708183288574286,0.001432140732519308,0.03497409500498771,1
hf_transformer,0,denmark,4614,0.23803126157124835,0.07322343360938467,0.03468810611306923,9.910810700409124,1.0,0.018820275878906223,0.0007386079657438657,0.003525172318029439,0.0,0.1282138641357422,-0.004195099895785279,0.014728782879892217,1.0,0.11751141662597675,0.0006138856741876886,0.017889196436872753,0.0,0.45390334625244133,-0.005132682353898418,0.060370165057325446,1
hf_transformer,0,eurozone,4614,0.06562478956858317,0.005287812755497205,0.036416336352627275,10.392303614240372,1.0,0.003769420242309529,0.0015114716349528849,0.0036330392702651703,0.0,0.03559191703796394,-0.005086932293975123,0.014898480506303272,0.0,0.03696882228851317,-0.00314735796863354,0.017563446134272152,1.0,0.09911546859741205,0.005814696520508503,0.059928980009033295,1
hf_transformer,0,japan,4614,6.673128651936849,50.136773722976635,0.05349672663238162,15.144775876705259,1.0,1.9671569824218693,-0.01721755522977905,-0.0010587182355478876,0.0,3.7105572509765636,-0.01774271298349838,0.012537574243745998,0.0,8.335787658691402,-0.02210394581477123,0.044963015904453014,0.0,6.703857421875,-0.0014976609359008874,0.05171036583996947,1
hf_transformer,0,norway,4614,0.41822033991495755,0.3176754807278231,0.045953292483042384,10.584920341740881,1.0,0.04060851135253962,-0.002257440607900754,-0.006917111401437795,1.0,0.007207923889160028,-0.0011419576880242483,-0.00196653524533925,0.0,0.14200645141601598,-0.006463651261751799,0.009729837209478818,1.0,0.9862170349121087,0.006680468589814042,0.1127478247377031,1
hf_transformer,0,south_korea,4614,32.231420084635424,1471.108346150776,0.02599735094003661,6.908614624354875,0.0,8.6392822265625,0.006306357340485901,-0.0007819091326168363,0.0,17.203564453124955,-0.006275410052543114,0.007867280897550281,1.0,18.95849609375,0.003565567110156307,0.018988428069353715,1.0,56.272265625000045,0.01021360117179154,0.055021577785104046,1
hf_transformer,0,sweden,4614,0.29438608108520525,0.1416869513899669,0.03051418402442296,7.303145876533806,1.0,0.0546071411132818,0.01014109433474439,0.0043493392657236105,0.0,0.10995626525878954,-0.0018184932010223548,0.00988120394372449,1.0,0.035339270019530744,0.009009247835013662,0.012743826516824649,1.0,0.6422552947998046,0.007757437775700204,0.07362405144010473,1
hf_transformer,0,switzerland,4614,0.03922831163088481,0.002229284643033531,0.04139580028232326,8.839206143622143,1.0,0.00012056674957272584,-0.0017513213089890756,-0.0016209210378465724,0.0,0.011228471469879153,-0.0031669936217558624,0.008921912347579547,0.0,0.03156535453796383,-0.0062445330086088845,0.027476303834953437,0.0,0.07907696323394786,-0.003436187097070166,0.07876697203070546,1
hf_transformer,0,taiwan,4614,0.8170679529825845,0.7843840673625178,0.028227484637398364,15.664355435829648,0.0,0.14543133544921716,-0.005078756905760882,0.0,0.0,0.44747070312499915,-0.0084117147316317,0.0071846620423561165,0.0,0.8676660766601572,-0.012766321345139471,0.017386637789958876,0.0,1.117802764892577,-0.00039379234045416287,0.037819022784450956,1
hf_transformer,0,uk,4614,0.029230143949676508,0.0012671180394765841,0.03758643899443492,10.245949337263447,1.0,0.0015448126809692875,-0.002638305869586754,-0.0006101514817436975,0.0,0.01149976451879886,-0.00749089468006101,0.007581595428333782,0.0,0.010638666050231893,-0.008106786972081526,0.00585345101883177,0.0,0.05907199391882323,-0.004857438727812645,0.07006971670883162,1
hf_transformer,0,australia,4619,0.06420518212763468,0.0055496710549771755,0.04669825280670876,9.55079801975166,0.0,0.009037426872253507,-0.0035739738862947414,0.003162099141968044,0.0,0.015344553604125899,-0.006260279657922332,0.005180607764058133,0.0,0.07544509704589841,-0.00301148795645129,0.05184719782844501,0.0,0.08901616218566888,-0.0060965255554356725,0.05851127994997172,1
hf_transformer,0,canada,4619,0.026914457791646303,0.0009810685918974415,0.021222011208463502,5.537325041741943,1.0,0.0014010839462279545,0.00039593387419659424,0.0015069799806259685,0.0,0.016497952079773004,-0.01177517349899772,0.001388090409083019,0.0,0.03272623062133784,-0.007030434650650553,0.018792816003022277,0.0,0.0256170276641845,-0.00203964477231209,0.018130474015548622,1
hf_transformer,0,denmark,4619,0.2367692115783691,0.06582528706324542,0.034309388856569395,9.858263238822298,1.0,0.02850851593017545,-0.0062271422449444525,-0.0020416907016581644,0.0,0.13676989364623982,-0.010777861000586782,0.009234159724786003,0.0,0.3092323654174809,-0.010580203512464473,0.034099888135372854,0.0,0.23308679199218751,-0.0037186691796627226,0.029915529808187367,1
hf_transformer,0,eurozone,4619,0.06362302995045979,0.004735852274952059,0.03508721213486603,10.075306122118537,1.0,0.010308512306213435,-0.007930466623829902,-0.002170526230595943,0.0,0.038256655883789126,-0.012338014372502959,0.008965939908548397,0.0,0.08240052795410158,-0.01196878531642178,0.033350090869873075,0.0,0.07492171401977532,-0.011868183300460362,0.029417108051106377,1
hf_transformer,0,japan,4619,5.834258575439452,36.41349327205266,0.0464009311478836,13.240946359715467,0.0,3.5372375488281307,-0.019621640498594814,0.00896256949735908,0.0,3.66213348388672,-0.017532597377385172,0.01198528189708582,0.0,8.498291625976549,-0.015294956849578446,0.05176944803947362,1.0,3.5047460937499864,0.0008457007826675525,0.02860507213028839,1
hf_transformer,0,norway,4619,0.572477191467285,0.4821787072710022,0.06254464133098145,14.489074037807299,1.0,0.051651319885253955,0.00028592291114103353,0.006178123606398947,1.0,0.06641444854736278,0.001587883614246212,0.009148037685779854,1.0,0.6462721099853521,0.0024264994647830132,0.07361532455134323,1.0,0.9931470428466795,0.0024521947285377657,0.1098555621548731,1
hf_transformer,0,south_korea,4619,39.273868001302084,1973.0480476546488,0.03160168829236813,8.418121761818352,0.0,17.85634765624991,-0.0080370658941473,0.00654966440409042,1.0,2.4866210937500455,-0.0023181994946229584,-0.0002857434451526976,0.0,58.08164062500009,-0.008798761219496708,0.037923221402594826,1.0,39.75229492187509,0.0027289818721801715,0.034577486058262774,1
hf_transformer,0,sweden,4619,0.3570952088419597,0.17424768186941728,0.03689621104268389,8.858837321283941,1.0,0.05036924743652271,0.007306055098408645,0.0020025844779150348,1.0,0.07570455322265701,0.0030203510279320812,0.010972762624365558,0.0,0.43382149200439457,-0.0058160715729660625,0.03930899751360137,1.0,0.3876050354003908,0.011354058110627141,0.05109307970490357,1
hf_transformer,0,switzerland,4619,0.044676640774408985,0.002572414905554133,0.0469091324917769,10.06686296686402,1.0,0.0024769596099853963,-0.001202542433745013,-0.0038599736984056493,0.0,0.015929534721374483,-0.0081443005203714,0.008896050145664412,0.0,0.047537339019775415,-0.011232347008953472,0.03893461338072414,0.0,0.0545402029037475,-0.014758925304272245,0.04278699506165772,1
hf_transformer,0,taiwan,4619,0.7618786422729491,0.6479219425820558,0.026171092606464205,14.606297809094414,0.0,0.29022735595703253,-0.004861438196161338,0.005174209543132306,0.0,0.16165621948242048,-0.002845345194970551,0.002745665217062104,0.0,0.7553005981445295,-0.005298487347013687,0.020622816188946104,0.0,0.7560597839355481,-0.0005036642180332372,0.025320834090726226,1
hf_transformer,0,uk,4619,0.03226468104566447,0.0014008224970837818,0.04128495423403259,11.309635968470861,1.0,0.006007932340728717,-0.010399692113554019,-0.0025335903325657853,1.0,0.0011565022075195053,-0.00435011026697866,-0.002840256056225541,0.0,0.045112915568573,-0.013028247285481763,0.04472609722213603,0.0,0.03799105076965337,-0.006003978926524632,0.042517836423129146,1
hf_transformer,0,australia,4624,0.0728140680033366,0.00624621186174334,0.052901551051588065,10.831406958925323,0.0,0.012674266014099045,-0.001783993690706492,0.007584829848591956,0.0,0.03582511688232426,-0.004796989988906063,0.021539802021037342,0.0,0.06396372989654542,-0.008422809479411191,0.03828960004649137,0.0,0.06192186927795418,-0.009169317928926125,0.03611820164185496,1
hf_transformer,0,canada,4624,0.03361230903625486,0.0013022430383837565,0.026535389283841804,6.915327144171249,0.0,0.0022108409881591573,-0.001198277086246384,0.0005546971099872256,0.0,0.022929625701904266,-0.01042160704085238,0.007777224806647546,0.0,0.03438714790344233,-0.011349152265953977,0.015845575014981295,0.0,0.02600507469177238,-0.009281266076559332,0.011310242535178037,1
hf_transformer,0,denmark,4624,0.20585122639973955,0.049719502489851235,0.029720567615172878,8.570943681211446,1.0,0.07647555465698286,-0.012870468942315671,-0.0017108644036293189,0.0,0.11035775375366175,-0.015895293162626736,0.00021727322193022567,0.0,0.2705901786804201,-0.015900065656777807,0.02315445266856969,0.0,0.05915250091552693,-0.0024443148943515784,0.00610907209630114,1
hf_transformer,0,eurozone,4624,0.05683884334564207,0.0038149267559066183,0.031241091253370927,9.000966266152268,1.0,0.02030982093811029,-0.012870604450008713,-0.0015991180689191766,0.0,0.018112772750854544,-0.009974243907127808,5.509641874676066e-05,0.0,0.07489557723999019,-0.01809466702924661,0.023065901083170276,0.0,0.0363486408233642,-0.013953277960250768,0.0061520064398204975,1
hf_transformer,0,japan,4624,4.1724708760579405,20.332851055553554,0.032918949111332314,9.469491683130757,0.0,2.268426208496095,-0.012133407561062123,0.005939200226717687,0.0,4.211917724609378,-0.01320718260605008,0.020128839373512755,0.0,6.635357971191411,-0.018399102397705723,0.03388963786022221,1.0,0.930419921875,0.002297347781361224,0.009643200048228067,1
hf_transformer,0,norway,4624,0.6995435988871255,0.6020861753819023,0.0763600745825435,17.7050529663398,0.0,0.03728257446289085,-0.00028724470995426023,0.003933036022033598,0.0,0.15536368408203138,-0.0026132498037072555,0.014897466885828917,0.0,0.7465970855712882,-0.00914770414130615,0.07284231464234481,0.0,0.7469670257568364,-0.007857580106983376,0.07406990016769228,1
hf_transformer,0,south_korea,4624,43.641055501302084,2165.5996641909883,0.03508353578709358,9.354202621754842,0.0,12.030566406250045,-0.001863878840709671,0.007929610710132595,0.0,21.455371093750045,-0.005695433020610228,0.011770094075417315,0.0,52.08349609375,-0.008638079677132995,0.033363860535651435,1.0,30.206787109375,0.0010961679037267565,0.025435176780144144,1
hf_transformer,0,sweden,4624,0.38538842107137045,0.178357767385522,0.0397538394817655,9.560736865805243,0.0,0.1480256256103516,-0.012341011845849351,0.0032173849962409203,1.0,0.06861777191162055,-0.007869437820272798,-0.0006593786380442004,0.0,0.46772991027832056,-0.010854283006762269,0.03743298216347981,1.0,0.291264422607421,6.126636965965055e-05,0.030078966540693836,1
hf_transformer,0,switzerland,4624,0.04610823079427083,0.002459923488289954,0.04835202844881768,10.389439156677609,0.0,0.009835626792907726,-0.009790694742101612,0.0006891981717471001,0.0,0.029455324745178202,-0.015397232077945695,0.015837018449134033,0.0,0.0532545055389404,-0.011633493070057337,0.04393974278000084,0.0,0.02989536466598508,-0.01689560514830448,0.014844721723241083,1
hf_transformer,0,taiwan,4624,0.743943288675944,0.5976469198620408,0.025495617980137674,14.262451556668012,0.0,0.44792755126952954,-0.008222421619772345,0.00723377066502891,0.0,0.38217874145507835,-0.004170811033429952,0.008978524019836447,0.0,0.8281982116699211,-0.011872375241703115,0.01662287100135081,0.0,0.39859213256836057,-0.0016945882768246959,0.01198193924681074,1
hf_transformer,0,uk,4624,0.03424310291218058,0.0014075246901457368,0.04372368521356587,12.003125889251171,0.0,0.002191261755371099,-0.0007849475325366975,0.00207182327142042,1.0,0.011515737651672353,0.0007837278092681435,0.015683262737406715,0.0,0.04506890619558712,-0.004495116719686426,0.05288615722458355,1.0,0.022372919182434114,0.004968076342070617,0.03359630018315946,1
hf_transformer,0,australia,4629,0.07229216071955363,0.005569607200483074,0.052422424792533874,10.753770997352325,0.0,0.05240525291442877,-0.022886446624393954,0.015278905014047422,0.0,0.06300778785705563,-0.025058345268200256,0.020751654756532126,0.0,0.11523902648925777,-0.02874868635170545,0.05379911277409891,0.0,0.04855725173950187,-0.03170872481363245,0.004011504043513855,1
hf_transformer,0,canada,4629,0.03023833155949908,0.0010224630650977305,0.023845215068682545,6.221171976084904,0.0,0.009468571853637586,-0.0029289553482222336,0.004512200385150693,0.0,0.021042639541625885,-0.011424196306896103,0.005177497347367552,0.0,0.050923677444457915,-0.015953934638903964,0.023935556169824544,1.0,0.006733386230468819,-0.015642081245189964,-0.010277176506464177,1
hf_transformer,0,denmark,4629,0.1687460206858317,0.03510161372229293,0.024274882282549714,7.0260093419032215,0.0,0.07872319869995081,-0.0052892474865723306,0.006107748947553409,0.0,0.17722840194702183,-0.00441677879259682,0.02103862404496193,0.0,0.27203807296752913,-0.004483651298039697,0.03433040700898359,1.0,0.028794972229003513,0.0006884482820559151,0.004847382266127467,1
hf_transformer,0,eurozone,4629,0.04338106322606403,0.0023183486093493032,0.02373157290396178,6.869800011818136,0.0,0.014242097473144533,-0.001484309479246978,0.00634329972870596,0.0,0.05328223724365233,-0.007955440131344345,0.021205482516976338,0.0,0.07749424419403073,-0.007851043728642417,0.03428071635199165,1.0,0.00889304676055902,0.0001140141824538823,0.005001109566245649,1
hf_transformer,0,japan,4629,1.9044057312011697,5.209785484898517,0.01484442796133687,4.322080313704651,1.0,2.185956726074224,-0.02176598931272456,-0.00452507111126175,0.0,2.8423333740234398,-0.013694979418191488,0.00848760060911991,1.0,1.045175781250009,-0.010919761320381319,-0.002728195627788355,1.0,1.4364868164062443,0.00638994965014372,0.017439386380185648,1
hf_transformer,0,norway,4629,0.7663761732991536,0.6209165393084104,0.08355047126878312,19.396547637614365,0.0,0.36277344512939536,-0.018769008333998506,0.021700400909740333,0.0,0.5247409179687494,-0.01787772212455511,0.04009416446772993,0.0,1.0152335876464846,-0.013637617902950965,0.0952045415664349,0.0,0.6886681213378907,-0.0226065953853111,0.05315181831730377,1
hf_transformer,0,south_korea,4629,37.70626139322917,1608.3847542197711,0.030223885347371835,8.082114539383541,0.0,20.42221679687509,-0.007876497391595681,0.008597537993517201,0.0,33.853759765625,-0.013857483671789716,0.01346605792548512,0.0,60.01845703124991,-0.008605723301278647,0.03909034760188302,0.0,15.753002929687455,-0.00985554270447386,0.0029008884162333697,1
hf_transformer,0,sweden,4629,0.3692436699422201,0.15039990721328308,0.03798608271704749,9.16021700358257,1.0,0.13178458709716878,0.004008728238370556,0.017657513418471996,0.0,0.25069214782714866,-0.0009052233679567165,0.025026313031325614,0.0,0.5804483062744143,-0.0035186165967516143,0.055679919259915625,1.0,0.20043243408203182,0.0013881209422104814,0.022127293445809448,1
hf_transformer,0,switzerland,4629,0.036693535318374645,0.0015967057760563712,0.03822856515403331,8.268052060696796,0.0,0.014934427642822268,-0.014866369234806666,0.0008348552532904477,0.0,0.029851002120971692,-0.01796167754691912,0.013274760660274821,0.0,0.06309731693267817,-0.02376753020336857,0.0415128869782905,0.0,0.015296345710754444,-0.011441037027100849,0.004583102652745456,1
hf_transformer,0,taiwan,4629,0.4549603586832683,0.24920665530519567,0.015507022143742817,8.72223753435984,0.0,0.25347242736816256,-0.004898923941417818,0.003769888041940144,0.0,0.4536837463378909,-0.008036849075800366,0.007474728960889434,0.0,0.7412692718505873,-0.0061464578803740386,0.019027557159127403,1.0,0.01283435058593696,0.0042010909050039826,0.0046378476256896855,1
hf_transformer,0,uk,4629,0.035156238953436295,0.0013156793625620639,0.04479076842810489,12.323204559846939,0.0,0.011596361047851556,-0.004757229505032309,0.010095562751028122,0.0,0.02831642057601924,-0.013557610167180946,0.022640990852237423,0.0,0.04727245352844234,-0.010467781687242184,0.049072470349160666,0.0,0.028628944558166558,-0.011234641437395308,0.025272886671467244,1
hf_transformer,0,australia,4634,0.03815557364273071,0.0017924310971987485,0.027307769086800448,5.675806299638733,0.0,0.04186681465148934,-0.021540506914971443,0.008407097850413357,0.0,0.028708857917785657,-0.01989504115441577,0.0007032973568146056,0.0,0.045699933471679666,-0.025128999194611902,0.007631625302052337,0.0,0.04039154685974111,-0.020760032644674062,0.008125177406494566,1
hf_transformer,0,canada,4634,0.015881336542765283,0.00033907317039722585,0.012451905656639622,3.2673934290394824,0.0,0.015038763809203992,-0.002968890735914899,0.00876395661394806,0.0,0.020566696166992138,-0.00853891246631268,0.0075610306428507785,0.0,0.021273410797119086,-0.01384558397496584,0.0028908528609662555,0.0,0.02049727973937987,-0.015134712125896024,0.0010166576303845133,1
hf_transformer,0,denmark,4634,0.08276182487487795,0.00947795077507579,0.011809153673372095,3.4459203977701485,0.0,0.11685633239746096,-0.01411160067135891,0.0025565409285103063,1.0,0.11828748779296916,-0.020059667908283913,-0.003089304594273793,1.0,0.07347691650390598,-0.013719096858196295,-0.0032102300296638626,0.0,0.01564694061279326,-0.00043220386453246,0.0017853099278363703,1
hf_transformer,0,eurozone,4634,0.0220171421877543,0.0007074982139024684,0.01195319120817175,3.486621867090631,0.0,0.032758045005798264,-0.015304657215406782,0.002478115746301238,1.0,0.003970079994201736,-0.0053109198765866035,-0.0031604137541383958,1.0,0.011276906204223724,-0.009907275206956624,-0.0037828681388587236,1.0,0.005142970275878955,0.00457055275295904,0.0018053221474470741,1
hf_transformer,0,japan,4634,1.8218257141113279,4.584573585148245,0.014063937753437998,4.134663598704387,0.0,2.6165917968750136,-0.015099468882848481,0.005196416550770658,0.0,2.0169842529296886,-0.00908704270646897,0.006500898012610891,0.0,2.270954589843754,0.0008174690370937332,-0.01685159840304625,1.0,0.7040093994140761,0.03018949592724228,0.03544790099980268,1
hf_transformer,0,norway,4634,0.4650155532836913,0.2409991099114484,0.04968147139166535,11.769280734120496,0.0,0.4251258377075189,-0.02885922923880845,0.017038489794426053,0.0,0.3519252624511715,-0.026178132301001668,0.011865079470484367,0.0,0.5932206481933591,-0.022290228760812197,0.04078700241440617,0.0,0.459932809448242,-0.011158711287880659,0.03755644870811727,1
hf_transformer,0,south_korea,4634,18.06755533854166,444.70571437839646,0.014351871417391951,3.8726738291525633,0.0,16.66650390625,-0.005922362416938393,0.007337663066043448,0.0,24.431640625,-0.006134734977089919,0.013247845754301393,0.0,30.212841796874955,-0.006720655547915971,0.017207781140098827,1.0,1.425146484375091,0.011301459734201354,0.010178910389989125,1
hf_transformer,0,sweden,4634,0.18348890518188482,0.04825113969332232,0.01866063562694137,4.552002718093625,0.0,0.17780929260253941,-0.006978943312621547,0.011139206587319175,0.0,0.21137167053222683,-0.01066815567877015,0.010911978042396714,0.0,0.1984410400390626,-0.006894809853371723,0.013302863556336834,1.0,0.18306000213623008,0.0032764451536807303,0.021736143775595733,1
hf_transformer,0,switzerland,4634,0.021713427400588993,0.0007254330433609197,0.022368405210844728,4.892626088125388,0.0,0.0190063749313355,-0.012759546463623768,0.0068788772276461765,0.0,0.02932232017517089,-0.015597569227943866,0.014624928290979737,0.0,0.014193311691284127,-0.013059000351300514,0.0016470228644717977,0.0,0.02850517234802241,-0.011194316636833386,0.018070935856553828,1
hf_transformer,0,taiwan,4634,0.2534998057047527,0.08570728643132354,0.008598509893099094,4.859952033337968,0.0,0.01934231567382838,-0.0006564321157226901,0.0,0.0,0.4204646301269541,-0.0072684551221900194,0.0069982367498407656,0.0,0.31562240600585767,-0.0008017464287647407,0.009857784535223476,1.0,0.04717517089843781,0.005318233591227498,0.0037249666341890707,1
hf_transformer,0,uk,4634,0.014503984308836877,0.00031420558180857307,0.018217470027642634,5.084035462591394,0.0,0.01423145115780644,-0.015227457411615835,0.0027516916261844113,0.0,0.027695589088317818,-0.01854934980833386,0.016260520912280352,0.0,0.016242947516479478,-0.015387108080183445,0.005110607792276231,1.0,0.00490265204653928,0.011041679208604235,0.017110912959073264,1
hf_transformer,0,australia,4639,0.030938548717498786,0.0013697625474176185,0.02193637814822633,4.602242685608646,0.0,0.04606134353637703,-0.01563942774337484,0.017046647439249822,0.0,0.05735377918243412,-0.013328338943247735,0.027118904915689603,0.0,0.019336145477294897,-0.010103882344089592,0.003671835930002894,0.0,0.062391547241210876,-0.01574778234785495,0.028279366467484607,1
hf_transformer,0,canada,4639,0.014565423692067465,0.00025814750596220895,0.011392221456041914,2.9966602328767613,0.0,0.02558922996521007,-0.012454821308260621,0.00746575233326046,0.0,0.020657921791076728,-0.010662680036025142,0.00542111685830624,1.0,0.0007531372070312958,-0.005721530175675467,-0.006309906422881204,0.0,0.02217833728790275,-0.0021209331167614223,0.014990935660043739,1
hf_transformer,0,denmark,4639,0.09580856722513834,0.011645947497713919,0.013611325668904828,3.989142295754913,1.0,0.028988097381591693,0.0008406538163636961,0.004952472162992072,0.0,0.13679423828124992,-0.0010524329343547783,0.01824062978002863,0.0,0.1387662673950194,0.007315928778858276,-0.01247515633200775,1.0,0.05796423950195351,0.019966242422396155,0.01185060782660265,1
hf_transformer,0,eurozone,4639,0.023224988244374592,0.0007420033403720907,0.012558761465433376,3.6778956680762,1.0,0.0023050905227661733,0.006259837362220315,0.005019576050197353,1.0,0.03313992176055902,0.00019481801077680597,0.017964394412597152,0.0,0.02770467891693107,0.0024075097273776854,-0.012660292433870075,1.0,0.015800939559936555,0.02032710884762426,0.011914027460803733,1
hf_transformer,0,japan,4639,1.7986694539388026,4.9356012492414685,0.01380336571599648,4.08211008314257,0.0,0.4467218017578034,-0.002623904916030465,0.0008048598636969349,1.0,0.230072021484375,-0.009709745875570299,-0.007929828296105876,0.0,3.675183105468747,0.004553728636105287,-0.023902119545070995,1.0,0.700498657226575,0.04197679476393004,0.03681258726314943,1
hf_transformer,0,norway,4639,0.334993596089681,0.1530156113418624,0.03506933761909455,8.478498511869665,0.0,0.3968352447509762,-0.016683733770021063,0.025226053357312796,0.0,0.5172619949340813,-0.015517080189126157,0.03870961147321953,0.0,0.20625888824462812,-0.008148394247020173,0.01366871862471294,1.0,0.5975732360839849,0.002862623494204934,0.06414897005296703,1
hf_transformer,0,south_korea,4639,14.750897623697908,304.22728887873865,0.011661807559009613,3.161767827102975,0.0,7.603173828124909,-0.0049252293273729895,0.0010601332048896532,0.0,26.409716796875045,-0.011823475934934194,0.008956042577502692,1.0,0.7841796875,-0.005147130426906042,-0.004528012461306318,1.0,7.1769531249999545,0.005776289882083079,0.011367087883143305,1
hf_transformer,0,sweden,4639,0.13866122548421214,0.02740128570706796,0.013933197144860996,3.4399152072582178,0.0,0.2610467102050773,-0.0062459023797851385,0.019939663674799744,0.0,0.24836300659179678,-0.007467922161761247,0.017491172436336598,1.0,0.010658554077147997,-0.0019351944394794727,-0.00301439652080431,1.0,0.14288969116210914,0.017234110848183996,0.03131997944814074,1
hf_transformer,0,switzerland,4639,0.015692049589157098,0.00032253423886467557,0.01603366086883087,3.53584580543856,0.0,0.020789437484741158,-0.009476136848396693,0.011608084316995188,0.0,0.033945279884338486,-0.017250615099364364,0.01721230213707293,1.0,0.011015620803833004,-0.013579144706152286,-0.024980739784654146,0.0,0.014159289932251018,0.0013791084253947394,-0.013080764920529871,1
hf_transformer,0,taiwan,4639,0.22809349772135418,0.0734015451585266,0.007717190769998719,4.3728769533383565,0.0,0.39090048217773443,-0.0109040234756164,0.002321904330841698,0.0,0.33660235595703014,-0.006916896432230275,0.004437205794466079,1.0,0.08832173156738321,-0.0035328318931516587,-0.0065233787743275064,1.0,0.08036344909668003,0.0046673843725911,0.001968918656713861,1
hf_transformer,0,uk,4639,0.01140480444151916,0.0001846488478889286,0.014161197937188393,3.997689806467603,0.0,0.016666274408477788,-0.01699271452609673,0.003730894345013726,0.0,0.023735618682312,-0.018691503240994025,0.010743602834799068,1.0,0.007515816713073775,-0.008366705842048988,-0.017772718220801356,1.0,0.004772659560546844,0.008191858040337268,0.014022159242962415,1
hf_transformer,0,australia,4644,0.019106859439849844,0.0004885462702938821,0.013491063581535666,2.8422278273274637,1.0,0.029705040283203088,-0.024130115340286744,-0.0033161096942250566,1.0,0.009366356163024836,-0.023387888637173664,-0.016782986864159837,1.0,0.03245389274597166,-0.022327015007583977,-0.0455311701645374,1.0,0.010334503936767492,-0.011745375714490339,-0.004544265845228814,1
hf_transformer,0,canada,4644,0.014364948628743506,0.0003234455520430365,0.011223128709218596,2.9554149067779716,1.0,0.0014750530242919613,-0.001719915724906904,-0.002861785540407704,1.0,0.008472776031494211,-0.002611806306820738,-0.009194486048706374,1.0,0.031484389114379896,-0.0023705316741086326,-0.02704718779604581,0.0,0.007593349075317279,0.0032719913190935065,-0.002590725111634252,1
hf_transformer,0,denmark,4644,0.11718396141052248,0.01821733327887222,0.016586762023078426,4.879140878376202,1.0,0.037754724121093375,-0.006179837055704415,-0.0008873952041118466,1.0,0.03590753936767577,-0.010643533751262719,-0.015725852369245848,1.0,0.18729296646118154,-0.004200350286349477,-0.030823823752455327,0.0,0.1747793052673341,0.010045727934554962,-0.014421229992862755,1
hf_transformer,0,eurozone,4644,0.027973562100728343,0.0010431489888757305,0.015081405555909037,4.429877069834435,1.0,0.015701792144775295,-0.00929143342562392,-0.0009038947843920504,1.0,0.008019341278076242,-0.011293688807464173,-0.015613391451623743,1.0,0.03803574676513666,-0.0098883619862945,-0.03051509480273995,0.0,0.043603712463378796,0.008917240560701133,-0.014318648466015802,1
hf_transformer,0,japan,4644,1.820392150878906,4.343382058749905,0.013916396338083595,4.131410103231344,0.0,1.3029351806640648,0.0076455593817733895,-0.0023990105918381397,0.0,2.465728149414076,0.008510374821806293,-0.01056771946593511,1.0,1.4959881591796886,0.015081740387645676,0.0036262673793250127,1.0,0.7092449951171886,0.04941932894674166,0.04418791764289834,1
hf_transformer,0,norway,4644,0.17175914515177393,0.03706787799878151,0.01773167117536379,4.3471268512830505,0.0,0.29557497253417964,-0.02681332037752759,0.0036972949023946233,1.0,0.13986125335693345,-0.019303915306191393,-0.004858797828169186,1.0,0.16928638000488228,-0.021350469932879042,-0.03915520409224239,1.0,0.05224989013671788,0.001906385375163314,0.007213824421854243,1
hf_transformer,0,south_korea,4644,14.56317789713543,381.3824716967148,0.01149155310294517,3.1215312118746055,0.0,2.87158203125,-0.0021995688372495126,3.8933987429122715e-05,1.0,4.979760742187409,-0.008657708971289126,-0.01257681082929106,1.0,28.01047363281259,-0.003189574644930607,-0.02531381468504615,1.0,6.3805419921875455,0.005915700834235403,0.010842733239420156,1
hf_transformer,0,sweden,4644,0.15187156168619792,0.03061743819643118,0.01522052706411404,3.7676379447107196,1.0,0.08160664672851503,-0.008187527724795996,-5.458935161612646e-05,1.0,0.07553545227050762,-0.005086064598425187,-0.012649767791476614,1.0,0.30496468811035093,-0.0007034692403679137,-0.03146091282194462,1.0,0.12567014312744185,0.017626491146306114,0.005295862311768189,1
hf_transformer,0,switzerland,4644,0.022387438977559414,0.000682581193723715,0.022850966309886655,5.0444992385196255,0.0,0.01627145862579349,-0.013636246495302701,0.0026908527298729664,1.0,0.00915665836334234,-0.017713307498136335,-0.027058064621468182,1.0,0.030980598735809273,-0.010906423987156718,-0.04266158450259743,0.0,0.06113405838012698,0.013809756845150224,-0.048248920518014396,1
hf_transformer,0,taiwan,4644,0.2264624430338544,0.07998436006998963,0.007635141073580084,4.3416073138095905,1.0,0.15817718505859446,-0.005808555335539718,-0.00048645884091760134,1.0,0.042760986328126194,-0.006756442841982078,-0.005313526651368463,0.0,0.4228765563964849,1.2629895472195432e-05,-0.014272323879506558,0.0,0.606151672363282,0.017312308942565163,-0.002871851965829023,1
hf_transformer,0,uk,4644,0.012223785124516802,0.00018955304318716808,0.015090148409711483,4.284764498971268,1.0,0.00483697992037968,-0.00855927028718006,-0.0026151291823463085,1.0,0.006960268924865676,-0.01133034955063876,-0.01997028485736868,1.0,0.015730387861511264,-0.00658755163687943,-0.02612759399238295,0.0,0.02368739421997068,0.02302505273702807,-0.005671054675474281,1
hf_transformer,0,australia,4649,0.02243753325525919,0.000612294931013406,0.015790061324855623,3.3376799361216327,1.0,0.013777723693847665,-0.0004585570998662021,-0.010193897813407057,0.0,0.024336542129516525,3.9739809413522576e-05,-0.017212470544058733,1.0,0.01779179191589364,-0.0006948027303580151,-0.013287398600316861,1.0,0.037136616973876935,0.01178272803717704,0.037251337675577076,1
hf_transformer,0,canada,4649,0.012099537741343196,0.00023901271467253841,0.009462296471786544,2.4893339426453753,0.0,0.01357488555908204,0.0069714225956017594,-0.0035920700813184526,1.0,0.004314496803283774,-0.0020564455607835273,-0.005432141071287789,0.0,0.02947879829406741,0.007709544171590547,-0.01535621732181669,1.0,0.004214681625366312,0.010517944029863386,0.0072617448208540545,1
hf_transformer,0,denmark,4649,0.11251921727498372,0.015284823848821166,0.015935969096573927,4.684916826510098,0.0,0.12134712982177742,0.006872231822479549,-0.010376829254587007,0.0,0.12199125976562541,0.0028398051152114423,-0.014572297987100155,0.0,0.15427023773193316,0.012966090181173204,-0.008879635317569138,1.0,0.07416444473266637,0.02610136464550155,0.01579569257488369,1
hf_transformer,0,eurozone,4649,0.02569443798065186,0.0007931606723611311,0.013858415885836922,4.068956296052447,0.0,0.03801374244689937,0.010104913447186215,-0.010418739278775114,0.0,0.03943556556701666,0.007065892720371484,-0.014299161702737605,0.0,0.044428789520263745,0.015176853538394599,-0.008729181431903764,1.0,0.017702275848388682,0.025267046325714967,0.015905653160778115,1
hf_transformer,0,japan,4649,2.2853576863606753,6.674892166818531,0.01727069159642854,5.186657078459341,0.0,1.8250305175781278,0.011533672242840158,-0.002659472019990827,0.0,1.898162841796875,0.007844500602714759,-0.00697659018497435,1.0,3.2936669921874966,0.022983716213061445,0.047816962491955085,1.0,0.7789404296875091,0.04819712308702618,0.053978823116711976,1
hf_transformer,0,norway,4649,0.1502182689412435,0.031527738135668275,0.015495799900136371,3.801939453591848,1.0,0.038254579162597224,-0.008644972398316362,-0.012609479596055993,1.0,0.22464304351806597,-0.0032565085841392886,-0.02663762430140116,0.0,0.23132001037597583,0.0033545838933373815,-0.02056930050046968,1.0,0.055808432006836384,0.028536662392758497,0.022959571614142898,1
hf_transformer,0,south_korea,4649,14.945316569010417,335.15695608876155,0.011769706221782496,3.2034403803231153,0.0,5.8654296874999545,0.0013124134056889756,-0.00331740756827687,0.0,13.39306640625,0.0011766653461875317,-0.00942805272327114,0.0,19.57211914062509,0.006501799040598696,-0.008950554803251924,1.0,13.036645507812409,0.01266507549964036,0.022764576889973506,1
hf_transformer,0,sweden,4649,0.13432574132283523,0.02415938650943909,0.013454344108596777,3.332360280886637,0.0,0.15694692687988265,0.003741858655352512,-0.012099419273995562,0.0,0.2044345062255868,0.010502111257214066,-0.010041350539844366,0.0,0.15661167755127003,0.009141230861356785,-0.006580148739530343,1.0,0.13949587707519484,0.02596493667099739,0.03953438401616839,1
hf_transformer,0,switzerland,4649,0.024390241495768225,0.0007118159468815731,0.02496439297710474,5.49578514880783,0.0,0.020983284187316875,0.011451948588431772,-0.010047228811234741,0.0,0.030855715847015408,0.012690300031300984,-0.019046223192752124,1.0,0.011174633026123093,0.015388657438422883,0.004041856567971373,0.0,0.04390517997741694,0.03213986613674939,-0.012432132471702283,1
hf_transformer,0,taiwan,4649,0.34018375396728545,0.14106267812861337,0.011438886839968038,6.521806682279661,0.0,0.17152297973632713,0.004542563575721695,-0.0012315168612551464,0.0,0.5312784729003894,0.007350005775956327,-0.010593229626853497,0.0,0.3443727111816415,0.007654366265727138,-0.003936048597674134,1.0,0.618386611938476,0.02421464030118692,0.0036518809044455334,1
hf_transformer,0,uk,4649,0.008521932916902668,0.00010029718593112299,0.010534606114066277,2.9871660253355943,1.0,0.006422713660644508,-0.00042365647803995426,-0.0084665037814063,0.0,0.0154366315797424,0.007523582533477249,-0.01176179229619537,0.0,0.016416948023315392,0.01446129391053794,-0.005918122408174791,1.0,0.006095308468688998,0.03037564749838326,0.03772027595134363,1
hf_transformer,0,australia,4654,0.030587398956298827,0.0011295068606699452,0.021430333034938596,4.550007642692051,0.0,0.038934486618041886,0.021360847201593078,-0.006269163295557375,0.0,0.031191974830627522,0.011723625921450815,-0.010566895577303784,1.0,0.01628224151611324,0.015536710337730821,0.026934662487062916,1.0,0.035109492187499924,0.01597504730907455,0.040381997843170356,1
hf_transformer,0,canada,4654,0.016811501604715992,0.00035252517970377656,0.01312162443551739,3.458763670653332,0.0,0.028414657592773507,0.014174435762133779,-0.008026167333988296,0.0,0.029171259689330986,0.009105532201987327,-0.013810194234994645,1.0,0.012095376586914064,0.005708526143417057,0.015089929703471556,1.0,0.005317898368835339,0.0102006287361247,0.014317639438419471,1
hf_transformer,0,denmark,4654,0.07653764981587718,0.008296797066564453,0.010798069131598689,3.186766955618181,0.0,0.1594947624206542,0.016485364551641974,-0.006362617201522253,0.0,0.11675575561523477,0.015643880239955884,-0.0010444166082434997,1.0,0.019533878326416065,0.017472217950025796,0.020232223245504284,1.0,0.14396327972412148,0.031985063732897716,0.05186186265444802,1
hf_transformer,0,eurozone,4654,0.019721811110178632,0.0006221067294823574,0.010580351371322048,3.123134568918973,0.0,0.035364347076416,0.0128483254502141,-0.006455091016513475,0.0,0.03597876033782965,0.01843578574937278,-0.0010958004548282433,1.0,0.011570232772827094,0.013964288087569162,0.020192850466378087,1.0,0.042429313659668066,0.02909944968441733,0.05141649682985266,1
hf_transformer,0,japan,4654,4.038317749023435,18.71313719159214,0.030485720201549705,9.165028941878639,1.0,1.1608984374999949,0.013058114365136765,0.004003773600906318,1.0,2.4370361328124943,0.00910660043745636,0.027925025705470286,1.0,2.9198583984374977,0.01963018372879462,0.04190223680710797,1.0,2.6311315917968727,0.048435133007636855,0.06796185836629316,1
hf_transformer,0,norway,4654,0.16389916748046865,0.03588717944485529,0.016798400408477996,4.148195260448549,0.0,0.3056916336059565,0.021285293070219303,-0.010735601186526835,0.0,0.24496091461181635,0.019600345681388114,-0.006020614964559545,1.0,0.3066490692138668,0.023726494867004386,0.05477474814993632,1.0,0.11743122406005924,0.049163061291288834,0.060867419039829285,1
hf_transformer,0,south_korea,4654,19.17511962890626,434.06499536754706,0.015042661302215071,4.1100736965407725,0.0,32.03566894531241,0.011425558760739238,-0.014109015960600145,0.0,25.462817382812545,0.009517010941833614,-0.01076419428849359,1.0,6.7834960937500455,0.018077604180535205,0.023366651985488786,1.0,10.616064453125091,0.02634361969588199,0.03454081662236456,1
hf_transformer,0,sweden,4654,0.2202159438069661,0.06606640136520825,0.021799951715274688,5.463129085560801,0.0,0.2804808090209967,0.017858937989768595,-0.010512499917350409,0.0,0.19265686035156193,0.010926172873358312,-0.008611051732928608,1.0,0.20068956298828056,0.016394769655826563,0.03624090680126713,1.0,0.4572643264770502,0.021885441622680944,0.06630450879717291,1
hf_transformer,0,switzerland,4654,0.012326379359563188,0.00020900209070962237,0.012678335626495977,2.777468711599775,1.0,0.02070956344604491,0.02207614433321041,0.0006790462273515522,1.0,0.015269750595092724,0.02131960408255233,0.005575399378638371,1.0,0.004711795425415,0.017827183968183936,0.012978430626058482,1.0,0.00042396898269658756,0.0205051901500332,0.02007102344640861,1
hf_transformer,0,taiwan,4654,0.17313661753336607,0.053340702880534024,0.005846430841291706,3.3192753504771817,0.0,0.48669596862793085,0.009098206363730033,-0.00747401695357338,1.0,0.42808743286132867,0.01609414527907563,0.0016344323987154716,1.0,0.004914474487303977,0.013486027758281833,0.013320779555021624,1.0,0.18471536254882892,0.021316149890750553,0.015135021850764504,1
hf_transformer,0,uk,4654,0.010216478275197345,0.00016373071148968724,0.012525279801540062,3.581149617091883,0.0,0.013794841801147428,0.014839388727939697,-0.0024544738450879445,1.0,0.0033367880162963326,0.01152947021409973,0.00735984922571448,1.0,0.003232662280822751,0.023306285657761012,0.027282272377948932,1.0,0.004566706596618619,0.042268915760975787,0.04777597315925619,1
hf_transformer,0,australia,4659,0.05162539575449624,0.0032235597066977233,0.03616098166171311,7.679500488928882,1.0,0.01583043937683115,0.012196199915111481,0.0008306998220358059,1.0,0.022888166084289452,0.008599881053400722,0.024865328119513003,1.0,0.045944193153381274,0.011700187265174678,0.04398853232675245,1.0,0.06177113494873043,0.018989576736851022,0.061856614699256775,1
hf_transformer,0,canada,4659,0.02527785788853963,0.0007335993811969665,0.01972806207410825,5.200614352753151,0.0,0.02404696254730232,0.015999857984425072,-0.0029843047833581346,1.0,0.00815589962005614,0.010075890277784485,0.016471331484216124,1.0,0.022200684738159282,0.01247642790536056,0.02974895491774499,1.0,0.026987933921813978,0.01331010140361447,0.03425112702464557,1
hf_transformer,0,denmark,4659,0.14584784601847328,0.03428899868409583,0.02041598978387733,6.072607368502494,1.0,0.08066490020751971,0.0117089722685923,0.00015132790263195186,1.0,0.05938053741455107,0.009534823023892977,0.017976551706670934,1.0,0.05155482940673828,0.010886707970181103,0.01821010644623976,1.0,0.29545270385742217,0.02151609703894789,0.062348911704881174,1
hf_transformer,0,eurozone,4659,0.0358403581682841,0.0021330033676509054,0.019064759459583143,5.675658332415278,1.0,0.019151806259155357,0.010552793377437515,0.00010963409631377975,1.0,0.01333935718536372,0.010801656417637041,0.018009695098177844,1.0,0.008751350784301781,0.013476011952841826,0.01819812293760266,1.0,0.061814661407470606,0.02940488900203539,0.06178001227594321,1
hf_transformer,0,japan,4659,4.002232218424478,16.91852319797162,0.02997928997757088,9.083132233180452,0.0,1.622902832031258,-0.007778522723653362,0.004655430830437964,0.0,4.206099853515639,-0.005339145506445165,0.026496115228737165,0.0,3.9495886230468784,-0.0016045654415404568,0.02820806205548009,1.0,3.789711914062508,0.030661362940981523,0.05838797571662403,1
hf_transformer,0,norway,4659,0.30963066818237295,0.11975681171334446,0.03150249883535306,7.836577146718551,0.0,0.20700900726318316,0.015892640607350142,-0.0059291861176490315,1.0,0.12233114776611309,0.01177161699654728,0.02449879485854349,1.0,0.33072587890625016,0.019355292389999626,0.05314453031686065,1.0,0.35847134704589756,0.037810738553081744,0.07372650306928405,1
hf_transformer,0,south_korea,4659,30.658776041666663,1126.4757916782698,0.023947498662766614,6.571527657487481,0.0,18.724902343750045,0.01495433063194959,0.0,1.0,8.391015624999909,0.01410902940870792,0.02074407989924076,1.0,42.61865234375,0.013055178054585035,0.046342614524116095,1.0,51.56088867187509,0.02525696250990875,0.06491310900103081,1
hf_transformer,0,sweden,4659,0.3178831564839681,0.13267837069083416,0.0312925330737563,7.886062598263633,0.0,0.16912294311523368,0.01624449829661202,-0.0009425843901025571,1.0,0.13272697906494102,0.011285086877791888,0.02463516336111203,1.0,0.23911961059570253,0.017327793417204966,0.04110951078717823,1.0,0.46945308837890565,0.02586803945993785,0.0716512226325887,1
hf_transformer,0,switzerland,4659,0.01025374377250671,0.0001716688241542478,0.010535433962445547,2.310447510509498,1.0,0.002262859535217321,0.0062809448933978385,0.003941300543536927,1.0,0.014656629180908154,0.011822147560122917,0.026762593864083053,0.0,0.011546735286712684,0.007554386913176391,-0.004426514192995065,1.0,0.00029505004882812713,0.017405500830880875,0.017104121058696024,1
hf_transformer,0,taiwan,4659,0.1413841969807939,0.029615990451621645,0.004766442900172258,2.710536261313524,1.0,0.05046745300293054,0.0024964543782801563,0.0007822198436494472,1.0,0.056872604370116875,0.0046376845105728206,0.006561847969388815,1.0,0.19930575561523511,0.006044374338074469,0.01276185098222772,1.0,0.1739786376953134,0.013367031108516364,0.01919069567862507,1
hf_transformer,0,uk,4659,0.017153598070145677,0.0003893613650303292,0.02095247434962625,6.012796142265927,1.0,0.001962046030059783,-0.00033047132367906265,-0.002791182490208144,1.0,0.0062482865069884985,0.006737493516388932,0.014479017139843495,1.0,0.014155893330230707,0.0025176914645458426,0.02004463049463085,1.0,0.01859264515740966,0.03283746512212495,0.055117035944047016,1
hf_transformer,0,australia,4664,0.05786088237508136,0.0036763223106240166,0.04050835923091607,8.607056042773182,0.0,0.038254621963500934,-0.009323073285997794,0.017531376176076113,0.0,0.04996791271209711,-0.014246887722720031,0.020857486417804466,0.0,0.052063871841430576,-0.011680390915810131,0.02477788471854047,0.0,0.031022516937255773,-0.009342920841504721,0.012490048923762615,1
hf_transformer,0,canada,4664,0.02871550280888874,0.0009255281551540579,0.022422956475148394,5.907868329386271,1.0,0.006268969345092801,0.0011179355953360951,0.006000641447105338,0.0,0.03586201400756828,-0.006282258278741088,0.021535308672510117,0.0,0.02456318016052239,-0.010974274580380966,0.0082513214813909,0.0,0.016661484146118122,-0.009709299199038526,0.0033554459886700146,1
hf_transformer,0,denmark,4664,0.18040836341857908,0.046354685823341894,0.0252220277448138,7.511589556806862,0.0,0.1352780128479001,-0.008577004132427003,0.010554392037388094,0.0,0.1169644256591793,-0.009603637736265623,0.006975993304492572,0.0,0.09998806915283165,-0.007180130130704158,0.006975993304492572,1.0,0.1479443626403807,0.009146401186608106,0.02968702704219676,1
hf_transformer,0,eurozone,4664,0.04383116992950439,0.002858448234393511,0.023278218546218137,6.941078648316751,1.0,0.013639848518371522,0.003016042377136957,0.010311164377184672,0.0,0.02035583400726315,-0.003995390328834771,0.006948291559218136,0.0,0.02281115608215334,-0.005025883850880538,0.007242326658435091,1.0,0.045733612060546935,0.004682064565274368,0.02889523273103854,1
hf_transformer,0,japan,4664,2.3087542928059888,6.350186634726581,0.0171064743156317,5.239756063863572,1.0,1.566050415039058,-0.014414490700560917,-0.0026481189598055277,0.0,3.000917358398425,-0.01456465200314532,0.007865584275957458,0.0,2.3805126953124898,-0.005681642057697881,0.011996145192090213,1.0,1.7992840576172,0.026532676364250482,0.013393718056568422,1
hf_transformer,0,norway,4664,0.3280913573201497,0.1233894216430316,0.03332325174010954,8.303806751134115,0.0,0.319094561767578,-0.007965452660561203,0.02474530951962782,0.0,0.45229335174560603,-0.007579837885137426,0.03845760081533393,0.0,0.2071444854736324,-5.1120955332314834e-05,0.021138370594558326,1.0,0.09561399536132775,0.013435100968575645,0.0231404643606498,1
hf_transformer,0,south_korea,4664,36.878071289062504,1461.3359885441068,0.0287408168185031,7.904596879585508,0.0,16.795483398437455,-0.0012582159753105019,0.011908166883568428,0.0,25.434643554687455,-0.0055199106226800935,0.01443602324745554,0.0,37.76474609375009,-0.0064952147566196255,0.023021758782248415,1.0,38.904101562500045,0.00408660509602228,0.03416553542842361,1
hf_transformer,0,sweden,4664,0.373179268137614,0.16894624527118446,0.03676916662122102,9.257851537207365,0.0,0.2967583938598626,-0.011501956170263321,0.018050531178887688,0.0,0.3093382843017576,-0.010252484908892886,0.020495813714941608,0.0,0.3003098510742195,-0.0061596666344590646,0.023584287181309692,1.0,0.11449724731445343,0.007842708792147022,0.01912934870347865,1
hf_transformer,0,switzerland,4664,0.009761824588775633,0.00015536785372381943,0.01002901320239801,2.199604731653373,0.0,0.02308280544281005,-0.014659264105408654,0.008764033127762003,1.0,0.0023159662246704515,-0.014147292036348832,-0.016526772486103854,1.0,0.015408412361144985,-0.015901126180988195,-0.03186783520872436,1.0,0.02397704162597658,-0.0035708525318669066,-0.0282185766495024,1
hf_transformer,0,taiwan,4664,0.14320396321614576,0.02591294177618696,0.004818135205382939,2.7454237697718082,1.0,0.09207366943359219,0.002107808294952086,0.005208564589850295,1.0,0.1299236450195309,0.000864116073827585,0.0052421887723656385,1.0,0.12298059082031187,0.0008453071986660346,0.004989979841151265,1.0,0.1817207641601577,0.017646718368584963,0.011593650929419785,1
hf_transformer,0,uk,4664,0.018861418511268116,0.0004303315777979359,0.022984321181172985,6.611433006559476,0.0,0.018568848337158217,-0.005666024274578382,0.017120278093740924,1.0,0.00930934788833615,0.001767736522434285,0.013171767196169437,0.0,0.017809079796417215,-0.005733868117019223,0.01613168725484859,1.0,0.004031119469543487,0.01978317090035877,0.024649062684373692,1
hf_transformer,0,australia,4669,0.030994906116485574,0.0013245066446213232,0.021483133629823858,4.610626092006767,1.0,0.0049770510864257655,-0.012991540313948337,-0.009516746816071774,1.0,0.020306837844848546,-0.019904096402012014,-0.0057047273970239586,0.0,0.034558304977416965,-0.014007030080531033,0.009898792484105391,1.0,0.002063695602416926,-0.009298140080954743,-0.010737156397474091,1
hf_transformer,0,canada,4669,0.01430524288177489,0.000282814460362278,0.011111414327477755,2.9431311695247606,1.0,0.013149580764770574,-0.015845177932085966,-0.005677038645489793,1.0,0.005334779167175396,-0.016300104550001634,-0.012160543913371723,1.0,0.023410767745971617,-0.02530271829646666,-0.0071013483848808845,1.0,0.004180209541320812,-0.01671619744929959,-0.01997323548417982,1
hf_transformer,0,denmark,4669,0.14594240709940592,0.02991544395371434,0.020240429606316692,6.076544569719524,1.0,0.05116082458496063,-0.0003499913592598423,-0.007570742536105504,1.0,0.04271210174560558,-0.00199653697611802,-0.008031208039436756,0.0,0.21253287963867162,-0.0012776938353916887,0.02819977370109406,1.0,0.09834066925048823,0.012595014105760681,0.026154440484715914,1
hf_transformer,0,eurozone,4669,0.03816222025553384,0.0020049509060166377,0.02013818954199607,6.043347065891154,1.0,0.009541440010070845,-0.0023867840751364664,-0.0075137882015045895,1.0,0.007747107887267957,-0.004100303394999413,-0.008268281514222408,0.0,0.06356001434326175,-0.005742974173176193,0.02786635556428734,1.0,0.02401822032928469,0.01268845801277108,0.025289068097970876,1
hf_transformer,0,japan,4669,1.691148417154948,4.086119738237944,0.012448718223267341,3.8380893113191723,1.0,0.9836157226562534,-0.00975671258211829,-0.002442094013210331,1.0,0.9312884521484364,-0.007465533582048439,-0.0005544979163570907,0.0,1.2570117187499932,-0.004496673997370108,0.004792812595965675,0.0,5.492639160156244,0.028042008396319144,-0.01223313699396078,1
hf_transformer,0,norway,4669,0.15664660715738923,0.040030690461730356,0.015677280324353324,3.9646370592642732,1.0,0.05276495971679651,-0.021591097273787607,-0.01624184830610447,1.0,0.0022926147460928803,-0.018457823438530672,-0.018225534157893148,0.0,0.13872550048828103,-0.010945245378391432,0.0029105017069042042,0.0,0.5456500244140621,0.01586967002529467,-0.03903669351736953,1
hf_transformer,0,south_korea,4669,22.783599446614584,595.6710265956524,0.01761707922545892,4.883530043634613,0.0,14.916479492187591,-0.007654858469122077,0.003953953284754536,0.0,19.354541015625045,-0.006589315953781997,0.008431687933779571,0.0,14.6148681640625,-0.0016831279034758132,0.009624936598236503,1.0,3.562402343749909,0.0063787406493402005,0.009124715336098339,1
hf_transformer,0,sweden,4669,0.19260641138712564,0.06508417151455478,0.018734850016512476,4.778190306860105,1.0,0.03869830017089804,-0.007457572860900235,-0.011281312733866636,1.0,0.016826919555663622,-0.01019558780526746,-0.00853294470003584,0.0,0.4904581085205084,-0.01662245386463352,0.031037996081052968,0.0,0.07481612548828132,0.005288184135811435,-0.0020234243918597255,1
hf_transformer,0,switzerland,4669,0.01684441889444987,0.00037618169526795173,0.01731715461432577,3.7955059697329085,0.0,0.015425043869018551,0.01020852262159929,-0.00562190407127487,0.0,0.024040597820282006,0.006909773837541484,-0.017955853460411647,1.0,0.007951054191589368,0.00891050390648438,0.0007711884395473442,0.0,0.03920540103912351,0.019815133396544945,-0.020524998929126893,1
hf_transformer,0,taiwan,4669,0.09387518870035798,0.015165485415373086,0.0031506293578220162,1.7997209620572763,0.0,0.07302120971679571,-0.0021380969425254534,0.0003193733585722203,1.0,0.009870620727539858,-7.159999681068128e-05,-0.0004035648280768312,0.0,0.12419586181640696,-0.002194526916317225,0.0019818282968344573,1.0,0.12386511230468855,0.010830652731260073,0.006702213352786621,1
hf_transformer,0,uk,4669,0.010214061509690349,0.00015743782160488213,0.012339742259351305,3.5803024759697806,1.0,0.0023156282880248957,-0.0033046043911684306,-0.006138503352538892,1.0,0.005226286012268044,-0.0025470458079829583,-0.008949611083637846,0.0,0.01468220485266114,-0.0027612068938979366,0.015013000183653884,1.0,0.020234552420654306,0.02526973448807934,0.0009445778386426933,1
hf_transformer,0,australia,4674,0.022307404919942216,0.0008329178177242621,0.015392179608073703,3.3183227844700993,0.0,0.0075898851013183055,-0.005067239560707205,0.00021520977829673452,0.0,0.04797917869567869,-0.00801591926188132,0.02501261665664607,0.0,0.054238005142212,-0.0017776014529057144,0.03525267164311912,1.0,0.005370399208068921,0.0076774576893381945,0.0039704451864588115,1
hf_transformer,0,canada,4674,0.007972768065134665,0.00013675977489120851,0.006172663249198226,1.6403008598885176,1.0,0.0007107828140258121,-0.002317393619439231,-0.002869219912628511,1.0,0.0024689807891846716,0.002566767141064067,0.0006579838837819231,0.0,0.02443444442749021,-6.539196880448086e-05,0.01867994404152173,1.0,7.864589691153334e-05,0.0009509538460051683,0.0008901101615189493,1
hf_transformer,0,denmark,4674,0.19620130727132162,0.046537717210071355,0.02724411225290963,8.169153928366818,0.0,0.05641226577758829,0.0029309252603207958,-0.00507204224329625,0.0,0.12663025207519496,-0.0033543646554858243,0.014491070198500601,1.0,0.36521737670898435,0.0032657996860469616,0.05356699380742945,1.0,0.1771717376708981,0.01209671817644559,0.03659992744820652,1
hf_transformer,0,eurozone,4674,0.051416885700225824,0.0031715445272089953,0.027169821728131847,8.14234819811518,1.0,0.005438984107971168,-0.0020837480018060183,-0.005026494206499757,0.0,0.03513366546630858,-0.004232285259159173,0.014610910175170301,1.0,0.0779430332183837,0.012700080991518425,0.05335333241217525,1.0,0.04041144752502435,0.015374931641295156,0.03660252198735983,1
hf_transformer,0,japan,4674,2.1697882283528647,9.381794167458805,0.015897678849833136,4.924370281514016,1.0,0.06838256835936818,-0.0006908358829154923,-0.0001849009860490586,0.0,0.3052117919921784,0.0014795423576507568,-0.0007768139921215857,1.0,2.6616754150390705,0.009775496573421836,0.029080502737944103,1.0,5.921525268554689,0.04374527457257983,0.0009239924520419575,1
hf_transformer,0,norway,4674,0.23177567382812486,0.07594506005018861,0.02322924699061805,5.866111258775427,1.0,0.04094839630126934,-0.003470943992484586,-0.007642494276087586,1.0,0.09324514160156205,0.0014987404111022652,0.010886949364119498,1.0,0.3385581497192387,0.009306546300321726,0.04272317272183908,0.0,0.4602661743164056,0.03855167273792926,-0.007351591121819744,1
hf_transformer,0,south_korea,4674,13.544642740885411,243.88612005649023,0.010417662412501796,2.9032142138208084,1.0,0.4528320312499545,-0.009366508360114685,-0.009014472494828037,1.0,12.698388671874909,-0.010491127618615943,-0.0006549671787377088,0.0,24.45888671874991,-0.008166739518853765,0.010650217512301791,1.0,7.720727539062409,0.006082777653040331,0.0001540476010132495,1
hf_transformer,0,sweden,4674,0.18943796920776393,0.06520807632177263,0.01841313656929564,4.69958742131626,1.0,0.024135206604004367,-0.008400792415928577,-0.006000790383691964,0.0,0.23877241973876906,-0.0017512036776793848,0.021588753912923416,0.0,0.49125284118652424,-0.0008447481679921996,0.0465545692880814,1.0,0.06268753356933665,0.013409300534376258,0.007284098495955436,1
hf_transformer,0,switzerland,4674,0.009013317225774116,0.00011077827677620962,0.0093254128581778,2.0309456533875516,1.0,0.010205050659179649,0.012132264274136039,0.0015174112740739968,1.0,0.00413743782043452,0.013044814716050677,0.008758723424844092,1.0,0.018991202545166064,0.012084406985548057,0.03154412955708034,1.0,0.012540023803710887,0.02169316364045955,0.008758723424844092,1
hf_transformer,0,taiwan,4674,0.10018687235514297,0.01428194639305044,0.0033587673455297753,1.9207249199363778,1.0,0.11216743469238111,-0.00031397054928220783,-0.004095292772934269,0.0,0.0936018371582037,-0.0019394434042607762,0.0012102062189060401,1.0,0.10555166625976398,0.0019976781658046523,0.0055347909771753055,1.0,0.14273362731933759,0.012376710157847953,0.007623329008393235,1
hf_transformer,0,uk,4674,0.011360185302427165,0.00018314730537483703,0.013731862206665018,3.982049601636728,0.0,0.007310629439178484,0.00789684882013266,-0.0010572110648884724,1.0,0.016906994984497103,0.00291452411585808,0.02342104576944915,1.0,0.01830926218646245,0.020231452498197997,0.04204324407641425,1.0,0.01177997403869624,0.03303929143562135,0.01893319221943508,1
hf_transformer,0,australia,4679,0.023395078970591225,0.0008153477986279145,0.016150520014522142,3.48011899506916,1.0,0.01383767353057852,-0.021566276847190365,-0.012037381075305713,1.0,0.006952019577026292,-0.018867556254414306,-0.014081810376465524,1.0,0.0019020889282226339,-0.019751253804939087,-0.018438425994872918,1.0,0.06185334686279287,-0.0047286240741364356,-0.04772219363811748,1
hf_transformer,0,canada,4679,0.009089475625356032,0.0001215987013759641,0.007034905232436766,1.8700499703995077,0.0,0.00905222797393801,0.004094702927521802,-0.0029061339837288913,0.0,0.0029922443389891473,-0.0006906964669891283,0.0016237535462775995,0.0,0.00880547981262203,0.004251333171010771,-0.0025569516488068104,0.0,0.012855229568481397,0.0003135353413857782,-0.009681069370788742,1
hf_transformer,0,denmark,4679,0.16597286249796553,0.034687820465391345,0.022965034447815592,6.910544483796739,1.0,0.007072908020019142,-0.004188256663640951,-0.003196689919011936,0.0,0.1751398468017582,-0.0027399726067471437,0.021493872092464242,1.0,0.11314360809326196,0.004272806449242,0.019886292179619083,1.0,0.02363441314697301,0.010810291304537102,0.014070625715963602,1
hf_transformer,0,eurozone,4679,0.04614122051239013,0.002591085888700867,0.024312235298175274,7.306896918812117,1.0,0.007254742431640704,-0.006986997393739104,-0.003112987920133284,0.0,0.06390856266021738,-0.012595831349268607,0.02121168196633683,0.0,0.05529817962646488,-0.009850004574873047,0.019389476594237738,1.0,0.013003821754455469,0.007408758660361438,0.014243376395664599,1
hf_transformer,0,japan,4679,3.086475118001304,18.09698915330715,0.022561458235023882,7.004806343361882,1.0,0.20522583007812045,0.006162564532678204,0.004651858052781624,1.0,0.7265039062500023,0.01233162964092056,0.007006445064606843,1.0,0.516671142578133,0.016175531149587564,0.019931049950547695,0.0,8.196062011718737,0.04900380069392778,-0.010490387103953006,1
hf_transformer,0,norway,4679,0.30658856491088854,0.1300388806529515,0.03081171368795695,7.759583232920481,1.0,0.06539206085205151,-0.006440063649381534,-0.013057313599812565,0.0,0.19924598999023502,-0.008670336463166443,0.011270223124285009,0.0,0.0799370849609371,0.007715250128138186,-0.00026559693065940837,0.0,0.6817938964843755,0.029245313143091613,-0.03941333906903795,1
hf_transformer,0,south_korea,4679,10.555827636718755,166.84547711732017,0.008101043192662905,2.262579340026291,1.0,4.990624999999909,-0.004241165881156348,-0.0003854752958069823,0.0,13.050634765625091,-0.007738373603738339,0.0023481870091198267,1.0,8.265869140625,0.0016436408582820917,0.007984380830090015,1.0,11.831005859374955,0.012966030056469026,0.0039233837541334075,1
hf_transformer,0,sweden,4679,0.1787475492350262,0.05353742123925507,0.017343653971677097,4.4343789024402716,1.0,0.15344662170410217,-0.015206421940713819,-0.00026573450380668436,0.0,0.3688291534423822,-0.01894432708851797,0.016728774241160205,1.0,0.0015515167236319627,-0.012361197120284374,-0.012209439866489018,0.0,0.18048123321533183,0.004658792762551582,-0.012850266407874912,1
hf_transformer,0,switzerland,4679,0.010848781131108595,0.00017494469758559252,0.01126375583411904,2.444525620353448,0.0,0.007157596206665007,0.005494967068325384,-0.001922428046406688,0.0,0.013108133125305121,-6.0352846688480335e-05,0.013456932725358774,1.0,0.00042503547668459873,0.006028988161313916,0.00646749117643951,0.0,0.026418852329254117,0.007672388852495365,-0.01992202191370078,1
hf_transformer,0,taiwan,4679,0.10417440388997375,0.016686736459592687,0.0034868236423484028,1.9971715741530316,0.0,0.08423831176757801,0.002424014573462125,-0.0004032393616251133,0.0,0.03093901062011639,-0.00014914636853698664,0.0008899113194654255,1.0,0.026495407104491164,0.003990167198977539,0.0048763827138968464,1.0,0.007642395019530568,0.007009063052070211,0.007263994984769474,1
hf_transformer,0,uk,4679,0.011581793781416834,0.00017509204963103248,0.013955095921129639,4.059729316534653,1.0,0.005161493080261259,-0.015435315815564909,-0.009162014731696564,1.0,0.007241345821624723,-0.010452677650932506,-0.0017060950882826814,0.0,0.0068859603641662215,-0.003544786449417641,0.0047172846992773595,0.0,0.01601413649865724,0.009933440824753725,-0.009285810354399751,1
hf_transformer,0,australia,4684,0.031469665283203135,0.0012982853692118967,0.02166418473789183,4.681248567624563,1.0,0.02424927375793451,0.00264100292599585,0.019113887755881666,1.0,0.010785321807861292,0.0035542635574013614,0.010907721278782517,0.0,0.022308707351684554,0.0008983535801969489,-0.014526794060206204,0.0,0.0305384207534789,0.020614160322934953,-0.00014422829303331958,1
hf_transformer,0,canada,4684,0.008003036371866864,9.620723006287997e-05,0.00619412628979765,1.6465281988948175,1.0,3.093795776365482e-05,0.003985605102773811,0.004009412055976265,1.0,0.007372045326232923,0.000446421507063366,0.006123293351231418,1.0,0.0066680725097656435,-0.0017258500639927544,-0.006899787044377319,1.0,0.0025752456665038004,0.006680034346578171,0.004701719775935426,1
hf_transformer,0,denmark,4684,0.0759113680775961,0.009255595324321223,0.010419437674266903,3.1606907179330355,0.0,0.17524748077392616,-0.015373547962380829,0.008663660577872065,0.0,0.1755996841430667,-0.014624488717931776,0.00944263244218961,0.0,0.09433345031738316,-0.010973654655999166,0.001980266275861076,1.0,0.06752845153808629,0.003217177288808635,0.012376950493661852,1
hf_transformer,0,eurozone,4684,0.023679171740214017,0.0008145967521803763,0.012382711743141126,3.7498199030546235,0.0,0.045133599853515616,-0.014689206551375206,0.008855343851398018,0.0,0.038512940788268946,-0.010779840052389161,0.00926771499126228,0.0,0.03730942573547358,-0.01779559942184319,0.0017669685503673848,1.0,0.01675596618652353,0.0044084913564625345,0.013048437831168574,1
hf_transformer,0,japan,4684,3.6110292968750013,19.281730048190525,0.026398946585865876,8.195290730610362,1.0,0.6072619628906182,0.0056631172546415184,0.010091124350269062,1.0,0.799843750000008,0.012562920521331877,0.018351143055801024,0.0,3.3633251953125125,0.013456441491515215,-0.011233997159312177,1.0,4.108052978515616,0.03720786371825608,0.0076872770388746615,1
hf_transformer,0,norway,4684,0.43220985646565746,0.2491355625207409,0.04318613714529695,10.938987095975587,0.0,0.14939918518066442,-0.005972963498291626,0.008809717021022028,0.0,0.07912583465576084,-0.0009790645003404847,0.006838469064895283,0.0,0.38269492492675816,0.007123328394811642,-0.0312554532610977,0.0,0.6762874023437497,0.038049006271966626,-0.028636561550906988,1
hf_transformer,0,south_korea,4684,8.013349609374995,122.46410246459624,0.006128981675013348,1.7176141838003263,1.0,0.26254882812509095,0.0024864871574036876,0.0026878639996763065,0.0,31.56333007812509,-0.004480439048414112,0.019608098090172867,0.0,4.634375000000091,0.0029442733358187325,-0.0006153846348052097,1.0,7.142480468749909,0.01398019559806166,0.01938185374531621,1
hf_transformer,0,sweden,4684,0.2517263224792481,0.0777043511458173,0.024268571048994953,6.244840269799464,0.0,0.18626108093261706,-0.01031090111625586,0.007412139427283585,1.0,0.07398914489746033,-0.010342395685551073,-0.0032643378975126197,1.0,0.19630240478515582,-0.007271038060116097,-0.02623756221018734,1.0,0.18552098388671823,0.024025406184780083,0.006666786057556511,1
hf_transformer,0,switzerland,4684,0.013614226233164458,0.0002397547316313125,0.014138604863048463,3.067655658830472,0.0,0.013012900161743168,-0.009791610645790108,0.0035785529728485908,0.0,0.0060729909896850565,-0.0036150391288637135,0.002608496990925927,1.0,0.01133015623092648,-0.00886830067162323,-0.020645961395082665,0.0,0.017149064064025832,0.0001014637287782782,-0.017618187104563934,1
hf_transformer,0,taiwan,4684,0.110429403177897,0.017431556202926638,0.0036887693984346487,2.1170888120513336,1.0,0.1283884887695308,0.00540264568472689,0.0011070854592896153,1.0,0.01211340332031341,0.005285725514705439,0.005690106226575949,1.0,0.0006174621582033524,0.004708948585947486,0.0046883196235024014,1.0,0.23084680175781358,0.01576374951135021,0.008106955333270084,1
hf_transformer,0,uk,4684,0.01318208743954774,0.00023656183973319952,0.015801026617895914,4.620675159777232,1.0,0.009483247778076187,0.0004590355481428691,0.011793872766119783,0.0,0.012976218689514152,-0.0007960154506022749,0.0147009120105054,0.0,0.016891980635253878,0.011672126866952527,-0.008610750305181764,1.0,0.007112154561279338,0.027076675483684802,0.018717237127944934,1
hf_transformer,0,australia,4689,0.0485884943860372,0.002726639626877523,0.033258639896746996,7.227748299854791,0.0,0.014360577659606966,0.0016497339227349549,-0.008137085483840165,1.0,0.03435924842834481,-0.0008635964668949728,-0.02450123765598121,0.0,0.04412074787139897,0.005893034540708023,-0.024355056634890022,0.0,0.07134750053405758,0.02699296347860879,-0.02133181710537433,1
hf_transformer,0,canada,4689,0.013155898787180582,0.0002135772859021728,0.010165388530329212,2.706667485736539,0.0,0.019705000877380474,0.005860854156266394,-0.009295933944821106,1.0,0.016912143325805706,-0.001335343046797568,-0.014424349551759443,1.0,0.0111951297760009,-0.004235996129878028,-0.012906396550354736,0.0,0.011782467269897401,0.00637788815405768,-0.0026526744117375697,1
hf_transformer,0,denmark,4689,0.07771297912597654,0.009725129509990537,0.010578239713956468,3.2357036634528806,1.0,0.061306457519531676,-0.0029624497120470028,-0.011324100541895388,1.0,0.08553132247924822,-0.002999819908503693,-0.014685332956013535,1.0,0.06948093490600549,-0.00365885286566797,-0.01314736757290932,1.0,0.07937300262451163,0.016202863139736994,0.005570556030443157,1
hf_transformer,0,eurozone,4689,0.01971851742426555,0.0005794755641368498,0.010217076337097604,3.1226129827280884,1.0,0.018922003936767684,-0.0016391472771508308,-0.011454760228769347,1.0,0.01632602882385248,-0.006371507940803742,-0.014875084446726838,0.0,0.025239598464965818,7.194055021175205e-05,-0.013019869062445961,1.0,0.02727985610961925,0.020142026743975118,0.006267680420509577,1
hf_transformer,0,japan,4689,4.616349731445313,27.71559815130121,0.033568570510538714,10.47688208902366,1.0,0.06375732421875568,-0.004511060254908021,-0.004049027620709867,1.0,1.6790295410156375,-0.0062319588099903405,-0.018498142431318563,0.0,7.234918823242197,0.012797359449643936,-0.04012020477740513,0.0,6.49794433593749,0.03671664625904853,-0.009534066527249955,1
hf_transformer,0,norway,4689,0.6275060066731769,0.4565402214948296,0.062305572898026955,15.88182223741229,0.0,0.14914442749023493,0.0022849546679509533,-0.012467668244429296,0.0,0.2905592529296879,0.0028410233479600733,-0.026087243850090903,0.0,0.5592102386474611,0.01432048737211195,-0.04145798941066429,0.0,1.0205808288574225,0.05259021189484919,-0.04755436154089396,1
hf_transformer,0,south_korea,4689,11.244164225260404,175.41231266206458,0.008538348966133813,2.4101202243432147,1.0,5.449853515624909,-0.010803427774758206,-0.00665786457844583,1.0,2.7202636718750455,-0.01207751445762126,-0.010003493673366469,1.0,6.511938476562591,-0.007218283870746741,-0.012176537360298311,1.0,9.663525390624955,0.011033820807684126,0.003800783547020966,1
hf_transformer,0,sweden,4689,0.3412662729899088,0.13743431978804616,0.032686046579409024,8.466152221595532,0.0,0.2049647552490228,0.0029901586795694508,-0.016682152511168273,0.0,0.3273228973388669,0.003693988838389134,-0.02788671056799822,0.0,0.4493735839843751,0.009494370339831073,-0.03386424386329784,1.0,0.34022644042968686,0.04153357481132,0.00992640475903136,1
hf_transformer,0,switzerland,4689,0.018416611569722473,0.0004277605369614808,0.019075470846121125,4.149763764077698,0.0,0.005578768157958991,0.0005910988611238443,-0.005121125546642821,1.0,0.01675784626007082,-0.001269798793985408,-0.01856010384411552,1.0,0.01630788946151729,-0.005421124886539001,-0.02231382286514771,0.0,0.023680592155456592,0.00811997232570514,-0.01616925031438466,1
hf_transformer,0,taiwan,4689,0.11538674214680983,0.019694276313683545,0.003847889134439767,2.212128054921498,0.0,0.07694987487792915,0.001199149726965631,-0.0013693599548028755,1.0,0.11191174316406105,-0.004781258093897073,-0.0010351967798165286,1.0,0.08601240539550759,0.004346543795448736,0.0014841375134267715,1.0,0.17675798034667878,0.0029242125400887366,0.008789256996534075,1
hf_transformer,0,uk,4689,0.01982968028204753,0.00048405474013465537,0.023591488636494472,6.950834723694183,1.0,0.01074106787182616,-0.0017843222614584249,-0.014617754475553357,0.0,0.014127316351989716,0.0008793781802926775,-0.015988956119829957,0.0,0.022049713800750714,0.0046502117811223175,-0.02170278345202259,1.0,0.02462584913079835,0.03361509555278537,0.004991128191087641,1
hf_transformer,0,australia,4694,0.025911780835469567,0.0008582857456857208,0.017889743091349608,3.8544892622479487,1.0,0.03326434867858885,0.02499995756404239,0.0021557427577736034,0.0,0.026232186965942317,0.01576965220499544,-0.0023697189034320464,0.0,0.05258302307128915,0.013904582432353277,-0.022863409522229816,1.0,0.02348771770477298,0.032321754568977325,0.016364152172140968,1
hf_transformer,0,canada,4694,0.00823783013661703,0.00010673289751949793,0.006368087341821703,1.6948341838513301,1.0,0.010397992324829186,0.009920628849289704,0.001867922868682687,0.0,0.0075351165771484485,0.004070011538463784,-0.0017933728003396315,0.0,0.020767105102539096,0.009009350209764557,-0.007153637605728032,1.0,0.008959001922607346,0.01203417914177005,0.018906342919206096,1
hf_transformer,0,denmark,4694,0.052593436330159386,0.004053202503590451,0.007163509832009281,2.1898114899341032,1.0,0.06189827651977531,0.009804838136915024,0.0013458490148848992,1.0,0.03212960662841802,0.007833955025485052,0.003443406747011493,0.0,0.1489874847412107,0.00857786877516045,-0.011930577257501922,1.0,0.057903791809081895,0.026746504438199228,0.018968978572521587,1
hf_transformer,0,eurozone,4694,0.014217709725697832,0.0003024960363719906,0.007368294604599418,2.251508266006316,1.0,0.0230103214263917,0.01322990660334335,0.0012807278374715912,1.0,0.001468010520935037,0.0041071604500686676,0.003342126926150682,0.0,0.04439694595336907,0.012035014216059414,-0.01117770859334699,1.0,0.023000728607177834,0.03178993237392741,0.020066697022376602,1
hf_transformer,0,japan,4694,4.055389078776041,19.33746395939848,0.02954210363220265,9.203772607182543,1.0,0.6374829101562511,0.009601178295921808,0.004949325447835722,0.0,4.627450561523432,0.016276464740072705,-0.0177612707745716,0.0,6.597983398437492,0.02280378136732475,-0.025761764178478717,1.0,3.427448120117191,0.05308760202043555,0.028906678005011878,1
hf_transformer,0,norway,4694,0.49076330159505205,0.260788930525904,0.04912384918813035,12.420941686120978,0.0,0.22745439758300812,0.018565263739692778,-0.004246570283831313,0.0,0.481701393127441,0.02490572035026952,-0.023719557062685317,0.0,0.7052880935668941,0.029877643371918054,-0.04177661797866601,1.0,0.5143209823608395,0.05587389841884574,0.005495225036477,1
hf_transformer,0,south_korea,4694,12.424798177083327,202.1859315729137,0.009388492941509398,2.663182142315049,0.0,2.6494628906250455,-0.0014477613060951834,0.0005710696289057642,1.0,12.563085937500091,-0.000980650574766997,-0.010604796844869636,0.0,13.494189453125045,0.002733751385297743,-0.007568843472517531,1.0,20.964550781249955,0.02157557176190704,0.037081430265221295,1
hf_transformer,0,sweden,4694,0.16872030248006203,0.040674588909810135,0.01626266778610786,4.18562242074266,0.0,0.18874562683105545,0.017128318889421047,-0.0012260192206201457,0.0,0.22197760925292975,0.020882260630325274,-0.0006569593803966307,0.0,0.3886422088623043,0.020398766718149365,-0.017641728620828186,1.0,0.09563355407714802,0.03854116037691774,0.0475204475762438,1
hf_transformer,0,switzerland,4694,0.013047617050806667,0.00023711108261077862,0.013558312552164439,2.9399831907197984,1.0,0.010801443004608169,0.015287085180191713,0.004154339463928705,0.0,0.017754881477355933,0.0096374209989753,-0.008833194765728357,0.0,0.035445154380798316,0.0143577473314151,-0.02268339237796638,1.0,0.003737836456298882,0.015246824642578637,0.01907077692231609,1
hf_transformer,0,taiwan,4694,0.15927993723551453,0.05115419172793514,0.005285541604960542,3.05362306959421,0.0,0.04463642883300878,0.0008728562442943178,-0.000618289696765686,0.0,0.0310650024414052,-0.0006873279999336526,0.00035075119573257593,1.0,0.02447860717773409,0.0013014566477611653,0.00048433834484754343,1.0,0.44925213623047,0.007182439094333455,0.02197491194901841,1
hf_transformer,0,uk,4694,0.01147233278954875,0.000186529201095916,0.013724247444283934,4.021360303401571,0.0,0.009151017562286423,0.0106714774496791,-0.0002906192747332418,0.0,0.012648073233642587,0.004741475990796203,-0.010532717649561537,0.0,0.027727718997802686,0.01821127174308627,-0.015124018229834198,1.0,0.0005202839658202674,0.0393798348501652,0.03877734545156469,1
hf_transformer,0,australia,4699,0.01758190210469564,0.00048699097824144756,0.012161639225417771,2.6153838403757037,0.0,0.04086842651367184,0.019246300978931038,-0.009126913961544225,1.0,0.001632788925170825,0.007873083343124523,0.009002874186909019,1.0,0.013597340393066482,0.0143599924269644,0.004962996610212168,1.0,0.012870817565918014,0.028819208672573808,0.02005476221883815,1
hf_transformer,0,canada,4699,0.011329408480326339,0.00023190103084019462,0.008739987722409347,2.330889136682,1.0,0.007611920547485385,0.006078123610363931,0.00015607319864683347,1.0,0.0037511264801024513,0.01160071198051447,0.00870280173232717,1.0,0.0011500823974608387,0.009514883337580257,0.008625432293216898,1.0,0.010966146659851184,0.009425030004424398,0.01786728635902224,1
hf_transformer,0,denmark,4699,0.0646495775604247,0.0062095131699450605,0.008781196216935065,2.6917881325054496,0.0,0.1351352539062498,0.010969050823925356,-0.0075056541398848846,1.0,0.052247970581055014,0.009527111130630653,0.002414278924054037,1.0,0.0679157806396482,0.014913982709763502,0.005708253525168028,1.0,0.14495877532958978,0.03337462621373448,0.013987193027026869,1
hf_transformer,0,eurozone,4699,0.015867150503794347,0.0003627663683754251,0.008200354564981553,2.5127127509635385,0.0,0.03237910976409908,0.009381143804495529,-0.007483028115205906,1.0,0.0017521133422850887,0.0021340956504656713,0.003045172375166584,1.0,0.0046906082153319595,0.008999658773802854,0.0065732449358526495,1.0,0.013421713066101182,0.02207894249225736,0.015210992505798104,1
hf_transformer,0,japan,4699,2.7769630533854155,10.493241494936363,0.020270523533130528,6.302363592107054,0.0,5.7276477050781125,0.028818642695374822,-0.013711228815049402,1.0,1.8821728515625011,0.026413305950933542,0.01260263152964572,1.0,2.6469488525390545,0.03099210241047296,0.011604682785738714,1.0,1.1418334960937386,0.05571864093373329,0.06376661835898922,1
hf_transformer,0,norway,4699,0.2881042333984375,0.09625676069062136,0.02912407762313065,7.291755253369295,0.0,0.36677826538085867,0.02921762166685078,-0.008325223299908117,1.0,0.1957235946655267,0.033237541062715675,0.013459568237656781,1.0,0.37352776794433673,0.04061495547617613,0.0028095999310747883,1.0,0.3772786621093758,0.0634351840299555,0.02612082140201395,1
hf_transformer,0,south_korea,4699,19.897499999999976,645.3853723700439,0.014885433837261536,4.264911664678079,1.0,10.6015625,0.011861908401553609,0.0037647464849110803,0.0,11.356835937499909,0.00816978154196602,-0.0005389798013055627,1.0,3.8975341796874545,0.019436948489017142,0.016490182048071622,1.0,38.015625,0.03303639614942901,0.06095511277960982,1
hf_transformer,0,sweden,4699,0.19567030914306655,0.047045542810305103,0.018733309912512743,4.854199648673873,0.0,0.27084956359863277,0.015084022323638683,-0.01143326189969003,1.0,0.13325561828613353,0.013750397922912038,0.0007745781877793047,1.0,0.06645569152832032,0.019821023847478816,0.02619112628022224,1.0,0.02684846343994174,0.03753065639162085,0.04006389592387375,1
hf_transformer,0,switzerland,4699,0.013227114979426061,0.00023533176776718273,0.013731328747129113,2.9804289587750015,0.0,0.020813343811035168,0.01884003732072734,-0.002838969363800904,1.0,0.002088051319122264,0.013493237629063959,0.011327868893559303,1.0,0.01215797128677365,0.014704431582394832,0.0020453658631936615,1.0,0.012161252212524398,0.022129689444210628,0.009561451144148699,1
hf_transformer,0,taiwan,4699,0.25235888214111346,0.12946694351308563,0.008321516826927191,4.838078904963859,1.0,0.041757064819336165,0.003159795504022433,0.0017685830921776544,1.0,0.14225297546386884,0.005254962942716006,0.0005175508275297939,1.0,0.01861059570312662,0.0017315551444283864,0.0023518629747266233,1.0,0.7575827026367179,0.007202127529148721,0.03201272444322127,1
hf_transformer,0,uk,4699,0.012834826896783443,0.00022060546623640324,0.01521894584413695,4.498951026836964,0.0,0.02238897913952642,0.017883820429667713,-0.009243040797144522,1.0,0.006921361024475048,0.017351176598789528,0.009039003297154775,1.0,0.0046606334140320005,0.019230839653339257,0.013651807086742296,1.0,0.010816806180084182,0.03683240408498705,0.049439566353664796,1
hf_transformer,0,australia,4704,0.01720169540150962,0.00042701066834658084,0.01185725780685865,2.5588264518978288,1.0,0.013225577011108491,-0.003425167916494914,-0.012645050513777685,1.0,0.031908927001953025,-0.004269783879564005,-0.026680022167930202,0.0,0.01748049270629881,0.004540407151389982,-0.007566432966484533,1.0,0.025306582031249913,0.013718064545424008,0.030833057913699703,1
hf_transformer,0,canada,4704,0.013315564759572348,0.00025094019161842524,0.010248450720969502,2.7395168336254425,0.0,0.011010427856445348,0.0023649455805843564,-0.006169625530193523,1.0,0.011827645492553662,-0.0007138476321261129,-0.009913195648525679,1.0,0.0008297489166260164,0.0007577097836299113,0.00011604293601632136,1.0,0.026828407478332483,0.006609644607469334,0.027019388371282118,1
hf_transformer,0,denmark,4704,0.0587742355346679,0.005185999648699652,0.007971641962578777,2.447158909297285,0.0,0.04122726821899381,0.0005432321916437239,-0.005102139237706084,0.0,0.09542991790771449,0.0050191362847814185,-0.008038231533742207,1.0,0.0594350875854488,0.009851568001622273,0.017859914570575296,1.0,0.01343450927734402,0.014739463250710443,0.01292923995051547,1
hf_transformer,0,eurozone,4704,0.016697517820994046,0.00038164992745606016,0.00860526339118733,2.6442092377090396,1.0,0.006165571975708106,-0.0018907822573169498,-0.005106571463845753,0.0,0.02964568576812754,0.007660647535814338,-0.0077482354165250115,1.0,0.013600223731994543,0.011292432378139854,0.01825746937503006,1.0,0.021629126167297397,0.02440309559045771,0.01337173696588924,1
hf_transformer,0,japan,4704,2.964769226074219,14.147458672519981,0.021367929191034994,6.728592808114779,0.0,1.0385040283203182,0.003087356940307052,-0.004591410295013297,0.0,1.8183154296874875,0.001316620994697326,-0.012191193548116335,1.0,0.03252380371094432,0.010162993925487538,0.009925092501626088,1.0,5.108640136718748,0.018203833778909634,0.0545978876772591,1
hf_transformer,0,norway,4704,0.14830062708536793,0.03353053008313859,0.015098990822795814,3.753405022453089,0.0,0.18809105224609368,0.009915575712234845,-0.009273874494450421,0.0,0.2914883773803716,0.008757618591561704,-0.021174798583098654,0.0,0.2627878662109371,0.01428115363727006,-0.012513545726209455,1.0,0.07547153320312461,0.032944061015014015,0.040369169655086724,1
hf_transformer,0,south_korea,4704,29.331917317708317,1372.2814972821468,0.021815714848735793,6.287123322812782,1.0,8.1968994140625,0.012473407101330018,0.006219068760285606,1.0,8.025341796874955,0.009257190511869576,0.0031143689743824534,1.0,19.10581054687509,0.01349767373292907,0.02791090787266864,1.0,48.807446289062455,0.030971458501130002,0.0667671472723086,1
hf_transformer,0,sweden,4704,0.24685703282674165,0.07705780047388353,0.0235492521529554,6.124042667833158,0.0,0.11299182739257851,0.004551187873098609,-0.0065340589850317755,1.0,0.03377655944824198,0.004754563783653312,0.0014543890090929854,1.0,0.25859956054687494,0.009986228953440361,0.034770032278730066,1.0,0.32446052856445284,0.020559368607876733,0.05123718214049891,1
hf_transformer,0,switzerland,4704,0.011145692768096923,0.00018668276964151924,0.011577760442019013,2.511427892122745,0.0,0.01480033426284788,0.005177680112235268,-0.010225998225631198,0.0,0.01971541595458981,0.000742434894957,-0.01992202191370078,0.0,0.006313055896759012,-0.005896463332847926,0.0006745712836554741,0.0,0.0040247896194457455,0.0030835251048691773,-0.0010906542409135974,1
hf_transformer,0,taiwan,4704,0.3528987731933596,0.21781588230710386,0.011579316893123822,6.765571695707961,1.0,0.037348968505860114,0.0008559095881761343,0.0021008411088117938,1.0,0.03389012145996162,0.0019805827566270577,0.0008508721952824599,1.0,0.023403350830079717,0.009134900774547601,0.008360460568249566,1.0,0.8465249633789078,0.017192340099597303,0.044590359742730235,1
hf_transformer,0,uk,4704,0.016373263788794955,0.00035331368502382045,0.019301138374711035,5.739268049944033,0.0,0.00793393367782591,0.004647465552528971,-0.004921737456842045,0.0,0.00629297656365968,0.002798630272666038,-0.004797956804385741,1.0,0.010930926103698724,0.006626711745934415,0.019636797195511674,1.0,0.024326424682373005,0.025142330734702036,0.05334882113637543,1
hf_transformer,0,australia,4709,0.03660260062154135,0.0018715582641994947,0.025124141269623947,5.444794858443566,1.0,0.021050131072998024,0.023757511406263164,0.009050091464912296,1.0,0.02109612934112559,0.01890025522042516,0.03349615496861869,1.0,0.04172341308593741,0.01754217471451712,0.04624491833201741,1.0,0.0923071314239503,0.020647373350234196,0.08289056535929736,1
hf_transformer,0,canada,4709,0.02562570240020751,0.0009664037756586544,0.019650169213023542,5.272179165241734,1.0,0.0006947778701782426,0.008291225772913987,0.008829478392638083,1.0,0.012339028549194442,0.006472966206255262,0.01600654269300164,1.0,0.026808403968811012,0.008668055792770616,0.029221921029956355,1.0,0.06348519306182854,0.011856922143820439,0.059714138783707245,1
hf_transformer,0,denmark,4709,0.10475027353922522,0.014867888721516304,0.0141448503377019,4.361444480067129,1.0,0.014686933898925503,0.006676136723746717,0.004664831638973663,1.0,0.09349414215087926,0.007095900644666503,0.019800196870162573,1.0,0.1590895690917966,0.008947774862127856,0.030430629351833015,1.0,0.23173178024291996,0.023051440291224207,0.053762732450275005,1
hf_transformer,0,eurozone,4709,0.030640668735504136,0.0012702290347113728,0.01574283736599995,4.8522385296175266,1.0,0.004590338706970121,0.007275326682965758,0.004885513877880421,1.0,0.01918068313598642,0.010120324602080892,0.02001674340184072,1.0,0.040834425354003834,0.0095997296182815,0.030562913182696348,1.0,0.0694302131652833,0.018999559237159243,0.054060329229273674,1
hf_transformer,0,japan,4709,4.80893084716797,30.27160012564174,0.0346571161305598,10.913948117244013,0.0,2.487244262695299,0.013130899381142676,-0.005399540659953533,1.0,2.666452636718759,0.005545697800583262,0.025184109207434573,1.0,4.69681884765626,0.012029971437629534,0.04614938898259436,1.0,6.141842041015622,0.025389448288633393,0.06919977328287402,1
hf_transformer,0,norway,4709,0.19684007542928067,0.06593312619710455,0.01968890516881879,4.981911015865169,1.0,0.1343819152832033,0.02496227084869517,0.011205382994059798,1.0,0.05367208557128933,0.01655916361690143,0.022047000642416038,1.0,0.19968980102539113,0.026225064650908386,0.046299190915274645,1.0,0.6390079193115241,0.038801065173538,0.10090736360816113,1
hf_transformer,0,south_korea,4709,46.19737792968749,2747.1006357639226,0.03429410907180322,9.902135243616842,0.0,18.865917968749955,0.014381041375406033,0.0,1.0,12.710473632812409,0.008173748803817233,0.017806657000302588,1.0,45.934375000000045,0.005028317256714502,0.03951744708919832,1.0,77.32939453125005,0.022337318165400834,0.07877506129231868,1
hf_transformer,0,sweden,4709,0.4365124164326986,0.22702388660895678,0.04152001891352697,10.829023717339343,1.0,0.03510203399658174,0.005966561217759308,0.009375654652455875,1.0,0.3738881576538091,0.00031917730853225353,0.03624582670659147,1.0,0.5486797363281255,0.0039431510345829986,0.05604836146972971,1.0,0.864014813232421,0.0174517364470091,0.09727538363000758,1
hf_transformer,0,switzerland,4709,0.015528203862508146,0.00033640128766626213,0.016136060821222944,3.498926904435912,0.0,0.015483487701416054,0.015899916259342686,-0.0003707332616675704,1.0,0.0036040215492249006,0.011996567447085197,0.015760767534495485,1.0,0.02682693700790406,0.014428698020655406,0.04204761327767747,1.0,0.029118117523193376,0.008785107568352619,0.03889480110590937,1
hf_transformer,0,taiwan,4709,0.6002325180053713,0.5606293498833309,0.019613136272184122,11.507311566752342,1.0,0.052794372558594205,0.0019590687830299846,0.0002001000506926293,1.0,0.04769364929199327,0.003319600736644632,0.0017328716679660958,1.0,0.48313153076171744,0.002094678394149837,0.018047093675753093,1.0,1.269950073242189,0.0146033407924479,0.05549863471946986,1
hf_transformer,0,uk,4709,0.028646924054764804,0.001065974225581009,0.033625534384005853,10.0415151235272,1.0,0.0032779068447875703,0.007051388808984374,0.003099496366225221,1.0,0.016142597597839314,0.007059994983139963,0.026296952394062094,1.0,0.03825733389025876,0.004857412122101704,0.04995857920641846,1.0,0.07891399464474491,0.01564431364278648,0.10561270743604939,1
hf_transformer,0,australia,4714,0.04925674228541058,0.003563416416169756,0.03346015680344374,7.327153059759545,1.0,0.014328269348144573,-0.010625700383717764,-0.0007283271472645963,1.0,0.0034594281005859706,-0.012683417230447542,-0.010279867533558409,0.0,0.04954885303497325,-0.014772050952854351,0.019184000799668532,0.0,0.10807152755737315,-0.00596694508356264,0.06604973855550857,1
hf_transformer,0,canada,4714,0.03375694302241006,0.0018183430974329294,0.025632587377063185,6.945083842211538,0.0,0.013948541259765523,-0.007756980132147075,0.002994473982058834,1.0,0.006488740539550841,-0.006239379554640798,-0.00123110083644158,0.0,0.021718197250366167,-0.0071524332675880755,0.009528072541703068,0.0,0.07917473583221435,-0.004295989009855993,0.055052224823721796,1
hf_transformer,0,denmark,4714,0.14359564160664873,0.029119210136508488,0.019269432762741876,5.978833250611941,0.0,0.12998768920898396,-0.009992603131172662,0.007579793563020322,0.0,0.12097299041748055,-0.01378915571903456,0.0026362379789709326,0.0,0.13209635848999035,-0.009427968567188047,0.008416969582956398,1.0,0.12286852111816415,0.008193542812400995,0.024514431124428367,1
hf_transformer,0,eurozone,4714,0.03676559062957762,0.0018627575354141794,0.0187514746375441,5.82217760835847,0.0,0.029510419273376387,-0.007658784900335231,0.007493353733312006,0.0,0.03862285385131825,-0.01749150763054503,0.002486957580603566,0.0,0.033728546524047776,-0.008807014460960322,0.008511994954122006,1.0,0.03869508171081537,0.005149045764184942,0.02472078729230838,1
hf_transformer,0,japan,4714,5.668330729166668,37.68485720985953,0.04064079127190616,12.86437036746686,0.0,2.1735253906250023,-0.015460217841030228,0.0005103900949293857,0.0,1.3576770019531352,-0.008809995773713,0.0011297994896764375,0.0,7.679757690429682,-0.005996557699927578,0.04881968361884421,1.0,7.4320117187500045,0.001442916350049426,0.05415358376827834,1
hf_transformer,0,norway,4714,0.36687137878417975,0.23492421244428216,0.03621591767508888,9.28530716818994,1.0,0.01711213378906251,0.0007530383639027784,0.002495087502196292,1.0,0.05888801879882877,-0.0060200912834725935,-0.01207933092509169,1.0,0.27087561950683536,0.0007058123619180929,0.02793278292465736,1.0,0.9819362792968747,0.010978887693877523,0.10540894902944833,1
hf_transformer,0,south_korea,4714,63.9240234375,4901.415801077129,0.04713790306372361,13.701737063035509,0.0,22.67324218749991,-0.0071326988064611616,0.009943983326453822,0.0,17.400073242187545,-0.009130117465049613,0.004027027891877617,0.0,67.0947265625,-0.009240226532140712,0.04057306660623039,1.0,98.37358398437505,0.0048728359724764,0.07611007179722178,1
hf_transformer,0,sweden,4714,0.4444525828552246,0.24880136449308166,0.041666502351179385,11.026003796879445,0.0,0.34289104156494155,-0.023264269220175788,0.009323978330654053,1.0,0.1959902954101569,-0.018676330015268087,-4.719196037801181e-06,0.0,0.32418495941162107,-0.016173904345536904,0.014449073781649903,0.0,0.5550080871582033,-0.004972971378628695,0.046332946809753146,1
hf_transformer,0,switzerland,4714,0.02065492264111837,0.0005530738274251752,0.02142145947784509,4.654116160372094,0.0,0.004030067443847707,-3.1345233344462675e-05,0.004161254379205195,0.0,0.005053913021087597,-0.0012036566254145556,0.004057433781105158,0.0,0.025508764648437543,-0.011911964095915235,0.014643368272292226,0.0,0.025174012660980183,-0.00018142136696899612,0.02572820069678513,1
hf_transformer,0,taiwan,4714,0.9458877309163413,1.2093561414547624,0.03083320222811444,18.134013903467554,1.0,0.052590347290038864,0.003907596361136184,0.0021618753534965018,0.0,0.23100869750976472,-0.0012996621183943543,0.00637240788983989,0.0,0.9735708618164054,-0.0030869619995438267,0.02891142975244305,1.0,1.5778993835449207,0.004554459739862831,0.0555311555216081,1
hf_transformer,0,uk,4714,0.038013857603687536,0.001956402697645414,0.044051528653487396,13.324876531291931,0.0,0.0147450900996704,-0.016478482358866387,0.0010596133783462437,0.0,0.013407874700378408,-0.014961401837023611,0.0009748030736482106,0.0,0.0316577808119507,-0.010085880852435322,0.026963680298404364,1.0,0.04445407018786618,0.004851332282439303,0.0557489981393369,1
hf_transformer,0,australia,4719,0.06119283058166507,0.004976197832499576,0.041286602024080625,9.102697722756174,1.0,0.010226780052185136,0.0005988504776259814,0.007666421939368557,1.0,0.01779839317321774,0.000930572363156768,0.01319473162153416,1.0,0.033578611068725506,0.00954562153897551,0.03236373748282495,1.0,0.10703912559509288,0.009043372307567958,0.08007099900269976,1
hf_transformer,0,canada,4719,0.04173913065592447,0.0024007644710896106,0.0315429275622241,8.58732266467301,1.0,0.0035411537170411123,0.00012229015705313544,0.002844624044743593,1.0,0.0086163944244384,0.0005261775742939896,0.007134667779184357,0.0,0.027076398658752332,-0.004147943848195853,0.016569058903712745,0.0,0.0735161376953124,-0.002710786925753198,0.05249171369491634,1
hf_transformer,0,denmark,4719,0.09511669952392579,0.014310530958343809,0.012670354510810998,3.960335282040909,0.0,0.07583950805664053,-0.006890356769210613,0.003340921288657361,1.0,0.029139970397949355,-0.005223935323541126,-0.0012869104139350317,0.0,0.04197360000610395,-0.0037810309456297775,0.0018768610141142253,1.0,0.05941122131347676,0.015631868497781354,0.023477724817228693,1
hf_transformer,0,eurozone,4719,0.02046978862762451,0.0007989858861867355,0.010349463575708,3.2415838547608686,0.0,0.006546966171264712,-2.405343445437719e-05,0.0033233663024154142,1.0,0.005689847946166893,-0.003997453701558023,-0.0010760678448599366,1.0,0.0028646318435670004,0.0006324785033871607,0.002097562992482097,1.0,0.00799999351501457,0.019324521125957454,0.02333515140892485,1
hf_transformer,0,japan,4719,5.891147257486979,37.68941854577979,0.0419870978421321,13.370056164796308,0.0,1.4962915039062636,-0.00022798186777549874,0.010615849410764933,0.0,3.112072143554684,-0.002531592128449389,0.019942602100943375,0.0,6.825041503906249,-0.004563771122261306,0.044176164846730245,1.0,6.324173583984361,0.011198275479129646,0.05574900458642253,1
hf_transformer,0,norway,4719,0.5372515403747559,0.404860278506555,0.05300431448305433,13.597532725215476,1.0,0.033257638549804014,0.012421642211748225,0.009025846664135006,1.0,0.2318881622314457,0.0033909640403471304,0.026962342727279938,1.0,0.37290747528076196,0.009025082097403407,0.04645644771284017,1.0,0.8494692352294919,0.013228940825466193,0.09620767461628799,1
hf_transformer,0,south_korea,4719,58.0042626953125,3958.856317753196,0.042316863955615173,12.432871293895724,0.0,21.25502929687491,-0.0015825536336307477,0.014283027022915928,0.0,33.432568359374955,-0.0015656543538887207,0.023277153044833812,1.0,57.21030273437509,0.003928344603056629,0.04584541368848715,1.0,61.956347656250045,0.01438940292791212,0.05924499409703123,1
hf_transformer,0,sweden,4719,0.3150150480143228,0.13672273043464225,0.029125700763457402,7.8149104076901965,0.0,0.1894293914794929,-0.00980052474519556,0.008093632762717944,0.0,0.12359719238281208,-0.001912842227347623,0.009707332249214249,0.0,0.16746382293701245,-0.004670049873586873,0.011085099970060623,1.0,0.3968868423461913,0.015751939034915445,0.05196272576623351,1
hf_transformer,0,switzerland,4719,0.02202424101829529,0.0006033946949888863,0.022756256743876834,4.9626608544697,0.0,0.014842905616760271,-0.00875220621141066,0.006674452406882926,0.0,0.02263715801239019,-0.006705877101415273,0.01667992339258518,1.0,0.0055129690170288015,-0.008249653241787898,-0.002494933463213667,0.0,0.03557465610504151,-0.007163274699066458,0.029362723265950644,1
hf_transformer,0,taiwan,4719,1.0307326410929363,1.2879307594937082,0.033436138296530825,19.76061157514928,1.0,0.12510009765625085,0.0015339219389793866,0.005657887040507444,1.0,0.3086462097167981,0.0020112689118225724,0.012150458172667874,0.0,0.9193017578125016,-0.0003408824772255067,0.029630107176486474,1.0,1.25462661743164,0.00632789471117799,0.046746315346142424,1
hf_transformer,0,uk,4719,0.03633888072899272,0.0016899563757447815,0.041808919614063605,12.737752217817556,0.0,0.015605016559997575,-0.009983357993467447,0.008431321879029556,0.0,0.028092925758606002,-0.015285426466477061,0.01779726114064712,0.0,0.02723370866516117,-0.005979568624868154,0.02581481291768726,1.0,0.03882635267321777,0.01323090231008909,0.05742035174525873,1
hf_transformer,0,australia,4724,0.06586883578872683,0.006010487615248828,0.04371423492773118,9.79827368394844,0.0,0.013365744171142557,-0.0013540081359254665,0.007770195281807717,1.0,0.00012180290222163492,0.0012375808525804941,0.0013208911432649707,0.0,0.053510762863159256,-0.0037743209458463004,0.032350758559756485,1.0,0.12708842342376703,0.010167206380943632,0.09281233458687745,1
hf_transformer,0,canada,4724,0.043503012523651095,0.002547494210571983,0.03257800846112145,8.950220082575619,0.0,0.006508985710144133,-0.00073335427226008,0.004233658134358067,1.0,0.0035057418823241093,-0.0001485093778303923,-0.002832429360523449,0.0,0.04358844089508063,-0.0019040711930665294,0.030934957157647946,1.0,0.06951443061828622,0.007376745261461832,0.05878152732727463,1
hf_transformer,0,denmark,4724,0.07398218434651695,0.009322739223465966,0.009790459014788694,3.0803660805773174,1.0,0.009367040252685754,0.009479202891518905,0.010729572764591737,0.0,0.021066468048095643,0.0013025948502778826,-0.0015383787984830088,1.0,0.07621512145996068,0.011214357858675307,0.021325443542406102,1.0,0.03169277954101535,0.02367976318612231,0.027844581583315934,1
hf_transformer,0,eurozone,4724,0.021219248727162677,0.0007923638220730873,0.010686829993966305,3.3602679214430133,1.0,0.008965929985046417,0.00615078107633406,0.010708924370970804,0.0,0.014835177612304795,0.006074910775150024,-0.0015135775904279614,1.0,0.027122771835327075,0.007649330075853679,0.021354568664044723,1.0,0.0004134628295897613,0.027914089307546068,0.027707925536276753,1
hf_transformer,0,japan,4724,4.587852172851563,22.675195020865583,0.03227855209469363,10.412206408327718,0.0,0.954774780273425,-0.0031812234037471615,0.003635330826603085,0.0,3.2184631347656136,-0.005754111184664652,0.017098669579405687,0.0,2.310484619140624,-0.0017903303542346758,0.01460345663109578,1.0,7.144479980468759,0.00843024905320203,0.05778306249540219,1
hf_transformer,0,norway,4724,0.5062041153971354,0.3463764048378609,0.04926223928315472,12.811739953225683,0.0,0.053864443969725784,-0.0047595475108370274,0.0006628236529248677,1.0,0.011397027587889852,-0.004243126793372685,-0.0030939606971484165,1.0,0.4635909820556634,0.0008695164716579676,0.04635172910532984,1.0,0.6331988616943356,0.006613652607723825,0.06788987008583248,1
hf_transformer,0,south_korea,4724,50.974169921875,2907.7761580893607,0.03680973222161357,10.926012408447669,0.0,29.021411132812545,-0.01487759079367712,0.0065106301667672015,0.0,31.00341796875,-0.009441086314235576,0.013268885669518945,0.0,53.374584960937455,-0.0033998391530882855,0.03515332130818321,1.0,54.59375,0.008663875546755823,0.04761695481808938,1
hf_transformer,0,sweden,4724,0.26257838007609025,0.10387918351403148,0.023924708230812712,6.51405870362666,0.0,0.15499898681640545,-0.005224613804231003,0.009234363243458379,1.0,0.04773172912597623,-0.0036256528148452686,-0.008113511032766637,1.0,0.30875137023925703,0.007885805774758474,0.03611657260815131,1.0,0.34003053436279274,0.022456875042063926,0.05306139579031818,1
hf_transformer,0,switzerland,4724,0.017343648665746055,0.0004021590161845956,0.017753580346876983,3.9079960229129203,0.0,0.014509239387512252,-0.01275185372451932,0.00214198368310527,1.0,0.010985848617553695,-0.006982149155875211,-0.018342520543895853,0.0,0.015718653869628896,-0.013485792013290478,0.002651304260479869,0.0,0.03524533948898312,-0.01154888450613963,0.024210593931774573,1
hf_transformer,0,taiwan,4724,0.9311290496826173,1.0113731544178046,0.0299697606606189,17.851068980997823,1.0,0.1276152343749999,0.0007803581409493584,0.004939489196938967,1.0,0.2657766723632804,0.0017543826960804052,0.010388563689935227,1.0,0.8483848266601548,0.005674743381354909,0.03287363935339918,1.0,1.14174496459961,0.005077868258417411,0.04153361065398119,1
hf_transformer,0,uk,4724,0.023284927878066002,0.0008341150401206534,0.026355424396017662,8.16199166761674,0.0,0.007464807840026899,-0.0020007328715268254,0.006626126080515241,0.0,0.006279760224426223,-0.007170293843032797,0.00012950325253856056,0.0,0.02881214332254023,-0.0048389076230049444,0.028147444848309885,1.0,0.00664798688586421,0.021393043260630688,0.02890248067922303,1
hf_transformer,0,australia,4729,0.07543280269241336,0.007192181874563156,0.04971121763244675,11.220955049186468,0.0,0.020844899444580012,0.007471437433608612,-0.006780338364396929,1.0,0.024255632934570226,0.0033828000638512746,0.019781169881770384,1.0,0.07035989311218271,0.008051832288286603,0.054684023870181626,1.0,0.10935389343261726,0.008313684435187275,0.07986486544648308,1
hf_transformer,0,canada,4729,0.04941148406346637,0.0029020017020498948,0.036891848152683086,10.165816832438194,0.0,0.013982666397094778,0.00564364553355413,-0.005072446798092588,1.0,0.022704362106323206,0.000609755334511371,0.017854903744586967,1.0,0.060428195190429745,0.005025340841274164,0.05008707829796447,1.0,0.054552758789062405,0.012075397985567695,0.052563138260153804,1
hf_transformer,0,denmark,4729,0.09450027514139817,0.01447596777050676,0.012511209500601134,3.9346694710628864,0.0,0.13732877578735359,0.009807486000998577,-0.008728408319014664,1.0,0.042468170166015895,0.007067511497528232,0.0013563258475425151,1.0,0.14509782104492164,0.008639785018713495,0.02788029105698002,1.0,0.01620715179443355,0.0272900435169315,0.025157930524028982,1
hf_transformer,0,eurozone,4729,0.024764385801951092,0.0009645492568762615,0.012469796140797318,3.9216737724560393,0.0,0.022443563461303606,0.002765581745615688,-0.008793135651992107,1.0,0.0166629863739014,0.009715169686802024,0.0012059168352579314,1.0,0.027312324142456212,0.014141874033793751,0.02787416391741929,1.0,0.0003177967071532617,0.024664285563828676,0.024823475146992863,1
hf_transformer,0,japan,4729,2.630796447753908,8.686765375530323,0.01818109296542437,5.970636062426438,1.0,0.619720458984375,-0.004888873590386234,-0.0005266391765710571,0.0,0.9567388916015602,-0.0032818898093138404,0.0034339008479156077,0.0,2.6669146728515614,-0.0036705729855049736,0.014945670036297813,1.0,4.447580566406259,0.02147652567629996,0.051577564263350834,1
hf_transformer,0,norway,4729,0.561633001505534,0.3653246879938693,0.05453188933872974,14.214613721173292,0.0,0.10278051910400343,0.0013927645413496943,-0.009004122530334849,1.0,0.24662078704833945,0.003237530719355153,0.027707916490729595,1.0,0.7884795379638678,0.003964625855149605,0.08013146098222318,1.0,0.4725478317260734,0.02037895533588781,0.06598230296322362,1
hf_transformer,0,south_korea,4729,39.89317464192709,1804.1020868634196,0.028523971376642906,8.550866484301787,0.0,16.4312744140625,-0.011971627890009735,0.0,0.0,21.150341796874955,-0.010081677675303399,0.005273054691393191,0.0,65.71250000000009,-0.005492150064707963,0.04125210298807492,1.0,42.098388671875,0.012166577897152473,0.04184265760548476,1
hf_transformer,0,sweden,4729,0.28443106852213523,0.10866775576899022,0.025844299622696243,7.056181384589011,0.0,0.27915799560546795,0.013837050429265958,-0.012450083774244865,1.0,0.004918597412109094,0.011489766075462753,0.01194786440440434,1.0,0.39609553833007816,0.019453019803621036,0.05540543780603762,1.0,0.2622287002563475,0.037792168485888906,0.06130786079461593,1
hf_transformer,0,switzerland,4729,0.019682868855794268,0.0004986215904094671,0.020087086482888445,4.435085989713328,0.0,0.02477591257095335,0.015147461669806355,-0.010559429008840538,1.0,0.010785029220581,0.011822130103771606,0.0006757635084970715,1.0,0.014533334732055647,0.005100242144577526,0.02002589380850668,1.0,0.037404023647308327,0.0065263935214037935,0.04444498002052698,1
hf_transformer,0,taiwan,4729,0.9091128570556644,0.9115686891161052,0.029083279878303024,17.42898723688659,1.0,0.010854080200196847,-0.00023117405166571127,-0.0005824111987576306,0.0,0.6877839660644547,-0.00910762621044147,0.013095186127038659,0.0,1.1021947937011731,-0.005569249330093847,0.02965458174150743,1.0,1.1569527587890605,0.004004497284781987,0.040600718220955234,1
hf_transformer,0,uk,4729,0.02114849760309245,0.0007602739873220555,0.023862344914876946,7.413115562262592,1.0,0.007497714135803246,-0.0018684882861755706,-0.010606648402687584,1.0,0.01073465832495113,0.0005993888226549591,0.012948258079865117,1.0,0.03671885987890622,0.007064314989004574,0.04842544016072056,1.0,0.0038627126049805005,0.032256288091663574,0.0365787212568295,1
hf_transformer,0,australia,4734,0.08001027638753258,0.0073069376391171215,0.0525429861714484,11.901874022609848,0.0,0.02157436103820798,-0.013967013340473686,0.0005966127322513268,0.0,0.04804543746948253,-0.00653601341828304,0.02537748527766761,0.0,0.08324008163452157,-0.013134870846521667,0.04187849344682067,0.0,0.07305977909088135,-0.0024839745403419794,0.04546028791468758,1
hf_transformer,0,canada,4734,0.050361753641764304,0.002737270997278844,0.03751259688987131,10.361323335784805,0.0,0.014617495155334392,-0.010764073582019595,0.0003011708037671641,0.0,0.048003124999999924,-0.013191887810856751,0.022781554763899467,0.0,0.05802510948181161,-0.010427390730498646,0.032778891531622806,1.0,0.03188655128479012,0.0009885911294148348,0.024693530931901814,1
hf_transformer,0,denmark,4734,0.10944023605346681,0.016577013436532253,0.014488199287340481,4.556718539297162,1.0,0.013103118896484744,0.003514249209797644,0.0017517269091135688,1.0,0.19214857406616215,0.0073971563379007016,0.03279526096601734,1.0,0.09877421569824207,0.006181440024326897,0.019333790858274066,1.0,0.1311570007324221,0.026380404591201414,0.009002145168198637,1
hf_transformer,0,eurozone,4734,0.03264147482554121,0.001449949102329517,0.01644919816823079,5.169085021584653,1.0,0.01813997421264646,0.011036860960476281,0.0017933548218356428,1.0,0.0546437313079835,0.005450154323575604,0.0329403568468595,1.0,0.017736515808105535,0.010033847359177178,0.01899884434269774,1.0,0.04358558578491212,0.03005090741834513,0.008121197940987972,1
hf_transformer,0,japan,4734,1.9311270141601578,5.271010527676911,0.013241123555768558,4.382724707460561,0.0,0.3830529785156216,-0.00026625188595959405,0.0024106920574985973,0.0,0.3567620849609341,-8.229025409297186e-05,0.0024106920574985973,1.0,0.7292077636718659,0.008469643492435508,0.013515362507536157,1.0,0.8866369628906341,0.03746370670953021,0.03147100830012476,1
hf_transformer,0,norway,4734,0.47838383875528984,0.2697665753701432,0.04615705036302721,12.107624480986791,0.0,0.18013536682128972,-0.011944566761074442,0.005766436839404801,0.0,0.5963243179321296,-0.018472009727453692,0.039363395369975726,0.0,0.5937170684814461,-0.012905417835516072,0.044373557752801884,1.0,0.10888138732910235,0.0027963407222472356,0.013382701220415629,1
hf_transformer,0,south_korea,4734,28.920675455729178,1036.7372940820067,0.02052528473491977,6.198976057369446,0.0,17.567919921875045,-0.008623161157125707,0.004062196652773719,0.0,22.224902343750045,-0.0007746974241183693,0.015122282994392533,0.0,16.61770019531241,-0.001671148261973853,0.010249516332744193,1.0,5.7647216796874545,0.019784459678228644,0.023847941111623375,1
hf_transformer,0,sweden,4734,0.3453067021179198,0.15237810135698737,0.03142557328628194,8.566387406686093,1.0,0.059090313720703946,0.0006990173504768612,0.006182285129096202,0.0,0.5423976867675773,-0.0018684776154379785,0.04749259049860193,1.0,0.2824007507324211,0.005362894386018685,0.031181702243331055,1.0,0.010133619689941753,0.021785701266113917,0.020862020904110105,1
hf_transformer,0,switzerland,4734,0.028268529186248774,0.0009449497826744237,0.028907743434109078,6.369668906615037,1.0,0.0032589520454406884,0.0061223054434748235,0.0027503195770113946,0.0,0.020676788520813005,-0.0012237671224565906,0.02006343343312228,1.0,0.024914796829223596,0.0022166260357210543,0.027724751000180244,1.0,0.03280151023864741,0.0014523741862067369,0.034926454122671945,1
hf_transformer,0,taiwan,4734,0.7962201685587567,0.6894052315335827,0.02529083514566723,15.26467373974512,0.0,0.41364535522460955,-0.011451554780442973,0.0018181243246303434,0.0,0.702311676025392,-0.010649906420505582,0.011759147172022115,0.0,0.3066297912597662,-0.0036503543805228365,0.006126933827502738,1.0,0.7671489562988256,0.0010163575837835465,0.02518889872605183,1
hf_transformer,0,uk,4734,0.023372503700330612,0.000865207895771515,0.026374599813596026,8.192689341895635,0.0,0.0076875105162963475,-0.006531109798091686,0.002276708646572052,0.0,0.04852498373852543,-0.00689183429979998,0.047465929495288176,0.0,0.020622222397583045,-0.0023205864842713573,0.021036660522414836,0.0,0.02901125053463749,0.01930716105441513,-0.01376816075012822,1
hf_transformer,0,australia,4739,0.06740638472747808,0.004995683397834395,0.04388188601487883,10.026990726294093,0.0,0.04001866004943855,-0.019259792812359008,0.007061642571822258,0.0,0.058107576446533304,-0.02142073967201287,0.016655328164829706,0.0,0.10765451942443849,-0.01909709567478655,0.05018261269557525,0.0,0.03902235019683831,-0.00971093957989338,0.015722615285918683,1
hf_transformer,0,canada,4739,0.036492858422597224,0.0014484032005403055,0.02698967848742047,7.507965434507482,0.0,0.03634603233337397,-0.01965833163099905,0.007260757970525779,0.0,0.04457102088928222,-0.021630834054932813,0.01134462873301614,0.0,0.053550129318237216,-0.017973769525369714,0.0213738588727269,1.0,0.0008384784698485248,-0.003584881473497395,-0.004204476209240203,1
hf_transformer,0,denmark,4739,0.0912510911814372,0.012592674570770547,0.012047548222437959,3.7993845217439923,0.0,0.24976711730957035,-0.027041873803804392,0.00590141114441513,1.0,0.04145811309814462,-0.014925351178463967,-0.009448104455684257,1.0,0.10391371459960919,-0.014449286973687461,-0.0007833972420312908,0.0,0.14209731674194348,5.1854481001011565e-05,-0.018667138455854767,1
hf_transformer,0,eurozone,4739,0.024054232718149843,0.0008281808743464899,0.012080236788725223,3.8092143419882456,0.0,0.053050908660888574,-0.02063163638808603,0.005887754187838168,1.0,0.020818218231201113,-0.019804901314160957,-0.009322798535124542,1.0,0.024701719665527477,-0.013489604196615195,-0.0011419777314143349,0.0,0.0415389881134034,0.001407795863647179,-0.01939084230166032,1
hf_transformer,0,japan,4739,1.9782018025716137,5.5594328295512865,0.013517873393527167,4.489561718571967,0.0,1.1978802490234273,-0.0008928872445897328,0.007439889692289459,1.0,0.35245239257812955,0.007699961910700822,0.010137919692838794,1.0,2.759918212890625,0.009239950485626675,0.02814470500820367,1.0,1.1581982421874955,0.035097228148938786,0.027262212248466082,1
hf_transformer,0,norway,4739,0.284531746927897,0.11107194542922362,0.027141580071739647,7.201337640681429,0.0,0.4348793334960934,-0.03070471861858485,0.010685514676982878,0.0,0.5974662933349606,-0.0298389820998426,0.026548586063703243,0.0,0.3754805648803714,-0.02755651873722449,0.00816970788388672,1.0,0.2529187499999992,-0.006502709223592175,-0.03078446884138966,1
hf_transformer,0,south_korea,4739,19.870851236979174,555.73393769006,0.014018717335954261,4.259199659639424,0.0,32.500683593749955,-0.007407929978117107,0.015560954723088398,0.0,35.195605468750045,-0.009766244422751157,0.01514166750520582,1.0,22.12990722656241,1.4258182085331127e-05,0.0155958873903757,1.0,29.06716308593741,0.027311089740389975,0.007035933351480383,1
hf_transformer,0,sweden,4739,0.18171516326904283,0.04553141245816275,0.016347590424804458,4.507999632455015,0.0,0.37995992126464806,-0.032590370632889894,0.0016724006834661325,1.0,0.1649219131469728,-0.029669320925662098,-0.014696610113662969,0.0,0.3172441085815425,-0.018542166328326302,0.009750916153991021,0.0,0.32435460205078037,0.002337442758995141,-0.026817531083249684,1
hf_transformer,0,switzerland,4739,0.027988880383173622,0.0008532963618552399,0.028504433522757656,6.30665642110566,0.0,0.017010990142822258,-0.007885742633791243,0.009428771631512166,0.0,0.01724438953399654,-0.015081465332329555,0.0025941671253712105,0.0,0.03964344177246093,-0.017720972085003596,0.02256113418691495,0.0,0.02548885412216184,-0.009198594188373554,0.016667894337033123,1
hf_transformer,0,taiwan,4739,0.45118345845540353,0.2375295673042328,0.01420293846075618,8.649828982049137,0.0,0.4371789245605484,-0.008784214382434881,0.005035732795599661,0.0,0.25160543823242065,-0.006191006223697118,0.0017653924701043016,0.0,0.44485482788086017,-0.007660441358043905,0.006384773769461242,1.0,0.32108116149902344,0.005456918014923614,0.015482342114362158,1
hf_transformer,0,uk,4739,0.02091584250423075,0.0006497557628449268,0.023429323431336326,7.331563710855464,0.0,0.04253884744665526,-0.03666511104419926,0.010325527058648027,1.0,0.010051103688537566,-0.03485022350164394,-0.023566756902650494,1.0,0.0008392058046875484,-0.030939217726966933,-0.029995925244447778,1.0,0.02830699415011595,-0.0025621491115979857,-0.0339932648490682,1
hf_transformer,0,australia,4744,0.03357723213577272,0.0017509599268495282,0.021575980412125342,4.994758235457934,1.0,0.014632761077880918,-0.020383905230202004,-0.010827828637416558,0.0,0.028155239257812603,-0.014458036373696371,0.0037413929136326613,0.0,0.036452431259155205,-0.01162266357550856,0.011811689380564351,0.0,0.0826038442611694,0.012728688484902414,-0.04113467801837916,1
hf_transformer,0,canada,4744,0.018350116774241122,0.0005470138591287619,0.01344416183002268,3.775315182623969,1.0,0.007846284103393497,-0.011305090376169134,-0.005546447351412504,1.0,0.01059485206603994,-0.011561686675078509,-0.0037916119652468576,1.0,0.003039752006530838,-0.00718689493946642,-0.004961159995201082,0.0,0.06746960372924815,0.014428791932967385,-0.03518099617712411,1
hf_transformer,0,denmark,4744,0.1819910278828939,0.052904161976394116,0.023980521603174435,7.577486312571413,0.0,0.10962998504638666,0.01241031852995177,-0.001958464056463303,1.0,0.01671296997070293,0.003795600530971482,0.001599531671771286,0.0,0.13912503509521468,0.013762102302598,-0.004483083730617295,0.0,0.652033053588867,0.034437903920104075,-0.05220975151609716,1
hf_transformer,0,eurozone,4744,0.04487304002126059,0.0035467568316006034,0.022500671512898793,7.106068591771142,0.0,0.016918080139160185,0.006300212163914158,-0.0021560917922106597,1.0,0.011386774826049884,0.006782245173229266,0.0011013216972199976,0.0,0.037311883544921765,0.013784783970840878,-0.004820012344232451,0.0,0.17251163101196298,0.03446633579558645,-0.052704652757252446,1
hf_transformer,0,japan,4744,1.9316191609700515,8.479818715910652,0.013191232704994034,4.383841642787758,0.0,0.3174859619140591,0.000258945792307035,-0.0019363098612327377,0.0,0.5356909179687364,-0.0009724642474699779,0.00272522030782069,1.0,3.346901855468758,0.01026252904991368,0.03289121959141789,0.0,10.18767028808594,0.03066706994795282,-0.04003212381511468,1
hf_transformer,0,norway,4744,0.3164953113301593,0.17659405444866833,0.029939798908218188,8.010317383524276,1.0,0.1434689514160148,-0.030894619828935765,-0.017407278701290954,1.0,0.019704768371582304,-0.019435183399535656,-0.021280605338252167,1.0,0.17735840759277366,-0.015675837899265965,-0.03234668993046272,0.0,1.136542405700684,0.014321911011775533,-0.09416925848758531,1
hf_transformer,0,south_korea,4744,30.451305338541648,2164.943075971046,0.02139267945011566,6.527057537028286,0.0,6.7683593750000455,-0.004742028331725846,0.0,1.0,13.746899414062455,-0.003152444399476166,-0.012838049808312997,1.0,17.48049316406241,0.0138344498060292,0.0017109838837165445,0.0,161.77094726562495,0.03402753033641432,-0.08170703077892498,1
hf_transformer,0,sweden,4744,0.3220562785339355,0.1872117798271372,0.028886188687840274,7.989589636563622,0.0,0.17952651977538991,0.009040026571009325,-0.007121490562009888,1.0,0.009057028198242278,0.006436285022751697,0.005625059760442539,1.0,0.13843777465820395,0.018453398864473287,0.006131199515087291,0.0,1.2553175231933587,0.047458435232084706,-0.06668966551006791,1
hf_transformer,0,switzerland,4744,0.01753127201398214,0.00040375560931390093,0.017768029665936765,3.9502726691275294,0.0,0.009923213195800806,-0.0035350325359717136,0.006531834155137762,1.0,0.006954055404663095,0.0006560657632095739,0.007691956350270722,0.0,0.02512668209075919,-0.00875211469733448,0.016675029328854406,0.0,0.044336750888824494,0.006013632776456679,-0.03979593571217461,1
hf_transformer,0,taiwan,4744,0.18108368021647128,0.07138958002059906,0.005668867639084266,3.471631851652588,0.0,0.23817962646484503,-0.0034605660877069845,0.004039202995862991,0.0,0.08366073608398494,0.00022551666766402415,-0.0024124322856258445,1.0,0.012324279785154602,0.011565488321029459,0.011181699777525608,0.0,1.0633638000488297,0.02117223698422915,-0.012168607230990502,1
hf_transformer,0,uk,4744,0.04258997935008747,0.00247446086387552,0.04723689436753671,14.928929924100562,0.0,0.023237082670166,0.015447288959240276,-0.010426507946417599,1.0,0.010943227691009527,0.01475617605025605,0.00264615667957014,0.0,0.03443562265972899,0.024104175788932435,-0.01414299823557298,0.0,0.10291547832684322,0.06085897508050301,-0.053543739377016175,1
hf_transformer,0,australia,4749,0.04337680651601155,0.0027582471014766063,0.027967823516177617,6.45248722996709,0.0,0.047220346183776796,-0.010891003261302065,0.019228982741812627,0.0,0.046518798522949156,-0.0035284694710046765,0.025936067205711958,1.0,0.003345258102416926,-0.010091190728974153,-0.01225807247900233,0.0,0.09109709259033205,0.015557143050453496,-0.043610667491188755,1
hf_transformer,0,canada,4749,0.02745773530960082,0.0012608289986291072,0.020094955005368384,5.649097837912435,1.0,0.004010508346557584,0.0017805606651676098,0.004700917863825799,0.0,0.019065893745422446,-0.0004134936261924489,0.013424481411542401,0.0,0.027538979721069445,0.007633412935046261,-0.012533933590582691,0.0,0.074192000579834,0.03173847110935446,-0.02219728091966477,1
hf_transformer,0,denmark,4749,0.21573853429158527,0.08400018800133773,0.028723088917722153,8.982617493322941,0.0,0.09570215072631871,-0.0040336371378957864,0.008527020990195085,0.0,0.05142525482177707,-0.003686749677988093,0.0030799463521521786,0.0,0.19804475860595705,0.004946246298971923,-0.02131863039421343,0.0,0.6129193717956545,0.02454734235014641,-0.057390189332179105,1
hf_transformer,0,eurozone,4749,0.057568870226542175,0.005990943554249063,0.029134344812448303,9.116572899601998,1.0,0.011771918106079138,0.002662226827197587,0.008519169720281477,1.0,0.0047321769714354645,0.005653761167991993,0.0032967062824920245,0.0,0.048203488540649486,0.0028994242350782315,-0.021442035133229807,0.0,0.16987961997985845,0.028984779067095002,-0.05719078834826356,1
hf_transformer,0,japan,4749,3.3926634114583334,20.83663064340857,0.023329245727890014,7.699705740982765,1.0,0.532033081054692,0.0005026084028391756,0.004159725474846032,1.0,2.2465155029296966,0.006719036390881982,0.021976660009922946,1.0,1.1518090820312636,0.01386790524026759,0.006010562307008753,0.0,9.073038330078134,0.025965850486777076,-0.036878137369429596,1
hf_transformer,0,norway,4749,0.4528421679687498,0.30630599107289436,0.042924986020887373,11.461179234623422,0.0,0.039649279785155755,-0.0019234519577716754,0.00179351246287554,0.0,0.019299383544922222,0.00045447811723513455,-0.0013554618031754407,0.0,0.5045856964111319,0.007642006806010098,-0.040435196379053705,0.0,0.9022266571044923,0.03728226162236324,-0.04770898878723745,1
hf_transformer,0,south_korea,4749,46.189364420572915,4661.056598075092,0.03281901076498678,9.900417595244042,0.0,15.782788085937455,0.011112082316651718,0.0,1.0,1.9744873046875,0.013029886655408626,0.011649113765891884,1.0,28.044628906249955,0.02277981935575288,0.0031808890890436974,0.0,135.2771972656251,0.04375733271535408,-0.05239501129438967,1
hf_transformer,0,sweden,4749,0.39944658487955725,0.27510884253221374,0.036125916370037474,9.909492556525827,1.0,0.12933491821289067,0.0032889182224165084,0.014773708534110225,1.0,0.06482015380859352,0.005043651899602253,0.010806002273299165,0.0,0.34458811187744054,0.008741896126011877,-0.022344362489500603,0.0,1.022009837341308,0.04025888798961886,-0.051816441043996145,1
hf_transformer,0,switzerland,4749,0.019725009050369266,0.0005311904297402494,0.02010728476840805,4.444581322326305,0.0,0.010363467884063726,-0.0022846746105015807,0.008133391557977767,0.0,0.018777649021148646,-0.007364500720186573,0.01152779405840906,1.0,0.007398910427093508,-0.009470433451258696,-0.001967958248355952,1.0,0.0375451544761658,-0.003489314463255858,-0.04221556477583257,1
hf_transformer,0,taiwan,4749,0.40468167877197253,0.35572360410304105,0.012700504845953269,7.758323688394043,0.0,0.2230879211425787,0.007018894049010599,0.0,1.0,0.1721786193847663,0.001524494660366268,0.006937753480506684,1.0,0.00037658691406505795,0.012382516059368695,0.012394259697797616,0.0,1.5262678222656234,0.03172038321862379,-0.016088953737566917,1
hf_transformer,0,uk,4749,0.041751652061055494,0.002570061658928715,0.046837640518176266,14.635073727351926,1.0,0.0056435141833801605,0.0014546919903147537,0.007709164962534132,0.0,0.01612253713909917,0.007260258154211289,-0.010720609925388725,0.0,0.043814080817993206,0.0100884696905848,-0.03940724263711558,0.0,0.10602390378927617,0.050229119826524865,-0.06884615608040698,1
hf_transformer,0,australia,4754,0.06738490768941244,0.007363658658630168,0.04316807060532111,10.023795924163952,1.0,0.007888016662597641,-0.012313840782136242,-0.007341919318167435,1.0,0.0011655027008057317,-0.012362804074817485,-0.011626577997129406,1.0,0.005072688522338886,-0.011495680007896126,-0.008298074640431318,0.0,0.15887865776062005,0.0237508650810064,-0.07810088835815762,1
hf_transformer,0,canada,4754,0.035462356402079266,0.001871305323752788,0.025940484163927757,7.295952073957791,1.0,0.01138335399627688,-0.0019961857441020813,-0.010251670084841815,1.0,0.00027552738189706716,-0.008850433093247108,-0.009050818427644181,1.0,0.005048964691162006,-0.006690465045698312,-0.010360909957503899,0.0,0.07923590564727778,0.02078363742722394,-0.036780186257019315,1
hf_transformer,0,denmark,4754,0.30356402041117353,0.13547122076730822,0.04049677658602658,12.63937149217578,0.0,0.08174549407958942,0.004324188328859253,-0.006406947184346768,1.0,0.015982561492919878,-0.0021224315411363494,-0.004225029857769894,1.0,0.0692762542724612,0.009290686266283361,0.00024913295305509545,0.0,0.6413214317321776,0.020986218153524434,-0.06495912845350729,1
hf_transformer,0,eurozone,4754,0.08075621897379559,0.009487552727774403,0.04095669343518019,12.788507998744688,0.0,0.03075807342529302,0.008866017756351239,-0.006453733283859633,0.0,0.022225156784057676,0.006672526175256968,-0.004398027979711939,0.0,0.014887314605712909,0.0068519093562207775,-0.0005486968587594838,0.0,0.18347915344238275,0.02833321647768006,-0.06481449465251546,1
hf_transformer,0,japan,4754,4.755420247395833,37.96221748885963,0.03272317812250475,10.792504925774615,0.0,1.731821289062509,-0.009187231139514508,0.0025243614152403557,0.0,3.5254461669921966,-0.012892008036536328,0.010893171347354312,1.0,0.4916662597656227,-0.004503545765806231,-0.0011802196578267151,0.0,12.16387939453125,0.020341556617559937,-0.06340457505252046,1
hf_transformer,0,norway,4754,0.5928780400085447,0.4470722608287703,0.05631458442878522,15.005407979760157,0.0,0.23451517333984384,0.010854362493689417,-0.01116185730424724,0.0,0.20247715454101645,0.013919591407256763,-0.005001527819757261,0.0,0.32577702789306606,0.022358621778503996,-0.008001248993102674,0.0,1.1980306121826167,0.038552282889085646,-0.0759642930565302,1
hf_transformer,0,south_korea,4754,62.31259358723958,6683.515503664155,0.04440402550537999,13.356336587338255,1.0,4.769140625000091,0.0011406084435437549,0.004468657066104241,0.0,23.426513671875,-0.008910478970413525,0.007494588456914283,0.0,22.05751953124991,0.011796846439771922,-0.0035753131429184077,0.0,150.3758300781251,0.030988497180309774,-0.07661960188241043,1
hf_transformer,0,sweden,4754,0.603091656850179,0.5156771035920582,0.05444348860900339,14.961530554233388,0.0,0.09952178955078139,0.00017033651823199642,-0.008689087880126236,0.0,0.04313251647949201,-0.0036972105282415684,0.00013295397153096573,0.0,0.17881189880371018,0.007340189200189792,-0.008519212961302397,0.0,1.2551565780639642,0.03461203202372054,-0.07908804731944025,1
hf_transformer,0,switzerland,4754,0.021665656588872272,0.0008275855065347648,0.022204884756095868,4.88186202424251,1.0,0.004597044277191209,-0.011423997738714923,-0.0068003662237800695,0.0,0.01195826435089109,-0.010075267141359815,0.00189186554485662,0.0,0.019537506866455168,-0.009601442636296469,0.009867930221745268,1.0,0.05213173236846924,-0.004613473813964468,-0.058223062760379106,1
hf_transformer,0,taiwan,4754,0.5656843276977538,0.5648103473287498,0.017792003540586854,10.844973592698011,1.0,0.09547726440429471,0.0005336028065678208,0.0035212130563329813,1.0,0.20832528686523233,0.0029641134154365853,0.009455671256909524,1.0,0.16410491943359062,0.005406456802881567,0.010511145852768597,0.0,1.6960252685546884,0.02128213465952209,-0.03218067927771587,1
hf_transformer,0,uk,4754,0.048537899235496014,0.003172098996858864,0.05493400303195858,17.013835352993333,0.0,0.03082447355389406,0.01897912227137342,-0.015649772022127636,1.0,0.006275620238800017,0.01478866395576281,0.007805743830145086,1.0,0.014489031688110332,0.022621661220908505,0.006552723492360707,0.0,0.10555418659191895,0.04811196444865524,-0.07203027128090748,1
hf_transformer,0,australia,4759,0.08978656405003867,0.011040453603724722,0.05755530291503806,13.356139017325866,1.0,0.002231037788391177,0.0012866718583886738,0.0026926573610932176,0.0,0.03187658222198486,0.005595735151457125,-0.01462340765002501,0.0,0.08698579101562509,0.01209819342628332,-0.04369631874180408,0.0,0.1812698505401611,0.04570445023749043,-0.07009806612654523,1
hf_transformer,0,canada,4759,0.04357420026779175,0.002382583901541559,0.03182838916334391,8.96486610224827,0.0,0.008938816642761305,0.004889519061840613,-0.0016014562112378191,1.0,0.009226586914062418,-0.0032590512322433042,-0.010014703583665066,0.0,0.06054831504821778,0.014046654502376167,-0.030350110624771606,0.0,0.068787250137329,0.029976589412768834,-0.01979680849651068,1
hf_transformer,0,denmark,4759,0.3825893876902262,0.18840326513869446,0.051183574333163694,15.929718526691515,0.0,0.10602953643798863,0.004989217031489214,-0.009002187306429613,0.0,0.19279392547607443,0.010642519084454008,-0.014799459508288029,0.0,0.37578544464111285,0.011657239446552038,-0.03849481497384225,0.0,0.7348550750732423,0.03144352180073044,-0.06703020381937032,1
hf_transformer,0,eurozone,4759,0.09760475741068522,0.012675336393908032,0.04969009232733059,15.456632773596233,0.0,0.019082468795776464,0.000642152301378363,-0.008955584104881738,0.0,0.039762782287597664,0.004529063271736346,-0.01549636037074703,0.0,0.10644882469177253,0.01535795673279674,-0.03857579218381576,0.0,0.1945883537292481,0.03227509001172742,-0.0668485584534505,1
hf_transformer,0,japan,4759,7.822330912272136,92.02674315376397,0.05368151775158447,17.752909419092376,1.0,0.16636718749998636,-0.009319693420173374,-0.008200745529439508,1.0,1.236826171875009,-0.008322917668822613,-0.016672655115310568,0.0,8.570364990234367,0.001101899454430523,-0.05766838176225062,0.0,18.79370727539063,0.028127309157374204,-0.10178150375509026,1
hf_transformer,0,norway,4759,0.6547289426167804,0.5166111315546742,0.06263544405867934,16.570819354314715,0.0,0.17616220397949256,0.009437431507793546,-0.00716224555456136,0.0,0.35695132293701093,0.009048514383910532,-0.024891685252078324,0.0,0.6179748809814445,0.012210284476056201,-0.04710553086793845,0.0,1.1581535614013667,0.03662264780574364,-0.07467633772606935,1
hf_transformer,0,south_korea,4759,85.76951660156251,10636.967108165185,0.061273759983555096,18.384189562900094,1.0,7.1094238281250455,-0.00498509035742959,-3.472885447215532e-05,1.0,10.583544921875045,-0.005304165587405309,-0.012721661802468252,0.0,73.22529296874995,0.007559679903062351,-0.044235523659140775,0.0,193.033203125,0.036340270104719505,-0.10210522293715366,1
hf_transformer,0,sweden,4759,0.7200261221822101,0.6561595625152867,0.06521609536683745,17.862447116477835,1.0,0.071765173339843,-0.0011736923726732083,-0.007562078143493164,0.0,0.3356388763427738,0.001650602275905515,-0.028497975486101328,0.0,0.8118676101684574,0.012906650036090907,-0.060775581330626424,0.0,1.3595962615966801,0.04173857766938145,-0.08107910871713393,1
hf_transformer,0,switzerland,4759,0.033615504293441775,0.001714320974059696,0.034403123270109845,7.5744879072901625,1.0,0.003888065338134794,-0.0083792661853698,-0.004486547904700336,1.0,0.002253650283813524,-0.00658352365452464,-0.008842762389358024,1.0,0.03526657600402827,-0.0026729788226235694,-0.03848286058888206,0.0,0.06875431671142573,0.00456981277442913,-0.06594214191264115,1
hf_transformer,0,taiwan,4759,0.8469286855061849,1.1712442215192929,0.026652071724045726,16.23682817339874,0.0,0.17904968261719034,-0.0035018904822633292,0.002063343813245016,1.0,0.049169555664065,-0.000787067151941465,-0.0023166333678647628,1.0,0.2998840332031243,-0.0010446492825736168,-0.010412451529253536,0.0,2.07982647705078,0.014823935019554233,-0.05094025629499652,1
hf_transformer,0,uk,4759,0.05244338065671182,0.0036111753787168945,0.059876175155088626,18.382811326847325,1.0,0.00980735153436274,-0.0021325210916237104,-0.013167449220195254,0.0,0.033723057308776894,0.0009467849980712352,-0.03739862392709247,0.0,0.05103113019314576,0.01297186752093048,-0.04491890961445966,0.0,0.11030364980508423,0.036536543481400834,-0.08987312104676262,1
hf_transformer,0,australia,4764,0.08830611302057904,0.00967936344492978,0.057111106545923426,13.135915535483013,1.0,0.019775541458129986,0.01459533396884934,0.0020291188619396567,0.0,0.024809813613891674,0.011480054908271189,-0.004360187351101415,0.0,0.0850321007537842,0.01764480427605888,-0.03737270338550847,0.0,0.15837240356445315,0.043423327515187814,-0.05879215365791538,1
hf_transformer,0,canada,4764,0.03539388629277548,0.0014491820055443233,0.025947833412523755,7.2818651748720375,1.0,0.015416056823730484,0.013366578278002543,0.002128284965985944,0.0,0.024094780349731337,0.01153718685118484,-0.006116452377242756,0.0,0.05313407058715813,0.019666538313795806,-0.019361186340552037,1.0,0.03657489089965815,0.02816008500227351,0.0016883216225005093,1
hf_transformer,0,denmark,4764,0.3431108681233724,0.14689795776316222,0.046491987664697795,14.285967485014279,1.0,0.05257973785400427,0.013716312435374162,0.006760225154667822,1.0,0.05153688049316418,0.011955682467747452,0.005125977341963848,0.0,0.4071444900512695,0.016673618608078283,-0.03832988067907737,0.0,0.5747604644775395,0.019740312636260988,-0.05856674177405405,1
hf_transformer,0,eurozone,4764,0.08887497200012208,0.009962037263171873,0.04581460407582379,14.07418901918349,1.0,0.013806179618835346,0.013594317029737998,0.0066418476223290175,1.0,0.0178425655364991,0.014415167796378046,0.005428316604211204,0.0,0.10610415725708,0.017024947187431326,-0.03749872526554854,0.0,0.15186624832153317,0.0209491594265946,-0.05771813908036001,1
hf_transformer,0,japan,4764,9.167462626139324,113.47048325281438,0.06333216168379767,20.80570809775327,1.0,0.2534887695312591,0.009301658144349046,0.007597666087014634,0.0,1.057291870117183,0.005356733215163851,-0.0017981039941601306,0.0,9.949998779296862,0.020266421671087182,-0.04811924834419822,0.0,17.14370849609375,0.041358493221958184,-0.0768756268462656,1
hf_transformer,0,norway,4764,0.5393376962280272,0.3471686734715318,0.05222985065623033,13.65033215035062,1.0,0.23235188903808535,0.02762392492906844,0.005521692040658818,0.0,0.2614035903930656,0.020282447898571424,-0.00480377469182954,0.0,0.44379650268554727,0.026258319771361522,-0.016450481892286976,0.0,0.8249979888916013,0.04403224769621624,-0.035393083281611726,1
hf_transformer,0,south_korea,4764,107.81767985026042,14312.505753355561,0.07726071056437385,23.110083198989972,1.0,12.705883789062455,0.01091825423976637,0.0020379487025288883,0.0,27.58950195312491,0.01756457954686719,-0.0016897247657504983,0.0,106.29238281249991,0.016667596383790985,-0.059712741268917686,0.0,185.32929687499995,0.04486440912184586,-0.08826879809856386,1
hf_transformer,0,sweden,4764,0.6516235360209149,0.516952950915173,0.05982078582889761,16.165512046631502,1.0,0.13304075317382846,0.019652752695047578,0.0076852528712388225,0.0,0.2103771697998038,0.018819608205662804,-0.0001869614887579256,0.0,0.530246569824218,0.020506845273657842,-0.028024849832615238,0.0,1.0915162597656245,0.04116387120646811,-0.05923519142871829,1
hf_transformer,0,switzerland,4764,0.04207000130017599,0.0022817451450049247,0.04318927137055528,9.479516157966229,1.0,0.0024831943511962606,0.006834474411318099,0.004356214484657643,1.0,0.00455063514709475,0.006353354667166706,0.0018048736474835653,0.0,0.045635539436340355,0.004091917194321086,-0.04259452330660224,0.0,0.07457871398925786,0.011057382655536347,-0.06585076942110997,1
hf_transformer,0,taiwan,4764,1.260879128011068,2.2034308928196524,0.039648455453388874,24.172847253018258,1.0,0.12640365600586279,0.007054542431906675,0.0031393784331749256,1.0,0.15507125854492188,0.006858770191761346,0.0020525905603321903,0.0,1.3420005493164062,0.011683748670480726,-0.030486648774592017,0.0,2.5995400695800797,0.03442511576608333,-0.04699080955411037,1
hf_transformer,0,uk,4764,0.046437593253165675,0.002857386440697782,0.053847224339703396,16.277621780978194,1.0,0.023251266920928937,0.033170100551716805,0.006751810793724169,1.0,0.00040176839633176975,0.02769391748552948,0.027240825396348416,0.0,0.04325855064227291,0.033652343777157895,-0.016046214170686243,0.0,0.09376978661474611,0.0503396791811512,-0.058757923689642784,1
hf_transformer,0,australia,4769,0.10328216233571366,0.011881093955548852,0.06694683409060367,15.363667523762595,0.0,0.025478526840210014,0.010778146186799327,-0.005575790795056201,0.0,0.09070137367248532,0.018788694325330153,-0.04020196513946816,0.0,0.11815218643188485,0.026345757705156243,-0.050599855349214164,0.0,0.14677234855651866,0.056445603950433,-0.03706482832868598,1
hf_transformer,0,canada,4769,0.03542928739547728,0.0013255115467689722,0.025981129778738548,7.289148524736021,0.0,0.030523242568969655,0.01963321208731307,-0.002738713776957999,0.0,0.042558676910400495,0.011946449014477528,-0.019631891234867724,0.0,0.04495574302673333,0.01842386193874502,-0.014743928427232983,1.0,0.03055663528442376,0.03419206701715289,0.012122696399372683,1
hf_transformer,0,denmark,4769,0.45135932619730623,0.2237885528265289,0.06124610209638618,18.793064449926213,0.0,0.1664798530578615,0.011282787007594903,-0.010849508304129804,0.0,0.4114362823486326,0.012551632317913695,-0.0429907175159266,0.0,0.4603367370605467,0.011165351064832341,-0.05127754755463195,0.0,0.7134929092407223,0.026239969878093447,-0.07073254794669856,1
hf_transformer,0,eurozone,4769,0.12169238927841187,0.016243600112761783,0.06274632742942214,19.27113618554023,0.0,0.04010982666015628,0.009822497298981223,-0.010477158193268145,0.0,0.0969071922302247,0.007262806594710432,-0.04263660899071669,0.0,0.1190889392852783,0.010813540563181468,-0.05064110453726327,0.0,0.18625225906372078,0.026068703622307177,-0.07023139608352709,1
hf_transformer,0,japan,4769,11.079577697753908,138.58348971301666,0.07680935767169127,25.14528488707053,0.0,3.287537841796876,0.016919705803204885,-0.0052772367675817155,0.0,9.69822937011719,0.010258111315250534,-0.057156416370742195,0.0,11.15338134765625,0.015388350505613902,-0.06213047506899661,0.0,17.721199951171883,0.04735938894379088,-0.07456519026386614,1
hf_transformer,0,norway,4769,0.5818457745869954,0.3779142916584189,0.056637558303859206,14.726187579576397,0.0,0.2490048065185544,0.019364625639610323,-0.004656086883128573,0.0,0.5781346221923833,0.019820121883916367,-0.03683620358249246,0.0,0.6216694839477537,0.023133485891163715,-0.03771379037616009,0.0,0.8992927993774416,0.04909927305163091,-0.03777434200148524,1
hf_transformer,0,south_korea,4769,119.2456396484375,15573.813118241187,0.08602891351468292,25.559598919392922,0.0,31.42836914062491,0.009417775225476816,-0.012764772831595526,0.0,119.38007812499995,0.0130769860596225,-0.07360129662519964,0.0,118.55996093749991,0.019233885075299186,-0.06627110435352997,0.0,176.2691894531249,0.04412304175483089,-0.0824001802155727,1
hf_transformer,0,sweden,4769,0.7493452500915528,0.612409254772856,0.06911717085872535,18.58979763286556,0.0,0.3102750045776368,0.01870653255670596,-0.009461978965850888,0.0,0.7518728515624993,0.015352715085259198,-0.054568744540481356,0.0,0.8579886734008788,0.026150334663239693,-0.053148963140795785,0.0,1.0577943481445313,0.04362171401573164,-0.05328844556503405,1
hf_transformer,0,switzerland,4769,0.058534980026880894,0.0037454631677750283,0.06006762673304289,13.18952393207382,0.0,0.015880647087097133,0.007267304937865625,-0.00865283595723067,0.0,0.058550968551635774,0.006192934556133619,-0.053869662923836534,0.0,0.0629955089569092,0.008474815536554606,-0.056145338008221496,0.0,0.08485489730834961,0.018958494778311314,-0.06813812625805356,1
hf_transformer,0,taiwan,4769,1.5777938710530601,2.9069384887432017,0.04965436539435662,30.2485538815099,0.0,0.46360342407226796,0.010495514877302324,-0.003859866895515392,0.0,1.0104653930664078,0.005822716567836835,-0.025885556875248412,0.0,1.4348413085937501,0.008502510099940618,-0.03670427040241571,0.0,2.5873507690429705,0.03374948554048696,-0.04715267064259243,1
hf_transformer,0,uk,4769,0.05678905394481507,0.003760026753052858,0.06609234540480463,19.906086354943714,0.0,0.016843669174285925,0.0030306537216866136,-0.016093211879259845,0.0,0.0384241467495422,0.001140885787330378,-0.0431172314305985,0.0,0.06758233683404546,0.0053781894916604765,-0.07347453989943949,0.0,0.08407331500720217,0.022889384043412852,-0.07438022485226194,1
hf_transformer,0,australia,4774,0.07638135121536258,0.006093863057848606,0.05011185059386932,11.362055736925543,0.0,0.06624100830078117,0.04170738810589394,-0.001790366698654785,1.0,0.06135938163757326,0.04150069516085692,0.001265403440823106,0.0,0.0897807003784179,0.04291451600192909,-0.016434173658577734,0.0,0.09121534378051765,0.0591763054474774,-0.00014739973494747472,1
hf_transformer,0,canada,4774,0.013529580732981347,0.00026761944842530565,0.010001276200995644,2.7835480386404012,1.0,0.03237198505401606,0.024551569323081647,0.0004521988244522667,1.0,0.02126140708923341,0.024948263937300538,0.009192103292212404,1.0,0.01819645004272452,0.0257457355513495,0.012287099703315587,1.0,0.019361567687988357,0.03798740907749946,0.023836367444107998,1
hf_transformer,0,denmark,4774,0.3931675750478109,0.16427773881952293,0.05393654361539355,16.370158205759058,0.0,0.2956292442321775,0.039658052801211964,-0.0005831956508936741,0.0,0.2874217445373537,0.03567995859821534,-0.0035809061443105995,0.0,0.38880962066650415,0.03772567582113152,-0.01564832658437766,0.0,0.5034752975463865,0.04161019621009066,-0.027784647509083854,1
hf_transformer,0,eurozone,4774,0.09914711992263794,0.010493237792974485,0.05178180971727528,15.700880406431441,0.0,0.08054967231750498,0.041168125436228095,-0.0005017097846224999,0.0,0.08490771522521978,0.040614690360637556,-0.0033848138937910706,0.0,0.09202482929229738,0.03278547766195009,-0.015376323802621933,0.0,0.1398101577758788,0.04569802370404972,-0.027431973676625247,1
hf_transformer,0,japan,4774,10.296121297200523,118.88156846614407,0.07245484315466405,23.36721762440695,1.0,6.393654785156258,0.05418862101765962,0.009660873764762318,1.0,6.562418212890634,0.05172499425432123,0.005879206753505807,0.0,11.564506835937493,0.05884948356907229,-0.02280140237989887,0.0,16.852453613281256,0.07370823176648883,-0.04572077752123297,1
hf_transformer,0,norway,4774,0.42229267832438144,0.20025377049089527,0.04161806226778879,10.687988924385927,1.0,0.3315387237548837,0.041339024229273276,0.008738765183807376,1.0,0.1731865112304689,0.04206413211184438,0.025179664362095743,0.0,0.5988073394775384,0.042428608718168254,-0.017181618435321608,0.0,0.6049025115966788,0.05573821369408362,-0.003676883239800181,1
hf_transformer,0,south_korea,4774,93.42864908854168,9564.704267689702,0.06869701249379223,20.025879397554313,1.0,77.27541503906241,0.062281017631858296,0.005634669927309662,1.0,61.60800781250009,0.06141303232101529,0.016473969676222232,0.0,112.77438964843759,0.06899243941779337,-0.014207931016436873,0.0,149.9168945312499,0.08178873187357046,-0.028893848356272945,1
hf_transformer,0,sweden,4774,0.548990611928304,0.3251698217819464,0.05128546850332574,13.619388895630296,1.0,0.531311169433593,0.057911549451199223,0.008407420960149533,1.0,0.3047695037841791,0.04885364508554377,0.020498284226514413,0.0,0.6636008666992179,0.05967715294160394,-0.0024303340650401292,1.0,0.6128284057617179,0.07057293861221169,0.013993934545111601,1
hf_transformer,0,switzerland,4774,0.04831948915163675,0.002433442039034224,0.0501630902470987,10.887695840306485,0.0,0.048203219699859634,0.0495558433176096,-0.0001586000902058581,1.0,0.03632200756073001,0.042760303249189884,0.005272327286612686,0.0,0.04289827308654781,0.037556470963857,-0.007108783252243074,0.0,0.06197605876922607,0.05108685116362861,-0.01319659442833568,1
hf_transformer,0,taiwan,4774,1.4693653640747069,2.304904491068763,0.04654217288541968,28.16982509709818,0.0,1.2482481994628891,0.02997035067841094,-0.009417713273855025,0.0,1.0464513854980453,0.026691488661795416,-0.006332778792202217,0.0,1.6142038574218738,0.027521619190756158,-0.023843300155690566,0.0,2.0402685546875006,0.04398160195574051,-0.02029055118973376,1
hf_transformer,0,uk,4774,0.049595844567227175,0.00264850869875169,0.0582863655939049,17.384673563341313,1.0,0.027432628958282468,0.03542265742184891,0.003743092417024724,0.0,0.03846436351751714,0.03219897851622201,-0.01265626002382068,0.0,0.05920233685525511,0.029343269686635986,-0.040764253212803546,0.0,0.056873481655578595,0.04255496691321244,-0.023787172881929688,1
hf_transformer,0,australia,4779,0.04353747553888957,0.002124020566513613,0.028910766355297227,6.476387440739615,1.0,0.013013233795166057,0.023529809936966663,0.014988742085520205,0.0,0.038141820373535085,0.0168601700451795,-0.00855415366125679,0.0,0.050830996017456,0.023024992614705857,-0.010776879745526657,0.0,0.07436414279937753,0.03576794536642186,-0.013431700614553748,1
hf_transformer,0,canada,4779,0.009020396874745658,0.0001190526877798743,0.006666756589288605,1.8558378507065079,1.0,0.0013136941909790423,0.00694943409210135,0.00792341167495096,0.0,0.011789316177368114,0.007619031128887128,-0.0011584239258119978,1.0,0.012825127601623576,0.005121960722337149,0.014607459529230907,1.0,0.008430789756774804,0.018193799538292033,0.011990862926790816,1
hf_transformer,0,denmark,4779,0.2644097373453776,0.07646361971399877,0.03678115405074901,11.009120553648591,1.0,0.0957282066345213,0.02479141253600189,0.011696363748259539,0.0,0.18090082321166978,0.020511212430384354,-0.004488992769175954,0.0,0.2782329551696776,0.021156870005650964,-0.01753216601686888,0.0,0.3854539093017575,0.024121965264587417,-0.02972104609175934,1
hf_transformer,0,eurozone,4779,0.06666421304066976,0.004923471800108678,0.035292147220902716,10.556906112422904,1.0,0.015562961196899483,0.019860257277390547,0.011744703796876345,0.0,0.048484408187866146,0.02114299409009617,-0.004327000021759929,0.0,0.08101727638244638,0.0251459318417286,-0.01761018185814811,0.0,0.09876113052368174,0.022892933638462353,-0.029597741334053938,1
hf_transformer,0,japan,4779,7.466423278808596,65.6927882667588,0.05357280319401491,16.94517115676329,1.0,1.8055395507812477,0.027189209210553466,0.014548549843925108,0.0,4.211151123046875,0.025243618185583055,-0.004549777673167845,0.0,7.275736694335933,0.027399268058054,-0.024532672563072965,0.0,13.066810302734382,0.03599453298679783,-0.05843548739053282,1
hf_transformer,0,norway,4779,0.33720650995890283,0.12656496928738806,0.03348235111941584,8.534506110719615,1.0,0.06636953887939434,0.005972851492863787,0.012438542499975811,0.0,0.35563578338623003,0.005772994580053204,-0.029610766072468327,0.0,0.285669024658203,0.008850776304145033,-0.019383770599744308,0.0,0.5295789947509757,0.020415786322991618,-0.03194789682670584,1
hf_transformer,0,south_korea,4779,66.99705078125,5343.95907728632,0.05021718196667062,14.360422333257098,1.0,13.980273437500045,0.020989258030543922,0.010723068074030943,0.0,44.97434082031259,0.020838796985779506,-0.012575476822128624,0.0,60.655566406250045,0.028214289730941783,-0.016777402259623885,0.0,114.9012451171875,0.02871875077848631,-0.0582539867595659,1
hf_transformer,0,sweden,4779,0.335372802327474,0.12867030566444543,0.0316923574835296,8.319946681550396,1.0,0.013254986572265537,0.012627374600564885,0.01139142956982787,0.0,0.3762856140136712,0.018997806936359822,-0.01646560400214501,0.0,0.38489257507324304,0.012919711752860797,-0.023595098239725054,0.0,0.4568790130615241,0.026064898291833016,-0.01684942591349253,1
hf_transformer,0,switzerland,4779,0.027460052715937298,0.0008289102406957884,0.028940976966711923,6.187497156512879,1.0,0.009476772308349646,0.01836817799993585,0.008534753485153016,0.0,0.016252597236633304,0.012544012470754814,-0.004479703926137483,0.0,0.02865056152343748,0.014720547046388413,-0.015420383453441558,0.0,0.044235632228851296,0.019357758330300782,-0.02734639104100088,1
hf_transformer,0,taiwan,4779,1.0033927352905274,1.0818235468868738,0.032088043462293,19.236466673237842,1.0,0.5657969360351558,0.019014559818038294,0.0010422262894947795,0.0,0.9797243041992196,0.022076966676124143,-0.009153972059642445,0.0,1.0131900482177727,0.017593545424028294,-0.01486920112505691,0.0,1.5460704345703142,0.03513664985126671,-0.013941504431596375,1
hf_transformer,0,uk,4779,0.038837642877510584,0.001598909063363492,0.04604330937089153,13.613635361727594,1.0,0.016936039536499026,0.03169815598840489,0.011934775158283019,0.0,0.038047217616851814,0.031082316338018,-0.013904725125889163,0.0,0.0484948868187256,0.03341793443759989,-0.02414645900213494,0.0,0.03717003183670042,0.03522542448139872,-0.008515663361603445,1
hf_transformer,0,australia,4784,0.02918624663925172,0.0010301942280885224,0.019532797929743453,4.341580186658652,1.0,0.0270227392578124,0.0265524742877723,0.008634442701845907,0.0,0.0290798805236816,0.01588060279066138,-0.003623755765517133,1.0,0.022005682373046787,0.018252898513808003,0.003563601185790716,0.0,0.055739848251342705,0.023878904737121405,-0.013541034911182257,1
hf_transformer,0,canada,4784,0.013398612505594886,0.00022929249505461633,0.009909183636610886,2.7566029056269956,1.0,0.0034262470245360888,0.007098505118114591,0.004551227732184778,1.0,0.009158697509765723,0.0011145795901742655,0.007932559332864532,1.0,0.01767098236083986,0.0050937668297811765,0.01815537085242444,1.0,0.011208822250366124,0.01628751569219468,0.008006746060892965,1
hf_transformer,0,denmark,4784,0.22355793846130367,0.054138177854126966,0.03128796367297227,9.308190840304814,1.0,0.17093714599609378,0.024534180151345005,0.0009161896943598225,0.0,0.16899909515380873,0.017224278978098834,-0.006296105223633038,0.0,0.32596839904785124,0.022836975256870545,-0.02277377295166893,0.0,0.22885288696289052,0.013642075129461875,-0.01845954217758529,1
hf_transformer,0,eurozone,4784,0.05747097522099814,0.003566150902734174,0.03059741824714523,9.101070303302345,1.0,0.03583740253448475,0.01972354520138824,0.0008509507228021812,0.0,0.042389085388183645,0.01601362861441511,-0.006432091780647012,0.0,0.07668849220275886,0.01771363078882155,-0.023199275009692155,0.0,0.0627819601058961,0.01477863302270676,-0.01868962324854473,1
hf_transformer,0,japan,4784,7.671691304524743,65.60926078217791,0.055479229480732105,17.41103033710781,0.0,3.4153576660156375,0.021036474629358776,-0.0032728544382902617,0.0,6.143499755859381,0.0168659419118774,-0.027483757355215577,0.0,5.062233886718758,0.02378829445486083,-0.012356094915703384,0.0,10.657819824218763,0.02711779800730112,-0.05029218931069343,1
hf_transformer,0,norway,4784,0.21993346211751283,0.054019881061479154,0.02197336900201669,5.566391575958593,1.0,0.20628370666503848,0.030002370144721457,0.009520017672964919,0.0,0.2722397125244136,0.023584237788653584,-0.0037135724892964337,0.0,0.3040265045166013,0.026506541350291065,-0.003937232689388084,1.0,0.13870143432617255,0.029630571036824902,0.015899784121880332,1
hf_transformer,0,south_korea,4784,67.77676350911457,5139.925611562906,0.051204325447258926,14.527549153619837,1.0,22.52001953125,0.029164110327461572,0.012500866660190003,0.0,55.218994140625,0.023607763499327607,-0.017991032597828905,0.0,57.95986328124991,0.027945145815817203,-0.015570886592035609,0.0,103.30751953124991,0.03588326931824733,-0.04240195409763049,1
hf_transformer,0,sweden,4784,0.227685557200114,0.06195661827559238,0.021634286764719835,5.648435660010156,1.0,0.24701153259277397,0.02895379964634348,0.0056634068584937415,0.0,0.24791146240234418,0.02169056552870096,-0.001858107426162741,0.0,0.3646902481079106,0.023779881308487676,-0.010982522611386193,1.0,0.12459354553222646,0.02611016984914656,0.014396755017557614,1
hf_transformer,0,switzerland,4784,0.01995170337994893,0.0004468753893587566,0.021165775308140067,4.495661723889325,0.0,0.013925017070770318,0.012988406050862348,-0.0016387813251823049,0.0,0.012344778919219923,0.007204891805472388,-0.005827213607405438,0.0,0.023006682586669935,0.005222639309663046,-0.01925238783308562,0.0,0.026868711853027305,0.011938500104227416,-0.016509934577663404,1
hf_transformer,0,taiwan,4784,0.8141325754801432,0.6914847154567838,0.026158741454398737,15.608080071744283,1.0,0.678348754882812,0.025853640051025428,0.004216722863671352,0.0,0.5931779174804674,0.00989736421823372,-0.009303905760371179,0.0,1.142156646728516,0.02789649083131486,-0.00873211776377616,0.0,0.9878838348388683,0.026359480679778186,-0.005291962417390519,1
hf_transformer,0,uk,4784,0.022714101699092607,0.0006003513287960946,0.02720758747636014,7.961901783686838,1.0,0.018771049948455798,0.026945602108734222,0.004599615355524724,0.0,0.029509494207397458,0.025377139239684085,-0.0100371059357102,0.0,0.03329928449005126,0.029678400909901686,-0.010200812513354059,1.0,0.017253039867919928,0.02450613707236135,0.003935300525881641,1
hf_transformer,0,australia,4789,0.026310776954650894,0.000993989806321794,0.01774738822238082,3.9138416574703494,1.0,0.024152788314819373,0.019645765738394615,0.003475277665764055,0.0,0.029183389129638693,0.01632002033453489,-0.0033174951813950892,1.0,0.006301545028686517,0.018102982766506716,0.013902704784272822,0.0,0.06868503067016607,0.019461283190435143,-0.027236059114102838,1
hf_transformer,0,canada,4789,0.008234530188242599,9.398116510447432e-05,0.006076815714782276,1.6941552592780897,1.0,0.005177292251586918,0.006748667085587606,0.002926198958077853,1.0,0.008024165344238332,0.00556784831602484,0.011470426535346115,1.0,0.004561214065551766,0.009884061978169123,0.01322911969373857,0.0,0.022560306930542007,0.010707589850551365,-0.00599015836355721,1
hf_transformer,0,denmark,4789,0.23054463058471672,0.05591338077885214,0.03242398470887881,9.599092894934557,0.0,0.2019273811340332,0.023008328930300907,-0.0051745735968821175,0.0,0.1399030960083012,0.013296982398099764,-0.006335997462971735,0.0,0.25326020431518526,0.023343080707965556,-0.012120673585047472,0.0,0.33879779739379856,0.014997110285721324,-0.03314405853147087,1
hf_transformer,0,eurozone,4789,0.06364581357955934,0.004339590752041634,0.0340120433957664,10.078914124408424,0.0,0.03986950244903564,0.016105814344604195,-0.005127183904902598,0.0,0.05696003742218014,0.023869445962416014,-0.006365940997656522,0.0,0.06791553611755363,0.02410758560741951,-0.012040711671400833,0.0,0.09701913852691657,0.018920829919471468,-0.03340494896332925,1
hf_transformer,0,japan,4789,6.647202189127607,51.01466261945565,0.04867824224726544,15.08593534042881,1.0,4.3982171630859455,0.03775909476258683,0.005997846987243727,1.0,3.498780517578126,0.0335249377403393,0.008233221793514114,0.0,8.48654663085938,0.03813808430294567,-0.02405524424507779,0.0,12.776046142578124,0.034932044251042876,-0.06055311671474595,1
hf_transformer,0,norway,4789,0.16839673029581698,0.03696064734045554,0.01685980733068376,4.262026032385941,1.0,0.2177242355346678,0.02606402677166536,0.004265372053251779,1.0,0.14976128692626922,0.029286157819884355,0.01439156919237929,1.0,0.20467897186279238,0.023694704065980156,0.0031665348364260976,1.0,0.21258857116699303,0.025371947265350542,0.004078098078472246,1
hf_transformer,0,south_korea,4789,64.38695068359372,4807.758235358892,0.04919734725505644,13.80096278545101,0.0,47.50185546874991,0.030418668051218067,-0.005669889642199407,1.0,46.091992187499955,0.03591792188136203,0.0011147630361215404,0.0,74.88356933593741,0.03850564197088376,-0.01851653159498966,0.0,116.11899414062509,0.043257667685553655,-0.04616476738771291,1
hf_transformer,0,sweden,4789,0.20927047485351563,0.05333054712944016,0.019912276325532052,5.191593297729227,0.0,0.27663592071533216,0.02201017809936498,-0.004344231229149659,0.0,0.25592017517089793,0.017806444750315526,-0.006654058197685666,1.0,0.22560301208496014,0.026552171902219313,0.005210279897645665,0.0,0.2843640502929681,0.02649236520636876,-0.00048550107307210566,1
hf_transformer,0,switzerland,4789,0.025420628836949663,0.000675394469022189,0.026962731245420143,5.727959457051848,0.0,0.023173039436340304,0.021365115772651717,-0.0030329658496120178,0.0,0.026186835384368945,0.018932214765544422,-0.008751389897826912,0.0,0.02501400547027588,0.015147688221954945,-0.011381063777505935,0.0,0.027846853733062726,0.01371578625955536,-0.015905227254445535,1
hf_transformer,0,taiwan,4789,0.58973514251709,0.3770763553744411,0.019057737569721303,11.306061939727371,0.0,0.7411937255859371,0.019169714935048404,-0.004881654382697119,1.0,0.5959485321044937,0.02089173881115503,0.0016328133730214537,1.0,0.7447837219238274,0.026583523896717313,0.00259492422043146,0.0,1.1588425598144525,0.03068248167211852,-0.006739000884312262,1
hf_transformer,0,uk,4789,0.017281083107115684,0.00035880945661397284,0.020792617928209915,6.05748306656923,0.0,0.023642849388916032,0.028273994527767445,-0.00020462794053564815,0.0,0.022454915303558365,0.020946284264228017,-0.006283426569972729,1.0,0.009178438952636703,0.02640640782729697,0.015426167699995715,1.0,0.024313498524475063,0.029348330145104944,8.186339472746583e-05,1
hf_transformer,0,australia,4794,0.021873289726257336,0.0007620181648842299,0.014898468416673432,3.2537462753037913,1.0,0.008085111312866156,0.013563253843006155,0.008128282765201871,1.0,0.0005837318038941497,0.017756907870566045,0.017367137978128,1.0,0.015705394897461034,0.014997063545636173,0.0044276511910847065,0.0,0.052428426551818896,0.013377748210348194,-0.02240938162986873,1
hf_transformer,0,canada,4794,0.007206109307607019,7.728191922659009e-05,0.0053265813207306,1.4825700681559704,0.0,0.010063275146484418,-0.004383258632727699,0.003002565419451357,0.0,0.008905454254150458,-0.00220673408849577,0.004317922399629416,1.0,0.004779724502563587,-0.001335943129881077,-0.004852415505833967,1.0,0.019910239028930743,-0.0007995868630372564,-0.015521949537981973,1
hf_transformer,0,denmark,4794,0.1856691054280598,0.03721417805521253,0.026323715097472614,7.730628929431651,1.0,0.10738778686523442,0.016889499740661115,0.0018123642148275805,0.0,0.14506868438720666,0.013453031587160831,-0.0070398288306805865,0.0,0.20894866790771527,0.017469133309714557,-0.012061909308599917,0.0,0.27663240280151324,0.01260864879501707,-0.026873569688365104,1
hf_transformer,0,eurozone,4794,0.04884632553736369,0.002551813515243044,0.026332040338975033,7.735275781628172,1.0,0.039790938949584964,0.022983521146694236,0.0018037668609294595,0.0,0.050294064331054766,0.019846513923716953,-0.007084940398956025,0.0,0.05160843620300293,0.01588376486635329,-0.011872632142626939,0.0,0.05761946487426761,0.00420524104995491,-0.02720513012121281,1
hf_transformer,0,japan,4794,6.322915995279951,47.109228174261276,0.046849186497873334,14.34996245845731,1.0,1.640755615234383,0.017854628992126215,0.005985200889589623,1.0,1.6089410400390705,0.012216454244046961,0.0005123325882394814,0.0,5.923986816406256,0.018524863466542824,-0.02498091506284606,0.0,9.108737182617176,0.017696273978841333,-0.05006298235118638,1
hf_transformer,0,norway,4794,0.1296526263936361,0.021055803802447846,0.013027616310358309,3.2814346685127522,1.0,0.04776544494628965,0.007090542977606746,0.0023269382251590535,0.0,0.07325825347900405,0.00018117040324878715,-0.007185033411703127,0.0,0.1505819946289062,0.005613644150547799,-0.00950388967386937,0.0,0.11271099700927678,0.0028777044236287194,-0.008447360198764976,1
hf_transformer,0,south_korea,4794,64.25042480468748,4802.810577513096,0.049573169008310075,13.771699269256631,1.0,22.4600830078125,0.021481908267474804,0.00444666658249022,1.0,24.25258789062491,0.022566146879187666,0.004178893117240568,0.0,70.17626953125,0.025209740208852274,-0.028802240375729857,0.0,102.64472656249995,0.027767728828338747,-0.05204375132156359,1
hf_transformer,0,sweden,4794,0.09747941833496103,0.014742468428468238,0.009340893317565182,2.418274700473474,1.0,0.13248724060058592,0.014794233142975493,0.0020829464539440265,1.0,0.11284805908203133,0.01655743020890969,0.005759784374926322,1.0,0.06748082275390566,0.01808682972447576,0.011653960754107524,0.0,0.22900406646728477,0.019247643583708566,-0.002727430761850552,1
hf_transformer,0,switzerland,4794,0.014890853144327794,0.0002446913296646258,0.015941089217374225,3.3553144431913067,1.0,0.009658086204528793,0.013953102833345112,0.00369132423960218,0.0,0.010186013031005858,0.010382205851662113,-0.00048248318945992737,0.0,0.021492661476135266,0.012879147862955543,-0.010127214327620676,0.0,0.018505611801147515,0.00689610686081727,-0.013000857425300345,1
hf_transformer,0,taiwan,4794,0.34484933776855475,0.14165919371159139,0.011214555417461991,6.611252563386553,1.0,0.3653176269531251,0.014088227685615892,0.002265191187515887,1.0,0.2426470947265642,0.009762195143704284,0.0018907294718502965,1.0,0.3125215454101564,0.013322339552556442,0.003208863770643197,0.0,0.5744967041015627,0.009628076096083694,-0.009112427024787867,1
hf_transformer,0,uk,4794,0.008974754968203736,0.00014002138733364597,0.010895968382384566,3.145892297926455,1.0,0.01867650100527951,0.025885588167280933,0.003259190018494604,1.0,0.010281036240570085,0.024033624087784866,0.011618524233729274,1.0,0.0022602093634643827,0.022395559698266995,0.019674920639107713,0.0,0.021510300541564886,0.02013433373671369,-0.006122922659866778,1
hf_transformer,0,australia,4799,0.02844359649022421,0.0012782848023239347,0.01950318503083231,4.2311077709181255,1.0,0.014668550338745145,-0.012715270058451543,-0.002842402504924897,1.0,0.008493809394836349,-0.008992054981687212,-0.0032845365457296175,1.0,0.004660745925903376,-0.012385374983376135,-0.00923885521292622,1.0,0.07987165885925296,-0.005040492040313345,-0.06014305026475108,1
hf_transformer,0,canada,4799,0.013301546535491952,0.0002229637354790204,0.009833282309682227,2.7366327531122097,0.0,0.0041204784393311655,0.0027132824824376493,-0.0002921520672280936,1.0,0.006855321121215896,-0.0028848515873241805,-0.00791822019013243,1.0,0.0020743585586546764,-0.009225141749838692,-0.007697420895793104,1.0,0.028958877944946337,-0.005338738869620939,-0.026829117559568294,1
hf_transformer,0,denmark,4799,0.13569994346618647,0.022776678016287296,0.019406552295931058,5.650083282640734,1.0,0.07886307449340801,0.014693505662633756,0.0035403310178551877,0.0,0.08129416809082013,0.011493230385858836,-4.281707831191252e-05,1.0,0.007870572662353581,0.010127454340072478,0.009014861947462859,0.0,0.246115469360352,0.014349218140722054,-0.020889749462149568,1
hf_transformer,0,eurozone,4799,0.03358666543960573,0.001415573698144178,0.01827998368116503,5.318764859025095,1.0,0.0218763816833496,0.015150401202816181,0.0033864817051867248,1.0,0.008462978363037,0.004744880545459719,0.00016281341618516382,1.0,0.01039249610900872,0.014651026367138317,0.009076972930196648,0.0,0.04659782371521004,0.004493578775860123,-0.021006640928535564,1
hf_transformer,0,japan,4799,6.2756534016927095,43.71720992835766,0.04677855611339827,14.242699220392385,1.0,0.882304077148433,0.008831512948413512,0.002411752977820566,1.0,3.6765502929687557,-0.001013572482278814,-0.028312003628108946,0.0,3.3749542236328125,0.004271071030208966,-0.02062614706601855,0.0,8.116857910156256,0.010386424915322625,-0.05019055156415201,1
hf_transformer,0,norway,4799,0.0886457153828939,0.012403951173954087,0.008907434789329137,2.2435729361115366,1.0,0.013861622619629088,0.005079785642450691,0.0036869557929062177,0.0,0.03275704956054604,0.0005707602794064098,-0.002738744820807344,1.0,0.32976439514160205,0.001843726985319632,0.034523208785985054,1.0,0.0020538864135737356,-0.0017327121974277536,-0.0015250910688019489,1
hf_transformer,0,south_korea,4799,65.12937255859373,4758.092369237362,0.05064391669346647,13.960096531640215,0.0,17.153027343749955,0.010051863949596493,-0.003026996199825276,0.0,32.13564453124991,0.00468382172755194,-0.02009496476589983,0.0,57.3404541015625,0.015142596982156685,-0.029034798458257155,0.0,97.05942382812509,0.016324383993773277,-0.059546792140605535,1
hf_transformer,0,sweden,4799,0.07676215835571298,0.00961155433063308,0.007368663785236603,1.904319790537591,1.0,0.003336840820312048,0.0028614404737458245,0.002541297428672548,0.0,0.18294033203125082,-0.004815911982871571,0.01271363556966445,1.0,0.2369972351074221,0.006205209828819929,0.028610768378187466,0.0,0.09073574066162138,0.0030867370752035565,-0.0056533571371931626,1
hf_transformer,0,switzerland,4799,0.008872796287536615,9.789111804608423e-05,0.009543500707998724,1.9992824619592835,1.0,0.01346944122314453,0.015398491443986648,0.0010718689058811881,1.0,0.004844887542724607,0.006248747865448937,0.0010718689058811881,1.0,0.0034780336380004773,0.0017914838959331605,0.005507888045292748,0.0,0.014104054641723596,0.0050321505846024316,-0.010132126560876852,1
hf_transformer,0,taiwan,4799,0.20848686625162774,0.06876408424025839,0.006814836806923287,3.9969899256804937,1.0,0.057851593017577585,0.002792111876419442,0.0009114880672731217,0.0,0.07343231201171818,-0.0014155042688546718,0.0009765625776101702,1.0,0.007073944091796847,0.0001929810818516641,0.0004232942120739381,0.0,0.4650835571289065,0.004195179355458368,-0.011003156496638128,1
hf_transformer,0,uk,4799,0.006400437206109618,5.869939698415795e-05,0.007792553822893059,2.2435248852361847,1.0,0.0005911885252685156,0.00240541285419578,0.0016885286367254023,1.0,0.0015703030581665223,0.005580160908091103,0.00747582053973372,0.0,0.019023798003417913,-0.0005627484020409502,0.02230266318588546,1.0,0.008261715209777809,-0.006694044981913029,-0.016851695500552533,1
hf_transformer,0,australia,4804,0.04292842778905235,0.0024156738690194147,0.02944233498219598,6.385788958649556,0.0,0.009546013183593827,0.006375919284512264,0.0,1.0,0.010981159591674894,-0.0045996150558599135,-0.012018897438783252,0.0,0.052837617568969764,0.001658746652861326,-0.03432608263832538,1.0,0.05173402515411385,-0.004772716802440947,-0.04022387624442459,1
hf_transformer,0,canada,4804,0.01731395580291748,0.0003648210868595723,0.012819745640965578,3.5621375612056814,0.0,0.011427951049804763,0.008376691079361478,0.0,0.0,0.011481713104247948,0.005784798514965519,-0.002653401225104867,0.0,0.020362392425537168,0.0015169324397544652,-0.013561790781420028,1.0,0.0207237476348876,-0.0007188570903682756,-0.016101854154506004,1
hf_transformer,0,denmark,4804,0.15441517753601072,0.027691187444634027,0.022143106169778343,6.429321861873976,0.0,0.08455001220703107,0.01199530776184604,0.0,0.0,0.15136215057373015,0.01597304922708419,-0.005517304726986118,0.0,0.1842501823425291,0.008689893932973885,-0.01772582895280242,0.0,0.15628427734375006,0.0008894018848054669,-0.021648786897504897,1
hf_transformer,0,eurozone,4804,0.03848619397481283,0.0018245563752593878,0.021006063910620307,6.0946513561740705,0.0,0.016969038009643445,0.009166400394393304,0.0,0.0,0.0313265811920167,0.0113994811771817,-0.005550581551219809,0.0,0.048862911605835,0.00862524409948449,-0.018015052171854534,0.0,0.056076524162292474,0.007932919434514707,-0.022722637294596212,1
hf_transformer,0,japan,4804,5.010579488118492,28.69794731072813,0.03767520206509899,11.37159304398336,0.0,3.1894287109375057,0.0237240885046068,0.0,0.0,3.424445800781257,0.018787004024574037,-0.006835503115794095,0.0,5.538901977539069,0.018709111751126745,-0.02307179660050003,0.0,4.522011718750008,0.020208514484511855,-0.013718052101063267,1
hf_transformer,0,norway,4804,0.08894719095865883,0.012306693328224618,0.008935855291105405,2.2512031124800536,0.0,0.10266137695312416,0.010335652955094546,0.0,0.0,0.07133467102050695,0.004123921409246644,-0.0030913492248099013,1.0,0.022317230224610185,0.00731691240648239,0.005072374066854211,1.0,0.197081018066406,0.004621091136259276,0.02427909130263687,1
hf_transformer,0,south_korea,4804,65.69680419921875,4673.092212448775,0.05142977856684565,14.081722154105803,0.0,26.61025390624991,0.02056180344695322,0.0,0.0,47.1336669921875,0.023710478446990514,-0.012886168727070615,0.0,68.95156249999991,0.026160823175185192,-0.027704795532272834,0.0,90.13527832031241,0.029716656876442274,-0.04103671036418136,1
hf_transformer,0,sweden,4804,0.09233022654215504,0.012350062295053917,0.008859685390696677,2.2905332710197204,0.0,0.06783756408691488,-0.006464479223202207,0.0,1.0,0.022791259765625682,-0.008160099060264537,-0.010345076232089778,1.0,0.08383816986084014,-0.014122841703727738,-0.006078553770208248,1.0,0.008893188476562841,-0.005619294896015224,-0.00477016557488637,1
hf_transformer,0,switzerland,4804,0.00794625809987386,8.508400262876319e-05,0.008574206447340601,1.7905081940848233,0.0,0.007182164478302,0.007664764946015292,0.0,0.0,0.010904357242584206,0.002839563359936098,-0.008877469326052455,1.0,0.0028036188125610817,-0.0019263077126651334,-0.004940137845923533,1.0,0.006239691829681426,-0.00489740653123817,-0.011637435360849645,1
hf_transformer,0,taiwan,4804,0.33989023742675795,0.19181826659702045,0.011151090639698805,6.516179552491576,0.0,0.26661552429199276,0.008637246455140937,0.0,1.0,0.17629275512695486,0.005735683298471275,1.6267965935311194e-05,0.0,0.3906036987304695,0.0033814149673374685,-0.00936533850017764,0.0,1.2007442321777333,0.005895851314815781,-0.033716449069412936,1
hf_transformer,0,uk,4804,0.009249126241818239,0.00012098049194810622,0.011271976546177545,3.242066787312976,0.0,0.0007388404850768859,0.0008906817924121817,0.0,0.0,0.00824435634307863,-0.007351389092465485,0.002615249496505601,1.0,0.0017286338408813995,-0.005747056037011875,-0.00784609238366399,0.0,0.003912087602569558,0.0008770354846000515,-0.0038481476935622494,1
hf_transformer,0,australia,4809,0.05170825413767498,0.0031120007119196124,0.035414232706246315,7.691826031132161,0.0,0.012776689910888761,0.008627190889145528,0.0,0.0,0.023154942626953057,0.0070515357929351805,-0.008663487957885142,0.0,0.03314581634521474,0.006775998404975506,-0.015803041035260743,0.0,0.05287115901947015,0.01536431277267938,-0.02058198964792501,1
hf_transformer,0,canada,4809,0.023144095261891682,0.0006171303553618493,0.017111068544067253,4.761618430296262,0.0,0.01816995029449453,0.013320933340244654,0.0,0.0,0.01640563201904288,0.006954346107719119,-0.0051425407917098315,0.0,0.02206030349731436,0.01178336258544006,-0.004438041235328118,0.0,0.04132746181488045,0.01594472517254311,-0.014533680840193878,1
hf_transformer,0,denmark,4809,0.17423703079223626,0.03611852007227978,0.024961496042989743,7.254636293503525,0.0,0.12012740936279265,0.017093313793041312,0.0,1.0,0.042647023010253804,0.01283333841129839,0.006772511144997987,0.0,0.19836975250244127,0.017980668734851754,-0.010379680241854431,1.0,0.13105498504638646,0.019710883118282667,0.0010972973880149282,1
hf_transformer,0,eurozone,4809,0.04474973675409953,0.0023076487835359217,0.024396044852246907,7.086542357898401,0.0,0.03474919910430918,0.018784668801022517,0.0,1.0,0.013648063278198341,0.013952609560053694,0.006581118063749235,0.0,0.049426179885864174,0.016037353471057558,-0.010863410266476407,0.0,0.03036844787597648,0.016086900718689248,-0.0003547599267649439,1
hf_transformer,0,japan,4809,5.545662048339843,33.70749005470825,0.0416605042758773,12.58597176688329,0.0,3.773872070312507,0.02820046008053628,0.0,1.0,2.6801892089843875,0.023631476385761293,0.0035935204066715643,0.0,7.078548583984372,0.02690781135817988,-0.026728675396019703,0.0,5.153287353515623,0.033670452242432314,-0.004824229219114738,1
hf_transformer,0,norway,4809,0.12353961573282894,0.029544354820693442,0.01231302989906426,3.1267178249799534,0.0,0.1258619537353507,0.012695634511802742,0.0,1.0,0.05512524108886652,0.012726987082744822,0.018236914876117886,1.0,0.08324583892822268,0.016705269826046105,0.00836004404012579,1.0,0.08415946197509783,0.019535926065600638,0.027878985827327184,1
hf_transformer,0,south_korea,4809,61.421070963541666,4024.0629687805176,0.04821207872509292,13.165243975847684,0.0,44.478515625,0.03457028685006241,0.0,1.0,27.75039062499991,0.024914706472507573,0.003276555839806712,0.0,73.21535644531241,0.03180618108819208,-0.02591617618112638,1.0,52.025097656249955,0.04085053800375196,0.0005534253214740313,1
hf_transformer,0,sweden,4809,0.13214532816569005,0.024246722279766823,0.01265124533784282,3.2782684729484215,0.0,0.0873988800048835,0.008353027071633663,0.0,1.0,0.07288665618896495,0.007864130040358954,0.014780576928905208,0.0,0.14303442687988266,0.008608592843547317,-0.005094774094548067,1.0,0.11136051483154219,0.013101620060276957,0.0024969998667786386,1
hf_transformer,0,switzerland,4809,0.012576118453343698,0.0001894102096481895,0.013545365207311847,2.833741725662132,0.0,0.014668748188018776,0.015730305570432958,0.0,1.0,0.0018470992088317484,0.008338569213582113,0.00635675253719997,0.0,0.020596551227569537,0.0132564808972716,-0.008956985214439986,0.0,0.01303455562591549,0.012763588605750128,-0.0012437476255188395,1
hf_transformer,0,taiwan,4809,0.640973090616862,0.48802649269822107,0.020967060736223328,12.288366322009916,0.0,0.30677066040039236,0.009931507033665172,0.0,0.0,0.19243362426757926,0.005740147306979685,-0.000504430045436602,0.0,0.5420908508300784,0.00569670839115895,-0.011995987040183639,0.0,0.8906409912109368,0.009701804504802765,-0.01941585301968662,1
hf_transformer,0,uk,4809,0.014761481883058673,0.000304025965173433,0.01790664144179455,5.174295267828307,0.0,0.0007167069404602211,-0.0008624986232989915,0.0,0.0,0.0029215798688354555,0.0020595410716943933,-0.0014537612384040626,0.0,0.028771372049194333,0.007837723640848887,-0.02710459762187787,0.0,0.0046124568657837095,0.0015725901164397515,-0.003982416380502755,1
hf_transformer,0,australia,4814,0.052457822682698586,0.0029701288253292,0.03596975913710075,7.803327588144305,0.0,0.05466449699401865,0.022446069098560124,-0.014802425822944826,0.0,0.05646393272399908,0.021227610871721935,-0.01731877996843778,0.0,0.07508133308410647,0.016641434951213376,-0.035190756406535594,0.0,0.02882137073516855,0.017663534913965374,-0.001896617811320402,1
hf_transformer,0,canada,4814,0.02077138907750448,0.0004610897595567137,0.015388764463665784,4.273462753031192,0.0,0.021550040054321373,0.007391046141470519,-0.0086051677416155,0.0,0.014175840759277358,0.004460246573600261,-0.006064345091585615,0.0,0.018211224746704113,0.0051877257531442525,-0.00834331419106843,1.0,0.020973522186279236,0.016351868922104017,0.0009268700264998439,1
hf_transformer,0,denmark,4814,0.19070846249898268,0.040155098521312646,0.02729958078151024,7.940450587528167,0.0,0.14646917419433603,0.007875901761784652,-0.013056701548660147,0.0,0.21352552337646458,0.009628985857138051,-0.020980621577518586,0.0,0.21484568710327157,0.007412827475214969,-0.023458377707747387,0.0,0.13033288726806624,0.013807318810268953,-0.004686526266448907,1
hf_transformer,0,eurozone,4814,0.04600915451685587,0.0023611616686154565,0.02508824015036063,7.285983024356508,0.0,0.042052164459228436,0.009846017589290067,-0.012986132570005368,0.0,0.05533498783111579,0.009031270149041334,-0.021147417495431434,0.0,0.061626650619506895,0.010208014101876965,-0.023420145746433942,0.0,0.02638264141082769,0.008573255480209577,-0.005708398669442731,1
hf_transformer,0,japan,4814,4.325738240559895,21.894549104591597,0.0326234893590888,9.817334502543758,0.0,2.32205017089845,0.01366582553479326,-0.0037830112453566163,0.0,7.233535156249999,0.01743164940771576,-0.03774468475926801,0.0,4.627626342773425,0.019907948700870863,-0.014950349786861656,1.0,2.495047607421867,0.032760937826127434,0.014357990652798688,1
hf_transformer,0,norway,4814,0.1411419593302409,0.024961649690711896,0.014037674993859217,3.572223189076891,0.0,0.17114995727539117,0.0008717984639536228,-0.016320166067855423,0.0,0.19573428497314538,0.004086838485488971,-0.01553525853270447,0.0,0.15452111663818435,0.0030177913586771515,-0.012457283319220292,1.0,0.22958608093261645,0.00559260933746631,0.028094592668231576,1
hf_transformer,0,south_korea,4814,54.009165039062495,3297.4026503512064,0.04250021418161867,11.5765456954201,0.0,49.4615478515625,0.018982017672605274,-0.020023358706367168,0.0,55.88925781250009,0.02228501552563718,-0.021753845887911415,0.0,73.5753173828125,0.027732565943241,-0.030329603311516556,1.0,8.422021484374909,0.030600970848367534,0.02414165448146089,1
hf_transformer,0,sweden,4814,0.1805456428527832,0.03943183120806552,0.01725263392421511,4.478986106496033,1.0,0.18672638854980406,-0.0002386757599178425,-0.01805865377964124,0.0,0.19098216857910089,0.0014582911979265322,-0.016740363516792537,0.0,0.25480510864257866,0.0003361351134673817,-0.024046464299315055,0.0,0.13587194824218685,0.004455639135622897,-0.00841859330757126,1
hf_transformer,0,switzerland,4814,0.014037541411717725,0.00022145251441839232,0.015115410008485403,3.163040088376265,0.0,0.01708954362869264,0.00475673197301198,-0.013679216302410955,0.0,0.010153870582580549,0.0056801861850877865,-0.005222506284187461,0.0,0.012176853942871046,0.003245564037925134,-0.009875690743310468,0.0,0.008851690101623566,0.005838032449519045,-0.0036582782352583615,1
hf_transformer,0,taiwan,4814,0.6807584482828776,0.5151403406380771,0.02228386776399676,13.051108247387278,0.0,0.33842541503906176,0.004479710700366145,-0.0065480846972819405,0.0,0.5555272064208978,0.007363034749070071,-0.010750944227292782,0.0,0.554606872558594,0.006605960400969992,-0.011491556994747004,0.0,0.71105177307129,0.013083045536527492,-0.010027319493800785,1
hf_transformer,0,uk,4814,0.016308474108203123,0.0003500398788924295,0.01976720343720724,5.716557529391542,0.0,0.016828343204010054,0.008343824584271738,-0.01196482625450985,0.0,0.018724609402465786,0.008723921804459578,-0.013890543066864212,0.0,0.026067074124877965,0.006372249865644284,-0.025327146505586536,1.0,0.0010089172062988094,0.005202336964523231,0.003992519778540273,1
hf_transformer,0,australia,4819,0.031207355576833094,0.0013013704448812259,0.02155616826058739,4.642228866392655,1.0,0.04421321502685549,0.03051775236542647,0.0002157369687580637,1.0,0.02718788604736333,0.020227156361208067,0.0015091823028391285,0.0,0.06563245338439949,0.02502728432769326,-0.02054678974953945,1.0,0.01675637855529777,0.023465623188402496,0.03479319504264716,1
hf_transformer,0,canada,4819,0.009848152472178162,0.00012370384894256134,0.007324697148875204,2.0261385802841887,0.0,0.015421476745605567,0.011259636804281463,-0.00018660546061735947,1.0,0.008690379905700762,0.008391294327791152,0.0019386353609213605,0.0,0.018559770393371533,0.006627814201303674,-0.0072283605303459526,1.0,0.008883327865600643,0.011625022102036978,0.018157104163824034,1
hf_transformer,0,denmark,4819,0.10476991269429518,0.015204523644093668,0.015084694050323668,4.36226218756878,1.0,0.15065535430908206,0.02192887669795448,0.00024016156438765303,0.0,0.15665445175170856,0.022484002815007606,-6.550861986599463e-05,0.0,0.22478736267089872,0.022189743566415395,-0.010337767514632784,1.0,0.007868353271484274,0.02642983228710159,0.027544730224044307,1
hf_transformer,0,eurozone,4819,0.025797916927337638,0.0009696698800243221,0.014140028130690735,4.085343162032665,1.0,0.04089323959350577,0.02271463784277027,0.00033216154428355457,0.0,0.0365756874084473,0.019886593938932728,-0.00016612215554013589,0.0,0.064490613746643,0.025226914012732526,-0.01021226266545336,1.0,0.011821014022827203,0.020539521804029015,0.026931217402632157,1
hf_transformer,0,japan,4819,2.8958343302408838,11.944604593022094,0.021924991225239387,6.572143921552871,1.0,5.587645263671874,0.05048335976993581,0.007928335384608522,1.0,4.319720458984364,0.05143040168818682,0.018723356157073684,1.0,5.91316650390624,0.05190290486489669,0.00687744495024713,1.0,2.0234429931640534,0.05230034826071233,0.06724776395022505,1
hf_transformer,0,norway,4819,0.17310856948852535,0.040587577773355935,0.0171474062459937,4.381280018282592,1.0,0.09600653076171817,0.01251109672512601,0.0028660049490904864,1.0,0.11984448089599553,0.013903642083890479,0.0018661109151419286,1.0,0.019015155029297404,0.014689147966295162,0.01279034861394075,1.0,0.3636041732788087,0.01739708761525277,0.05293403861346163,1
hf_transformer,0,south_korea,4819,32.077939453125005,1425.2795479282145,0.025412408757644403,6.875716957028279,0.0,37.46401367187491,0.02506999327953628,-0.004804692800116353,0.0,41.329418945312455,0.02814133125662035,-0.0047642208977290755,0.0,68.85917968750005,0.037790710088825945,-0.017102766924121385,1.0,10.455810546875,0.04176602204094863,0.049811954461607535,1
hf_transformer,0,sweden,4819,0.14494331924438483,0.02819260282990519,0.013888334304248523,3.595761730203455,1.0,0.11659763793945288,0.013628818513634705,0.0025066882120004037,0.0,0.19240681457519493,0.009599497776538842,-0.008895987886464117,0.0,0.17295547485351648,0.009103981354076722,-0.007514387191618724,1.0,0.04817993469238324,0.013456375440908911,0.008874735739237591,1
hf_transformer,0,switzerland,4819,0.009594687512715649,0.00011554133364634955,0.010356188889508167,2.1619442000598257,0.0,0.008759939765930147,0.009306026933257591,-0.00010796804156463843,0.0,0.009974518203735405,0.004926595471926802,-0.005847020068681651,0.0,0.021794116783142137,0.005645697558628506,-0.018029301782280495,1.0,0.00970336542129513,0.004198068698151391,0.014576111452307755,1
hf_transformer,0,taiwan,4819,0.5265027592976886,0.3350979545887893,0.01728297220550943,10.093807166807148,0.0,0.5247505340576168,0.012824006644955888,-0.004369303164666274,0.0,0.30975862121582054,0.009407549477539058,-0.0007406127674542902,0.0,1.0163089141845703,0.010272604391311805,-0.02338635721794041,1.0,0.5114989929199218,0.019211116798820208,0.0025632192276038523,1
hf_transformer,0,uk,4819,0.010650852199133299,0.0001792982974791921,0.012963785210651694,3.733409326306396,1.0,0.01230343986309812,0.01564300214660643,0.0007370708921006268,0.0,0.01907610645358271,0.010832026747110035,-0.012488212624566944,0.0,0.020905435646575876,0.018850488112760147,-0.00652797031895211,1.0,0.004378120979583788,0.01752940934626399,0.022770596854747832,1
hf_transformer,0,australia,4824,0.024991429973602295,0.0008407951090253636,0.01726743289300039,3.717583098326091,0.0,0.03479653900146484,0.012030980962094078,-0.012151786296850639,0.0,0.05570519405364993,0.018381870066436094,-0.02036653065675446,0.0,0.023600809326171923,0.013227950658197412,-0.003090353464885318,1.0,0.01591476074218745,0.019302572982618036,0.030092692569276987,1
hf_transformer,0,canada,4824,0.009943971182505295,0.00012669564942126906,0.007387015595001613,2.045852124144862,0.0,0.013631199264526384,0.006704872864116133,-0.0034324549612621,0.0,0.0156935066223145,0.004714191305739151,-0.006989245621956878,0.0,0.0043399425506591705,0.0026334563331324363,-0.0005961029944407474,1.0,0.00808570747375481,0.008909717329205495,0.01486164137018975,1
hf_transformer,0,denmark,4824,0.0697305381266276,0.0069543347155312536,0.010057191823908167,2.903342018392021,0.0,0.09727742233276349,0.010899234889857256,-0.0032078883168809016,0.0,0.09771039428710981,0.013083217325559383,-0.00105600860446505,1.0,0.08118189544677712,0.018374343066083484,0.006703254837980442,1.0,0.0419198074340823,0.016134755179028574,0.02212178593457809,1
hf_transformer,0,eurozone,4824,0.018407047831217473,0.0005214745641731715,0.010101732369671018,2.9149294186146175,0.0,0.04306260452270516,0.02053401193845884,-0.0031060231853961076,0.0,0.018145784950256427,0.009121108520051073,-0.0008864512062787702,1.0,0.028506428146362284,0.02196734053864153,0.006403378121746282,1.0,0.010292708206176782,0.016208667240339095,0.021801318100836003,1
hf_transformer,0,japan,4824,2.187370137532553,6.020570493968788,0.016471878863332387,4.96427271527478,1.0,1.3157501220703125,0.015395598211254203,0.005373261824569886,1.0,1.5096343994140682,0.011932635222318211,0.00038476337527369205,1.0,1.9152148437499932,0.022227291420982533,0.0077054683451563055,1.0,2.8827246093750034,0.026824031196666803,0.04819440504013364,1
hf_transformer,0,norway,4824,0.2419811192321778,0.08079419608030292,0.023904386333737763,6.124405311799849,0.0,0.19062878417968676,0.009581859439375956,-0.009681826771644291,0.0,0.05932554626464892,0.005715745224237177,-0.0002627642817399447,1.0,0.1565449218749997,0.006456921425627247,0.022051725903664204,1.0,0.45283578643798883,0.009420250003782297,0.053752853462141544,1
hf_transformer,0,south_korea,4824,28.335585937500014,987.7519451281238,0.02231495482469212,6.073565573078634,0.0,37.122631835937455,0.029605269695206105,0.0,0.0,34.98325195312509,0.02469024509088304,-0.003324147701801301,1.0,9.576269531250091,0.027523567115961066,0.019954183986011474,1.0,23.42124023437509,0.03404006200668128,0.052197414262206226,1
hf_transformer,0,sweden,4824,0.09007065114339205,0.013541311123199319,0.008645056041048598,2.234477601895143,0.0,0.2514560699462898,0.016903582288192272,-0.007376513917347812,1.0,0.07113868713378935,0.009692728527991325,0.002833857999583561,0.0,0.09407264709472685,0.008893357568335848,-0.0001940617122334298,1.0,0.0009707458496102106,0.01936871931120206,0.01946109155219105,1
hf_transformer,0,switzerland,4824,0.0083863612906138,9.553503309575136e-05,0.009048955394473023,1.8896754196340726,1.0,0.006095226764678996,0.008644966416985122,0.002061185368492954,1.0,0.0074409706115722285,0.010415215690891728,0.002386247674963487,0.0,0.009092266178131081,0.007995604865602367,-0.0018478266127342968,1.0,0.009131218910217287,0.010283889811170397,0.020050662311904985,1
hf_transformer,0,taiwan,4824,0.34443402201334633,0.17558062676364403,0.011341010174752553,6.603290369319416,0.0,0.4049257812500002,0.013245414611997897,0.0,0.0,0.20296426391601585,0.006661037179752328,0.0,0.0,0.5791562805175765,0.009313283952790036,-0.009761340184595919,1.0,0.09358676147460798,0.011624580746780406,0.00857389329221815,1
hf_transformer,0,uk,4824,0.009085878499211627,0.0001080819716061941,0.011043375442894113,3.1848440756133822,0.0,0.01173104340124509,0.014166231367158602,-0.00024252250654323504,1.0,0.009850477016265846,0.012988986519824578,0.0008897513930434171,1.0,0.004308621277709923,0.021368032866800186,0.016137926221388658,1.0,0.016405686064575153,0.012320073594090639,0.03216477377350086,1
hf_transformer,0,australia,4829,0.029147528951009118,0.0013903326549225623,0.01997688349514546,4.335820763385594,1.0,0.03155064403533925,0.023648705077492276,0.00155205252854711,1.0,0.004552538070678791,0.01980522653473777,0.016634637474596942,1.0,0.00596921585082999,0.026816227004904446,0.030929400627452273,1.0,0.06503603618621834,0.02327689154487838,0.06735647556457174,1
hf_transformer,0,canada,4829,0.013829445298512776,0.00033388551331651415,0.010243303776219766,2.845241555957463,1.0,0.007788359832763714,0.006533526939140166,0.0007123709129031677,1.0,0.0038121217727660195,0.005656555513823913,0.0028090432149298246,1.0,0.009054122161865186,0.0022822020147695524,0.009035643746483163,1.0,0.03103836441040042,0.010158738374482982,0.032944676643713464,1
hf_transformer,0,denmark,4829,0.07064486358642584,0.006488310519676982,0.010171435745151457,2.941411415204895,0.0,0.14370673217773433,0.01808231453240791,-0.0026997068610903857,0.0,0.06202787628173834,0.008204246527934597,-0.0008018545136671893,1.0,0.022515071105956963,0.013761908888162398,0.016993032426905273,1.0,0.033808009338378575,0.010011434618853718,0.014877449117578823,1
hf_transformer,0,eurozone,4829,0.018210768896738685,0.00043723400182274025,0.009979305409850252,2.883846800390731,0.0,0.02440822792053221,0.010754932309134805,-0.0027196553367638313,0.0,0.01984393348693847,0.00940272667776525,-0.0015531829498753923,1.0,0.0064661693572998225,0.012056742445193027,0.01559158803612903,1.0,0.007955797958373978,0.009896933306239974,0.014253722141910646,1
hf_transformer,0,japan,4829,2.5803142293294288,8.588031758861408,0.019349852238986682,5.856065832527497,1.0,1.3543408203125011,0.013179479306053106,0.0028426571078278783,1.0,0.22852416992188296,0.009902903775868315,0.00816049583497978,1.0,1.2764416503906375,0.022469704366305816,0.03202635739788966,1.0,1.7643670654296955,0.01977345787196927,0.03299455587971919,1
hf_transformer,0,norway,4829,0.37589057469685877,0.1808734650815223,0.0370288356688234,9.513577917292375,1.0,0.049323228454589696,0.009153233336784493,0.004200998177343144,1.0,0.17724268493652318,0.005403810948107323,0.023065437550631278,1.0,0.3179088531494134,0.0043812657538352985,0.03587278855579645,1.0,0.6485262237548834,0.0028083817294066765,0.06612763282418774,1
hf_transformer,0,south_korea,4829,31.41753743489585,1322.5979712622568,0.024555812884868747,6.734163682952516,0.0,24.746630859375045,0.01666838859942526,-0.003294493858922241,0.0,24.51186523437491,0.018157028353324983,-0.0015848829894756175,1.0,25.91323242187491,0.022156400998299942,0.042530851535771776,1.0,56.614941406249955,0.02908132018088247,0.07277288947053387,1
hf_transformer,0,sweden,4829,0.10476652791341164,0.019777571403409747,0.010004209897272106,2.5990537103829414,1.0,0.018994992065429983,0.0014554654318968512,0.003288817373372342,1.0,0.10156172180175815,0.0038564583425226306,0.013596827131971153,1.0,0.04604969787597568,0.006095815131185328,0.010514129602727452,1.0,0.14143750610351624,0.013617107415598278,0.0270253829883867,1
hf_transformer,0,switzerland,4829,0.009145870850880944,0.00013110172710815944,0.00986307096348834,2.0608135923503186,1.0,0.0005983929634094665,-0.0007026930293022122,-5.416971372634426e-05,0.0,0.0015729461669922173,0.0012699220513788373,-0.00043343989409155593,0.0,0.004436672687530563,-0.0016119074793757516,0.0031908304296008796,1.0,0.0003547984123229986,-0.00440250321546178,-0.0040165056167280645,1
hf_transformer,0,taiwan,4829,0.31984573059082017,0.14962462559373518,0.010534919364434285,6.131897830918855,0.0,0.29792874145507753,0.0012645937700556512,-0.008581614707770352,0.0,0.8058849182128895,0.0050216133231740295,-0.021736729995164555,0.0,0.41873107910156193,0.010310230567869665,-0.003430421941073723,1.0,0.4002146606445329,0.0039037714379686252,0.016945407677211043,1
hf_transformer,0,uk,4829,0.014110192097334799,0.00024541782692418375,0.017126315856042667,4.946000731889909,0.0,0.01207827412817386,0.012943527231281898,-0.0018998736017271677,1.0,0.011299196558044455,0.006704998521978607,0.02047936834672399,1.0,0.015229445282470722,0.009936410885974824,0.02839864207566461,1.0,0.008536693572387732,0.010591091621283442,0.020975071911311906,1
hf_transformer,0,australia,4834,0.039887626880645746,0.0024280465314203536,0.027266989334646354,5.933456696173677,1.0,0.015056138763427818,0.006163945842866337,0.01654771251466645,0.0,0.01608748107910163,-0.0035760829813852903,0.0076229891577163054,1.0,0.028990923614502062,0.004446795426723244,0.024379687159615193,1.0,0.06030882141113292,0.001617827594892294,0.04276013979595442,1
hf_transformer,0,canada,4834,0.01906039533615113,0.0005656296135300495,0.014091915165065848,3.9214464291801403,1.0,0.004258930015563989,0.0033165348195947687,0.0064867510486761515,0.0,0.005010351753234943,0.002659699382415741,-0.0010852279107927954,1.0,0.016591069602966302,0.001090724386573383,0.0134115505178243,1.0,0.034473488616943326,0.0029701230073369235,0.02835578878610086,1
hf_transformer,0,denmark,4834,0.098003893330892,0.012089432026383492,0.014111862964196007,4.080548194779141,1.0,0.01587410812377943,0.009302082637084241,0.011593260970538017,1.0,0.07662953186035182,0.006182467765753868,0.017228779558533636,1.0,0.13675686950683552,0.004633575254344715,0.02429286758926583,1.0,0.08190424652099626,0.008018080638681185,0.01979876654821132,1
hf_transformer,0,eurozone,4834,0.023172151769002284,0.0006907023390470866,0.01269019316945624,3.669528514480964,1.0,0.0049377096176146384,0.00898732760328041,0.01170023557393244,1.0,0.02605211677551278,0.002493839096834821,0.016817295816611493,1.0,0.03388133239746094,0.0058223419533280805,0.024349315164472876,1.0,0.02042699432373052,0.008552990682009745,0.01973350463417869,1
hf_transformer,0,japan,4834,2.694514058430993,10.264589614509692,0.02018589237029233,6.11524423401077,1.0,1.5376275634765761,0.002152538437050175,0.013793322132335988,0.0,0.5397668457031273,-0.0020607822538023938,0.00205831976615436,1.0,3.1182800292968693,0.005264809839888434,0.028660429480979792,1.0,0.21511962890625114,0.00589589673717946,0.007526549386350411,1
hf_transformer,0,norway,4834,0.40353330800374354,0.2018728276027485,0.039382139813369486,10.213199868106292,0.0,0.2985172073364257,-0.008298294212385317,0.020999083247053043,0.0,0.16114768218994158,-0.015528107095870592,0.0005085452998802769,0.0,0.2797818572998043,-0.009759884996164415,0.017763430145578924,0.0,0.6817780426025397,-0.009759504516447925,0.0560290344584821,1
hf_transformer,0,south_korea,4834,39.71586751302084,1976.478524963061,0.03098186791755575,8.512861747912652,1.0,2.017333984375,0.01720326692719349,0.018814889366924915,1.0,15.541918945312545,0.016343733249623214,0.02870396695858475,1.0,31.650341796874955,0.028861762130090316,0.05356620960163983,1.0,36.26772460937491,0.02920358556078502,0.05745210026177346,1
hf_transformer,0,sweden,4834,0.11781412343343096,0.025163005650600943,0.011242350812968958,2.9227391681649295,0.0,0.22134058837890613,-0.007091544437667228,0.013960459495550201,1.0,0.0029210693359367212,-0.0027983026340747973,-0.0030779107904248143,0.0,0.06856038208007753,0.0015125757046763372,-0.005042397349777367,0.0,0.06113488006591794,-0.003789939099376776,0.0020498648546966062,1
hf_transformer,0,switzerland,4834,0.010127985792160033,0.00016662876102493533,0.010931548310390438,2.28211081524335,1.0,0.00499546709060672,0.0005466807703233814,0.005943393332745362,0.0,0.0038236048698425673,-0.0026302428893124727,0.0015162184092783262,0.0,0.012122221946716305,-0.0013798297007338366,0.011690998659290297,0.0,0.009878954887390101,-0.004104172691248398,0.006589631709481896,1
hf_transformer,0,taiwan,4834,0.23846829528808608,0.086386645234647,0.007845779223895162,4.5717765871654255,1.0,0.21579289245605437,0.015917628665625478,0.008744799666743651,1.0,0.17354084777831957,0.02005732155847193,0.014316864015661498,1.0,0.05103402709961102,0.019625971291754474,0.021308570252106692,1.0,0.2049248962402359,0.020635498347928823,0.027368050338092687,1
hf_transformer,0,uk,4834,0.013489960836893718,0.00022679884299392803,0.01635927162641201,4.7285930419788675,0.0,0.013894732673889187,-0.008995889457588184,0.007836023361842344,0.0,0.010473359517578107,-0.01024837099530426,0.0024809808095649826,0.0,0.016870445804565426,-0.01361444561648121,0.006879144864529915,1.0,0.004720076188903799,-0.008427216921346157,-0.002680801363526049,1
hf_transformer,0,australia,4839,0.049734383756001796,0.0030743839156495137,0.03398142747443004,7.398204290521654,1.0,0.004985364227295008,-0.0021515041179565675,-0.005616061799638913,0.0,0.025852658615112212,-0.007855061938016083,0.010021883878719415,0.0,0.043360439376830984,-0.0011015918654850054,0.028505217393923116,0.0,0.07395947456359853,-0.009402957090112797,0.040988121275350994,1
hf_transformer,0,canada,4839,0.024548555113474535,0.0007622725695694148,0.018145011611937194,5.050569103815114,0.0,0.015554196166992273,0.010876828275722084,-0.0007116504972890802,1.0,0.012233059883117736,0.0012100958423972297,0.010318010074983824,1.0,0.02345967826843265,0.0013023728498365692,0.018694906487192107,1.0,0.03747005558013905,0.0023410829112471233,0.029949867069520485,1
hf_transformer,0,denmark,4839,0.0671714585367839,0.006741185086877374,0.009650851993505287,2.7967906636884288,1.0,0.004828260803222406,-0.00291755408192127,-0.003611991705102382,0.0,0.10792547454834,-0.014588801756092128,0.0009886874905341775,0.0,0.07509707565307622,-0.005303563203424367,0.005461369477571979,1.0,0.005279756164550342,-0.008122606950516148,-0.007359824873897831,1
hf_transformer,0,eurozone,4839,0.020990173009236654,0.0005986037319402401,0.011490164387714401,3.3239916236142886,1.0,0.010643091964721574,-0.009870647846584509,-0.004020298321985367,0.0,0.011520905876159615,-0.005073663678718585,0.0012274793210715,0.0,0.014247313308715759,-0.0015555043326173198,0.006203763910714413,1.0,0.012791977882385286,-0.015093397667703711,-0.008029310226668687,1
hf_transformer,0,japan,4839,2.7384137980143257,10.259868351125245,0.020519008110239448,6.214875419278319,1.0,0.04456787109376137,0.010947639405695323,0.011283297171419862,1.0,2.800545654296883,0.0017078876617025026,0.022775740278585015,1.0,4.613914794921868,0.005855075978239214,0.040191226745286,0.0,1.270090332031259,0.004521711465773217,-0.005153765058101097,1
hf_transformer,0,norway,4839,0.34256520502726245,0.1550384181248369,0.033191775971601535,8.67013165309711,0.0,0.07434732208252015,0.004653484870395486,-0.0026789393193338484,0.0,0.19312901916503833,-0.0004422735291826502,0.018452521717022337,0.0,0.34653729705810576,-0.004277589089491169,0.029502730659685745,1.0,0.3603831451416024,0.0004359437463074447,0.035380293919465185,1
hf_transformer,0,south_korea,4839,43.71023274739583,2101.462233971675,0.03405517316971255,9.36903035608305,0.0,17.4420166015625,-0.004270897227359346,0.00947911677941362,0.0,39.95517578125009,-0.004360723822845971,0.02686478499979366,0.0,60.19174804687509,-0.007729565514854625,0.03910062763400664,0.0,35.70327148437491,-0.005193093651712526,0.02277842619093227,1
hf_transformer,0,sweden,4839,0.08931297251383477,0.012659619063048388,0.008523194390112308,2.2156810693322213,0.0,0.11772138061523485,0.00539646165597528,-0.005876185300997432,0.0,0.048870979309082685,-0.0008065037782929676,0.003864983754555291,1.0,0.03714341430664092,0.001206158072496367,0.004751487508761438,0.0,0.02533208312988222,0.0007543031016778322,-0.0016719648039585238,1
hf_transformer,0,switzerland,4839,0.01080484321276346,0.00017572430995925248,0.011670113146729515,2.434625211653,0.0,0.0038166499137878285,0.001099606145749554,-0.00303473922821893,0.0,0.00786681671142575,-0.004573851642012885,0.003942221927460534,0.0,0.02401448974609377,-0.0072928992529017675,0.018548832438955443,1.0,0.0024948461532592336,-0.003909101123424345,-0.006623259825550676,1
hf_transformer,0,taiwan,4839,0.3991406361897788,0.19940651734429787,0.013156014255846138,7.652094016583135,1.0,0.0641002807617177,0.0054950102784331436,0.003377989998242085,0.0,0.3686391601562491,-0.003310859254345015,0.008884103480449247,0.0,0.5184143981933609,-0.000976256316261826,0.016091696069919153,0.0,0.327507720947267,-0.004105605713705053,0.006744607585170214,1
hf_transformer,0,uk,4839,0.009250135156175739,0.0001299377451519555,0.011195796597228358,3.2424204388519615,1.0,0.0002331435106506241,-0.004590522706330052,-0.004873425650192852,0.0,0.013609956389892597,-0.009943533727864082,0.006521174920639135,0.0,0.012104657042724565,-0.004381190562954974,0.010195040668487068,1.0,0.0039693019570923305,-0.0075429724976238295,-0.01238469638018707,1
hf_transformer,0,australia,4844,0.05394935953267417,0.0032814735153923118,0.03678670126381065,8.025200133647171,1.0,0.006492624206543063,-0.013581282001280616,-0.009080863632698916,0.0,0.041897975349426186,-0.009197042333591206,0.01937103288552971,0.0,0.07639895114898687,-0.01652171767730491,0.03534203168898937,0.0,0.057150688018798856,-0.016007452922763524,0.02302113724879362,1
hf_transformer,0,canada,4844,0.02797493842442831,0.0008812261917518215,0.02068265950569196,5.75550614015548,1.0,0.007590046501159575,-0.0083654817509237,-0.00270887228006867,0.0,0.031605452919006405,-0.012270981420328599,0.01116588904573845,0.0,0.034340591430664036,-0.005455351037527111,0.019813526538137474,0.0,0.017616109466552787,-0.010068010974324994,0.0030341176240200815,1
hf_transformer,0,denmark,4844,0.06441550608317055,0.0060889950783268275,0.0092619723244585,2.682042193732039,1.0,0.03832312316894537,-0.007694963984342387,-0.0021792748201672246,0.0,0.12238699569702138,-0.0062331512119896786,0.01125063491297451,0.0,0.11825701904296881,-0.008616735100351809,0.00832200136994683,1.0,0.059386470031737915,-0.009564315378751154,-0.018188297435052705,1
hf_transformer,0,eurozone,4844,0.016315351371765142,0.00040955048139566374,0.008929205908659385,2.583689580462561,1.0,0.004341849136352494,-0.004613219288746674,-0.0022378700458970135,0.0,0.029016715621948297,-0.004270871847407426,0.011492198576643386,0.0,0.019708339500427163,-0.001805374039279275,0.008901733273098204,1.0,0.020282321929931735,-0.0074522160300337925,-0.01865561478350897,1
hf_transformer,0,japan,4844,2.0957190755208357,6.191299397718095,0.015664053796426984,4.7562691137517366,1.0,1.4577508544921898,-0.012982640659929838,-0.002049219219686938,0.0,4.000509033203116,-0.01462618122076303,0.01514508853815831,0.0,3.893166503906258,-0.014193123590942202,0.014778412089344745,1.0,0.5194433593750034,-0.013221673504491431,-0.009311089051033831,1
hf_transformer,0,norway,4844,0.3656217646280926,0.15439780232386527,0.0353986000299556,9.2536801404304,1.0,0.11343215942382834,-0.01874203096110525,-0.007602860806529829,0.0,0.2640138717651368,-0.01637302997324295,0.009304187412525611,0.0,0.4918037612915036,-0.017022453512867883,0.030321188724405944,0.0,0.29115992126464896,-0.013288909974181072,0.014905584689987579,1
hf_transformer,0,south_korea,4844,38.663788248697905,1607.1325564310748,0.030016084059917323,8.287354768313364,1.0,20.65280761718759,-0.01993564408275899,-0.0038546090975111343,0.0,38.78515625,-0.02626044366251006,0.003916454092235142,0.0,47.8978271484375,-0.019657047689431734,0.017239833514801774,0.0,31.74685058593741,-0.02299688026574421,0.0016913323270758512,1
hf_transformer,0,sweden,4844,0.10735825927734398,0.02045098333585899,0.010262021553842697,2.6633495227182653,1.0,0.14699898376464837,-0.00027669441172525146,-0.01439841223429621,0.0,0.09495895080566363,-0.008539019412727378,0.0005529655300164294,0.0,0.36483507995605535,-0.012188713503129152,0.022424536291909828,1.0,0.04313920898437473,-0.007015855491444286,-0.01116740725741278,1
hf_transformer,0,switzerland,4844,0.009739708347320549,0.0001408711480946739,0.01051433248406267,2.1946213405968558,1.0,0.0038274126052856294,-0.0006713338364656394,-0.004808350926553202,0.0,0.014250782585144006,-0.0022670742696843395,0.013011883403378657,0.0,0.01637880859374996,-0.007822701155638108,0.009814779385295786,1.0,0.003942866516113308,-0.011063599675043211,-0.01537029580155144,1
hf_transformer,0,taiwan,4844,0.36397088928222676,0.15494998825754067,0.0119853046592183,6.977839917964966,1.0,0.15277749633789028,-0.006606928977889758,-0.0015630273256747535,0.0,0.28096621704101565,-0.007424412561012236,0.0018395944941118007,0.0,0.5770285644531263,-0.005738516610335823,0.013163672035902197,0.0,0.15909362792968906,-0.004121577475590645,0.001117300193457949,1
hf_transformer,0,uk,4844,0.007883342502910359,9.484471041724397e-05,0.009551035277916321,2.7633229597560387,1.0,0.007600583268829397,-0.011765500929113212,-0.002580324410565615,0.0,0.013862650474823046,-0.011802985681941077,0.0048875340093432135,0.0,0.017665085336151076,-0.01390321727505072,0.007361277918412446,1.0,0.011360988624420143,-0.01609827553129415,-0.03004782101170565,1
hf_transformer,0,australia,4849,0.052153920155843116,0.0028987747899006646,0.03547934593064403,7.758120775306071,1.0,0.022446704139709395,-0.016337283198713717,-0.0011164768919138016,1.0,0.026924334678649853,-0.021514589210033252,-0.0031913201705311236,0.0,0.05948508255004881,-0.02982572525287094,0.010544819162467496,0.0,0.05917670303344735,-0.03211488722080596,0.008140739728860688,1
hf_transformer,0,canada,4849,0.02129518033345541,0.0005774381178547543,0.015708575104445337,4.381226485842588,1.0,0.0014776966094971478,-0.004681347486922397,-0.005770059559744316,1.0,0.02394698028564446,-0.019088224005433203,-0.0013568274327127043,0.0,0.032049898910522456,-0.01506445424601363,0.0085023044979201,1.0,0.006828596496581962,-0.017618827965989153,-0.012537962017931278,1
hf_transformer,0,denmark,4849,0.05855814030965168,0.0045375217235298585,0.008443163678996533,2.4381614404175216,1.0,0.07109010620117218,-0.015993778406127045,-0.005816013582193754,1.0,0.08016214752197293,-0.016968737710741963,-0.005488452909332099,1.0,0.061316136169433655,-0.015724153946083765,-0.0069419311813618805,1.0,0.10557143249511736,-0.019119588019581597,-0.034475989782584454,1
hf_transformer,0,eurozone,4849,0.015412852751413983,0.0003182066415944956,0.008463383207770842,2.4407704223855595,1.0,0.015296157455444437,-0.014001222266394435,-0.005675384132599148,1.0,0.01980465583801272,-0.016085046088292573,-0.005296021457336357,1.0,0.024364359664917012,-0.02078440471793092,-0.007465749194169793,1.0,0.032812214660644434,-0.01744603525841862,-0.03560637260112517,1
hf_transformer,0,japan,4849,1.6871186726888028,4.057671230399601,0.01261313702197191,3.8289437395846235,1.0,2.5362390136718886,-0.020827926677011648,-0.002018386343674544,1.0,2.8604772949218784,-0.02153369058943437,-0.00033000275301763726,1.0,0.2972009277343659,-0.02297556315917931,-0.025207831262584923,1.0,1.889331665039066,-0.020075287565834727,-0.034309961897177096,1
hf_transformer,0,norway,4849,0.3147488396708172,0.11764508935436953,0.030367813345121224,7.966115173280262,1.0,0.06021311798095752,-0.012017956631491777,-0.006183501522833269,0.0,0.2524239898681646,-0.021784547915532856,0.002684925763821823,0.0,0.5541108642578116,-0.016712815546119482,0.03597628997232753,0.0,0.2610853485107416,-0.023710938024152327,0.0016357861775484416,1
hf_transformer,0,south_korea,4849,29.154688313802087,980.3951338530188,0.02249464720674166,6.249135332056206,0.0,43.3837890625,-0.01945125377450015,0.01389043359143301,1.0,22.61215820312509,-0.01990334236370025,-0.002378761097130187,0.0,32.892285156249955,-0.019028166478490375,0.006341223785371032,0.0,38.79196777343759,-0.0188717000451554,0.010976138244935178,1
hf_transformer,0,sweden,4849,0.09542282953898121,0.015482033713693086,0.009117642121950098,2.3672547340072656,1.0,0.06617749481201152,-0.00163809585893788,-0.007976023432471939,0.0,0.07502546386718834,-0.005474024527294414,0.0016903679264892962,0.0,0.13908416748046903,-0.011829753571519391,0.0014952882167772192,1.0,0.06426943206787072,-0.01230585711605759,-0.006123477812860026,1
hf_transformer,0,switzerland,4849,0.007844743057886757,8.958267589637093e-05,0.008488711846455662,1.7676340925622893,1.0,0.015558062458038369,-0.01961774648610887,-0.002876933257610372,1.0,0.017312254428863527,-0.018971456633400052,-0.00037246920908432933,1.0,0.0029348395347594813,-0.01391219104308459,-0.010750778806120097,1.0,0.01409068298339844,-0.023151851927015243,-0.03861441723039705,1
hf_transformer,0,taiwan,4849,0.2552860143025721,0.08681751936204375,0.008387442580954984,4.894196194128562,0.0,0.03213160705566409,-0.0010551062920930475,0.0,0.0,0.43022457885742327,-0.008875139035161114,0.0052700612971599585,0.0,0.24669894409179705,-0.0028494897070685168,0.005237413566174377,0.0,0.1575882720947277,-0.0031914958536412813,0.0019836234670041445,1
hf_transformer,0,uk,4849,0.009602887518216955,0.0001335864409949439,0.01169883915095976,3.366069601726314,1.0,0.0030352248537597326,-0.0108337045598842,-0.007176865054321001,1.0,0.006746753378723103,-0.011207447113758947,-0.003094035705813852,1.0,0.004735729205261219,-0.020013497473562347,-0.014261306871543493,1.0,0.018818118296874964,-0.01752951815926039,-0.040661177492752,1
hf_transformer,1,australia,4594,0.03261243508148194,0.0013682677406482507,0.023999034036404,4.851240508535756,1.0,0.029474239311218176,0.024232349708755447,0.002862198212563999,1.0,0.00973664096832283,0.011186783101870407,0.004085305570024016,0.0,0.05100610038757325,0.0166874361349946,-0.020875786415617537,0.0,0.03935450969696053,0.02008482900300877,-0.008673145273314193,1
hf_transformer,1,canada,4594,0.011637575804392493,0.00016812485587658013,0.009208846157117078,2.3942908464176407,0.0,0.0013258274078369325,-0.0006471306613726197,0.000391604015029511,1.0,0.010652493286132714,-0.013527689207386093,-0.005104856762420872,1.0,0.015026588821411169,-0.006423320277081492,-0.018341160019061643,1.0,0.011472361946105902,-0.00272796494292947,-0.011780369869988,1
hf_transformer,1,denmark,4594,0.12569639167785637,0.018016790485681323,0.018683988042160874,5.233569470751354,0.0,0.16476930541992196,-0.020097030052864933,0.004276295810501362,1.0,0.1252446960449216,-0.023062617365900304,-0.004427324218795786,1.0,0.12345440521240203,-0.026516805647511806,-0.00808247447561564,0.0,0.17304814147949177,-0.012374639031199617,0.013013470324984969,1
hf_transformer,1,eurozone,4594,0.03663756849288941,0.0015182371536658157,0.020737129298296318,5.801904097044317,0.0,0.04185714683532704,-0.0195387477431398,0.004011706174268891,1.0,0.047947995376586894,-0.03156116027665899,-0.004308181004644725,1.0,0.031512036895751994,-0.02590965963220854,-0.008015737985958902,0.0,0.049679051589965884,-0.014553681214799184,0.013200047462622521,1
hf_transformer,1,japan,4594,6.180099131266277,47.784372924042394,0.051956240843238105,14.025837222796943,1.0,0.10373474121094262,0.0040527897875191265,0.004952225585708855,1.0,1.9126712036132858,0.0023256374336805977,0.01880906147101962,1.0,6.481287536621096,0.006629653669407474,0.06119058974551522,1.0,10.163880615234376,0.008033830274362897,0.09220551694966225,1
hf_transformer,1,norway,4594,0.15680847625732444,0.029936060983910977,0.017748217628377083,3.96873387466295,0.0,0.10897846221923757,-0.004698462340689352,0.007424870131094243,1.0,0.07992881469726498,-0.013173251481687936,-0.004191754923013692,1.0,0.2331412261962882,-0.010004233344859228,-0.03658695655624998,1.0,0.1582359344482427,-6.283755150119615e-05,-0.017848284126887815,1
hf_transformer,1,south_korea,4594,20.670326334635412,576.9334992139532,0.017019037794731406,4.430562427304394,0.0,12.811840820312455,-9.751598143804362e-06,0.010486312451057812,0.0,36.754321289062545,-0.015816682390201633,0.014471677628456919,0.0,16.718017578125,-0.010113158812570178,0.003699141086202785,1.0,0.7131835937500455,0.007986810878483972,0.008569313801387462,1
hf_transformer,1,sweden,4594,0.17742450485229497,0.04339089527341929,0.018580107839753116,4.401556745588983,0.0,0.4313174621582032,-0.03384763134588089,0.010386874943138625,1.0,0.20199029235839916,-0.038532442172270455,-0.017475775798545923,1.0,0.14095214538574297,-0.03358346317660881,-0.048469889460186606,1.0,0.09878542175292893,-0.021368672779131043,-0.03165142151713688,1
hf_transformer,1,switzerland,4594,0.017912104441324864,0.0003616365613332824,0.019396476420750593,4.036084578728249,1.0,0.0015047616958617782,0.0060722447811541,0.007699018727978309,0.0,0.016808506584167437,-0.002843538928658915,0.015339215152264251,1.0,0.011790885639190729,0.0005540448894877409,0.013300369076317549,0.0,0.028728797721862764,-0.004996730809747826,0.02594896999623236,1
hf_transformer,1,taiwan,4594,0.7715818771362303,0.6550627099463566,0.027259569360741996,14.79232263018908,0.0,0.16700994873047037,-0.0009431546597363184,0.004983826216205237,0.0,0.560793304443358,-0.01007128825846549,0.009872516979337671,0.0,0.6874622497558605,-0.007763146315061289,0.016575354799485336,0.0,1.1146667785644517,-0.008613024327898748,0.030589528639420983,1
hf_transformer,1,uk,4594,0.017056436191573075,0.0003100389058392493,0.022619365038211308,5.9787382981758626,0.0,0.008909631860351541,-0.005511221638265837,0.006261047341159254,0.0,0.02016316807614138,-0.016742529582692473,0.009998372457016574,0.0,0.013358050548645028,-0.015192613370627809,0.0025755637349452946,0.0,0.02226775213122556,-0.016343393259364854,0.013136290026468477,1
hf_transformer,1,australia,4599,0.027249620532989516,0.0008825427560028848,0.02011685926129808,4.053498692801672,1.0,0.005742434120178164,0.008489321455875488,0.012648315219515736,0.0,0.02326041500091547,0.005933434984041237,-0.011136210240458405,0.0,0.04386021575927734,0.006784245435956223,-0.02562170803410963,1.0,0.0059717729187012125,0.00443910242662334,0.008781351177698998,1
hf_transformer,1,canada,4599,0.01378938878377279,0.00025011183242925575,0.010915994319073563,2.837000411221362,1.0,5.0629425048853705e-05,0.005849266021967683,0.005809633612266735,0.0,0.008705932235717695,0.0016174717356066146,-0.005249770291795719,0.0,0.02173747749328614,0.0005804995561726846,-0.016673007406457774,1.0,0.0006557275772094417,0.000585846564589429,0.0011017116990805023,1
hf_transformer,1,denmark,4599,0.09145466344197588,0.010724398483174153,0.013514781452862322,3.8078605770517497,1.0,0.05320431137085002,-0.00893684100838766,-0.001054560703624184,1.0,0.03521013488769498,-0.0124540686412047,-0.007212343235408365,1.0,0.0498771080017093,-0.007163775319285405,-0.014596739973237616,0.0,0.12255477142333948,-0.00025133750544509986,0.01765806776571098,1
hf_transformer,1,eurozone,4599,0.02638423407236736,0.0009098828393191005,0.014832170462057592,4.17819200506043,1.0,0.021216630935668945,-0.013216922094751319,-0.0012343256258979783,1.0,0.014900244712829691,-0.015881562836737882,-0.007428911110975249,1.0,0.010317308616638154,-0.00863437761889164,-0.014486663512313782,0.0,0.0541170776367188,-0.012705952523294508,0.01756332488601396,1
hf_transformer,1,japan,4599,7.9667294921875005,71.72496519429458,0.06649595894974689,18.080624385159748,0.0,1.872498168945313,-0.007313297619247181,0.008680536188989136,0.0,4.196301269531247,-0.017384316066214052,0.018461802249036104,0.0,6.045135498046875,-0.014334789477208596,0.036753727769635924,0.0,12.316577758789066,-0.007262323521303664,0.09352529485215548,1
hf_transformer,1,norway,4599,0.15767658137003604,0.03002549720493968,0.01785328489977105,3.9907051242396174,1.0,0.024205230712890824,0.004658933221727993,0.007350454253251135,1.0,0.09910391998291068,-0.009943343844729063,-0.021203605971359517,0.0,0.20502420043945335,0.0010872121153835139,-0.022089535469311417,1.0,0.026635522460937366,0.004212421475745391,0.001240937681954633,1
hf_transformer,1,south_korea,4599,8.548828938802087,119.32741318617266,0.006981948599938348,1.8323910169837716,0.0,17.349853515625,-0.005738952271834395,0.00832597162811889,1.0,5.832275390625,-0.0152277588228181,-0.02004617332758329,1.0,1.3824951171875455,-0.015145163486148135,-0.01628513895056676,0.0,9.080371093750045,-0.0014868559438503107,0.00586773024834784,1
hf_transformer,1,sweden,4599,0.20818455012003578,0.05201305823351811,0.021775390205910693,5.164653618005565,1.0,0.016141696166991792,-0.010562892709053445,-0.012247105610627071,1.0,0.1649207702636719,-0.01187950903460981,-0.02924530854253896,1.0,0.30929834899902353,-0.006764244816614328,-0.03941404629670367,0.0,0.2852898132324224,0.01459679206172573,-0.014835024356635144,1
hf_transformer,1,switzerland,4599,0.017908377014795935,0.00039201294373968494,0.01929394611337942,4.035244688095575,0.0,0.01251015624999996,-0.010247054736811752,0.003210791006896974,0.0,0.018390979766845672,-0.018928056060673923,0.0009643202290191881,1.0,0.0008231983184814329,-0.012704906119222138,-0.013599043958877363,0.0,0.03758974943161009,-0.013587905125625304,0.026446773293101983,1
hf_transformer,1,taiwan,4599,0.7260808792114255,0.5961966117447499,0.02548917077766847,13.920003747068865,0.0,0.26568533325195176,-0.004912940769736957,0.004444334649771089,1.0,0.2742501220703133,-0.012070803639563865,-0.002344295009313308,0.0,0.4111969604492174,-0.005639001737414522,0.008816652644002047,0.0,0.9012617645263674,-0.0015949954322442234,0.029695535679919782,1
hf_transformer,1,uk,4599,0.009613608125043733,0.00011241591185993093,0.012658545573814739,3.3698274619202633,0.0,0.008879232457214337,-0.008706960098593414,0.0029462986487319193,1.0,0.006895302051635688,-0.015444635131104573,-0.0063223856102699,1.0,0.0018505254479980193,-0.008534028190297895,-0.006094560777107799,0.0,0.022874594806518544,-0.010995654562771177,0.01882118030685868,1
hf_transformer,1,australia,4604,0.031140048969268815,0.0011052858744868112,0.022902384929769665,4.632216717950131,0.0,0.02949001647949223,0.019344222566075514,-0.002297097036105778,0.0,0.03808072448730471,0.014870035310740378,-0.013292202619235935,0.0,0.03366936790466313,0.015036753682508865,-0.00981800103555916,1.0,0.03738518157958981,0.01374208759305158,0.0406692161746895,1
hf_transformer,1,canada,4604,0.012182932427724199,0.0001973707676552533,0.009642885258885485,2.5064913934408013,0.0,0.025220206642150966,0.015449305341482974,-0.004402585197439452,0.0,0.019027993583679237,0.0055079894472532705,-0.009583530948689143,0.0,0.008582742500305107,0.0028712440643036065,-0.003925694515588044,1.0,0.008429343032836822,0.004911661068263888,0.011528979338243647,1
hf_transformer,1,denmark,4604,0.130754664662679,0.025482624680806865,0.01918550927764222,5.444178723051455,1.0,0.0034222564697268254,-0.0007162665646751077,-0.00020789403418989776,0.0,0.0665927215576172,-0.004373791330232532,0.00550826890606873,0.0,0.12312400207519492,-0.006244343976077105,0.011984498838744187,1.0,0.2985138404846195,0.0026522221511586885,0.04590903504608139,1
hf_transformer,1,eurozone,4604,0.0328514662361145,0.0016148034579333218,0.01832416145038802,5.202339139569741,1.0,0.004094313430786034,-0.002428770225715198,-0.00011298477542184983,0.0,0.027773615646362382,-0.009919743439496777,0.005801525791095513,1.0,0.016001154136657814,0.003495561616414273,0.012462619550057744,1.0,0.071343159866333,0.006956030324244214,0.046197718513965584,1
hf_transformer,1,japan,4604,8.098096079508464,72.6691010050349,0.06671794489867941,18.3787630284311,1.0,1.6456283569335994,-0.014117462725876592,-0.00020979754613820918,0.0,5.264998779296874,-0.020815086417970512,0.023305085263623376,0.0,6.747326660156247,-0.01690164260878325,0.03908354281574827,0.0,10.84306579589844,-0.0038510457577716796,0.08355109321223912,1
hf_transformer,1,norway,4604,0.19571821538289402,0.047338317111036886,0.021960991075020683,4.95351737239006,0.0,0.20157921447753857,0.019482664126918153,-0.0033649833458227183,0.0,0.30392192993164,0.021122156672291434,-0.01347050231071189,1.0,0.12670390930175834,0.018571741785058424,0.004258637004278414,1.0,0.3362567260742182,0.025778859974984865,0.0625387081210441,1
hf_transformer,1,south_korea,4604,11.48393147786459,268.5023658097785,0.009312892454923206,2.4615129195280074,1.0,10.318603515625,0.015668410986368956,0.007220247973487097,1.0,3.99755859375,0.0059881975586643585,0.009273636785329253,1.0,0.01596679687509095,0.009998734415415496,0.010011825795228522,1.0,24.033935546875,0.02005921310061538,0.03937996150141614,1
hf_transformer,1,sweden,4604,0.09651417368570972,0.01277379066659467,0.010125605064470153,2.3943288588289238,1.0,0.08692660369873018,0.011419479634207677,0.0022492781558061587,1.0,0.07141687927246032,0.009373896159143668,0.001830574276678437,1.0,0.11798796386718813,0.016709729653391413,0.00430844415391628,1.0,0.12051751098632835,0.027054194976677475,0.039436597217229453,1
hf_transformer,1,switzerland,4604,0.017054843257268266,0.0004892964885364622,0.01819166594875842,3.8429203050245593,1.0,0.0048187847137450834,-0.008408786108179363,-0.003218023694200731,1.0,0.005416364288330033,-0.008946313420850772,-0.0031105892291210923,1.0,0.006121983051300073,-0.007117082305050789,-0.0005356186523337573,0.0,0.04576746883392335,-0.00954200033290925,0.038757213724357684,1
hf_transformer,1,taiwan,4604,0.7180736256917315,0.5731437719941287,0.025065524820229838,13.766493301897901,1.0,0.1188634185791031,0.0009044060997775678,0.005087009200956014,0.0,0.4069126129150398,-0.004524757545992995,0.009798835120838094,0.0,0.7117093200683584,-0.006931313283319336,0.018047811623547284,1.0,0.9129523162841799,0.008051487946940212,0.039514559650122606,1
hf_transformer,1,uk,4604,0.012699154959133907,0.0003077384384664573,0.01651291700867714,4.451394374292291,1.0,0.0009013794085083182,-0.003845066508766358,-0.002654131186568947,1.0,0.0028689412916564905,-0.00557501239861429,-0.0017828369332250915,0.0,0.008676999455627388,-0.00355071773517694,0.007851846452595075,1.0,0.03321502830688472,0.005188627207130732,0.04778455676936613,1
hf_transformer,1,australia,4609,0.031085500292460124,0.001385574774867211,0.022765535044028708,4.624102366784382,1.0,0.0291481096649171,0.024573409092108506,0.00301067443287274,1.0,0.03175610874176016,0.024842691401430216,0.0013342030117365368,1.0,0.006700581893920976,0.01662514316957376,0.011669962016355952,1.0,0.05436126651763917,0.015295060912745103,0.05466471615073984,1
hf_transformer,1,canada,4609,0.013918143711090066,0.0002756351353866636,0.01100054985722514,2.8634901844429095,1.0,0.007818203544616598,0.01161423918924938,0.005419419520265613,0.0,0.010713201522827065,0.007652906042894829,-0.0008794372168978174,1.0,0.007488983535766547,0.014076338729686803,0.00815778813291781,1.0,0.02517675781249995,0.008928925564740769,0.028673540929783668,1
hf_transformer,1,denmark,4609,0.16127974749247231,0.035877732852287916,0.02353233622992868,6.715139165572307,0.0,0.05976336669921878,-0.007390299353129149,0.001460812855228885,1.0,0.03621948318481483,-0.01020673589866006,-0.004818073731557793,0.0,0.15523922729492146,-0.0036005183778208753,0.019144868873120516,1.0,0.22059957580566447,0.005426754702965042,0.03731146154573893,1
hf_transformer,1,eurozone,4609,0.050166979986826586,0.0034250833433790012,0.027925717612053327,7.944413854276352,0.0,0.015928463172912632,-0.007626923720408007,0.001346990522170208,1.0,0.01634236183166493,-0.013993361590683118,-0.004728806627704424,0.0,0.048757563781738344,-0.008096241814567577,0.019135613787147083,0.0,0.07112341461181648,-0.002008932738996563,0.03723577896873187,1
hf_transformer,1,japan,4609,7.456789103190104,60.95772640116905,0.060513768546360557,16.923306235808035,0.0,4.880281372070314,-0.02759606036210928,0.01270737581562769,0.0,4.222576599121098,-0.027868252660541975,0.007106711825151299,0.0,6.516572265625001,-0.021515810240685093,0.031629567965983194,0.0,9.767564086914064,-0.01110843635682844,0.06674690596122658,1
hf_transformer,1,norway,4609,0.22617017242431647,0.10971593621661589,0.025030229581839106,5.724239187591865,1.0,0.11692500000000017,0.025693042306602902,0.012407292689686641,1.0,0.08058695678711025,0.022998701957007817,0.013836076637756739,1.0,0.006489369201659656,0.020281389308536533,0.021017579078197384,1.0,0.6348365631103512,0.01816292773895394,0.08787428990224044,1
hf_transformer,1,south_korea,4609,23.77017659505209,879.3257668111924,0.0192628465608118,5.094997031370557,0.0,11.271826171875091,-0.002153559232122764,0.00707236764293985,1.0,4.0880615234375455,-0.006080447710220971,-0.0027113647372129616,0.0,9.749682617187545,-0.0031225584164222197,0.0048701727151847715,0.0,57.734375,-0.0030688065377937708,0.043354170470388524,1
hf_transformer,1,sweden,4609,0.16199530278523772,0.04905414186992293,0.016855905357007303,4.018788263333118,1.0,0.029075747680664676,0.007154684463233074,0.010210736054997553,1.0,0.009483946228026952,-0.006602186734309653,-0.007614878020820426,1.0,0.08132646331787186,0.004693591166559175,0.013239088547269746,1.0,0.2861931427001956,0.019185928754819805,0.04851800098294788,1
hf_transformer,1,switzerland,4609,0.025136187636057534,0.001030133530249973,0.0266304509186243,5.663867113897179,1.0,0.0008261361122131605,0.003832003793405796,0.004715726010349663,1.0,0.005589759254455595,-0.01111570518198399,-0.005061938649173827,0.0,0.01718004016876218,-0.005634407362605106,0.01275602384407019,0.0,0.059228593063354484,-0.00552481427801225,0.0564927312444586,1
hf_transformer,1,taiwan,4609,0.8138487543741859,0.7409655553775162,0.02829220443470729,15.602638817234574,0.0,0.37329513549804716,-0.00801086157250537,0.005054917509343187,0.0,0.4368665771484359,-0.012002421598260983,0.0033321442891403,0.0,0.7689522094726549,-0.01361616744095212,0.013262471548558629,0.0,1.1625376892089854,-0.0032394112344793728,0.036713961279125205,1
hf_transformer,1,uk,4609,0.02290229570944112,0.0007733957152230345,0.02969469183364353,8.027868831229505,1.0,0.004814769128784202,0.0019382498084050041,0.008258062491443653,0.0,0.010034384379211447,-0.006738029610416222,0.006501800740838694,0.0,0.010368519266845677,-0.002375424814980332,0.011243140112946932,1.0,0.0483451414335937,0.00425210860357426,0.06582791461487156,1
hf_transformer,1,australia,4614,0.044496432783762606,0.0032293090080735185,0.03233491205326404,6.619036470800038,0.0,0.01986142742156982,0.007627223873900183,-0.007247062239481646,1.0,0.00021300880432129077,0.00499640428692925,0.005155151240561429,1.0,0.001283547935485796,0.011548207912777107,0.012498162187367273,1.0,0.10082904945373539,0.008213952407071099,0.08044941805469309,1
hf_transformer,1,canada,4614,0.021307065118153872,0.0006953459098026765,0.016792214105659977,4.383671636937065,0.0,0.0205062931060791,0.013668441815236089,-0.0026429616538062974,1.0,0.0017943130493163206,0.006223892238156223,0.007649134940732538,0.0,0.014465909957885659,0.011503988533001733,0.0,1.0,0.04109623527526862,0.002718768084714429,0.03497409500498771,1
hf_transformer,1,denmark,4614,0.2295713756561279,0.06196366443950058,0.033439943662167654,9.558569875828528,1.0,0.019678582763671848,0.0006113401593211815,0.003525172318029439,0.0,0.13558815078735353,-0.00529448470297429,0.014728782879892217,0.0,0.12690892333984394,-0.0007806123846896508,0.017889196436872753,1.0,0.34403052825927727,0.011121091636376314,0.060370165057325446,1
hf_transformer,1,eurozone,4614,0.06782689509073894,0.005419459803209235,0.037668614985288264,10.741027767525793,0.0,0.010028980827331502,-0.002021611997594509,0.0036330392702651703,0.0,0.042404251098632884,-0.008958127151924617,0.014898480506303272,1.0,0.029188628005981432,0.0012470690482323374,0.017563446134272152,1.0,0.10388169441223138,0.003137192523976695,0.059928980009033295,1
hf_transformer,1,japan,4614,6.88882485961914,51.213033085300474,0.055299736415244063,15.63430198854718,1.0,2.263925170898432,-0.019678127898420748,-0.0010587182355478876,0.0,3.987702636718751,-0.02004160981590337,0.012537574243745998,0.0,7.8897351074218705,-0.018398947331138924,0.044963015904453014,1.0,6.320259094238281,0.001624506202582342,0.05171036583996947,1
hf_transformer,1,norway,4614,0.38909395065307606,0.27628467180360183,0.0426285733467685,9.847747897564103,0.0,0.08637629547119197,0.0029683421500053225,-0.006917111401437795,0.0,0.03559594726562487,0.002099000846978956,-0.00196653524533925,1.0,0.033738667297363634,0.0059061824695808614,0.009729837209478818,1.0,1.0099940429687493,0.00397906972265359,0.1127478247377031,1
hf_transformer,1,south_korea,4614,32.483876139322916,1378.3959091508987,0.026209763608113616,6.962727089360795,0.0,5.718017578125,0.003915167119880515,-0.0007819091326168363,0.0,11.028027343749955,-0.0011755867318364783,0.007867280897550281,0.0,25.51318359375,-0.0018225356941170407,0.018988428069353715,1.0,60.666064453125045,0.0066289613734793916,0.055021577785104046,1
hf_transformer,1,sweden,4614,0.3077661775716147,0.1360636424133167,0.03194596045406186,7.63508003633555,1.0,0.043542611694336486,0.008970272388429453,0.0043493392657236105,0.0,0.10032415466308642,-0.000788118061506072,0.00988120394372449,1.0,0.08510962524414012,0.003725856806584287,0.012743826516824649,1.0,0.5529322509765624,0.017181851018248158,0.07362405144010473,1
hf_transformer,1,switzerland,4614,0.03793558116277059,0.002017956326659456,0.039995467286216495,8.547918789648785,0.0,0.007690979576110868,0.0066623971214534675,-0.0016209210378465724,1.0,0.007853060436248782,0.00048246154169973325,0.008921912347579547,0.0,0.0269374114990234,-0.0012288619586661388,0.027476303834953437,1.0,0.07070668296813976,0.005591762313439541,0.07876697203070546,1
hf_transformer,1,taiwan,4614,0.8738319198608396,0.8431088769223929,0.03022592803589191,16.75260146222545,0.0,0.16815167236327966,-0.0058745319117876615,0.0,0.0,0.6066122436523429,-0.014017681682534169,0.0071846620423561165,0.0,0.8149011840820322,-0.010906451575355261,0.017386637789958876,1.0,1.0226336975097645,0.002917097633599009,0.037819022784450956,1
hf_transformer,1,uk,4614,0.028403002211782834,0.0011548276400011903,0.03650085600768216,9.956013976158651,1.0,0.0034451875703430668,-0.005138926680475585,-0.0006101514817436975,0.0,0.014176489906372103,-0.01103205562010468,0.007581595428333782,1.0,0.0008887766764525962,0.0046946149398379685,0.00585345101883177,0.0,0.06075266608755492,-0.007073560240108016,0.07006971670883162,1
hf_transformer,1,australia,4619,0.05893461985905964,0.004860220506614962,0.0427568638574235,8.76677912891484,1.0,0.0013148106765747958,0.002184917072907008,0.003162099141968044,1.0,0.0003399187469481646,0.004928577143537647,0.005180607764058133,1.0,0.06807569797515867,0.0024816430653827166,0.05184719782844501,0.0,0.08660348537445062,-0.00428923614110633,0.05851127994997172,1
hf_transformer,1,canada,4619,0.02392607522328692,0.0007668046170213339,0.018836875460546566,4.922501374916393,1.0,0.0005297832489012944,0.001087012076787388,0.0015069799806259685,1.0,0.00020672645568842185,0.001551937524162345,0.001388090409083019,0.0,0.025274815559387154,-0.0010918492214284296,0.018792816003022277,0.0,0.02796545066833489,-0.003909246960780645,0.018130474015548622,1
hf_transformer,1,denmark,4619,0.23807129491170242,0.0636884237430899,0.034510529731868085,9.912477552302134,1.0,0.027729840850829746,-0.006112588765408034,-0.0020416907016581644,0.0,0.1911631851196285,-0.018849283570529438,0.009234159724786003,0.0,0.2970734947204594,-0.008785177312210613,0.034099888135372854,0.0,0.22964498138427736,-0.003213700106857478,0.029915529808187367,1
hf_transformer,1,eurozone,4619,0.060800404313405346,0.004197741623853054,0.033512766717783984,9.628316763334347,1.0,0.011324294662475642,-0.008499840645534397,-0.002170526230595943,0.0,0.03591323966979987,-0.011019907269633816,0.008965939908548397,0.0,0.07918902969360353,-0.010163512707836088,0.033350090869873075,0.0,0.05384157772064202,-7.871204594928392e-05,0.029417108051106377,1
hf_transformer,1,japan,4619,6.2170031738281235,40.634920570646855,0.04953660437602075,14.109591557936477,0.0,3.3757614135742244,-0.01829880816990488,0.00896256949735908,0.0,5.143235473632814,-0.029722655846813967,0.01198528189708582,0.0,8.685700073242174,-0.01682578420645049,0.05176944803947362,0.0,3.9654394531249864,-0.002861204840242554,0.02860507213028839,1
hf_transformer,1,norway,4619,0.5631079790751137,0.45914429391591316,0.06148110500007117,14.251944569508,1.0,0.005856832885742236,0.0055117392579235765,0.006178123606398947,1.0,0.05992946319580028,0.002328611882006023,0.009148037685779854,0.0,0.681846069335938,-0.0016431986821593685,0.07361532455134323,1.0,0.9708348785400389,0.004996238392044345,0.1098555621548731,1
hf_transformer,1,south_korea,4619,36.67382242838542,1647.4468170390726,0.029475510584748475,7.86081734203562,0.0,14.809960937499909,-0.005533391241246227,0.00654966440409042,1.0,1.2673828125000455,-0.0013211309211615529,-0.0002857434451526976,0.0,53.62778320312509,-0.005137687159819982,0.037923221402594826,1.0,33.25668945312509,0.008002918636852152,0.034577486058262774,1
hf_transformer,1,sweden,4619,0.3650111825052898,0.17104713157345516,0.037738702047779335,9.055217225540918,1.0,0.004997238159178963,0.002530011481620317,0.0020025844779150348,0.0,0.14575193176269607,-0.004394558507912289,0.010972762624365558,1.0,0.362472348022461,0.0017468207670728072,0.03930899751360137,1.0,0.46114476928710957,0.0036328872869682886,0.05109307970490357,1
hf_transformer,1,switzerland,4619,0.044519452813466386,0.002521847252817515,0.046738692331326194,10.031444241655022,1.0,0.0021347097396851034,-0.0015693084779782674,-0.0038599736984056493,0.0,0.015855505752563448,-0.008064433898872814,0.008896050145664412,0.0,0.04075874118804934,-0.003923080580884404,0.03893461338072414,0.0,0.04726980714797968,-0.006893853258491735,0.04278699506165772,1
hf_transformer,1,taiwan,4619,0.9046843139648436,0.8558359210564597,0.031166317586852246,17.34408576353388,0.0,0.42841476440429815,-0.009675387226978457,0.005174209543132306,0.0,0.638356048583983,-0.019516767053345426,0.002745665217062104,0.0,0.8203373718261702,-0.007562236861719268,0.020622816188946104,0.0,0.9726048889160168,-0.008024672301183096,0.025320834090726226,1
hf_transformer,1,uk,4619,0.029916415000411985,0.0011609884271658942,0.03820861933709328,10.486505744702693,1.0,0.004616700327026324,-0.008572658584919806,-0.0025335903325657853,1.0,0.005038433512451146,-0.00943484104890035,-0.002840256056225541,0.0,0.03604067140124512,-0.0011427709177232372,0.04472609722213603,1.0,0.031304482509460496,0.002708559799816232,0.042517836423129146,1
hf_transformer,1,australia,4624,0.06543068547439575,0.005109077752580077,0.047390651933835154,9.73309693316611,1.0,0.0057933866119384,0.003313243798595679,0.007584829848591956,0.0,0.03019760395050053,-0.0006137327286090357,0.021539802021037342,0.0,0.05655868724822999,-0.002901912925595685,0.03828960004649137,0.0,0.05259135818481453,-0.002212676936177357,0.03611820164185496,1
hf_transformer,1,canada,4624,0.02481715131759641,0.0007834563520680414,0.019516714115078482,5.105829532938918,0.0,0.0018581007003783956,-0.0009183834591311962,0.0005546971099872256,1.0,0.006456570816040008,0.0026861711783211267,0.007777224806647546,0.0,0.022629535675048773,-0.0019673236361318898,0.015845575014981295,0.0,0.0192332717895507,-0.003878207896104278,0.011310242535178037,1
hf_transformer,1,denmark,4624,0.20825976267496743,0.050986430326971276,0.030084143747124217,8.671226925232766,1.0,0.060221606445312936,-0.01048818697550311,-0.0017108644036293189,0.0,0.08709334564208948,-0.012476956140848552,0.00021727322193022567,0.0,0.25713574142456075,-0.013921714820685917,0.02315445266856969,0.0,0.06107558517456013,-0.0027236224226533444,0.00610907209630114,1
hf_transformer,1,eurozone,4624,0.05118582757314045,0.003112117788630299,0.028094615532806677,8.10575796712176,1.0,0.019263878631591735,-0.012287016969521726,-0.0015991180689191766,0.0,0.024190419960022025,-0.013362202227521434,5.509641874676066e-05,0.0,0.07194490890502925,-0.016440593095033866,0.023065901083170276,0.0,0.019791304969787538,-0.004744870880601096,0.0061520064398204975,1
hf_transformer,1,japan,4624,4.279802724202471,22.9029583606806,0.03381940762326243,9.713083088207249,0.0,2.411774902343751,-0.01328651720738689,0.005939200226717687,0.0,5.799663391113285,-0.02606784774079555,0.020128839373512755,0.0,5.911671752929692,-0.012561564253072652,0.03388963786022221,1.0,0.000640869140625,0.009648241287364717,0.009643200048228067,1
hf_transformer,1,norway,4624,0.6354790572102864,0.5034809016161271,0.06907011287931616,16.08361563854897,1.0,0.007458102416991963,0.004775138251315939,0.003933036022033598,1.0,0.12019789733886732,0.0013771453978571188,0.014897466885828917,1.0,0.6513879638671867,0.0016896526556117136,0.07284231464234481,1.0,0.6663166961669926,0.0013183909024193203,0.07406990016769228,1
hf_transformer,1,south_korea,4624,42.099307454427084,2005.4884565738641,0.033828005056171735,9.023738029262727,1.0,0.7566406250000455,0.007316485345409123,0.007929610710132595,0.0,18.253100585937545,-0.003069211285601609,0.011770094075417315,0.0,42.9185791015625,-0.0011181059462373663,0.033363860535651435,1.0,17.46240234375,0.011437241442944378,0.025435176780144144,1
hf_transformer,1,sweden,4624,0.38784218846639,0.17699961006597661,0.0400180736675361,9.621610060512175,0.0,0.11382495727539066,-0.008724749930267863,0.0032173849962409203,1.0,0.13411135559081977,-0.014800050868100982,-0.0006593786380442004,0.0,0.477470739746094,-0.01188510782544192,0.03743298216347981,1.0,0.2861317474365226,0.0005981148664949693,0.030078966540693836,1
hf_transformer,1,switzerland,4624,0.04849403385798136,0.0026999511427345728,0.05093052317258203,10.92702551258948,0.0,0.00570264072418214,-0.005373598125466177,0.0006891981717471001,0.0,0.03125472936630247,-0.017337302092348243,0.015837018449134033,0.0,0.06104256763458249,-0.02002583738524231,0.04393974278000084,0.0,0.02760022821426389,-0.014422802075236697,0.014844721723241083,1
hf_transformer,1,taiwan,4624,0.7702262985229492,0.6295003265637146,0.026414164964078272,14.7663342590357,0.0,0.3883686828613264,-0.00615346007107452,0.00723377066502891,0.0,0.6531023559570315,-0.013598127908300365,0.008978524019836447,0.0,0.7234809570312493,-0.008224278756356904,0.01662287100135081,0.0,0.5152265014648449,-0.00573218862316353,0.01198193924681074,1
hf_transformer,1,uk,4624,0.03394213720567322,0.0013481779180991998,0.04333695106082301,11.897629337936301,1.0,0.0014308853019714407,0.00020728807448812506,0.00207182327142042,0.0,0.019894362567749013,-0.010198124679331145,0.015683262737406715,1.0,0.04106579864782711,0.0007369535291154603,0.05288615722458355,1.0,0.022999006371154818,0.004155031542202909,0.03359630018315946,1
hf_transformer,1,australia,4629,0.06537344031524658,0.004611427738228799,0.04728029894178843,9.724581468611312,0.0,0.03895844505310064,-0.012953711522519552,0.015278905014047422,0.0,0.04896481433868405,-0.014665084994146519,0.020751654756532126,0.0,0.09943020576477046,-0.017013151515637436,0.05379911277409891,0.0,0.04350492362976066,-0.027932038071629264,0.004011504043513855,1
hf_transformer,1,canada,4629,0.026336158517201717,0.00080534554851094,0.02072611627416648,5.418346941614765,0.0,0.010021702957153211,-0.0033653662442774714,0.004512200385150693,0.0,0.02227168731689444,-0.0124024316465961,0.005177497347367552,0.0,0.04337939834594717,-0.009943010363549963,0.023935556169824544,1.0,0.005197493743896553,-0.014415804508474225,-0.010277176506464177,1
hf_transformer,1,denmark,4629,0.17529998847961423,0.03846730810210493,0.02523889898795725,7.298894229846035,0.0,0.10564590148925745,-0.009216927689305076,0.006107748947553409,0.0,0.21844000701904331,-0.010430047186105934,0.02103862404496193,0.0,0.25993165435791,-0.002723911326130107,0.03433040700898359,0.0,0.03577348403930625,-0.00032208590556347935,0.004847382266127467,1
hf_transformer,1,eurozone,4629,0.047867675463358544,0.00286380707370249,0.026228639505428576,7.580297323517744,0.0,0.025340005493164064,-0.007626598579966302,0.00634329972870596,0.0,0.06141219158172606,-0.012480629715046272,0.021205482516976338,0.0,0.07390568695068356,-0.005860330966922782,0.03428071635199165,0.0,0.01911798515319818,-0.00553468716195482,0.005001109566245649,1
hf_transformer,1,japan,4629,2.5507382405598937,10.179165953225521,0.019981187253851132,5.788942636705915,1.0,3.0621392822265676,-0.028760875705561646,-0.00452507111126175,0.0,4.625673828125002,-0.027868285082723168,0.00848760060911991,1.0,1.911203613281259,-0.01775846173572424,-0.002728195627788355,1.0,1.3289581298828068,0.0072212995751074,0.017439386380185648,1
hf_transformer,1,norway,4629,0.7070761003112793,0.5324248629807056,0.0768231129976247,17.895696318513753,0.0,0.3137669830322274,-0.013205438944332617,0.021700400909740333,0.0,0.46451447753906194,-0.011050788914234966,0.04009416446772993,0.0,1.019248556518555,-0.014092460618945375,0.0952045415664349,0.0,0.5600784912109376,-0.008018126110224713,0.05315181831730377,1
hf_transformer,1,south_korea,4629,34.6389453125,1511.0582750532228,0.027734225634403573,7.424653444675337,0.0,11.637182617187591,-0.0007565664802838056,0.008597537993517201,0.0,36.688232421875,-0.016179435489658656,0.01346605792548512,0.0,63.96804199218741,-0.011825653708306148,0.03909034760188302,1.0,0.5775878906249545,0.002436033131056515,0.0029008884162333697,1
hf_transformer,1,sweden,4629,0.4032190168253581,0.17927458998991072,0.04156907138186064,10.00307925297533,0.0,0.2378531982421883,-0.007113617105350726,0.017657513418471996,0.0,0.37542798004150413,-0.014062798989728625,0.025026313031325614,0.0,0.5925351745605472,-0.0047893525763181306,0.055679919259915625,1.0,0.14421142578125057,0.0072489628072423635,0.022127293445809448,1
hf_transformer,1,switzerland,4629,0.038284504483540864,0.001718247457198239,0.03992495097280453,8.626540709185525,0.0,0.015015966796875002,-0.014952775223250173,0.0008348552532904477,0.0,0.033357006931304944,-0.021695263441477746,0.013274760660274821,0.0,0.05638976783752436,-0.01662197625437156,0.0415128869782905,0.0,0.01767379617691045,-0.013954824169196706,0.004583102652745456,1
hf_transformer,1,taiwan,4629,0.5260277689615886,0.348608311076422,0.017964568503397154,10.08470092610086,0.0,0.43613348388671724,-0.01119289287211654,0.003769888041940144,0.0,0.6418856506347659,-0.014542809404090635,0.007474728960889434,0.0,0.7774497680664076,-0.007391543689350761,0.019027557159127403,1.0,0.0441663665771479,0.003134051235119679,0.0046378476256896855,1
hf_transformer,1,uk,4629,0.03291115649557598,0.0011820316004899885,0.04187429558969688,11.536242950597996,0.0,0.01639000499926757,-0.010962033199517234,0.010095562751028122,0.0,0.031215888521118118,-0.017339220614422408,0.022640990852237423,0.0,0.04682756445983882,-0.009890587342940689,0.049072470349160666,0.0,0.02461600224401861,-0.006036329390251462,0.025272886671467244,1
hf_transformer,1,australia,4634,0.033034310774485265,0.00150841351088097,0.023586275461406066,4.913996339136901,0.0,0.032555496253967364,-0.014802079310836104,0.008407097850413357,0.0,0.02846996250152589,-0.019721873394605308,0.0007032973568146056,0.0,0.03964541286468504,-0.02072656028862064,0.007631625302052337,0.0,0.03742609657287588,-0.018610736118576304,0.008125177406494566,1
hf_transformer,1,canada,4634,0.014577512989044188,0.0002804798317627175,0.011420229373481479,2.9991474599056125,0.0,0.015551840591430555,-0.0033716182847594264,0.00876395661394806,0.0,0.020134920120239208,-0.008198233654377739,0.0075610306428507785,0.0,0.011532581329345648,-0.006147397198871285,0.0028908528609662555,0.0,0.007312732315063464,-0.00471571583752184,0.0010166576303845133,1
hf_transformer,1,denmark,4634,0.1012916850535075,0.014828618087650574,0.01447826517670851,4.217440639788768,0.0,0.16388105926513674,-0.02089829922010366,0.0025565409285103063,1.0,0.15189973907470744,-0.024934935220514563,-0.003089304594273793,1.0,0.04699433441162082,-0.00991874536866367,-0.0032102300296638626,1.0,0.0025286735534670868,0.0014272745284390521,0.0017853099278363703,1
hf_transformer,1,eurozone,4634,0.026999949143727615,0.0011645594758117371,0.014696099585506934,4.275696286651342,0.0,0.038301634597778245,-0.018345541778726545,0.002478115746301238,1.0,0.025585942840576248,-0.01710160007375633,-0.0031604137541383958,1.0,0.020920222473144623,-0.015174408506455886,-0.0037828681388587236,1.0,0.0033977462768555178,0.0036330517237399486,0.0018053221474470741,1
hf_transformer,1,japan,4634,2.2242907918294264,6.574267441319649,0.017251956173730196,5.048064751021786,0.0,3.243193969726576,-0.020021529372672212,0.005196416550770658,0.0,3.6937344360351574,-0.02223309566463642,0.006500898012610891,1.0,0.5779843139648477,-0.012324912706967311,-0.01685159840304625,1.0,2.4943688964843886,0.016690979421062263,0.03544790099980268,1
hf_transformer,1,norway,4634,0.464111533610026,0.24416783920348575,0.04959008752772275,11.74640050731216,0.0,0.4069554809570306,-0.026853805303509296,0.017038489794426053,0.0,0.3272346343994137,-0.02346134299156785,0.011865079470484367,0.0,0.5811290115356442,-0.02096398769465209,0.04078700241440617,0.0,0.44660234985351543,-0.009712864844126354,0.03755644870811727,1
hf_transformer,1,south_korea,4634,21.581582031250004,683.0366467357076,0.017178564834724463,4.625884706484991,0.0,23.254638671875,-0.011212819382173531,0.007337663066043448,0.0,27.649658203125,-0.008715945556221539,0.013247845754301393,0.0,35.856152343749955,-0.011254296783630085,0.017207781140098827,0.0,15.023583984374909,-0.0017320596467600246,0.010178910389989125,1
hf_transformer,1,sweden,4634,0.21827672251383465,0.0727783833178733,0.022265818495527515,5.415020778475044,0.0,0.26973586730957066,-0.016476270612190168,0.011139206587319175,0.0,0.24056173400878933,-0.013685270777431865,0.010911978042396714,0.0,0.2455582733154298,-0.011751014357895115,0.013302863556336834,1.0,0.1814606903076168,0.0034392036198460114,0.021736143775595733,1
hf_transformer,1,switzerland,4634,0.024847507375081384,0.0008756862777718398,0.025656274954074368,5.598819595146618,0.0,0.020083788490295462,-0.013884424454951272,0.0068788772276461765,0.0,0.034448438835144035,-0.020976145777278774,0.014624928290979737,0.0,0.016915217399597116,-0.015904113424890662,0.0016470228644717977,0.0,0.028851832962036084,-0.011555545055872965,0.018070935856553828,1
hf_transformer,1,taiwan,4634,0.3666365763346355,0.20163014510030566,0.012479549436806793,7.028944932324168,0.0,0.310697448730469,-0.010596819682904846,0.0,0.0,0.4892359924316416,-0.00962141181785169,0.0069982367498407656,0.0,0.5177021789550764,-0.0076867482550209846,0.009857784535223476,1.0,0.1485965270996097,0.008735008732248788,0.0037249666341890707,1
hf_transformer,1,uk,4634,0.016764360989518237,0.0004235150495410311,0.021100656035254035,5.876358107093774,0.0,0.017317779664276167,-0.019169558921724394,0.0027516916261844113,0.0,0.029164247535583443,-0.020429539290688442,0.016260520912280352,0.0,0.015674557623901353,-0.014662691661013702,0.005110607792276231,1.0,0.011324992916442844,0.003035004281587148,0.017110912959073264,1
hf_transformer,1,australia,4639,0.028319365919748943,0.0011871637753035644,0.02005256438254914,4.21262793724786,0.0,0.03882295547485359,-0.010431634765993786,0.017046647439249822,0.0,0.060046836242675816,-0.015268359187211214,0.027118904915689603,0.0,0.010700386123657202,-0.003928015696698481,0.003671835930002894,0.0,0.0440235414886474,-0.0025837002456958864,0.028279366467484607,1
hf_transformer,1,canada,4639,0.015252468369801838,0.0003072522184981258,0.011931744641006825,3.1380113880166904,0.0,0.02210092773437511,-0.009715791876741084,0.00746575233326046,0.0,0.02016856765747077,-0.01027867311038833,0.00542111685830624,1.0,0.005139616394042923,-0.010334417463060203,-0.006309906422881204,0.0,0.02401272983551017,-0.003549471765686682,0.014990935660043739,1
hf_transformer,1,denmark,4639,0.10139999903361001,0.013206275982411942,0.014426170345534348,4.2219504648676995,0.0,0.06432125396728505,-0.004194151217391938,0.004952472162992072,0.0,0.1742345382690429,-0.006398436129501541,0.01824062978002863,0.0,0.11771486053466784,0.0043386281763968726,-0.01247515633200775,1.0,0.07340899505615273,0.022117612074705417,0.01185060782660265,1
hf_transformer,1,eurozone,4639,0.023781787026723216,0.0007764386992143044,0.012885547165218803,3.7660700003101946,0.0,0.028230607414245545,-0.01029610432561092,0.005019576050197353,0.0,0.05805168304443353,-0.01337385657165422,0.017964394412597152,1.0,0.013773166084289468,-0.005141072091390505,-0.012660292433870075,1.0,0.0009845628738403,0.011387455014108806,0.011914027460803733,1
hf_transformer,1,japan,4639,1.5765542195638005,3.3784943388582898,0.012095253668603938,3.5780158840243033,0.0,2.371511230468741,-0.017533369763208077,0.0008048598636969349,1.0,0.59356689453125,-0.012528341944366476,-0.007929828296105876,1.0,2.757183837890622,-0.0024785582354944283,-0.023902119545070995,1.0,0.5367907714843625,0.0328371375361858,0.03681258726314943,1
hf_transformer,1,norway,4639,0.36600759348551437,0.1761950896111534,0.03841870864244808,9.263445250664361,0.0,0.43390838012695276,-0.02069024741222919,0.025226053357312796,0.0,0.5345311294555657,-0.017379192138178116,0.03870961147321953,0.0,0.2609854888916008,-0.014017921805275627,0.01366871862471294,1.0,0.5851468597412115,0.004176056675310223,0.06414897005296703,1
hf_transformer,1,south_korea,4639,17.451936035156255,385.151339547018,0.013820022948488688,3.7407194656390863,0.0,20.44741210937491,-0.015118553122543956,0.0010601332048896532,0.0,30.802294921875045,-0.015321885950842655,0.008956042577502692,1.0,14.579345703125,-0.01610171169288732,-0.004528012461306318,1.0,10.197460937499955,0.0034139568647682836,0.011367087883143305,1
hf_transformer,1,sweden,4639,0.16385148854573556,0.03959447125455374,0.016513641692249642,4.064836620418781,0.0,0.3280127670288078,-0.013075248596109484,0.019939663674799744,0.0,0.3118004684448241,-0.013944182988734984,0.017491172436336598,1.0,0.07253427124023482,-0.010389746826377132,-0.00301439652080431,1.0,0.18395681457519508,0.013148790374915946,0.03131997944814074,1
hf_transformer,1,switzerland,4639,0.016692961146036783,0.0004373122432663497,0.017085869856583166,3.761378417345002,0.0,0.026483588409423775,-0.015329434790682364,0.011608084316995188,0.0,0.0432778175354005,-0.02693738918847379,0.01721230213707293,1.0,0.007959929084777828,-0.016728897580695148,-0.024980739784654146,1.0,0.01152893695831303,-0.001291318231129974,-0.013080764920529871,1
hf_transformer,1,taiwan,4639,0.2819803990681968,0.1107587687269458,0.009554096723399073,5.405965539117735,0.0,0.36337362670898443,-0.009966918642595949,0.002321904330841698,0.0,0.33631053161620983,-0.006906996713469612,0.004437205794466079,1.0,0.05221371459960977,-0.004754357779141114,-0.0065233787743275064,1.0,0.18316763305664097,0.008108789396844493,0.001968918656713861,1
hf_transformer,1,uk,4639,0.01210693411237691,0.0002431562742227196,0.015076383689892673,4.24380508555016,0.0,0.022556584219116216,-0.024420936310384746,0.003730894345013726,0.0,0.03326306352178954,-0.030754794103570824,0.010743602834799068,1.0,0.0003176045172423869,-0.01817215390465286,-0.017772718220801356,1.0,0.0055569374765014334,0.007230520492937838,0.014022159242962415,1
hf_transformer,1,australia,4644,0.01662200760396321,0.0004141515229712441,0.011751829099190321,2.4725953894599964,1.0,0.014694444961547815,-0.013558209175916077,-0.0033161096942250566,1.0,0.009953104286193781,-0.023803103211720748,-0.016782986864159837,1.0,0.04006576351165769,-0.016961692782011744,-0.0455311701645374,1.0,0.0026953342437743277,-0.00641738906846438,-0.004544265845228814,1
hf_transformer,1,canada,4644,0.011860276368459084,0.0002617171343247341,0.009274155104704458,2.4401088012047047,1.0,0.002227706718444855,-0.004588775886343292,-0.002861785540407704,1.0,0.0025566574096680394,-0.007203595689483523,-0.009194486048706374,1.0,0.0333159206390381,-0.0009535955673165424,-0.02704718779604581,0.0,0.010387853240966693,0.005420965049447577,-0.002590725111634252,1
hf_transformer,1,denmark,4644,0.08995582425435383,0.011440315165135967,0.012753528061709143,3.745454020195222,1.0,0.1428143478393551,-0.02105619903284016,-0.0008873952041118466,1.0,0.0019347991943359233,-0.015451343355577121,-0.015725852369245848,1.0,0.11952630004882803,-0.01375166980973437,-0.030823823752455327,0.0,0.13118017654418956,0.003998195304663187,-0.014421229992862755,1
hf_transformer,1,eurozone,4644,0.026890102577209474,0.0010158926992919909,0.014474943989552097,4.258301048087637,1.0,0.024910471343994045,-0.01424342760808184,-0.0009038947843920504,1.0,0.007111324119567941,-0.011781866060940777,-0.015613391451623743,1.0,0.03892147178649896,-0.009413067411460592,-0.03051509480273995,0.0,0.04968934669494618,0.01211768785651606,-0.014318648466015802,1
hf_transformer,1,japan,4644,1.2573716939290354,2.141043729521406,0.009561382530988243,2.853625861497731,1.0,0.5287145996093727,-0.006503922888407103,-0.0023990105918381397,1.0,0.33769165039063864,-0.007933285746757753,-0.01056771946593511,1.0,0.5265209960937511,0.0076730643515428515,0.0036262673793250127,1.0,0.37449523925781136,0.04141454990289358,0.04418791764289834,1
hf_transformer,1,norway,4644,0.17370757904052728,0.039268040949415134,0.01798530088871307,4.396440611364151,0.0,0.3537977432250976,-0.03293466559697205,0.0036972949023946233,1.0,0.25248923645019516,-0.031089937406290825,-0.004858797828169186,1.0,0.26040614624023384,-0.011896568847191083,-0.03915520409224239,1.0,0.03545000000000087,0.010798791640616666,0.007213824421854243,1
hf_transformer,1,south_korea,4644,13.667177734374999,345.0298949081503,0.010790817216559797,2.929478866318107,0.0,15.030517578125,-0.011733825609663113,3.8933987429122715e-05,1.0,2.209619140624909,-0.010835931313204246,-0.01257681082929106,1.0,16.83383789062509,-0.011958906206780672,-0.02531381468504615,1.0,3.7368896484374545,0.013717114381569872,0.010842733239420156,1
hf_transformer,1,sweden,4644,0.1338855606079101,0.026190367201546556,0.013427059133244098,3.3214402538212107,1.0,0.18469502563476503,-0.018556808062766536,-5.458935161612646e-05,1.0,0.014893853759765818,-0.014147932229231214,-0.012649767791476614,1.0,0.25586762695312437,-0.005591742157641015,-0.03146091282194462,1.0,0.14248056030273482,0.01926444276972985,0.005295862311768189,1
hf_transformer,1,switzerland,4644,0.021063934787114467,0.0006053544849835235,0.02150945755642066,4.746277727449541,0.0,0.02091501808166507,-0.018344998913124893,0.0026908527298729664,1.0,0.0015300968170165463,-0.028628143897582583,-0.027058064621468182,1.0,0.030824494171142525,-0.011063929954170975,-0.04266158450259743,0.0,0.0572464050292969,0.009975926597505071,-0.048248920518014396,1
hf_transformer,1,taiwan,4644,0.3057074198404949,0.11723721366640184,0.010300804544774559,5.860846293470994,1.0,0.28310089111328196,-0.01003190187438409,-0.00048645884091760134,1.0,0.15451254272461057,-0.010537219842791273,-0.005313526651368463,1.0,0.4011194305419927,-0.0007173770930356502,-0.014272323879506558,0.0,0.7109623870849617,0.020761444999346783,-0.002871851965829023,1
hf_transformer,1,uk,4644,0.011302007466030876,0.00016437792243815643,0.01393436448435587,3.9616567097887025,1.0,0.011618498379699749,-0.016952991989635218,-0.0026151291823463085,1.0,3.4209201965285096e-05,-0.019927637154681488,-0.01997028485736868,1.0,0.0174295970747681,-0.004499490208145375,-0.02612759399238295,0.0,0.021686466294860818,0.020632617588261567,-0.005671054675474281,1
hf_transformer,1,australia,4649,0.017179437547047937,0.00040796317769063327,0.01210237805758022,2.5555154999579375,1.0,0.011344185256958017,-0.0021712182796990898,-0.010193897813407057,1.0,0.015094007492065353,-0.006477301371755357,-0.017212470544058733,1.0,0.01679973220825204,-0.0013927994277377982,-0.013287398600316861,1.0,0.03348118331909178,0.014318634316609045,0.037251337675577076,1
hf_transformer,1,canada,4649,0.0106956048202515,0.00018224678547857758,0.008369053650714739,2.2004916787191124,0.0,0.010811971855163582,0.004830447137813002,-0.0035920700813184526,0.0,0.01025266914367684,0.002571069659981866,-0.005432141071287789,0.0,0.021008024597167996,0.0011358614833088243,-0.01535621732181669,1.0,0.005875743865966898,0.011798348405995087,0.0072617448208540545,1
hf_transformer,1,denmark,4649,0.0722660516357422,0.00673873085708177,0.010242772039852787,3.0089121617895223,1.0,0.05071514892578133,-0.0031316288722964235,-0.010376829254587007,1.0,0.06400118560791057,-0.005399461943146189,-0.014572297987100155,0.0,0.10685593490600542,0.006302554088378443,-0.008879635317569138,1.0,0.05425315551757848,0.023344963440410284,0.01579569257488369,1
hf_transformer,1,eurozone,4649,0.018987257143656417,0.0004682083400940553,0.010241601880944884,3.0068110288157994,0.0,0.02835683631896968,0.004930918010009713,-0.010418739278775114,1.0,0.018429458236694396,-0.004257771674466161,-0.014299161702737605,0.0,0.029438698196411206,0.007174770905852874,-0.008729181431903764,1.0,0.012983733749389659,0.022780320673177513,0.015905653160778115,1
hf_transformer,1,japan,4649,2.8713736368815095,10.976645192386776,0.021718820002346213,6.516629973292782,0.0,0.6564819335937528,0.0024691744704361312,-0.002659472019990827,0.0,1.2018585205078125,0.002433146706224323,-0.00697659018497435,1.0,4.773525390624997,0.011622039682724454,0.047816962491955085,1.0,0.9945013427734466,0.046591195030457916,0.053978823116711976,1
hf_transformer,1,norway,4649,0.11539187433878564,0.018309233616962257,0.011881973974173895,2.9205030970243735,1.0,0.07964054718017621,-0.020913782693960405,-0.012609479596055993,1.0,0.06349592590331987,-0.019973283351567957,-0.02663762430140116,1.0,0.18425427551269458,-0.0014669502847509009,-0.02056930050046968,1.0,0.021078698730468304,0.020845000015852877,0.022959571614142898,1
hf_transformer,1,south_korea,4649,11.79937662760417,203.6829568234287,0.009299391732819165,2.529126725216685,0.0,5.8770263671874545,0.0013215459350810746,-0.00331740756827687,0.0,14.56494140625,0.0020992352761095272,-0.00942805272327114,0.0,15.941870117187591,0.003653665072447882,-0.008950554803251924,1.0,4.734228515625091,0.026407087785708574,0.022764576889973506,1
hf_transformer,1,sweden,4649,0.09353592610677079,0.013308500053611188,0.00935683474368605,2.320444331254642,1.0,0.06140020446777328,-0.005872134793295833,-0.012099419273995562,1.0,0.02911578826904382,-0.007089628509489472,-0.010041350539844366,0.0,0.140951391601563,0.007580256622527588,-0.006580148739530343,1.0,0.20891955261230422,0.019142509311030193,0.03953438401616839,1
hf_transformer,1,switzerland,4649,0.022518383719126383,0.0006788727734693404,0.023039072039834595,5.074004652237775,0.0,0.015284722518920879,0.005658850819299736,-0.010047228811234741,0.0,0.0208868986129761,0.0025466352355098493,-0.019046223192752124,1.0,0.00932486248016362,0.01351925717950168,0.004041856567971373,0.0,0.04981736469268794,0.037992886249889626,-0.012432132471702283,1
hf_transformer,1,taiwan,4649,0.16401637522379578,0.049101138573889314,0.005527594309931812,3.144427326299386,1.0,0.023117904663084943,-0.00045133834034471115,-0.0012315168612551464,1.0,0.006544250488282444,-0.010816272850026043,-0.010593229626853497,1.0,0.10948081970214929,-0.0002367107072039312,-0.003936048597674134,1.0,0.41301475524902287,0.01743234533101887,0.0036518809044455334,1
hf_transformer,1,uk,4649,0.00708950528558248,7.325827527391248e-05,0.008745165936674182,2.4850617262575407,0.0,0.009280398749755836,0.0031341925375028405,-0.0084665037814063,1.0,0.0071850241616820965,-0.0027390710139964408,-0.01176179229619537,0.0,0.014882962885375939,0.012574552907556295,-0.005918122408174791,1.0,0.00025771219934078715,0.0380296244790225,0.03772027595134363,1
hf_transformer,1,australia,4654,0.028516050011952707,0.000998176783436273,0.019967550995187607,4.241885545062165,0.0,0.02165128540039052,0.009189881783630373,-0.006269163295557375,0.0,0.02945497627258309,0.010495304062383973,-0.010566895577303784,1.0,0.013194601707458453,0.017708136413732683,0.026934662487062916,1.0,0.02803203666687004,0.02094322967842164,0.040381997843170356,1
hf_transformer,1,canada,4654,0.012165803375244155,0.0002267754357389607,0.009501388972522931,2.502967297507927,0.0,0.02507632064819343,0.01159157274360274,-0.008026167333988296,0.0,0.02492550163269036,0.005802718304970999,-0.013810194234994645,1.0,0.013470098114013673,0.004636674632195819,0.015089929703471556,1.0,0.0001865905761719855,0.01446178679286458,0.014317639438419471,1
hf_transformer,1,denmark,4654,0.06649768582661944,0.008243003431564758,0.00937020641462802,2.7687370637475537,0.0,0.09741771697998036,0.00765463297763733,-0.006362617201522253,0.0,0.04240635223388711,0.005049122795665515,-0.0010444166082434997,1.0,0.07260156250000005,0.00993542465770888,0.020232223245504284,1.0,0.20027393341064492,0.02410155815226988,0.05186186265444802,1
hf_transformer,1,eurozone,4654,0.017406627934773766,0.0005400796743414303,0.009318370914799975,2.7565035040491384,0.0,0.029636102294921862,0.00974677762598356,-0.006455091016513475,0.0,0.012599553680419984,0.005787536956219885,-0.0010958004548282433,1.0,0.017275589370727484,0.01087860294901128,0.020192850466378087,1.0,0.04786084651947031,0.02620626385635216,0.05141649682985266,1
hf_transformer,1,japan,4654,5.380995646158852,31.81402504776189,0.04088271959820438,12.212258642870509,1.0,0.3061273193359426,0.0016024336524455875,0.004003773600906318,0.0,4.016961669921869,-0.003285325249225074,0.027925025705470286,1.0,4.410932006835935,0.008062341934124306,0.04190223680710797,1.0,4.368649902343748,0.035328040235325625,0.06796185836629316,1
hf_transformer,1,norway,4654,0.149294086151123,0.03305598604806575,0.015274475170327005,3.7785489097062435,0.0,0.18733206787109324,0.009008591572086508,-0.010735601186526835,0.0,0.18908799743652338,0.01381400231374833,-0.006020614964559545,1.0,0.3133438629150387,0.023037776362386412,0.05477474814993632,1.0,0.11381584472656314,0.04952545714767224,0.060867419039829285,1
hf_transformer,1,south_korea,4654,18.122810058593753,380.4840362594725,0.014205556533577243,3.8845173522121788,0.0,23.57314453124991,0.004743473833844854,-0.014109015960600145,0.0,21.358447265625045,0.006275548892666468,-0.01076419428849359,1.0,14.458178710937545,0.012059780701472024,0.023366651985488786,1.0,19.11215820312509,0.019734605704156753,0.03454081662236456,1
hf_transformer,1,sweden,4654,0.20281341425577792,0.06169209496041736,0.020043532106284644,5.031406187981847,0.0,0.16781277160644592,0.006558788290100816,-0.010512499917350409,1.0,0.014783248901366619,-0.007098294949462734,-0.008611051732928608,1.0,0.25024820251464774,0.011432683557056638,0.03624090680126713,1.0,0.4553312286376947,0.022077439062042032,0.06630450879717291,1
hf_transformer,1,switzerland,4654,0.011119802916844678,0.0002183649975255559,0.011444346382415432,2.5055942040864205,1.0,0.010627914619445789,0.011716973697395865,0.0006790462273515522,1.0,0.002146476745605419,0.00780360020281261,0.005575399378638371,1.0,0.0006112342834472262,0.013608760380656296,0.012978430626058482,1.0,0.0031840812683106012,0.023327092571766656,0.02007102344640861,1
hf_transformer,1,taiwan,4654,0.13107447255452473,0.03281868336566175,0.0044350878038904645,2.5128841721953283,0.0,0.5120083923339855,0.009952638483485484,-0.00747401695357338,1.0,0.01759167480468804,0.002232772505793191,0.0016344323987154716,1.0,0.01492614746093679,0.01382258376762559,0.013320779555021624,1.0,0.30430612182617267,0.025297734472448655,0.015135021850764504,1
hf_transformer,1,uk,4654,0.012647318578615318,0.00024150774757971356,0.015545990912160928,4.433224332792156,0.0,0.008276941811065641,0.007957737216874407,-0.0024544738450879445,0.0,0.008606075448059136,-0.0034751657942035997,0.00735984922571448,1.0,0.010358874400878904,0.014485219942807718,0.027282272377948932,1.0,0.012787736831909147,0.03227796471603866,0.04777597315925619,1
hf_transformer,1,australia,4659,0.0508403350308736,0.003078727503897735,0.03560331216913804,7.562719317127912,1.0,0.01771621112823496,0.01354152391868045,0.0008306998220358059,1.0,0.024512392654418846,0.0074355104862624775,0.024865328119513003,1.0,0.04015550926208489,0.01582618442088558,0.04398853232675245,1.0,0.06671200237274166,0.015480081474236917,0.061856614699256775,1
hf_transformer,1,canada,4659,0.017095832932790118,0.0003411316600106784,0.01330845210413331,3.5172614117293297,0.0,0.021660034942627027,0.014131499202291628,-0.0029843047833581346,1.0,0.008122163391113268,0.010102428932485384,0.016471331484216124,1.0,0.019575219345092876,0.014534709840114386,0.02974895491774499,1.0,0.01088716964721681,0.02585603142149262,0.03425112702464557,1
hf_transformer,1,denmark,4659,0.15112014620463052,0.03631141793002542,0.02117538626889472,6.292127984222525,1.0,0.064627436065674,0.009421742989489145,0.00015132790263195186,1.0,0.1204662384033206,0.0007756752749318008,0.017976551706670934,1.0,0.06023612670898437,0.009648230612316505,0.01821010644623976,1.0,0.2643743652343753,0.025890570596437273,0.062348911704881174,1
hf_transformer,1,eurozone,4659,0.0432529856300354,0.0027729991502578166,0.023092424159854706,6.849517717994998,1.0,0.011489033126831139,0.006387490652979531,0.00010963409631377975,1.0,0.03283234100341792,0.00017412567008844585,0.018009695098177844,1.0,0.008893925094604516,0.013398895877377283,0.01819812293760266,1.0,0.07696067848205557,0.02130975272600858,0.06178001227594321,1
hf_transformer,1,japan,4659,5.363821777343748,29.7915986710281,0.04042157709893777,12.173282263467843,0.0,2.041970214843758,-0.011014503056809875,0.004655430830437964,0.0,5.975142822265639,-0.019037539891175338,0.026496115228737165,0.0,4.703037109375003,-0.007394162735923643,0.02820806205548009,1.0,4.608193359375008,0.024570820124364224,0.05838797571662403,1
hf_transformer,1,norway,4659,0.33251017430623364,0.13442572022937588,0.03391494853711753,8.415644510655664,0.0,0.08422248535156207,0.00300665097112549,-0.0059291861176490315,1.0,0.22202730712890606,0.0012782051939222517,0.02449879485854349,1.0,0.3097383682250978,0.021533784082165837,0.05314453031686065,1.0,0.3404449951171866,0.039647961475730915,0.07372650306928405,1
hf_transformer,1,south_korea,4659,32.01123209635417,1165.9192600628141,0.025034649138171203,6.861418628896012,0.0,20.588549804687545,0.016430537903757918,0.0,1.0,14.332788085937409,0.009383908332215042,0.02074407989924076,1.0,36.974609375,0.017527651059468515,0.046342614524116095,1.0,46.18723144531259,0.029464091905083194,0.06491310900103081,1
hf_transformer,1,sweden,4659,0.36567454610188804,0.16797338484160215,0.036124336891237556,9.07167398564751,0.0,0.093303927612304,0.008575914901158804,-0.0009425843901025571,1.0,0.22811062316894493,0.0015798447652835958,0.02463516336111203,1.0,0.24877079467773378,0.016355955137563924,0.04110951078717823,1.0,0.41827510986328065,0.03096216786398936,0.0716512226325887,1
hf_transformer,1,switzerland,4659,0.012322038427988676,0.00027793187017409324,0.012680883158185881,2.776490581584812,1.0,0.0003988454818725229,0.0035283531405626723,0.003941300543536927,0.0,0.026790108299255322,-0.0007174392145850485,0.026762593864083053,0.0,0.009350959777832069,0.005287074132404444,-0.004426514192995065,1.0,0.003927223777770994,0.013083971822562279,0.017104121058696024,1
hf_transformer,1,taiwan,4659,0.21913259735107396,0.06557141958172642,0.007409202931885514,4.201083740897777,1.0,0.14075370788574304,0.005555907352384555,0.0007822198436494472,0.0,0.30182003784179656,-0.0036921655092525068,0.006561847969388815,1.0,0.30421755981445386,0.0024901753875082137,0.01276185098222772,1.0,0.018728424072264716,0.019815583387874813,0.01919069567862507,1
hf_transformer,1,uk,4659,0.018523346654588834,0.00044589482321290616,0.022656168892992875,6.492929754510701,1.0,0.0011299055843505545,-0.0013733656247985851,-0.002791182490208144,1.0,0.010402611038543674,0.0015569835803489315,0.014479017139843495,1.0,0.012911527161254877,0.0040707620214729635,0.02004463049463085,1.0,0.026560236443115226,0.023135837617772083,0.055117035944047016,1
hf_transformer,1,australia,4664,0.055344032539367656,0.0033025408905059147,0.038715116032132374,8.232663764293834,0.0,0.04305136535644527,-0.01274180799777444,0.017531376176076113,0.0,0.05484035400390619,-0.017736839061738292,0.020857486417804466,0.0,0.04458015106201163,-0.0063573267385579595,0.02477788471854047,0.0,0.02727433845520011,-0.006679577387222328,0.012490048923762615,1
hf_transformer,1,canada,4664,0.025726151059468575,0.000750705378586597,0.020060489333874793,5.2928452652479665,0.0,0.013043037223815945,-0.0041851140286254815,0.006000641447105338,0.0,0.04046897621154777,-0.009912551423515114,0.021535308672510117,0.0,0.014855014038085868,-0.0033314618219408183,0.0082513214813909,0.0,0.0162001441955566,-0.00934524224597472,0.0033554459886700146,1
hf_transformer,1,denmark,4664,0.19838718752543125,0.04943720763687584,0.027784738113365584,8.26016653431294,0.0,0.13718154678344696,-0.008848835802204191,0.010554392037388094,0.0,0.12494000396728477,-0.010744244923928397,0.006975993304492572,0.0,0.10049065551757774,-0.007251793960198316,0.006975993304492572,1.0,0.1986965255737303,0.0020016299979181617,0.02968702704219676,1
hf_transformer,1,eurozone,4664,0.05509340393702189,0.003790888632698377,0.029388998980255817,8.724559493743739,0.0,0.034035008239746034,-0.007992338522334677,0.010311164377184672,0.0,0.04621316337585446,-0.018071733245322536,0.006948291559218136,0.0,0.031901698875427265,-0.009957177301082096,0.007242326658435091,1.0,0.04551343250274664,0.004800052043982023,0.02889523273103854,1
hf_transformer,1,japan,4664,3.1158896484374994,10.934394418766791,0.023182997338063043,7.071563106824761,1.0,2.804514770507808,-0.023818614928683073,-0.0026481189598055277,0.0,3.6251696777343625,-0.01929449159453857,0.007865584275957458,0.0,2.9766430664062398,-0.01015789511351974,0.011996145192090213,1.0,2.001463012695325,0.027998321685212196,0.013393718056568422,1
hf_transformer,1,norway,4664,0.3728554945882161,0.15620888660643767,0.03801167809256647,9.436761755774937,0.0,0.4432686798095702,-0.020989616486330222,0.02474530951962782,0.0,0.539899781799317,-0.016747347330716467,0.03845760081533393,0.0,0.2911708221435543,-0.008776115918732499,0.021138370594558326,1.0,0.0505319030761715,0.01802292742221839,0.0231404643606498,1
hf_transformer,1,south_korea,4664,37.28073649088542,1457.8577715118531,0.02907419866816108,7.9909057885547,0.0,16.934277343749955,-0.001367745311870111,0.011908166883568428,0.0,30.963085937499955,-0.009910702680558329,0.01443602324745554,0.0,36.28476562500009,-0.00532190757034856,0.023021758782248415,1.0,32.577197265625045,0.009040309226090306,0.03416553542842361,1
hf_transformer,1,sweden,4664,0.41189968516031905,0.19444454915445075,0.04069755714488303,10.218429744147766,0.0,0.2515532775878899,-0.0069434617967553194,0.018050531178887688,0.0,0.4344603546142576,-0.022963274967863725,0.020495813714941608,0.0,0.37600679626464917,-0.013798728812196574,0.023584287181309692,1.0,0.14500719604492218,0.004813551139849417,0.01912934870347865,1
hf_transformer,1,switzerland,4664,0.01084781645139058,0.0001882410258347627,0.011142307769650051,2.4443082517608268,0.0,0.023312700557708732,-0.014895331862786165,0.008764033127762003,1.0,0.004805179500579793,-0.021481866236875258,-0.016526772486103854,1.0,0.017369405174255337,-0.013887246014321324,-0.03186783520872436,1.0,0.023921668910980243,-0.0036270799397289115,-0.0282185766495024,1
hf_transformer,1,taiwan,4664,0.20988494262695287,0.05983135642379251,0.007080126382420917,4.023793039411227,1.0,0.04044555664062344,0.0038476673468737393,0.005208564589850295,0.0,0.26418954467773403,-0.003680508484462274,0.0052421887723656385,1.0,0.13350534057617125,0.00048980446296914,0.004989979841151265,1.0,0.11777880859375145,0.015521005314399905,0.011593650929419785,1
hf_transformer,1,uk,4664,0.02313392117201946,0.000599033579557203,0.02829086946051165,8.10905976750692,0.0,0.023501192296966567,-0.011806929830249054,0.017120278093740924,0.0,0.020692821761474578,-0.012356208055483592,0.013171767196169437,0.0,0.01957760921154783,-0.007931551631841496,0.01613168725484859,1.0,0.012082753304382354,0.009992734103587869,0.024649062684373692,1
hf_transformer,1,australia,4669,0.030265579709370907,0.0012172033600081399,0.02097108150996383,4.502135640395304,1.0,0.01010936862945555,-0.016587425224790245,-0.009516746816071774,1.0,0.02364004878997794,-0.02225419868524823,-0.0057047273970239586,0.0,0.040824898910522434,-0.018403849658752088,0.009898792484105391,0.0,0.01695233982086175,0.0010228104669169613,-0.010737156397474091,1
hf_transformer,1,canada,4669,0.010402489948272694,0.00014998434917028639,0.008061000838267702,2.1401868294340196,1.0,0.009356102752685613,-0.012901179547780167,-0.005677038645489793,1.0,0.008582159423828228,-0.018828348856029218,-0.012160543913371723,1.0,0.007105082702636656,-0.01259046650318369,-0.0071013483848808845,1.0,0.01490236988067628,-0.008410136304713078,-0.01997323548417982,1
hf_transformer,1,denmark,4669,0.14000939641316731,0.027882402152745907,0.019414496159172973,5.829514219980295,0.0,0.058107388305663754,0.0006264266959886659,-0.007570742536105504,1.0,0.0016466285705565298,-0.00826458611503201,-0.008031208039436756,1.0,0.19462382965087865,0.001240020407320032,0.02819977370109406,1.0,0.06029383239746089,0.017862823357307326,0.026154440484715914,1
hf_transformer,1,eurozone,4669,0.03477651311238607,0.0017305093431807543,0.018334850119098522,5.507188446384685,1.0,0.008045959472656294,-0.003188631569514092,-0.0075137882015045895,1.0,4.6437835693469154e-05,-0.008293317725781098,-0.008268281514222408,1.0,0.04893172321319583,0.002092863525045617,0.02786635556428734,1.0,0.014915041351318381,0.01748293642014458,0.025289068097970876,1
hf_transformer,1,japan,4669,2.3339803466796876,7.112249035551843,0.01725704316018897,5.297007010473147,1.0,2.0863378906250034,-0.01802118273682555,-0.002442094013210331,1.0,2.8369281005859364,-0.021757799994830306,-0.0005544979163570907,0.0,1.6722338867187432,-0.007584280579778139,0.004792812595965675,0.0,5.326119995117182,0.02684454019645435,-0.01223313699396078,1
hf_transformer,1,norway,4669,0.17696628163655587,0.048307987632487254,0.017745068248713,4.478916531601318,1.0,0.048598356628417605,-0.021167649873578366,-0.01624184830610447,1.0,0.055750828552245224,-0.02388960047424255,-0.018225534157893148,0.0,0.16379569091796853,-0.013469839603709755,0.0029105017069042042,0.0,0.6056227874755855,0.02172460859180051,-0.03903669351736953,1
hf_transformer,1,south_korea,4669,26.201835123697926,785.1006952856188,0.02030094685019433,5.616208682248083,0.0,19.89658203125009,-0.011560846217995592,0.003953953284754536,0.0,32.069384765625045,-0.01658151169215628,0.008431687933779571,0.0,20.4024658203125,-0.0061967926350953734,0.009624936598236503,1.0,2.848852539062591,0.011315257567137678,0.009124715336098339,1
hf_transformer,1,sweden,4669,0.18399768763224286,0.05457603919625246,0.017897842782480126,4.564624620734836,1.0,0.01124180908203165,-0.012394850663425303,-0.011281312733866636,1.0,0.1346228637695308,-0.02191289292987189,-0.00853294470003584,0.0,0.3509603515625006,-0.002833976442314927,0.031037996081052968,0.0,0.16216410980224616,0.013757406003449685,-0.0020234243918597255,1
hf_transformer,1,switzerland,4669,0.014973997297286986,0.00028983945669297837,0.015402053728176787,3.374049083482696,0.0,0.013231950569152828,0.007973017517097943,-0.00562190407127487,0.0,0.018945890808105492,0.0016916104485358403,-0.017955853460411647,1.0,0.015243146038055433,0.016317458365167636,0.0007711884395473442,0.0,0.037011830902099585,0.01760054283350524,-0.020524998929126893,1
hf_transformer,1,taiwan,4669,0.13268603617350236,0.027282802081285782,0.0044640424948582695,2.543780140202601,0.0,0.08304241943359258,-0.002475824486773729,0.0003193733585722203,1.0,0.12693014526367108,-0.004682278804449008,-0.0004035648280768312,1.0,0.09928817749023366,0.00530810812582891,0.0019818282968344573,1.0,0.12367819213867293,0.010824435482442283,0.006702213352786621,1
hf_transformer,1,uk,4669,0.010731035943869028,0.00017037230669624258,0.012993832722600733,3.7615158791734897,1.0,0.0010680677912292547,-0.007448331284503619,-0.006138503352538892,1.0,0.004720179479980491,-0.014767603408195417,-0.008949611083637846,0.0,0.018237919936737068,-0.007113679354122397,0.015013000183653884,1.0,0.013829198874511728,0.017633295395280465,0.0009445778386426933,1
hf_transformer,1,australia,4674,0.02584631944910685,0.0010319077451505126,0.017866737808060515,3.8447515984251064,0.0,0.004509517059326118,-0.0029199828522446236,0.00021520977829673452,0.0,0.04694742229461668,-0.007294066332981101,0.02501261665664607,0.0,0.05758170650482186,-0.004105971614190533,0.03525267164311912,1.0,0.007645150871276929,0.009243511369458715,0.0039704451864588115,1
hf_transformer,1,canada,4674,0.01019030288696287,0.0001488344472682209,0.007888924791050324,2.096531901022673,0.0,0.005685982513427668,0.0015366710572283177,-0.002869219912628511,0.0,0.009777151107787985,-0.0069367738259550294,0.0006579838837819231,1.0,0.024049160003662085,0.00023292934835509785,0.01867994404152173,1.0,0.007164684486389072,0.006417865697426155,0.0008901101615189493,1
hf_transformer,1,denmark,4674,0.1883105582936605,0.04332155622891219,0.026148265032163623,7.840610026671627,0.0,0.0639820556640629,0.003999961709199472,-0.00507204224329625,0.0,0.1174649650573727,-0.0020519965651712353,0.014491070198500601,1.0,0.38365094757080076,0.0006586203568325284,0.05356699380742945,1.0,0.12045672607421842,0.020006046390321233,0.03659992744820652,1
hf_transformer,1,eurozone,4674,0.058523046817779534,0.003989674570564383,0.03100088813525991,9.267675751175737,1.0,0.0013509399414062262,-0.004294763427319549,-0.005026494206499757,0.0,0.041582411193847646,-0.007729834025764002,0.014610910175170301,1.0,0.09330315017700186,0.004489918595651554,0.05335333241217525,1.0,0.04050776863098138,0.015323793313499715,0.03660252198735983,1
hf_transformer,1,japan,4674,2.6406439819335947,9.787007361120025,0.019458244438964607,5.992985204166162,1.0,1.3949511718749932,-0.010556569034800636,-0.0001849009860490586,1.0,2.106119384765634,-0.01648718412678269,-0.0007768139921215857,1.0,3.654885253906258,0.002475226850184806,0.029080502737944103,1.0,5.039582519531251,0.03748259278504732,0.0009239924520419575,1
hf_transformer,1,norway,4674,0.2525232685852049,0.08911029572931492,0.025341207024788946,6.3912211514006145,1.0,0.01647805633544941,-0.009326091733589654,-0.007642494276087586,0.0,0.16757261047363237,-0.006048425758866952,0.010886949364119498,1.0,0.37471385040283245,0.0056709817342696115,0.04272317272183908,0.0,0.45657926940917903,0.03819221746592399,-0.007351591121819744,1
hf_transformer,1,south_korea,4674,14.377717285156253,285.87249256271144,0.011074389014354362,3.0817788245210016,1.0,2.3171875000000455,-0.007215006267363078,-0.009014472494828037,1.0,9.782495117187409,-0.008223906458990878,-0.0006549671787377088,0.0,21.18154296874991,-0.0056247423879643415,0.010650217512301791,1.0,17.60927734374991,0.013625192914351086,0.0001540476010132495,1
hf_transformer,1,sweden,4674,0.22230122105916356,0.08310783008510587,0.02166932005930399,5.514860756805841,1.0,0.010337258911132352,-0.0049746138420409345,-0.006000790383691964,0.0,0.3445358551025386,-0.012266241193973805,0.021588753912923416,1.0,0.42802041931152424,0.005383801043738089,0.0465545692880814,1.0,0.09838737792968821,0.01688084004986881,0.007284098495955436,1
hf_transformer,1,switzerland,4674,0.00916329577128091,0.00012050480734539175,0.009482452642510663,2.064739901106626,1.0,0.0072072946548461525,0.009025798740545909,0.0015174112740739968,1.0,0.0014449768066405744,0.01025770508105229,0.008758723424844092,1.0,0.01807418508529668,0.013032799906781418,0.03154412955708034,1.0,0.006569128513336131,0.015555328578993227,0.008758723424844092,1
hf_transformer,1,taiwan,4674,0.12904821014404272,0.02357403420164226,0.004333425992211368,2.4740378381931336,0.0,0.16017349243163892,0.001300022189753721,-0.004095292772934269,0.0,0.13599838256835994,-0.003369334359157218,0.0012102062189060401,1.0,0.13251966857909991,0.0010919506605861415,0.0055347909771753055,1.0,0.07985025024414227,0.010285322798121084,0.007623329008393235,1
hf_transformer,1,uk,4674,0.01451525479075216,0.00029021904575249823,0.017593533117268287,5.0879860687502045,0.0,0.0021427875278625663,0.0015755915614403804,-0.0010572110648884724,0.0,0.026802319691528353,-0.009285556247015665,0.02342104576944915,1.0,0.030286338716918992,0.0057013846203944705,0.04204324407641425,1.0,0.009147475297546337,0.029904187997014716,0.01893319221943508,1
hf_transformer,1,australia,4679,0.02830290552902222,0.0011320764399600908,0.019524467021608847,4.210179383066602,1.0,0.012988068923950102,-0.02097859868544306,-0.012037381075305713,1.0,0.009793969039916917,-0.020830558584439555,-0.014081810376465524,1.0,0.005426421356201194,-0.01470253731060738,-0.018438425994872918,0.0,0.07144778732299795,0.0017778221169801095,-0.04772219363811748,1
hf_transformer,1,canada,4679,0.015178723163604727,0.000313659398914808,0.011723668243753548,3.122839201374668,0.0,0.011465143203735373,0.005952566093803035,-0.0029061339837288913,0.0,0.006266923522949108,-0.0032297591215281313,0.0016237535462775995,0.0,0.009804453659057577,0.005020807520288678,-0.0025569516488068104,0.0,0.03404432315826411,0.01657255242319255,-0.009681069370788742,1
hf_transformer,1,denmark,4679,0.17874499880472822,0.04010597426961494,0.0247685728868977,7.442332721781011,1.0,0.028012734985351173,-0.007129635211025327,-0.003196689919011936,0.0,0.2471169853210453,-0.012872159462806147,0.021493872092464242,0.0,0.18958966445922876,-0.006416235911032586,0.019886292179619083,1.0,0.040847280883789416,0.008429092315102896,0.014070625715963602,1
hf_transformer,1,eurozone,4679,0.04974270803451537,0.0031082767444384407,0.02624622292665597,7.877226393982606,1.0,0.003688477325439532,-0.005080747624945276,-0.003112987920133284,0.0,0.0664983844757081,-0.013990235634348107,0.02121168196633683,0.0,0.05207762145996098,-0.00812345223680716,0.019389476594237738,1.0,0.013456459426879785,0.00717001561838749,0.014243376395664599,1
hf_transformer,1,japan,4679,3.442721171061199,17.24933335437709,0.02523351776925625,7.8133126545637515,0.0,0.7383776855468795,-0.0008024362539635457,0.004651858052781624,1.0,0.9090856933593727,0.0003027651499837317,0.007006445064606843,1.0,0.787606201171883,0.014200538471653448,0.019931049950547695,0.0,8.023149414062487,0.047784514300901644,-0.010490387103953006,1
hf_transformer,1,norway,4679,0.3335526072184244,0.15222572470475051,0.03353555050651327,8.442027898272325,1.0,0.01925615844726636,-0.011104163206684734,-0.013057313599812565,0.0,0.3333869583129889,-0.02232269297255967,0.011270223124285009,1.0,0.006963626098633213,-0.0009638645695351195,-0.00026559693065940837,0.0,0.7716824691772466,0.03795555339911919,-0.03941333906903795,1
hf_transformer,1,south_korea,4679,12.920771484375011,249.1298985438745,0.009915057044933144,2.769491092868499,0.0,4.181982421875091,0.002834059742735952,-0.0003854752958069823,0.0,10.557470703125091,-0.00580358182859968,0.0023481870091198267,0.0,16.6748046875,-0.00484836648205934,0.007984380830090015,1.0,21.162060546874955,0.02004068651253818,0.0039233837541334075,1
hf_transformer,1,sweden,4679,0.24552290181477876,0.08306712028765512,0.023836038215425757,6.090945473282195,1.0,0.13745541076660217,-0.01363893998355595,-0.00026573450380668436,0.0,0.3540128692626947,-0.01748649446265711,0.016728774241160205,1.0,0.03003608398437585,-0.009276074051130704,-0.012209439866489018,0.0,0.3203099151611326,0.018016340800410337,-0.012850266407874912,1
hf_transformer,1,switzerland,4679,0.012356868797938018,0.00021421229109188083,0.012829036224537913,2.784338811784923,0.0,0.009077283000946013,0.007475011307916589,-0.001922428046406688,0.0,0.015146850395202582,-0.0021792223999047475,0.013456932725358774,1.0,0.0038998670578003214,0.0024368239553797365,0.00646749117643951,0.0,0.025348829746246304,0.006569424863176783,-0.01992202191370078,1
hf_transformer,1,taiwan,4679,0.19833085327148403,0.05628169437270951,0.006660921865765654,3.8022847037327407,0.0,0.01831271362304676,0.000212062634011892,-0.0004032393616251133,0.0,0.2585982360839836,-0.007828250729152582,0.0008899113194654255,0.0,0.18676800537109273,-0.0013874228146162795,0.0048763827138968464,1.0,0.2075790100097663,0.014163592332819379,0.007263994984769474,1
hf_transformer,1,uk,4679,0.014922962405613204,0.0002820536583264703,0.017999042437377773,5.230898521507011,1.0,0.0052073290520935345,-0.015491201722574429,-0.009162014731696564,1.0,0.014496005951171842,-0.019292734200575302,-0.0017060950882826814,0.0,0.00543005731088253,-0.0017922317890461455,0.0047172846992773595,0.0,0.021540083115783704,0.016480562821339473,-0.009285810354399751,1
hf_transformer,1,australia,4684,0.034534614593505854,0.001543515848496946,0.0237530012060981,5.137173009132831,0.0,0.028978544692993102,-0.0006035242946667173,0.019113887755881666,0.0,0.027570824241638148,-0.007998792957764834,0.010907721278782517,0.0,0.034258246536254866,0.009063923850609517,-0.014526794060206204,0.0,0.04694197662353505,0.031589043130511855,-0.00014422829303331958,1
hf_transformer,1,canada,4684,0.012569744866689048,0.00022067297776212378,0.009715745689238055,2.586073386929897,1.0,0.00022083206176759518,0.004179327258112963,0.004009412055976265,1.0,0.007518791961669935,0.00033309091557680103,0.006123293351231418,0.0,0.013304692077636737,0.0033972375487865136,-0.006899787044377319,1.0,0.0051631601333617105,0.008664146295624777,0.004701719775935426,1
hf_transformer,1,denmark,4684,0.10370272684733071,0.01583776523634895,0.014261270485952222,4.317828205067475,0.0,0.22665529479980506,-0.02253573692550617,0.008663660577872065,0.0,0.19239484252929717,-0.016957020190858905,0.00944263244218961,0.0,0.10054377746582066,-0.011832376284384726,0.001980266275861076,1.0,0.014670098876953475,0.01039417312728317,0.012376950493661852,1
hf_transformer,1,eurozone,4684,0.024784323279062895,0.0010136402247979267,0.012969697653307292,3.924831059767891,0.0,0.060163268661499014,-0.022654301438302996,0.008855343851398018,0.0,0.0456699089050292,-0.014550026147550044,0.00926771499126228,0.0,0.025101679229736273,-0.011352455645016036,0.0017669685503673848,1.0,0.004507926940918061,0.010731327503932376,0.013048437831168574,1
hf_transformer,1,japan,4684,3.713590840657553,17.119823022427692,0.02723087664206101,8.428055851016785,0.0,1.9081805419921807,-0.003889379009856775,0.010091124350269062,0.0,2.8112725830078205,-0.0021429815923931735,0.018351143055801024,0.0,1.802183227539075,0.002071737945972786,-0.011233997159312177,1.0,3.721486816406241,0.03446683673919763,0.0076872770388746615,1
hf_transformer,1,norway,4684,0.4230796046447753,0.23511339079908053,0.042327650691550193,10.707905584627468,0.0,0.25057067871093786,-0.01610918962409318,0.008809717021022028,0.0,0.23269314880371006,-0.01632797704897259,0.006838469064895283,0.0,0.40297290191650426,0.009116400686532447,-0.0312554532610977,0.0,0.6512019531249997,0.03565325103186502,-0.028636561550906988,1
hf_transformer,1,south_korea,4684,11.013660481770822,192.5692588252624,0.008440130394203339,2.360713107652139,0.0,8.474218750000091,-0.003832479725204047,0.0026878639996763065,0.0,33.38730468750009,-0.005890356809065208,0.019608098090172867,0.0,2.649145507812591,0.0014209720293244734,-0.0006153846348052097,1.0,1.887841796874909,0.017956966241167393,0.01938185374531621,1
hf_transformer,1,sweden,4684,0.2706174662780762,0.09076412538545607,0.02607764145174679,6.713492790424198,0.0,0.30434503479003894,-0.021711679066893023,0.007412139427283585,1.0,0.15568470153808533,-0.018216317497426242,-0.0032643378975126197,1.0,0.18110560455322222,-0.008726558430774821,-0.02623756221018734,1.0,0.15914330596923776,0.02157562862934674,0.006666786057556511,1
hf_transformer,1,switzerland,4684,0.012546996555328356,0.00021479978604960713,0.013037619930655723,2.8271797695353102,0.0,0.008808984565734868,-0.005452700882939143,0.0035785529728485908,0.0,0.013012402153015135,-0.010774214323374599,0.002608496990925927,1.0,0.012971966171264615,-0.007173093098511798,-0.020645961395082665,1.0,0.013704630851745558,-0.0034324632398920305,-0.017618187104563934,1
hf_transformer,1,taiwan,4684,0.17046834513346312,0.039841321776312805,0.005713473951189809,3.268120771327282,1.0,0.15032109069824173,0.0061346143537071175,0.0011070854592896153,0.0,0.31418020629882903,-0.0048513913830914145,0.005690106226575949,0.0,0.15523199462890602,-0.0005114173477012465,0.0046883196235024014,1.0,0.14804307556152452,0.013024029464263476,0.008106955333270084,1
hf_transformer,1,uk,4684,0.01611706291108704,0.0003232719693973381,0.019305385129450573,5.649462771609549,0.0,0.011046796819824234,-0.0014221939959522638,0.011793872766119783,0.0,0.018745054234100333,-0.0077633573706392825,0.0147009120105054,0.0,0.014401102530090304,0.008706966053481775,-0.008610750305181764,1.0,0.013329753476379436,0.03432786281861887,0.018717237127944934,1
hf_transformer,1,australia,4689,0.04520149620946249,0.002661957577432643,0.03093948037136029,6.723917699181063,1.0,0.0023633547592163406,-0.006519846245055568,-0.008137085483840165,1.0,0.033556969909668055,-0.0014092052821621775,-0.02450123765598121,0.0,0.04541226131439213,0.0067648267524330966,-0.024355056634890022,0.0,0.07624056503295895,0.030223087009396674,-0.02133181710537433,1
hf_transformer,1,canada,4689,0.015537725493113209,0.0003247429814210832,0.011973893728185492,3.1966996002955788,1.0,0.007726016998291119,-0.0033257907691580184,-0.009295933944821106,1.0,0.004913013076782269,-0.010604277865304485,-0.014424349551759443,1.0,0.01605052413940422,-0.0004988388742742431,-0.012906396550354736,0.0,0.027469575309753358,0.018275937755553723,-0.0026526744117375697,1
hf_transformer,1,denmark,4689,0.0855627813212077,0.011830618855219412,0.011617304118459432,3.5625426806435083,1.0,0.027683715820312926,-0.007539630107476486,-0.011324100541895388,1.0,0.055211631774902514,-0.007126569932657299,-0.014685332956013535,1.0,0.06943277435302697,-0.0036653987253614097,-0.01314736757290932,1.0,0.14485609588623038,0.02489025376749024,0.005570556030443157,1
hf_transformer,1,eurozone,4689,0.018911450239817308,0.0006388722932961403,0.009795213488666769,2.9948062914912215,1.0,0.01426890773773204,-0.004043979242354234,-0.011454760228769347,1.0,0.0047489814758301385,-0.017362276673160523,-0.014875084446726838,1.0,0.012066495132446287,-0.006739576558093684,-0.013019869062445961,1.0,0.025434257888794054,0.01920941512005568,0.006267680420509577,1
hf_transformer,1,japan,4689,4.163522745768231,23.248237966159227,0.030327326269790577,9.449183753399195,1.0,0.4574951171875057,-0.007369114555791744,-0.004049027620709867,1.0,0.6553784179687625,-0.013692343827959174,-0.018498142431318563,0.0,5.903940429687509,0.0032701850822057085,-0.04012020477740513,0.0,6.527012329101552,0.03691881270937123,-0.009534066527249955,1
hf_transformer,1,norway,4689,0.5599579542032878,0.4001403933391623,0.05570171037402789,14.17221922102409,1.0,0.042433993530273995,-0.00824811026981705,-0.012467668244429296,1.0,0.18205114288330115,-0.007864451843158204,-0.026087243850090903,0.0,0.4907135345458986,0.007653151158368306,-0.04145798941066429,0.0,0.9508777267456061,0.04606064200340696,-0.04755436154089396,1
hf_transformer,1,south_korea,4689,11.806345214843743,199.9856823389328,0.008960728052624581,2.530620400754033,1.0,7.539331054687409,-0.012397408292497013,-0.00665786457844583,1.0,4.2258789062500455,-0.01322729828903713,-0.010003493673366469,1.0,10.049414062500091,-0.0045350848737001044,-0.012176537360298311,1.0,15.215283203124955,0.015165707453215492,0.003800783547020966,1
hf_transformer,1,sweden,4689,0.3359262054443359,0.13770682418185784,0.03209450992508885,8.333675536107894,1.0,0.1512862426757806,-0.002124563630691287,-0.016682152511168273,1.0,0.24531358184814422,-0.004125272967882303,-0.02788671056799822,0.0,0.46999583740234385,0.01143973172132018,-0.03386424386329784,1.0,0.4748947906494134,0.05377345570777466,0.00992640475903136,1
hf_transformer,1,switzerland,4689,0.017812172066370632,0.00043545168723234444,0.018450597468955665,4.013567095157869,1.0,0.0014449476242065495,-0.003638477587943314,-0.005121125546642821,1.0,0.015219688796997088,-0.002844426902553583,-0.01856010384411552,1.0,0.018239854812622025,-0.0034386532005269434,-0.02231382286514771,0.0,0.019206667518615772,0.0035760344013073702,-0.01616925031438466,1
hf_transformer,1,taiwan,4689,0.12925515289306624,0.027636517888378398,0.00430549370835592,2.4780052251941034,1.0,0.012691299438476022,-0.0009452825302313983,-0.0013693599548028755,1.0,0.04312512207031105,-0.0024770778105224524,-0.0010351967798165286,1.0,0.036139053344726335,0.0026878070451627693,0.0014841375134267715,1.0,0.23994619750976653,0.016696317576843187,0.008789256996534075,1
hf_transformer,1,uk,4689,0.020253310624262492,0.0005441199541515727,0.02401717734861648,7.099328519398194,1.0,0.004930449471252429,-0.008706395550245473,-0.014617754475553357,1.0,0.0071611427031554875,-0.0074028326133687575,-0.015988956119829957,0.0,0.022171009252868634,0.004793275847388243,-0.02170278345202259,1.0,0.031912099722076426,0.04192957779228985,0.004991128191087641,1
hf_transformer,1,australia,4694,0.026238880362192796,0.0009545319234264784,0.01808035992759709,3.9031467289595847,1.0,0.012209842376708968,0.010601566073218148,0.0021557427577736034,0.0,0.015329543762206965,0.00827046878911665,-0.0023697189034320464,0.0,0.06627242183685311,0.023258989472435834,-0.022863409522229816,1.0,0.03136900146484378,0.03761975866004201,0.016364152172140968,1
hf_transformer,1,canada,4694,0.008196482791900632,0.0001056331120757806,0.006333419404968251,1.686327466417895,1.0,0.01230736751556405,0.01139231960876488,0.001867922868682687,0.0,0.008053915405273449,0.004472448060274394,-0.0017933728003396315,0.0,0.023795855522155795,0.011344941704873828,-0.007153637605728032,1.0,0.005194597816467361,0.022869429182804043,0.018906342919206096,1
hf_transformer,1,denmark,4694,0.05065237795511877,0.004848936583304172,0.006907641213002674,2.108992432863681,1.0,0.03284125061035148,0.005842828071840455,0.0013458490148848992,0.0,0.03929010925292964,-0.0019519652397696017,0.003443406747011493,0.0,0.20085926132202125,0.01562055192972427,-0.011930577257501922,1.0,0.07197716369628893,0.028627710144738933,0.018968978572521587,1
hf_transformer,1,eurozone,4694,0.01327457396825155,0.0002797341110423867,0.0068884688038367255,2.1021538344681376,0.0,0.002483896446227929,-1.7730742374077262e-05,0.0012807278374715912,0.0,0.01094000759124758,-0.002377615758748641,0.003342126926150682,0.0,0.04232878398895257,0.010965568083661188,-0.01117770859334699,1.0,0.011549245834350685,0.025970407699613098,0.020066697022376602,1
hf_transformer,1,japan,4694,3.7374040120442706,16.27794803267046,0.0272290655330232,8.48210023744724,1.0,0.6489270019531261,0.009684490939996739,0.004949325447835722,0.0,3.608560180664057,0.008880734343284874,-0.0177612707745716,0.0,6.158041992187492,0.01963789020554702,-0.025761764178478717,1.0,3.0409277343750034,0.0503897391667841,0.028906678005011878,1
hf_transformer,1,norway,4694,0.437164897664388,0.2240530905030659,0.043801693373212366,11.064396387138403,0.0,0.13497850646972687,0.009353366549855765,-0.004246570283831313,0.0,0.31185104370117145,0.008028760965865621,-0.023719557062685317,0.0,0.6492177658081051,0.02436527297452614,-0.04177661797866601,1.0,0.5223518737792965,0.05664075834367611,0.005495225036477,1
hf_transformer,1,south_korea,4694,9.802960611979142,133.87581775148638,0.007412878868216416,2.1012067376509442,0.0,2.0742675781250455,-0.001009128960651326,0.0005710696289057642,1.0,5.051855468750091,-0.0067236035598205145,-0.010604796844869636,1.0,8.350390625000045,-0.0011809471483920694,-0.007568843472517531,1.0,12.821240234374955,0.027627139706924358,0.037081430265221295,1
hf_transformer,1,sweden,4694,0.12214532521565774,0.02270043493615837,0.01180057448200527,3.0301878570421397,0.0,0.15234387817382888,0.013614597275551877,-0.0012260192206201457,0.0,0.1272262512207032,0.011744914056363069,-0.0006569593803966307,0.0,0.3578843048095699,0.017440338825947015,-0.017641728620828186,1.0,0.024601983642577707,0.045218194003348505,0.0475204475762438,1
hf_transformer,1,switzerland,4694,0.012269085594813019,0.0002129209824590421,0.012755317871428286,2.7645588672471515,1.0,0.012028404617309585,0.016543877004088412,0.004154339463928705,0.0,0.012087552642822241,0.00377861738155394,-0.008833194765728357,0.0,0.031645358276367164,0.010451883669701059,-0.02268339237796638,1.0,0.005297451591491753,0.013646943946887608,0.01907077692231609,1
hf_transformer,1,taiwan,4694,0.14298405405680345,0.03061859221598987,0.004755668225325055,2.7412077982324057,0.0,0.07720059204101659,0.001959309216828239,-0.000618289696765686,0.0,0.08447457885742082,-0.002474604350558464,0.00035075119573257593,1.0,0.02348678588867159,0.0012683617209431415,0.00048433834484754343,1.0,0.2911291198730481,0.012413928209750317,0.02197491194901841,1
hf_transformer,1,uk,4694,0.009463817121085608,0.000126884225336159,0.011323169815482308,3.317321697994671,0.0,0.0018139838136597142,0.0018919407118263953,-0.0002906192747332418,0.0,0.014227953948059091,0.006633100207528375,-0.010532717649561537,0.0,0.022682543445434522,0.012227893690288745,-0.015124018229834198,1.0,0.00321691730474849,0.04249673609448169,0.03877734545156469,1
hf_transformer,1,australia,4699,0.015758136327107757,0.00036152912980223117,0.010898819712478424,2.344090807634969,0.0,0.03156008834838864,0.012854349923099681,-0.009126913961544225,1.0,0.008425453453063891,0.003159222855047371,0.009002874186909019,1.0,0.016476721572876052,0.0163386268747568,0.004962996610212168,1.0,0.012553959274292037,0.028604362163734666,0.02005476221883815,1
hf_transformer,1,canada,4699,0.008580377324422206,0.00011344317286634558,0.006612368320295864,1.765309135852801,1.0,0.01619904251098636,0.012717048278523487,0.00015607319864683347,1.0,0.002754656028747471,0.01083171346446991,0.00870280173232717,1.0,0.0013022911071778331,0.007617310004681262,0.008625432293216898,1.0,0.005315983963012805,0.013783691347222779,0.01786728635902224,1
hf_transformer,1,denmark,4699,0.05219413307189938,0.004246084333075282,0.007069458577268484,2.1731858627851794,0.0,0.11634500885009746,0.00842052507093711,-0.0075056541398848846,1.0,0.005548507690429361,0.001655946830051035,0.002414278924054037,1.0,0.08272157440185524,0.016909650749308607,0.005708253525168028,1.0,0.15591983108520502,0.03482543436409806,0.013987193027026869,1
hf_transformer,1,eurozone,4699,0.011750047225952158,0.0002635159899724654,0.00606742925446194,1.8607306637706298,0.0,0.031781752014160114,0.00907258015719332,-0.007483028115205906,1.0,1.6902923583916873e-05,0.0030363870332575475,0.003045172375166584,1.0,0.018614014816284108,0.016167642324147035,0.0065732449358526495,1.0,0.03205591316223155,0.03153661127180033,0.015210992505798104,1
hf_transformer,1,japan,4699,2.1649231974283842,6.48523412231585,0.015826752186880746,4.913329013343184,0.0,4.7798175048828,0.021904372429546636,-0.013711228815049402,1.0,1.2044079589843761,0.021462069616740645,0.01260263152964572,1.0,2.9516363525390545,0.033199835078399124,0.011604682785738714,1.0,1.0647460937499886,0.056264019062043626,0.06376661835898922,1
hf_transformer,1,norway,4699,0.247279279683431,0.07074012057518124,0.02502281294941703,6.258498757244613,0.0,0.35367001190185476,0.027899887795949187,-0.008325223299908117,1.0,0.09845549011230403,0.023457439094052377,0.013459568237656781,1.0,0.29143739013671954,0.03242812575971551,0.0028095999310747883,1.0,0.3384517196655281,0.0596586860315606,0.02612082140201395,1
hf_transformer,1,south_korea,4699,15.371290690104145,441.34274194236554,0.011462483651324898,3.294745418539154,1.0,7.9564208984375,0.009847757172061131,0.0037647464849110803,0.0,8.025781249999909,0.00562328003577798,-0.0005389798013055627,1.0,3.1145507812500455,0.014129139402730417,0.016490182048071622,1.0,38.4517822265625,0.03271151575015727,0.06095511277960982,1
hf_transformer,1,sweden,4699,0.15452119756062838,0.032936563189343855,0.014755324060035048,3.8333702552850846,0.0,0.24501261901855464,0.012584602239733931,-0.01143326189969003,1.0,0.07302727050781321,0.007906481718772802,0.0007745781877793047,1.0,0.03654751129150391,0.02269289162338133,0.02619112628022224,1.0,0.06045565185546842,0.04574469730374384,0.04006389592387375,1
hf_transformer,1,switzerland,4699,0.010964487791061395,0.00016633580911833178,0.011389886043597528,2.4705974796049066,0.0,0.019520280647277843,0.017506799252375506,-0.002838969363800904,1.0,0.003214340686798045,0.014659288049078118,0.011327868893559303,1.0,0.013151401901245086,0.015731759283714366,0.0020453658631936615,1.0,0.007575390052795394,0.01740889040567948,0.009561451144148699,1
hf_transformer,1,taiwan,4699,0.24387995503743495,0.09479909168664281,0.008051156730980853,4.675525805944761,1.0,0.09546228027343773,0.004946241535219807,0.0017685830921776544,0.0,0.10623449707031085,-0.0030350441977473556,0.0005175508275297939,1.0,0.0871824035644515,0.005252618261452768,0.0023518629747266233,1.0,0.43618110656738196,0.01780320128486053,0.03201272444322127,1
hf_transformer,1,uk,4699,0.009554587017551675,0.00014969287670486324,0.01129326454328078,3.3491389809386463,0.0,0.02076058024426275,0.015935448514785608,-0.009243040797144522,1.0,0.0026541452957152822,0.012234658269111822,0.009039003297154775,1.0,0.0015189917972107114,0.015473544468725715,0.013651807086742296,1.0,0.0038345988818053733,0.0449884423595589,0.049439566353664796,1
hf_transformer,1,australia,4704,0.01724475151570639,0.0004209408931300635,0.011887554867054808,2.5652312347608572,0.0,0.01942672504425058,0.0008687089888260994,-0.012645050513777685,1.0,0.026891408004760642,-0.007760574987988445,-0.026680022167930202,0.0,0.018910527343749983,0.005524381314760381,-0.007566432966484533,1.0,0.022726893005371007,0.015476192764457617,0.030833057913699703,1
hf_transformer,1,canada,4704,0.012733903388977048,0.0002337689308446048,0.009800678858451027,2.619847022769696,0.0,0.00996090927124027,0.0015545600839970766,-0.006169625530193523,1.0,0.0062074043273925295,-0.005074627931066691,-0.009913195648525679,0.0,0.0022813751220702727,-0.001650330232656604,0.00011604293601632136,1.0,0.02167057914733883,0.010565948246386571,0.027019388371282118,1
hf_transformer,1,denmark,4704,0.0653534736378987,0.00574849048757194,0.008846269344731409,2.7210959668233263,0.0,0.039806293487548494,0.00034918330569263584,-0.005102139237706084,0.0,0.06410982284545863,0.0007524762756955778,-0.008038231533742207,1.0,0.11565323486328083,0.002217195254748679,0.017859914570575296,1.0,0.08553562545776394,0.024399083582149733,0.01292923995051547,1
hf_transformer,1,eurozone,4704,0.015532685928344699,0.000370753012478956,0.008001385770810696,2.4597471347820465,0.0,0.015518017578125098,0.002967535117120997,-0.005106571463845753,1.0,0.002123709106445215,-0.008861239200310681,-0.0077482354165250115,1.0,0.019140713882446203,0.008441033958564834,0.01825746937503006,1.0,0.02185264358520511,0.024516461781969368,0.01337173696588924,1
hf_transformer,1,japan,4704,3.1503415527343748,14.777998501141148,0.022730096520421027,7.149752273603441,0.0,0.7049011230468807,0.0006270974560570104,-0.004591410295013297,1.0,1.0794543457031125,-0.004150206131605245,-0.012191193548116335,1.0,1.2293627929687432,0.0008909340951686802,0.009925092501626088,1.0,4.697110595703123,0.021185132084842496,0.0545978876772591,1
hf_transformer,1,norway,4704,0.11873932189941415,0.021200259376536815,0.01210177426808613,3.0052251021392196,0.0,0.184507144165039,0.009553358037816278,-0.009273874494450421,0.0,0.26583453826904346,0.0061589340721355254,-0.021174798583098654,0.0,0.2707243438720699,0.015079318571763615,-0.012513545726209455,1.0,0.07790721740722617,0.032703510554533494,0.040369169655086724,1
hf_transformer,1,south_korea,4704,30.656232096354156,1314.0608741481694,0.02283924332019998,6.570982377827342,1.0,2.2828369140625,0.00796483595733588,0.006219068760285606,1.0,9.536450195312455,0.010409625655286628,0.0031143689743824534,1.0,27.55112304687509,0.007059799788128285,0.02791090787266864,1.0,43.032177734374955,0.035274526502879024,0.0667671472723086,1
hf_transformer,1,sweden,4704,0.25074241165161143,0.07821223894522898,0.02393006517158439,6.220431356588476,0.0,0.15539600219726601,0.00867981078091948,-0.0065340589850317755,1.0,0.011897363281249795,0.0026180764808374866,0.0014543890090929854,1.0,0.2448008468627929,0.011324305726967345,0.034770032278730066,1.0,0.2098593933105466,0.03150275143253308,0.05123718214049891,1
hf_transformer,1,switzerland,4704,0.010093491423924765,0.0001490656669295309,0.010481018890226755,2.2743382953731475,0.0,0.013286793518066387,0.0036132861876153766,-0.010225998225631198,0.0,0.022006618499755826,0.003116466048237809,-0.01992202191370078,1.0,0.004240900135040304,0.005064651168517711,0.0006745712836554741,0.0,0.00536672859191889,0.004471409140186902,-0.0010906542409135974,1
hf_transformer,1,taiwan,4704,0.39406531168619796,0.25874143636835806,0.01294744714643561,7.554792823107052,1.0,0.03246234130859449,0.0010188808510800873,0.0021008411088117938,1.0,0.01630436706543037,0.0013945295721182927,0.0008508721952824599,1.0,0.036351974487303096,0.007156346928364211,0.008360460568249566,1.0,0.9123628234863297,0.015029683185727546,0.044590359742730235,1
hf_transformer,1,uk,4704,0.016295394146632888,0.00036050413093745645,0.019209149119919826,5.711972652087732,0.0,0.006780643406066877,0.0032621447814869375,-0.004921737456842045,0.0,0.004234828179565442,0.00032047469183735445,-0.004797956804385741,1.0,0.010142535467254632,0.007570746112745748,0.019636797195511674,1.0,0.03061388024114986,0.017720763417047425,0.05334882113637543,1
hf_transformer,1,australia,4709,0.03562217574055991,0.0016407743925198938,0.02444454508387717,5.29895242483473,1.0,0.015786087265014626,0.020099833705885327,0.009050091464912296,1.0,0.02729584686279307,0.014570002212327795,0.03349615496861869,1.0,0.046467942810058505,0.014225488424029037,0.04624491833201741,1.0,0.0835929323577882,0.02669182520209085,0.08289056535929736,1
hf_transformer,1,canada,4709,0.021965005900065095,0.0006779704868984069,0.016815515629266205,4.519035016569817,1.0,0.000407908058166484,0.009145354655908426,0.008829478392638083,1.0,0.011685523223877059,0.006980173754666058,0.01600654269300164,1.0,0.02413787746429441,0.0107345846760473,0.029221921029956355,1.0,0.06198530178070061,0.013014411241396778,0.059714138783707245,1
hf_transformer,1,denmark,4709,0.09475062123616536,0.012674350780632393,0.01280560536721087,3.9450930294578903,1.0,0.017553456878662388,0.002255651177198726,0.004664831638973663,1.0,0.1019541870117191,0.0059383184408966765,0.019800196870162573,1.0,0.14907074356079075,0.010314381734416825,0.030430629351833015,1.0,0.1704758483886719,0.031261806037288814,0.053762732450275005,1
hf_transformer,1,eurozone,4709,0.029871782525380437,0.001190513329022582,0.01537273960720368,4.730478155330042,1.0,0.016491121292114164,0.013444621164700861,0.004885513877880421,0.0,0.04055967712402353,-0.0010269929463670882,0.02001674340184072,1.0,0.04109310951232903,0.00946551809193228,0.030562913182696348,1.0,0.061034779739379985,0.02330498811188332,0.054060329229273674,1
hf_transformer,1,japan,4709,4.543470133463543,25.83711113175271,0.032716987054566875,10.311480635674197,0.0,1.6428076171874864,0.006878109787802565,-0.005399540659953533,1.0,2.094614257812509,0.00978989196947483,0.025184109207434573,1.0,4.73343994140626,0.011759315297834411,0.04614938898259436,1.0,5.715755615234372,0.028491505304066213,0.06919977328287402,1
hf_transformer,1,norway,4709,0.20985592163085945,0.07716322352943246,0.02100571191413738,5.311334724076197,1.0,0.11569180603027363,0.02306022788470251,0.011205382994059798,1.0,0.06866289215087917,0.015020995111576698,0.022047000642416038,1.0,0.30587952880859426,0.015383757698019022,0.046299190915274645,1.0,0.7736571960449226,0.025207357388350067,0.10090736360816113,1
hf_transformer,1,south_korea,4709,41.69907877604166,2079.533286994616,0.03091167878578819,8.937951374708904,0.0,13.388623046874955,0.01022709232713323,0.0,1.0,16.88588867187491,0.004988963497656089,0.017806657000302588,1.0,38.524951171875045,0.010672659993638539,0.03951744708919832,1.0,64.99809570312505,0.03155335103683903,0.07877506129231868,1
hf_transformer,1,sweden,4709,0.4261195916239421,0.20510395940703427,0.040526000761119695,10.571197955442535,1.0,0.08063139953613252,0.0015273858313093395,0.009375654652455875,0.0,0.39816965942382865,-0.0020592596639366838,0.03624582670659147,1.0,0.5725406677246099,0.0016144226642522764,0.05604836146972971,1.0,0.7839710205078116,0.025120414777510952,0.09727538363000758,1
hf_transformer,1,switzerland,4709,0.014015940793355311,0.0002850544959623714,0.014546520053135389,3.1581728812343504,0.0,0.01863097057342533,0.01917528127084067,-0.0003707332616675704,1.0,0.005083826065063524,0.010446881201619176,0.015760767534495485,1.0,0.028240937995910653,0.01295157342541278,0.04204761327767747,1.0,0.021998461914062517,0.016231376703418485,0.03889480110590937,1
hf_transformer,1,taiwan,4709,0.5311236811319989,0.430756346217614,0.017332373155314235,10.182396814448566,1.0,0.10034457397460983,0.003540671718352371,0.0002001000506926293,1.0,0.05419007873535264,0.0035355369846841516,0.0017328716679660958,1.0,0.27359593200683463,0.00904456131424139,0.018047093675753093,1.0,1.1187888793945326,0.019559678198261963,0.05549863471946986,1
hf_transformer,1,uk,4709,0.026941002000947054,0.0008885024116680473,0.03160169846466493,9.443543694894172,1.0,0.0018860787846374238,0.005375287957515875,0.003099496366225221,0.0,0.022367945116760213,-0.00045869453654542804,0.026296952394062094,1.0,0.03302857603198239,0.01114286287539127,0.04995857920641846,1.0,0.06793356737957768,0.02865826027090396,0.10561270743604939,1
hf_transformer,1,australia,4714,0.04220604131062828,0.00263908106904411,0.028576813741821087,6.278330851390977,1.0,0.010994939193725628,-0.008314415301035372,-0.0007283271472645963,1.0,0.0016321881103515956,-0.011413163274078134,-0.010279867533558409,0.0,0.04757748901367198,-0.01339881076388468,0.019184000799668532,1.0,0.09773918159484873,0.0011469451753927937,0.06604973855550857,1
hf_transformer,1,canada,4714,0.02980005366643268,0.0013837290463375356,0.022582872541210105,6.131001586203532,0.0,0.005249600982665914,-0.0010383342476690883,0.002994473982058834,1.0,0.011105239486694396,-0.009817917675131148,-0.00123110083644158,0.0,0.016781502151489214,-0.003336331140846056,0.009528072541703068,1.0,0.06854758529663085,0.003877600377846819,0.055052224823721796,1
hf_transformer,1,denmark,4714,0.12180407572428384,0.020582780677628382,0.016349082415966096,5.071506696528343,0.0,0.11490485305786091,-0.007937721142607958,0.007579793563020322,0.0,0.11038625183105477,-0.012340895344757803,0.0026362379789709326,0.0,0.11292082901000988,-0.006817698931226328,0.008416969582956398,1.0,0.04523180236816415,0.018537129830056672,0.024514431124428367,1
hf_transformer,1,eurozone,4714,0.03476591444015502,0.0016200294645493398,0.017747194625333924,5.505510046797319,0.0,0.03399698009490959,-0.009982650664811655,0.007493353733312006,0.0,0.034711358642578016,-0.015449945225056326,0.002486957580603566,0.0,0.018283552551269455,-0.0008390388674851289,0.008511994954122006,1.0,0.028156384468078555,0.010517524548354197,0.02472078729230838,1
hf_transformer,1,japan,4714,5.376025736490886,32.798476287367244,0.03851686856558633,12.200979350656208,0.0,1.1426263427734398,-0.0078535815569881,0.0005103900949293857,0.0,2.6916918945312602,-0.0186737437566705,0.0011297994896764375,0.0,7.777093505859369,-0.006710966997899711,0.04881968361884421,1.0,6.3512622070312545,0.009282805225363412,0.05415358376827834,1
hf_transformer,1,norway,4714,0.34628405487060554,0.21296449981350613,0.03412461342335771,8.764253639996854,1.0,0.021355984497070324,0.0003205359047748287,0.002495087502196292,1.0,0.05779320068359439,-0.006132407500310904,-0.01207933092509169,1.0,0.27107016906738224,0.0006859884372389373,0.02793278292465736,1.0,0.9497182998657223,0.014222935261412578,0.10540894902944833,1
hf_transformer,1,south_korea,4714,60.202734375,4145.315235140166,0.04434353196866472,12.904100720264044,0.0,21.07607421874991,-0.005920174180831708,0.009943983326453822,0.0,19.092456054687545,-0.010419106559833103,0.004027027891877617,0.0,67.461669921875,-0.009519595576280501,0.04057306660623039,1.0,84.65471191406255,0.01511711388700889,0.07611007179722178,1
hf_transformer,1,sweden,4714,0.39936232076009115,0.1939086806460205,0.03736992359512585,9.907402127676914,0.0,0.3335164230346681,-0.0223590421029202,0.009323978330654053,1.0,0.33737060546875064,-0.03236515103516701,-4.719196037801181e-06,0.0,0.3114057235717773,-0.014948836715331842,0.014449073781649903,1.0,0.4748155212402345,0.002604848732834139,0.046332946809753146,1
hf_transformer,1,switzerland,4714,0.019182910537719724,0.0004963334166427729,0.019874594666093006,4.322431775117964,1.0,0.0007803850173949689,0.004971084714335897,0.004161254379205195,0.0,0.008843635940551708,-0.005166972901351415,0.004057433781105158,0.0,0.01880193080902104,-0.0048613471940395754,0.014643368272292226,0.0,0.02945893096923824,-0.00465918846528541,0.02572820069678513,1
hf_transformer,1,taiwan,4714,0.8062129735310873,0.8432690472050864,0.026209397313870914,15.456250031920234,0.0,0.15737631225585957,-0.0030804643494953283,0.0021618753534965018,1.0,0.11457650756835847,0.0025745445189776913,0.00637240788983989,1.0,0.7680941009521476,0.003752221068443169,0.02891142975244305,1.0,1.2252191772460925,0.016176005654522586,0.0555311555216081,1
hf_transformer,1,uk,4714,0.03698539535266011,0.0017320031568631299,0.04285331698013437,12.964372931396674,0.0,0.019521508308746327,-0.022226244388091152,0.0010596133783462437,0.0,0.0188119298189392,-0.021457006279821045,0.0009748030736482106,0.0,0.027714993164703383,-0.005396049188226642,0.026963680298404364,1.0,0.0436099492085571,0.0058423353135303,0.0557489981393369,1
hf_transformer,1,australia,4719,0.06059909679412845,0.004723915376892999,0.040878576529279356,9.014377258669775,1.0,0.010421568031311113,0.0004637495320445815,0.007666421939368557,0.0,0.02748283664703366,-0.005806319558624798,0.01319473162153416,1.0,0.04296348159790031,0.0030739838883179793,0.03236373748282495,1.0,0.1066922265625001,0.009281906577097513,0.08007099900269976,1
hf_transformer,1,canada,4719,0.03505011184692381,0.0017182151331205406,0.02639601214246773,7.211137729330994,1.0,0.0034656106948851573,0.005501726261889877,0.002844624044743593,1.0,0.008298344039916916,0.0007708895766393651,0.007134667779184357,1.0,0.014001642990112195,0.005909560350526497,0.016569058903712745,1.0,0.061096079444885154,0.006831843623603056,0.05249171369491634,1
hf_transformer,1,denmark,4719,0.08483680844624843,0.01199233720479858,0.011303195812850487,3.5323156436994574,0.0,0.06168745803832998,-0.004973185339355475,0.003340921288657361,1.0,0.07018611297607436,-0.0107959980466738,-0.0012869104139350317,1.0,0.016620626831054253,0.004108444509236,0.0018768610141142253,1.0,0.012739830780029493,0.021800477536575262,0.023477724817228693,1
hf_transformer,1,eurozone,4719,0.020957353655497217,0.0007159066292333713,0.010618390758318812,3.3187943697910676,0.0,0.00933908615112311,-0.0014550610334157145,0.0033233663024154142,1.0,0.009475696563720604,-0.005945992610645422,-0.0010760678448599366,1.0,0.006676045227050675,0.00550364573389574,0.002097562992482097,1.0,0.006827212524413984,0.019913477604683514,0.02333515140892485,1
hf_transformer,1,japan,4719,5.614773966471355,33.990707245242184,0.03999925874544773,12.74282240847959,1.0,1.0901330566406386,0.0027271509894106895,0.010615849410764933,0.0,3.735271606445309,-0.007093443273597337,0.019942602100943375,0.0,6.282454223632811,-0.0006008523167417194,0.044176164846730245,1.0,5.560166015624986,0.016686934930654884,0.05574900458642253,1
hf_transformer,1,norway,4719,0.501137727508545,0.34900792568680017,0.04932553009071536,12.683512540297858,1.0,0.002638662719727236,0.008755929679564947,0.009025846664135006,1.0,0.14934192810058633,0.011845601520580177,0.026962342727279938,1.0,0.32867033843994164,0.013539423693885076,0.04645644771284017,1.0,0.7761030700683591,0.020673527422508498,0.09620767461628799,1
hf_transformer,1,south_korea,4719,55.222475585937495,3430.517810145816,0.04026814001718064,11.836611648642572,1.0,15.823388671874909,0.0024958396264915302,0.014283027022915928,0.0,33.169018554687455,-0.0013673846808631076,0.023277153044833812,1.0,58.78061523437509,0.002752656853973378,0.04584541368848715,1.0,50.257739257812545,0.023014567283954797,0.05924499409703123,1
hf_transformer,1,sweden,4719,0.2963202657572427,0.11387708607257122,0.02739327893916158,7.351129234850115,0.0,0.13327323303222727,-0.004462346670137269,0.008093632762717944,0.0,0.24935440979003864,-0.013876333698240723,0.009707332249214249,1.0,0.06080011901855542,0.005393628386916961,0.011085099970060623,1.0,0.38607408294677725,0.01675603805339883,0.05196272576623351,1
hf_transformer,1,switzerland,4719,0.018890561224619552,0.0004820562067215866,0.01948160060481131,4.256557519076717,1.0,0.001153252506256086,0.007863156206630298,0.006674452406882926,0.0,0.021886854743957573,-0.005921933188359364,0.01667992339258518,1.0,0.0020921664237976145,-0.0003196623373554942,-0.002494933463213667,0.0,0.03119103250503541,-0.002589689453888827,0.029362723265950644,1
hf_transformer,1,taiwan,4719,1.002592827351888,1.1708206503425502,0.032514961338040625,19.221131299697554,0.0,0.21336837768554773,-0.0013861378303578725,0.005657887040507444,0.0,0.4455442504882825,-0.002519025653698084,0.012150458172667874,1.0,0.7851522064209,0.0040890213064232826,0.029630107176486474,1.0,1.1536973571777338,0.009640492612179294,0.046746315346142424,1
hf_transformer,1,uk,4719,0.034091161759011834,0.0014426093188708152,0.0391786854290128,11.949866440365373,0.0,0.010990067333618181,-0.004502091540586303,0.008431321879029556,0.0,0.023195688934570358,-0.009439028287978095,0.01779726114064712,1.0,0.021031785771637,0.0013503586499037815,0.02581481291768726,1.0,0.036900168972656244,0.015469800728956788,0.05742035174525873,1
hf_transformer,1,australia,4724,0.06176463478978478,0.005235082721880053,0.04091722177621253,9.187756067232776,0.0,0.014244555053710917,-0.0019568604666518885,0.007770195281807717,1.0,0.0007636257171630412,0.0007984746191716113,0.0013208911432649707,1.0,0.038361646347045975,0.006585956913815105,0.032350758559756485,1.0,0.12681638782501214,0.010351608842342165,0.09281233458687745,1
hf_transformer,1,canada,4724,0.03789640230814613,0.0019552040789975644,0.028302891609050734,7.796727659063459,1.0,0.003464897918701082,0.006867696791969636,0.004233658134358067,0.0,0.004154240417480359,0.0003471785122401933,-0.002832429360523449,0.0,0.041654985427856506,-0.0004243421534534125,0.030934957157647946,1.0,0.06660167083740243,0.00958456663539794,0.05878152732727463,1
hf_transformer,1,denmark,4724,0.06103779675801603,0.006781160532184685,0.00808900427505055,2.5414058861242124,1.0,0.04016309127807638,0.005357303003656582,0.010729572764591737,0.0,0.045979779052734315,0.004651961208498543,-0.0015383787984830088,1.0,0.06927046508789036,0.012139916313413289,0.021325443542406102,1.0,0.02095862579345731,0.030589303392043778,0.027844581583315934,1
hf_transformer,1,eurozone,4724,0.017567541007995617,0.0006179820228403698,0.008847422167887677,2.781985604996286,1.0,0.015286048889160186,0.0029251976247883847,0.010708924370970804,0.0,0.00576609249115001,0.0014427385475663977,-0.0015135775904279614,1.0,0.01178697357177727,0.0154216298689846,0.021354568664044723,1.0,0.009001061630248941,0.032186517584268604,0.027707925536276753,1
hf_transformer,1,japan,4724,4.327487386067708,19.8268090158365,0.030459875554197696,9.821304217211837,0.0,1.7449053955078,-0.008857661703479337,0.003635330826603085,0.0,4.317904663085926,-0.013681951456800009,0.017098669579405687,1.0,1.4902331542968739,0.004060491034089488,0.01460345663109578,1.0,5.109140625000009,0.022739866535187888,0.05778306249540219,1
hf_transformer,1,norway,4724,0.49245436879475907,0.31811823120919647,0.047896611173402194,12.463741640817274,0.0,0.013936007690428909,-0.0007372552292757027,0.0006628236529248677,1.0,0.0435701843261711,-0.0074943009500073755,-0.0030939606971484165,0.0,0.5133575225830072,-0.004138258408391094,0.04635172910532984,1.0,0.6266852661132809,0.007263491051075664,0.06788987008583248,1
hf_transformer,1,south_korea,4724,51.85682373046875,2880.026254674217,0.037500335314287335,11.115204041775675,0.0,29.515673828125045,-0.015245844056400277,0.0065106301667672015,0.0,36.51171875,-0.013530425146432006,0.013268885669518945,0.0,55.467114257812455,-0.004942002809290759,0.03515332130818321,1.0,51.3310546875,0.01103495671970982,0.04761695481808938,1
hf_transformer,1,sweden,4724,0.24186277130126937,0.08430472535664128,0.022050962946486456,6.000144756859822,0.0,0.11805555114746014,-0.0017593459489834995,0.009234363243458379,1.0,0.0006672424316409575,-0.008176389820689509,-0.008113511032766637,1.0,0.34440066986083906,0.00457427855840684,0.03611657260815131,1.0,0.2925089431762693,0.026790784547203586,0.05306139579031818,1
hf_transformer,1,switzerland,4724,0.013449770603179933,0.00025100694903878784,0.013740607228144065,3.030599330008816,0.0,0.003107466888427779,-0.0010292392296797554,0.00214198368310527,1.0,0.014264044475555404,-0.0036170462417384726,-0.018342520543895853,0.0,0.008116081428527822,-0.005648312011204398,0.002651304260479869,0.0,0.030584613895416224,-0.006746157440044014,0.024210593931774573,1
hf_transformer,1,taiwan,4724,0.9169100199381511,0.9134023897159814,0.029523879386583372,17.578469945560315,0.0,0.21342303466796864,-0.0020259771265244597,0.004939489196938967,0.0,0.6361608886718741,-0.010403849949690368,0.010388563689935227,1.0,0.9494132690429673,0.0023859578924370958,0.03287363935339918,1.0,1.0128368072509772,0.009261070561296483,0.04153361065398119,1
hf_transformer,1,uk,4724,0.020876899386929326,0.0006923009002379425,0.023627871929720583,7.317913103879581,0.0,0.013450723500885053,-0.008972652263361457,0.006626126080515241,0.0,0.009241753441894485,-0.010631993327574417,0.00012950325253856056,1.0,0.021261844154907172,0.003911012082076789,0.028147444848309885,1.0,0.0012218527824097158,0.030276548244052535,0.02890248067922303,1
hf_transformer,1,australia,4729,0.07061951702372235,0.006024033463445438,0.046469218932408886,10.50495802667749,0.0,0.022446237831115656,0.008557926308941779,-0.006780338364396929,1.0,0.028884887275695714,0.0002223353967650164,0.019781169881770384,1.0,0.05997581031799326,0.015072344868577304,0.054684023870181626,1.0,0.08725582901000983,0.02319125239634682,0.07986486544648308,1
hf_transformer,1,canada,4729,0.04064176882425941,0.001914679551123146,0.03024631381799215,8.361553704459489,0.0,0.020984543228149466,0.010966928797950115,-0.005072446798092588,1.0,0.012037276458740198,0.008749015207923698,0.017854903744586967,1.0,0.055076890182495175,0.009098814819428576,0.05008707829796447,1.0,0.032634938812255765,0.028539783949967,0.052563138260153804,1
hf_transformer,1,denmark,4729,0.07523396130879718,0.010860480295260246,0.009946134200645303,3.1324858081727585,0.0,0.1382152160644532,0.009926023820871039,-0.008728408319014664,0.0,0.014939685821532933,-0.0006605670698409963,0.0013563258475425151,1.0,0.015627949523925544,0.025825667065583115,0.02788029105698002,1.0,0.10956185379028316,0.03948348647170127,0.025157930524028982,1
hf_transformer,1,eurozone,4729,0.02155330184300741,0.0008701802731428148,0.010848357888948341,3.413168379120114,0.0,0.02935162258148183,0.006296595238130709,-0.008793135651992107,1.0,0.005837829208374057,0.004195356108052446,0.0012059168352579314,1.0,0.029122397994995275,0.013225094305474623,0.02787416391741929,1.0,0.027882591247558652,0.03869258848388935,0.024823475146992863,1
hf_transformer,1,japan,4729,2.4423870239257828,7.121048958108427,0.01690914911821876,5.543037757977754,1.0,1.462615966796875,-0.010852753543866934,-0.0005266391765710571,0.0,2.0747808837890602,-0.011187520515446747,0.0034339008479156077,1.0,1.9000537109374989,0.0017180479787612688,0.014945670036297813,1.0,3.886606445312509,0.025323485158910638,0.051577564263350834,1
hf_transformer,1,norway,4729,0.48857741628011075,0.27950496791715496,0.04726222626577989,12.365618164697942,0.0,0.12070101318359328,0.0031945185431186936,-0.009004122530334849,1.0,0.21779788818359336,0.006128512713671542,0.027707916490729595,1.0,0.7035205078125006,0.01245612190434955,0.08013146098222318,1.0,0.4205115463256828,0.02550384098794091,0.06598230296322362,1
hf_transformer,1,south_korea,4729,35.63897542317709,1529.4518209261703,0.02550423236654272,7.639003995450863,0.0,19.721923828125,-0.014386477267019462,0.0,0.0,34.527905273437455,-0.019916675717908342,0.005273054691393191,0.0,69.16806640625009,-0.008011778014456438,0.04125210298807492,1.0,28.28564453125,0.022000885648823593,0.04184265760548476,1
hf_transformer,1,sweden,4729,0.22873667582193993,0.07776682644116199,0.020774072705023103,5.674511867826904,0.0,0.23626744689941326,0.009842884228288851,-0.012450083774244865,1.0,0.04427482910156222,0.00781670822916082,0.01194786440440434,1.0,0.3676111938476563,0.02208203884800651,0.05540543780603762,1.0,0.09774372253417951,0.052607083745294506,0.06130786079461593,1
hf_transformer,1,switzerland,4729,0.01680654936790466,0.000350624967758275,0.01712609789217301,3.7869729348461623,0.0,0.03007744770050047,0.020563412622644037,-0.010559429008840538,1.0,0.011519954490661566,0.012577175486759526,0.0006757635084970715,1.0,0.008382433414459212,0.011444393519536354,0.02002589380850668,1.0,0.030305766105651832,0.013833707599440168,0.04444498002052698,1
hf_transformer,1,taiwan,4729,0.7870747578938804,0.6873499582967362,0.025142688912162307,15.089343202378783,1.0,0.07851855468749847,-0.0031269460614447653,-0.0005824111987576306,0.0,0.7046086883544938,-0.009656981525824086,0.013095186127038659,0.0,1.1083746032714856,-0.0057702827168320155,0.02965458174150743,1.0,0.9071530303955058,0.012020204186382043,0.040600718220955234,1
hf_transformer,1,uk,4729,0.020007909378206384,0.0007419026851918303,0.02257005129371793,7.01330880157809,1.0,0.00699399528280642,-0.0024531574557423758,-0.010606648402687584,0.0,0.011670272433990436,-0.000484176963428353,0.012948258079865117,1.0,0.038202896324523894,0.005356145321787359,0.04842544016072056,1.0,0.002157602531890901,0.03416663552777103,0.0365787212568295,1
hf_transformer,1,australia,4734,0.07483056917826338,0.006333459049507384,0.049070872860383266,11.131370214072419,0.0,0.012992007446289033,-0.008148123952016475,0.0005966127322513268,0.0,0.05113510383605968,-0.008623556442909205,0.02537748527766761,0.0,0.06957035240173348,-0.0038902862373467423,0.04187849344682067,1.0,0.05235944358825684,0.01133525932524073,0.04546028791468758,1
hf_transformer,1,canada,4734,0.04568849915186562,0.002277409497576303,0.033979422900743864,9.399857594447049,0.0,0.012046627616882244,-0.008809067279980886,0.0003011708037671641,0.0,0.0439782617568969,-0.010125461496553113,0.022781554763899467,0.0,0.04876195163726815,-0.0034034670974970446,0.032778891531622806,1.0,0.027207348251342856,0.004502557132657569,0.024693530931901814,1
hf_transformer,1,denmark,4734,0.11067569885253908,0.01988066024101304,0.014655287274453588,4.608159000723014,1.0,0.017997852325439823,0.004171851790105717,0.0017517269091135688,1.0,0.18910873718261723,0.007804023715887047,0.03279526096601734,1.0,0.038730880737304574,0.014197149649718114,0.019333790858274066,1.0,0.19281490631103537,0.03444685756112412,0.009002145168198637,1
hf_transformer,1,eurozone,4734,0.030649474213918074,0.0014937135728811271,0.015439592461331883,4.853632960072052,1.0,0.003349439239501928,0.003506557915878213,0.0017933548218356428,1.0,0.05260668296813975,0.00648863041448196,0.0329403568468595,1.0,0.0043205831527710625,0.016822380469658633,0.01899884434269774,1.0,0.04127387924194337,0.028899790710527135,0.008121197940987972,1
hf_transformer,1,japan,4734,2.0876159871419286,5.532468953195038,0.014375126782998373,4.737879020617227,0.0,1.0859033203124966,-0.005196796906388943,0.0024106920574985973,0.0,0.9675561523437466,-0.00436487919380228,0.0024106920574985973,1.0,0.2662255859374909,0.011676176393151286,0.013515362507536157,1.0,0.9562933349609466,0.03793298977750219,0.03147100830012476,1
hf_transformer,1,norway,4734,0.4273855351257324,0.2266237908749445,0.041144520282077414,10.816886250530214,0.0,0.24868738403320378,-0.018767903740701558,0.005766436839404801,0.0,0.5997155838012702,-0.01881067133355976,0.039363395369975726,0.0,0.524178952026368,-0.006024585751376496,0.044373557752801884,1.0,0.04820212402343671,0.01803376271175408,0.013382701220415629,1
hf_transformer,1,south_korea,4734,28.48261474609376,1075.6945454153033,0.02025282937616673,6.105080330249896,0.0,16.241503906250045,-0.007659752777029982,0.004062196652773719,0.0,36.412646484375045,-0.011056646964098828,0.015122282994392533,1.0,9.533837890624909,0.003427828955731021,0.010249516332744193,1.0,16.531542968750045,0.03541007902030257,0.023847941111623375,1
hf_transformer,1,sweden,4734,0.3331025001017251,0.14099430755638814,0.030325722414157524,8.263624900719783,0.0,0.12530010681152426,-0.005480831555981409,0.006182285129096202,0.0,0.6047183959960929,-0.007699266816804626,0.04749259049860193,1.0,0.25140442810058516,0.008229555930450433,0.031181702243331055,1.0,0.12881361999511753,0.032540360422063985,0.020862020904110105,1
hf_transformer,1,switzerland,4734,0.02525125297546386,0.0007370645502850542,0.025778492505006086,5.689794466177046,1.0,0.0063905204772949364,0.00935181224253618,0.0027503195770113946,1.0,0.015255686473846453,0.004401351092146033,0.02006343343312228,1.0,0.02280216979980465,0.0044049898611825365,0.027724751000180244,1.0,0.024804235839843702,0.009717508199142947,0.034926454122671945,1
hf_transformer,1,taiwan,4734,0.6484490325927736,0.47626563836395497,0.020602594017678885,12.431690768772073,0.0,0.46620043945312517,-0.013150191341985269,0.0018181243246303434,0.0,0.9693214111328139,-0.019303042295693393,0.011759147172022115,0.0,0.4609571838378912,-0.008607685814742895,0.006126933827502738,1.0,0.17488096618652094,0.019729665548665547,0.02518889872605183,1
hf_transformer,1,uk,4734,0.023499627759998577,0.0009154024086009816,0.026468366073430893,8.23724973397402,0.0,0.0031704321166381444,-0.0013463586567998675,0.002276708646572052,0.0,0.05069793066845707,-0.009396479258051838,0.047465929495288176,1.0,0.012365906212585487,0.007096311802184569,0.021036660522414836,0.0,0.0439929376035767,0.03596861584500923,-0.01376816075012822,1
hf_transformer,1,australia,4739,0.06125408866119388,0.004286221723141166,0.03983413992168463,9.111810126541503,0.0,0.04966662548065193,-0.025710553647330762,0.007061642571822258,0.0,0.06436964042663584,-0.025611964641428283,0.016655328164829706,0.0,0.1008662656402588,-0.014583920302073386,0.05018261269557525,1.0,0.014990830307006764,0.006028424168399475,0.015722615285918683,1
hf_transformer,1,canada,4739,0.03171233146667478,0.0012470391641050515,0.023437119337849182,6.524429677232524,0.0,0.03958780975341791,-0.022094874474058328,0.007260757970525779,0.0,0.05060110359191894,-0.02617682502822928,0.01134462873301614,0.0,0.04788411178588858,-0.013736483738199759,0.0213738588727269,1.0,0.0022976001739500873,-0.0025075760900339786,-0.004204476209240203,1
hf_transformer,1,denmark,4739,0.12188618657430018,0.01970904733467981,0.016107424683959013,5.074925512551036,0.0,0.23053627471923832,-0.024466479230568834,0.00590141114441513,1.0,0.13128565063476572,-0.026896867635673297,-0.009448104455684257,1.0,0.11802904815673809,-0.01632011237791711,-0.0007833972420312908,0.0,0.18808396911621106,0.006035556664454413,-0.018667138455854767,1
hf_transformer,1,eurozone,4739,0.03159014780044557,0.001422070824477324,0.015849290966605072,5.002597483651571,0.0,0.05984941444396963,-0.02408151997128428,0.005887754187838168,1.0,0.02549134159088129,-0.022173024993696076,-0.009322798535124542,1.0,0.022987370872497692,-0.012627713244767438,-0.0011419777314143349,0.0,0.06308988189697273,0.01203030330315896,-0.01939084230166032,1
hf_transformer,1,japan,4739,2.0857071736653654,5.364280452339491,0.014308285667944133,4.733546936852501,0.0,1.1733898925781148,-0.0007218286070304101,0.007439889692289459,0.0,1.6244860839843795,-0.001148623850286523,0.010137919692838794,1.0,3.531341552734375,0.0038913506944853386,0.02814470500820367,1.0,2.3241223144531205,0.04292298874593919,0.027262212248466082,1
hf_transformer,1,norway,4739,0.2983526393127439,0.11852451162618315,0.028450023989621043,7.551136612618388,0.0,0.42847254943847624,-0.030082342654705645,0.010685514676982878,0.0,0.6673896942138668,-0.036650953240108454,0.026548586063703243,0.0,0.32948008422851593,-0.023110439564002168,0.00816970788388672,0.0,0.3527617752075187,0.0029228358269011837,-0.03078446884138966,1
hf_transformer,1,south_korea,4739,23.530561523437502,779.995463368297,0.016626328207981086,5.043636955282519,0.0,39.743115234374955,-0.012598986160190605,0.015560954723088398,0.0,37.922045898437545,-0.011721886612267479,0.01514166750520582,1.0,13.303613281249909,0.006257972867618755,0.0155958873903757,1.0,31.81813964843741,0.029208848662897965,0.007035933351480383,1
hf_transformer,1,sweden,4739,0.2346462194824218,0.07407632016466982,0.0211361154520527,5.821116147679908,0.0,0.38523660125732384,-0.03307455626737401,0.0016724006834661325,1.0,0.18596092224121108,-0.03159560757220145,-0.014696610113662969,0.0,0.35809665527343704,-0.022244433654830642,0.009750916153991021,0.0,0.4201721679687491,0.0107899481072454,-0.026817531083249684,1
hf_transformer,1,switzerland,4739,0.02648597310702006,0.0007666956219900454,0.026954215171996188,5.968010512669163,0.0,0.014526787757873527,-0.005338445177755187,0.009428771631512166,0.0,0.013067534446716267,-0.01077139697005959,0.0025941671253712105,0.0,0.03188708934783935,-0.00971093834382114,0.02256113418691495,0.0,0.02996087141036985,-0.013806672262717595,0.016667894337033123,1
hf_transformer,1,taiwan,4739,0.435039532470703,0.22253994702693564,0.013734808605910002,8.340326946348238,0.0,0.4848740844726578,-0.010303557188134535,0.005035732795599661,0.0,0.4634355773925769,-0.01293904570484622,0.0017653924701043016,0.0,0.49204835510253986,-0.009162102750037837,0.006384773769461242,1.0,0.0440521240234375,0.016850016100169014,0.015482342114362158,1
hf_transformer,1,uk,4739,0.026315876148852536,0.0009439396469672571,0.029453176914808237,9.224420319347303,0.0,0.04633387517950438,-0.04096659335909971,0.010325527058648027,1.0,0.020876976109802214,-0.04714758039573713,-0.023566756902650494,1.0,0.007779864248413038,-0.021293226333385845,-0.029995925244447778,0.0,0.041182610700561506,0.011414026571398346,-0.0339932648490682,1
hf_transformer,1,australia,4744,0.037663518283844004,0.0021996834239246315,0.024212459892983082,5.602610940766905,1.0,0.00957328041076666,-0.017069420067474163,-0.010827828637416558,0.0,0.03378859344482432,-0.018139518806972586,0.0037413929136326613,0.0,0.0258315988159179,-0.004737919418789007,0.011811689380564351,0.0,0.10158279762268063,0.024704874126172303,-0.04113467801837916,1
hf_transformer,1,canada,4744,0.026519877395629873,0.0010412912223730175,0.019365411228948543,5.456144884788516,1.0,0.003721523475646915,-0.008273660550759341,-0.005546447351412504,1.0,0.020550854301452537,-0.018918677196029896,-0.0037916119652468576,0.0,0.00904961967468254,0.001635879424400587,-0.004961159995201082,0.0,0.07372105808258067,0.01890324755683401,-0.03518099617712411,1
hf_transformer,1,denmark,4744,0.2067410076649984,0.07363369790845163,0.027135685167075634,8.607991141391844,1.0,0.01217400665283197,-0.0003526351071158861,-0.001958464056463303,1.0,0.0071671669006345695,0.002541881490807402,0.001599531671771286,0.0,0.1086255767822264,0.009790723113090552,-0.004483083730617295,0.0,0.6867811309814451,0.038851370172060196,-0.05220975151609716,1
hf_transformer,1,eurozone,4744,0.05941343962351484,0.005750970222634574,0.029620025914773543,9.408677839471446,0.0,0.021075623321533232,0.008367411433511288,-0.0021560917922106597,1.0,0.0007422197341919734,0.0014726040088171304,0.0011013216972199976,0.0,0.053310962295532116,0.02165756787820861,-0.004820012344232451,0.0,0.1934805450439454,0.04456221043887812,-0.052704652757252446,1
hf_transformer,1,japan,4744,2.532450439453126,11.967318754247929,0.017279551555347716,5.747438169538275,0.0,0.3798181152343716,0.0006893758892294467,-0.0019363098612327377,0.0,0.8597265624999864,-0.0032158223221847113,0.00272522030782069,1.0,4.010384521484383,0.005715202779727512,0.03289121959141789,0.0,11.346895751953127,0.038403928941229404,-0.04003212381511468,1
hf_transformer,1,norway,4744,0.412866947733561,0.29313645074717676,0.03875135921175901,10.449429012434173,1.0,0.11771974487304604,-0.028460535403865797,-0.017407278701290954,1.0,0.08182530670165988,-0.028980480974856657,-0.021280605338252167,1.0,0.21137310943603538,-0.012510135545697543,-0.03234668993046272,0.0,1.2902394195556646,0.02812978442100719,-0.09416925848758531,1
hf_transformer,1,south_korea,4744,35.64571777343748,2762.3139871251965,0.024941485651423703,7.640449178427263,0.0,11.335986328125045,-0.0079549414000172,0.0,1.0,3.2268798828124545,-0.01055605793157373,-0.012838049808312997,1.0,3.767968749999909,0.0043366854042527795,0.0017109838837165445,0.0,164.94453124999995,0.036169228691312165,-0.08170703077892498,1
hf_transformer,1,sweden,4744,0.3992559153747558,0.2725596796507229,0.03560627307955157,9.904762417102663,1.0,0.040935707092284446,-0.003413279115900981,-0.007121490562009888,0.0,0.07592298278808585,-0.0012012603357145332,0.005625059760442539,1.0,0.18736794281005942,0.022772557093481374,0.006131199515087291,0.0,1.3280695220947258,0.0536908276473135,-0.06668966551006791,1
hf_transformer,1,switzerland,4744,0.015174812558492023,0.000328207852072058,0.015368976687351764,3.4192982266851564,1.0,0.0045727426528930915,0.0019054806972740785,0.006531834155137762,0.0,0.014309745407104502,-0.006840457643044561,0.007691956350270722,1.0,0.013367818164825351,0.003227887970474767,0.016675029328854406,0.0,0.04423345603942874,0.005909308781551183,-0.03979593571217461,1
hf_transformer,1,taiwan,4744,0.2913604604085291,0.17275819238511586,0.00909364095929676,5.5857946638661655,0.0,0.25182098388672003,-0.0038918110972664,0.004039202995862991,1.0,0.012194976806640057,-0.002797540033589651,-0.0024124322856258445,1.0,0.10882096862793134,0.0077865148645025,0.011181699777525608,0.0,1.485387573242189,0.03410231435353598,-0.012168607230990502,1
hf_transformer,1,uk,4744,0.04665041645897623,0.003229540250656319,0.0514614432152191,16.35222202202672,0.0,0.015524718473388655,0.006933808385813903,-0.010426507946417599,1.0,0.0026251014893798885,0.005564550764582441,0.00264615667957014,0.0,0.04354273554425048,0.033979405129278085,-0.01414299823557298,0.0,0.11157364902691647,0.06991231777422797,-0.053543739377016175,1
hf_transformer,1,australia,4749,0.05427141591389974,0.004234555944657223,0.03486795265651318,8.07310741069442,0.0,0.04827093765258783,-0.011571559672723648,0.019228982741812627,0.0,0.06615447586059564,-0.01623088281348269,0.025936067205711958,0.0,0.02444577919006341,0.0034694537316427515,-0.01225807247900233,0.0,0.1248268842315674,0.03660612597540934,-0.043610667491188755,1
hf_transformer,1,canada,4749,0.03704091890970865,0.002102731909441352,0.02699493128392077,7.620722268888642,0.0,0.006564805793762174,-8.387376880357377e-05,0.004700917863825799,0.0,0.023144162750244224,-0.0033985161641550223,0.013424481411542401,0.0,0.02945145435333263,0.00901896793416177,-0.012533933590582691,0.0,0.0835930835723877,0.038369751985630106,-0.02219728091966477,1
hf_transformer,1,denmark,4749,0.2511744116210938,0.11178990499506859,0.033296865030088704,10.458046686519717,0.0,0.06671378936767614,-0.00021230598092681054,0.008527020990195085,0.0,0.052511489868163785,-0.003830174846278393,0.0030799463521521786,0.0,0.2198276336669922,0.007793446089671276,-0.02131863039421343,0.0,0.6475263053894045,0.02897943520333694,-0.057390189332179105,1
hf_transformer,1,eurozone,4749,0.0668291464106242,0.0077493852186211,0.033692606535631414,10.583024865228884,0.0,0.023526907730102575,-0.003220724939545717,0.008519169720281477,0.0,0.011757567214965903,-0.0025837960349991834,0.0032967062824920245,0.0,0.06308819885253913,0.010297624464632428,-0.021442035133229807,0.0,0.18412822952270513,0.035886183218444306,-0.05719078834826356,1
hf_transformer,1,japan,4749,4.187251566569012,31.83143760353154,0.028675140986875004,9.503036704779358,1.0,0.10853088378905795,0.004904111178516199,0.004159725474846032,0.0,3.455332031250009,-0.0015882250876544754,0.021976660009922946,1.0,0.5214990234375136,0.00957574366861581,0.006010562307008753,0.0,12.194254150390634,0.04670299999405497,-0.036878137369429596,1
hf_transformer,1,norway,4749,0.5072729448954263,0.40825284777791065,0.047844229101638,12.838791423511925,0.0,0.04783943481445263,-0.002692971565717134,0.00179351246287554,1.0,0.018130426025390278,-0.003058763694434901,-0.0013554618031754407,0.0,0.5825819503784171,0.014871522141848028,-0.040435196379053705,0.0,1.0218441192626955,0.0480269289765086,-0.04770898878723745,1
hf_transformer,1,south_korea,4749,54.96017903645832,6057.498379526097,0.03883571567398833,11.780389931669156,0.0,7.8169677734374545,0.005519074234768336,0.0,1.0,11.4385986328125,0.0036122871609475106,0.011649113765891884,1.0,24.342480468749955,0.020214481724731025,0.0031808890890436974,0.0,146.9737304687501,0.05165256570885735,-0.05239501129438967,1
hf_transformer,1,sweden,4749,0.46811830703735335,0.35194311644590676,0.04217698726716482,11.61310436677995,0.0,0.23801850433349614,-0.006465106516121982,0.014773708534110225,0.0,0.1883991790771482,-0.006035072083093574,0.010806002273299165,0.0,0.3200805892944327,0.0065626418778921706,-0.022344362489500603,0.0,1.0782976028442377,0.04509183269369752,-0.051816441043996145,1
hf_transformer,1,switzerland,4749,0.021012225863138834,0.000712318099820697,0.02139174635542542,4.734626299705563,0.0,0.01245362396240235,-0.004399059240918641,0.008133391557977767,0.0,0.02668408594131466,-0.015427243419788047,0.01152779405840906,1.0,1.781473159789826e-05,-0.0019499619140813404,-0.001967958248355952,0.0,0.05381942787170413,0.012841952719704194,-0.04221556477583257,1
hf_transformer,1,taiwan,4749,0.5795839029947913,0.6106203292947614,0.018134884902538843,11.11144823175966,0.0,0.13791717529296932,0.004345023776803882,0.0,1.0,0.1885818176269538,0.001007249515659816,0.006937753480506684,1.0,0.022751922607419317,0.01310350909882436,0.012394259697797616,0.0,1.649574096679686,0.035484899096619255,-0.016088953737566917,1
hf_transformer,1,uk,4749,0.045057075320790604,0.002981512175911303,0.050402021351747074,15.793713223475002,0.0,0.010971871403076205,-0.0044866258116045,0.007709164962534132,1.0,0.0066057019263916494,-0.0033143772401082482,-0.010720609925388725,0.0,0.05012150393276982,0.017016297500292918,-0.03940724263711558,0.0,0.10416715949987798,0.04826124790722334,-0.06884615608040698,1
hf_transformer,1,australia,4754,0.07775794662475584,0.009922731529900737,0.04952898801009274,11.566830246931543,1.0,0.00942438598632811,-0.013285117653388087,-0.007341919318167435,1.0,0.009700649414062568,-0.017770877772101134,-0.011626577997129406,1.0,0.00976743751525877,-0.0021697506800088815,-0.008298074640431318,0.0,0.1833938097381591,0.038582322307407435,-0.07810088835815762,1
hf_transformer,1,canada,4754,0.049458412958780916,0.003717440172533158,0.03588783988300567,10.175471886581146,1.0,0.0074655406951904535,-0.004829793908676612,-0.010251670084841815,1.0,0.004031265830993558,-0.011987275165888711,-0.009050818427644181,0.0,0.03094861335754384,0.011928865279812996,-0.010360909957503899,0.0,0.10790633583068843,0.040822053912231496,-0.036780186257019315,1
hf_transformer,1,denmark,4754,0.35277404871622714,0.19250489812313729,0.04679811730310149,14.688309400052967,0.0,0.05126797027587848,0.00033670421309223055,-0.006406947184346768,1.0,0.0020089813232422316,-0.0044896360104394305,-0.004225029857769894,1.0,0.12616483459472683,0.01665482215078527,0.00024913295305509545,0.0,0.7978108039855956,0.040882627633990906,-0.06495912845350729,1
hf_transformer,1,eurozone,4754,0.09213088783899943,0.01311822999870247,0.04649078682437931,14.58979396302359,0.0,0.033667256927490286,0.010302926678628891,-0.006453733283859633,1.0,0.005592807769775332,-0.0072032651515374704,-0.004398027979711939,0.0,0.030368309783935565,0.01448998810605893,-0.0005486968587594838,0.0,0.20094927482604974,0.03676615884157992,-0.06481449465251546,1
hf_transformer,1,japan,4754,6.041125467936197,60.40293396930071,0.04129449509779093,13.71043419467042,0.0,3.282724609375009,-0.019793050295987394,0.0025243614152403557,0.0,4.970712890625009,-0.022808705737576134,0.010893171347354312,1.0,0.07103210449218977,-0.0007010032061428934,-0.0011802196578267151,0.0,14.965484619140625,0.03867542128823373,-0.06340457505252046,1
hf_transformer,1,norway,4754,0.6767854852803546,0.6423601344848133,0.06382302360616995,17.12905797837498,0.0,0.17709253540039072,0.005508185348149476,-0.01116185730424724,0.0,0.07387226562500082,0.0019432514523235684,-0.005001527819757261,0.0,0.3934592941284176,0.028552075332165312,-0.008001248993102674,0.0,1.4465142700195308,0.06074652202326819,-0.0759642930565302,1
hf_transformer,1,south_korea,4754,71.21616943359375,9012.59668807481,0.05044012221296894,15.26476550978891,1.0,6.201513671875091,0.00013888911451984386,0.004468657066104241,1.0,3.47314453125,0.005079349382916588,0.007494588456914283,0.0,24.70937499999991,0.013629145576259381,-0.0035753131429184077,0.0,173.9123291015626,0.046830385148758216,-0.07661960188241043,1
hf_transformer,1,sweden,4754,0.6833549218241373,0.7035327699289685,0.061295915263236016,16.95270598776907,1.0,0.09520736694335952,-0.0002121099705509482,-0.008689087880126236,0.0,0.11023780975341779,-0.009685476342622734,0.00013295397153096573,0.0,0.28396975097656174,0.01655085921701089,-0.008519212961302397,0.0,1.445170463562011,0.05075127446388873,-0.07908804731944025,1
hf_transformer,1,switzerland,4754,0.02652908849398295,0.0013273421451714484,0.02706245641811522,5.977725582665369,1.0,0.000377989101409959,-0.00717973585373947,-0.0068003662237800695,0.0,0.015135787963867164,-0.013279378064937421,0.00189186554485662,0.0,0.014526305961608976,-0.004571459740437233,0.009867930221745268,0.0,0.0630125602722168,0.006222252317186644,-0.058223062760379106,1
hf_transformer,1,taiwan,4754,0.8193672002156577,1.0830354271387777,0.02562651650683073,15.708435277368206,0.0,0.2655936889648416,-0.004811786643898931,0.0035212130563329813,0.0,0.3523301086425761,-0.00154793523341175,0.009455671256909524,1.0,0.09643127441406563,0.013498651333870045,0.010511145852768597,0.0,2.124362365722657,0.03434408859994967,-0.03218067927771587,1
hf_transformer,1,uk,4754,0.05560964065751343,0.00437571988845048,0.06251927854810554,19.49267036868677,0.0,0.028848162347076434,0.016794508248945163,-0.015649772022127636,1.0,0.001822020785827605,0.009838145512023068,0.007805743830145086,1.0,0.02471838082446287,0.033812914840581645,0.006552723492360707,0.0,0.12091978717785645,0.06445709000485088,-0.07203027128090748,1
hf_transformer,1,australia,4759,0.09410356555175783,0.013133377918403995,0.06011509298522349,13.998311627504291,0.0,0.020194804840087954,-0.010106596859273932,0.0026926573610932176,1.0,0.015223878936767576,-0.004915970419221472,-0.01462340765002501,0.0,0.09334107666015634,0.016055133081285238,-0.04369631874180408,0.0,0.19715281944274898,0.055240055656783686,-0.07009806612654523,1
hf_transformer,1,canada,4759,0.051508214155832927,0.0036159358786948875,0.03742674641349879,10.597193757662332,1.0,0.007530065917968676,-0.007102345685111964,-0.0016014562112378191,1.0,0.008768465614318766,-0.0035934103397336553,-0.010014703583665066,0.0,0.06572223663330079,0.017750557456760904,-0.030350110624771606,0.0,0.09959975204467764,0.051493124907387215,-0.01979680849651068,1
hf_transformer,1,denmark,4759,0.3730662396240234,0.19731416231695392,0.04989731901948578,15.533207088937141,0.0,0.12205317230224644,0.00708673316484735,-0.009002187306429613,0.0,0.12242229766845725,0.0014307942492780452,-0.014799459508288029,0.0,0.39967784729003863,0.014762437265715484,-0.03849481497384225,0.0,0.7698377563476564,0.035897994396718085,-0.06703020381937032,1
hf_transformer,1,eurozone,4759,0.10125491804122924,0.014276696762677229,0.05145396717805722,16.034670093985913,0.0,0.029911679077148534,0.006048128975127405,-0.008955584104881738,0.0,0.04102663917541505,0.005159040473279208,-0.01549636037074703,0.0,0.10197776107788092,0.013150201217147267,-0.03857579218381576,0.0,0.19913833389282232,0.03447925743025642,-0.0668485584534505,1
hf_transformer,1,japan,4759,8.64525693766276,120.14804306808364,0.05901360583754362,19.620553648314825,1.0,0.38934387207029886,-0.01082135019501675,-0.008200745529439508,1.0,0.4335119628906341,-0.013738100226363226,-0.016672655115310568,0.0,9.758627929687492,0.008984307819406937,-0.05766838176225062,0.0,21.34235229492188,0.04451314173228908,-0.10178150375509026,1
hf_transformer,1,norway,4759,0.6796058868408201,0.6234815938248702,0.06477876380117391,17.200440747217165,0.0,0.10180612487793006,0.002464473083866999,-0.00716224555456136,1.0,0.22560938873290937,-0.0033063988984739774,-0.024891685252078324,0.0,0.6800457275390617,0.017978183709717706,-0.04710553086793845,0.0,1.3591022766113277,0.05473302960094614,-0.07467633772606935,1
hf_transformer,1,south_korea,4759,89.00296386718749,12259.082197230422,0.06341886354399569,19.077259896373416,1.0,11.652636718750045,-0.00816145647338298,-3.472885447215532e-05,1.0,6.1338378906250455,-0.008416050037678816,-0.012721661802468252,0.0,77.78767089843745,0.010699747575549333,-0.044235523659140775,0.0,197.044677734375,0.03902346243344,-0.10210522293715366,1
hf_transformer,1,sweden,4759,0.7109414458211262,0.7077004801595103,0.06431208053022633,17.637073972266947,1.0,0.034426461791992935,-0.010641195165413111,-0.007562078143493164,1.0,0.23235785522460972,-0.007530121160085377,-0.028497975486101328,0.0,0.7014092361450199,0.0031952545470706278,-0.060775581330626424,0.0,1.396122941589356,0.04483878811594958,-0.08107910871713393,1
hf_transformer,1,switzerland,4759,0.03729764636993408,0.0021936324177781025,0.038054024422478155,8.404174720489527,1.0,0.0007629938125610636,-0.00524926069222763,-0.004486547904700336,1.0,0.00332027807235713,-0.01218060103974363,-0.008842762389358024,1.0,0.03630059738159175,-0.0016421360465610037,-0.03848286058888206,0.0,0.07872188224792476,0.014391720005037217,-0.06594214191264115,1
hf_transformer,1,taiwan,4759,1.132767193094889,2.022442075799548,0.03541459381178335,21.71675914336543,0.0,0.26979751586914347,-0.0063343918094270184,0.002063343813245016,1.0,0.2087631072998022,-0.008837015496757797,-0.0023166333678647628,0.0,0.717539978027343,0.011857609014321403,-0.010412451529253536,0.0,2.742767456054686,0.03490868114346093,-0.05094025629499652,1
hf_transformer,1,uk,4759,0.054945529546164946,0.00420112145981893,0.06255821683557405,19.259881614279504,0.0,0.012080970709320016,0.0004083908846414797,-0.013167449220195254,1.0,0.028141678372009316,-0.005298949047481404,-0.03739862392709247,0.0,0.051906603215606695,0.013936356630249063,-0.04491890961445966,0.0,0.11706579675485229,0.04378989310727081,-0.08987312104676262,1
hf_transformer,1,australia,4764,0.09060643084971112,0.010791763059238253,0.05848186113602327,13.478097743199514,1.0,0.00758138481140147,0.006865334193050944,0.0020291188619396567,0.0,0.012993550415039135,0.003967048548307729,-0.004360187351101415,0.0,0.09347784049987795,0.022947681318384188,-0.03737270338550847,0.0,0.16884565490722658,0.04982834556547622,-0.05879215365791538,1
hf_transformer,1,canada,4764,0.042620491809844965,0.002225538692169859,0.031099707731619502,8.76865209089453,1.0,0.012793452453613297,0.011463595211162062,0.002128284965985944,0.0,0.014443477058410537,0.004503290973296732,-0.006116452377242756,0.0,0.05530439491271966,0.021228744339659475,-0.019361186340552037,1.0,0.0677104499816894,0.050155687989657215,0.0016883216225005093,1
hf_transformer,1,denmark,4764,0.3739301368204752,0.18189805833577924,0.05051246816425746,15.569176824685842,1.0,0.0733660232543949,0.01645296384174838,0.006760225154667822,1.0,0.07621129608154309,0.0152091151734451,0.005125977341963848,0.0,0.4603514106750488,0.023643196335403984,-0.03832988067907737,0.0,0.6526594436645512,0.02989683980434054,-0.05856674177405405,1
hf_transformer,1,eurozone,4764,0.10073007129669188,0.013194883126506398,0.05170812453900129,15.951555667927792,1.0,0.012971476173400776,0.013175349937237547,0.0066418476223290175,1.0,0.0037152423858641814,0.0035468399774962293,0.005428316604211204,0.0,0.11147095947265617,0.019705351121686195,-0.03749872526554854,0.0,0.19320993728637692,0.04133541432808621,-0.05771813908036001,1
hf_transformer,1,japan,4764,10.156531616210938,144.4994567952591,0.0697828886986165,23.0504165340107,1.0,0.3340203857421784,0.005347884655585954,0.007597666087014634,0.0,0.36817443847655795,0.0006991958044375699,-0.0017981039941601306,0.0,9.758012695312487,0.018990206834547326,-0.04811924834419822,0.0,18.99685791015625,0.0533403132276743,-0.0768756268462656,1
hf_transformer,1,norway,4764,0.6045404427591959,0.4549960691330151,0.058271862424681714,15.30057679946425,1.0,0.18985806884765566,0.023618074876061896,0.005521692040658818,0.0,0.1953940689086906,0.014006832625546257,-0.00480377469182954,0.0,0.5628703704833988,0.037413697187734136,-0.016450481892286976,0.0,0.9472666656494138,0.05528458666506966,-0.035393083281611726,1
hf_transformer,1,south_korea,4764,110.26505940755209,15855.250133364341,0.0788480222671002,23.63466455955225,1.0,11.576855468749955,0.010132346428892948,0.0020379487025288883,0.0,17.41225585937491,0.010505111468427078,-0.0016897247657504983,0.0,117.15859374999991,0.02415704797175108,-0.059712741268917686,0.0,192.62006835937495,0.04975615984762517,-0.08826879809856386,1
hf_transformer,1,sweden,4764,0.7322144834899904,0.6888600001528343,0.06683630851819053,18.164816645290088,1.0,0.11526426391601596,0.018061958481738964,0.0076852528712388225,0.0,0.1257347595214835,0.011215950886435882,-0.0001869614887579256,0.0,0.6497581741333001,0.0311275532324196,-0.028024849832615238,0.0,1.3717553649902339,0.06539297159362248,-0.05923519142871829,1
hf_transformer,1,switzerland,4764,0.04619119165420533,0.002752484323581341,0.0472909648826075,10.408132496062521,1.0,0.0003734283447265341,0.004729293365440496,0.004356214484657643,0.0,0.006434977722167945,-0.004662576865720742,0.0018048736474835653,0.0,0.05083222999572756,0.009272642616982284,-0.04259452330660224,0.0,0.0849601741790772,0.02130905082992571,-0.06585076942110997,1
hf_transformer,1,taiwan,4764,1.4008095392862951,2.9082041715337534,0.043871662549352826,26.85551237345984,0.0,0.13844696044921534,-0.0011664712138584332,0.0031393784331749256,1.0,0.0703125,0.0042346741028504685,0.0020525905603321903,0.0,1.3518958740234375,0.01198818321852445,-0.030486648774592017,0.0,2.963507965087892,0.04531316726968324,-0.04699080955411037,1
hf_transformer,1,uk,4764,0.05158733301464844,0.0036842714294036665,0.05954585241369244,18.082743671143486,1.0,0.021966727221374494,0.03172866727251023,0.006751810793724169,1.0,0.0037538078327636892,0.022997540147824607,0.027240825396348416,0.0,0.040890875337860066,0.030995147521081064,-0.016046214170686243,0.0,0.10326361443457033,0.06074981158627185,-0.058757923689642784,1
hf_transformer,1,australia,4769,0.10665247915903724,0.013325930386899618,0.06896093524593629,15.865016701125647,0.0,0.02780930686950689,0.012260940451285146,-0.005575790795056201,0.0,0.0773005805969238,0.010289112651383296,-0.04020196513946816,0.0,0.11954598144531259,0.027219030578341206,-0.050599855349214164,0.0,0.1516008016204835,0.059378114483366634,-0.03706482832868598,1
hf_transformer,1,canada,4769,0.03670832757314045,0.0014690555269337832,0.026857747665535846,7.552295613189223,0.0,0.026299895858764577,0.016567396291776223,-0.002738713776957999,0.0,0.04055453033447276,0.010481543480785378,-0.019631891234867724,0.0,0.05130518741607659,0.02302098427822482,-0.014743928427232983,1.0,0.035972790145873956,0.03805354197700335,0.012122696399372683,1
hf_transformer,1,denmark,4769,0.47315448776245106,0.25349786398747187,0.06407870568885346,19.700540715989387,0.0,0.16192081298828143,0.010683173680948494,-0.010849508304129804,0.0,0.3741743194580076,0.007646541672209789,-0.0429907175159266,0.0,0.5280910057067869,0.020035436334745204,-0.05127754755463195,0.0,0.7601800354003903,0.0322691618053283,-0.07073254794669856,1
hf_transformer,1,eurozone,4769,0.12836910290400189,0.018640012297988468,0.06603349969135097,20.328456682849446,0.0,0.04865307960510257,0.014093529217278173,-0.010477158193268145,0.0,0.10429363822937021,0.010966031754068028,-0.04263660899071669,0.0,0.1261840377807617,0.01435837023067592,-0.05064110453726327,0.0,0.2107619274139405,0.03807775711524487,-0.07023139608352709,1
hf_transformer,1,japan,4769,12.010988932291669,172.24089343343684,0.082861540528701,27.259138093246246,0.0,2.3324444580078136,0.010521683975451165,-0.0052772367675817155,0.0,9.145113525390627,0.006533086847324294,-0.057156416370742195,0.0,13.0499267578125,0.027992103082865594,-0.06213047506899661,0.0,18.802620849609383,0.054339617791909774,-0.07456519026386614,1
hf_transformer,1,norway,4769,0.6197334114074706,0.4525569065776838,0.060151042875328846,15.685102245857545,0.0,0.2863735809326169,0.02292019461993207,-0.004656086883128573,0.0,0.5726700683593755,0.01929935599185515,-0.03683620358249246,0.0,0.7339159973144529,0.03373588900910099,-0.03771379037616009,0.0,0.95014080657959,0.053792951033908507,-0.03777434200148524,1
hf_transformer,1,south_korea,4769,123.70570638020834,17371.074796006837,0.08901642222403745,26.515587894368274,0.0,29.90090332031241,0.008350970957294705,-0.012764772831595526,0.0,114.54536132812495,0.009708810968867096,-0.07360129662519964,0.0,117.19399414062491,0.01828925062541194,-0.06627110435352997,0.0,178.3863769531249,0.045549499258834766,-0.0824001802155727,1
hf_transformer,1,sweden,4769,0.8052524677530926,0.7411797874433428,0.07399157794140372,19.976746922819174,0.0,0.3009547454833985,0.017871844932112448,-0.009461978965850888,0.0,0.7170980712890618,0.01222436876479849,-0.054568744540481356,0.0,0.9089272796630858,0.03066627312016811,-0.053148963140795785,0.0,1.162097708129883,0.052687852534196854,-0.05328844556503405,1
hf_transformer,1,switzerland,4769,0.060744331487019854,0.004255898271671297,0.062217170819454055,13.687350939864427,0.0,0.015103402519226039,0.0064939980292208896,-0.00865283595723067,1.0,0.052321865940094026,-2.818518973125464e-05,-0.053869662923836534,0.0,0.06683559780120851,0.012282107095851412,-0.056145338008221496,0.0,0.0937190616607666,0.027634132568034476,-0.06813812625805356,1
hf_transformer,1,taiwan,4769,1.6702114837646487,3.5730860869397443,0.05239851658646259,32.020331037572255,0.0,0.2451051940917992,0.0037554310003321484,-0.003859866895515392,0.0,0.9616143798828141,0.004312687133312181,-0.025885556875248412,0.0,1.596698913574219,0.01347613254423497,-0.03670427040241571,0.0,2.858003540039064,0.041846196787751366,-0.04715267064259243,1
hf_transformer,1,uk,4769,0.060862223042032884,0.004467205479698906,0.07060775344819517,21.333841356220834,1.0,0.012317888496490514,-0.002071974865410271,-0.016093211879259845,0.0,0.03876568136410519,0.0015256235345533656,-0.0431172314305985,0.0,0.0758658327370606,0.014628934731467676,-0.07347453989943949,0.0,0.0923408368654175,0.03196282371446188,-0.07438022485226194,1
hf_transformer,1,australia,4774,0.08041326370112103,0.007080236804794877,0.05262830362676361,11.961820125230574,0.0,0.06262682106018058,0.039382274547205276,-0.001790366698654785,1.0,0.05507395263671877,0.0374527733476974,0.001265403440823106,0.0,0.10037018077850335,0.0496879276491194,-0.016434173658577734,0.0,0.11313924343109139,0.07292529875914057,-0.00014739973494747472,1
hf_transformer,1,canada,4774,0.01587253402709959,0.000306003054454294,0.011676629535711584,3.265582417619401,1.0,0.024947511291503854,0.019075511693478063,0.0004521988244522667,1.0,0.012467576217651377,0.018461510200478908,0.009192103292212404,1.0,0.024154053497314365,0.030113085922103815,0.012287099703315587,1.0,0.03051311988830574,0.04604791836106242,0.023836367444107998,1
hf_transformer,1,denmark,4774,0.41235685333251954,0.18440113899669222,0.05647936595010583,17.169134370914126,0.0,0.2922413162231443,0.039205939354080774,-0.0005831956508936741,0.0,0.29005340881347674,0.036032407931525116,-0.0035809061443105995,0.0,0.41409057312011743,0.04109944154914796,-0.01564832658437766,0.0,0.5752249847412108,0.051118890038730436,-0.027784647509083854,1
hf_transformer,1,eurozone,4774,0.1044647006225586,0.011896397142185426,0.054466030504983824,16.542969401917624,0.0,0.08374293155670176,0.0427848052222176,-0.0005017097846224999,0.0,0.07644111385345465,0.03631314868321839,-0.0033848138937910706,0.0,0.11773624649047854,0.04583727269048079,-0.015376323802621933,0.0,0.1445941457748412,0.048108152487466846,-0.027431973676625247,1
hf_transformer,1,japan,4774,10.094995707194013,118.92248740607073,0.07105189856804975,22.910759770438464,1.0,6.145363769531258,0.052495933247617046,0.009660873764762318,1.0,6.095133056640634,0.048529087767728116,0.005879206753505807,0.0,11.850120849609368,0.060784049400126106,-0.02280140237989887,0.0,17.671667480468756,0.07916559406908544,-0.04572077752123297,1
hf_transformer,1,norway,4774,0.4777693116760254,0.2699451958965762,0.04690773459641593,12.092071148063816,1.0,0.3968806732177743,0.0476406115893083,0.008738765183807376,1.0,0.09459993286132828,0.03443780519808053,0.025179664362095743,0.0,0.687438969421386,0.05095743312957942,-0.017181618435321608,0.0,0.7390520629882804,0.06844979245678369,-0.003676883239800181,1
hf_transformer,1,south_korea,4774,99.40862548828122,11067.5925957513,0.07288797064358787,21.30765203742107,1.0,77.64357910156241,0.06254336243045075,0.005634669927309662,1.0,57.13828125000009,0.058219736290893144,0.016473969676222232,0.0,108.10507812500009,0.0656815482748902,-0.014207931016436873,0.0,161.1891113281249,0.08963602977970744,-0.028893848356272945,1
hf_transformer,1,sweden,4774,0.5566207058207194,0.3495895021283679,0.051947642463775034,13.808676679015107,1.0,0.46844686584472583,0.0521804871119712,0.008407420960149533,1.0,0.269044863891601,0.045571170466881326,0.020498284226514413,0.0,0.6394328521728507,0.05748162999941095,-0.0024303340650401292,1.0,0.6669208129882804,0.07541658535972265,0.013993934545111601,1
hf_transformer,1,switzerland,4774,0.050685606787999465,0.0027657120272288438,0.05253908567995343,11.420846533730764,0.0,0.048074533271789566,0.04942635912123275,-0.0001586000902058581,1.0,0.04191745319366458,0.04841245639855238,0.005272327286612686,0.0,0.04953215084075924,0.04428890146850663,-0.007108783252243074,0.0,0.06931529788970947,0.05843276635800507,-0.01319659442833568,1
hf_transformer,1,taiwan,4774,1.6450820185343422,3.091495774689305,0.05189145269299191,31.538563427126963,0.0,1.0625487365722641,0.024207994797514645,-0.009417713273855025,0.0,0.9087141113281234,0.022406552503385784,-0.006332778792202217,0.0,1.7936929931640613,0.03307342503983593,-0.023843300155690566,0.0,2.5095564270019537,0.058198415669006416,-0.02029055118973376,1
hf_transformer,1,uk,4774,0.052784490406918336,0.0030928401526825826,0.061890955574933716,18.502379442046472,1.0,0.023864277689514157,0.03135821764207007,0.003743092417024724,0.0,0.034750755729431204,0.027955049591521026,-0.01265626002382068,0.0,0.06477602679284666,0.03569735961134729,-0.040764253212803546,0.0,0.06296489753768919,0.04940642357238751,-0.023787172881929688,1
hf_transformer,1,australia,4779,0.041135213645935066,0.0020204690908312123,0.027324039862449,6.119040613429868,1.0,0.005992402687072795,0.018930841948024045,0.014988742085520205,0.0,0.04270944351196282,0.019860774202431455,-0.00855415366125679,0.0,0.04726186988830561,0.020688513050968294,-0.010776879745526657,0.0,0.06919022121429452,0.03242210809466098,-0.013431700614553748,1
hf_transformer,1,canada,4779,0.007760237019856768,9.342599466183262e-05,0.005715056224204617,1.5965751609249605,1.0,0.005066506195068321,0.011670878304253807,0.00792341167495096,0.0,0.010482067108154247,0.006649539106161096,-0.0011584239258119978,1.0,0.0019739904403686115,0.016059471055732372,0.014607459529230907,1.0,0.022290180969238182,0.028307937543326146,0.011990862926790816,1
hf_transformer,1,denmark,4779,0.2931437378692626,0.09616503853520983,0.04068528725918239,12.205506431612106,1.0,0.12076263427734357,0.028187873854508976,0.011696363748259539,0.0,0.22444225463867173,0.026436385585851544,-0.004488992769175954,0.0,0.3203944198608397,0.026891100309360844,-0.01753216601686888,0.0,0.41677066650390593,0.028371790832010867,-0.02972104609175934,1
hf_transformer,1,eurozone,4779,0.07205871154785155,0.005768064033666958,0.0380889508136661,11.411175767255262,1.0,0.027622411346435616,0.026103868454918095,0.011744703796876345,0.0,0.046467029380798275,0.020096052336363444,-0.004327000021759929,0.0,0.08386113319396982,0.02661404044265636,-0.01761018185814811,0.0,0.1134646427154542,0.030477327385169575,-0.029597741334053938,1
hf_transformer,1,japan,4779,8.072539001464845,79.97752629952264,0.05774618908113012,18.32076081699138,1.0,1.1851477050781227,0.022863814755969564,0.014548549843925108,0.0,4.1163177490234375,0.02458236089490619,-0.004549777673167845,0.0,8.42202270507812,0.03534066493200618,-0.024532672563072965,0.0,14.426124267578132,0.04532468698311834,-0.05843548739053282,1
hf_transformer,1,norway,4779,0.3583327802530923,0.14548072519169292,0.035528478883821504,9.069200067086141,1.0,0.06132364807128887,0.006465890966276322,0.012438542499975811,0.0,0.36183466644287066,0.006378781089782681,-0.029610766072468327,0.0,0.3072583038330077,0.010952534326265067,-0.019383770599744308,0.0,0.5640371551513663,0.023729772471649563,-0.03194789682670584,1
hf_transformer,1,south_korea,4779,71.53266276041664,6172.542052297193,0.053502452753082734,15.332603986047724,1.0,28.652880859375045,0.03165168785140768,0.010723068074030943,0.0,43.29697265625009,0.01961241353512412,-0.012575476822128624,0.0,54.603320312500045,0.023814823063844543,-0.016777402259623885,0.0,127.017578125,0.037464160517468675,-0.0582539867595659,1
hf_transformer,1,sweden,4779,0.35713321350097654,0.14704715576948002,0.033702408731941635,8.859780142927425,1.0,0.05017744140624991,0.01606213158729697,0.01139142956982787,0.0,0.29767424011230403,0.011692210525290573,-0.01646560400214501,0.0,0.4627362411499032,0.020145377234916505,-0.023595098239725054,0.0,0.4956191711425788,0.029620431607233457,-0.01684942591349253,1
hf_transformer,1,switzerland,4779,0.030745758759180706,0.0010570632465911427,0.03234017778493634,6.927856143074709,1.0,0.01319598293304447,0.022201091269792233,0.008534753485153016,0.0,0.022218247318267825,0.018720705632532017,-0.004479703926137483,0.0,0.03604165668487547,0.022350919947968013,-0.015420383453441558,0.0,0.05048655014038084,0.02578505578959486,-0.02734639104100088,1
hf_transformer,1,taiwan,4779,1.0576239339192708,1.268756166960943,0.03376627501767423,20.276155927883988,1.0,0.5739642028808589,0.0192716396459823,0.0010422262894947795,0.0,0.6822008056640634,0.01269543069860936,-0.009153972059642445,0.0,1.2370803527832024,0.02462704242772368,-0.01486920112505691,0.0,1.6167644042968767,0.03732417278236112,-0.013941504431596375,1
hf_transformer,1,uk,4779,0.03995216827512919,0.0017077028914172265,0.047321265268059895,14.004306402511848,1.0,0.016098713486694338,0.03073016867305412,0.011934775158283019,0.0,0.03464206386547852,0.02713751271468694,-0.013904725125889163,0.0,0.05235202259143068,0.03785727613005953,-0.02414645900213494,0.0,0.038638988307189925,0.03691537861438811,-0.008515663361603445,1
hf_transformer,1,australia,4784,0.030636964088439952,0.0011403545385336037,0.020488109670412116,4.557380670074188,1.0,0.023190875854492088,0.02403112337112821,0.008634442701845907,0.0,0.02821442108154293,0.01530558378572625,-0.003623755765517133,1.0,0.033612614059448154,0.025914736506463563,0.003563601185790716,0.0,0.058614699478149346,0.025771428563791138,-0.013541034911182257,1
hf_transformer,1,canada,4784,0.01174073919932046,0.0002021290875574517,0.00868308198836628,2.4155154705415214,1.0,0.00250465354919438,0.0026850041881807973,0.004551227732184778,1.0,0.00963267364501963,0.0007604708024032549,0.007932559332864532,1.0,0.006073587417602555,0.013685260822615869,0.01815537085242444,1.0,0.005878498077392491,0.012358168493317341,0.008006746060892965,1
hf_transformer,1,denmark,4784,0.24865413551330562,0.06766198227759866,0.03473251925645498,10.353110976595852,1.0,0.2022691619873047,0.0288034043853981,0.0009161896943598225,0.0,0.14362945098876967,0.013728564963307276,-0.006296105223633038,0.0,0.35025943756103484,0.02615401511949257,-0.02277377295166893,0.0,0.2438942382812499,0.015716294825542713,-0.01845954217758529,1
hf_transformer,1,eurozone,4784,0.06460160205841066,0.004471729485107162,0.03432272038596691,10.23027223356983,1.0,0.05323099155426014,0.028756495988121508,0.0008509507228021812,0.0,0.049078633880615286,0.019510276418008003,-0.006432091780647012,0.0,0.08570834388732917,0.022417485059707337,-0.023199275009692155,0.0,0.0658583942413331,0.01639020078738615,-0.01868962324854473,1
hf_transformer,1,japan,4784,7.499185099283858,64.49773359524059,0.054260900898997745,17.019524650347847,0.0,3.9631787109375125,0.024881262034513393,-0.0032728544382902617,0.0,5.994757080078131,0.015815084549358732,-0.027483757355215577,0.0,5.0730523681640705,0.02386415631761406,-0.012356094915703384,0.0,10.911787109375013,0.028891253544906778,-0.05029218931069343,1
hf_transformer,1,norway,4784,0.26705495513915994,0.0825998408690551,0.026605489630720125,6.759009921875142,1.0,0.22828115844726504,0.03216199415765427,0.009520017672964919,0.0,0.33180621032714797,0.02945896809709876,-0.0037135724892964337,0.0,0.41945161437988254,0.03782619087450628,-0.003937232689388084,1.0,0.2519311859130866,0.04070166567809763,0.015899784121880332,1
hf_transformer,1,south_korea,4784,72.04019531249997,5868.4036201754,0.05432523041821597,15.441390592484916,1.0,21.12939453125,0.028143149352548944,0.012500866660190003,0.0,51.218017578125,0.020651123858506343,-0.017991032597828905,0.0,68.30410156249991,0.03551626790254305,-0.015570886592035609,0.0,104.79934082031241,0.036970045531592825,-0.04240195409763049,1
hf_transformer,1,sweden,4784,0.2550236645507813,0.07659356553033052,0.024191285876877893,6.326640910863976,1.0,0.22588955383300835,0.02698330902686378,0.0056634068584937415,0.0,0.16840554199218793,0.014198671350143417,-0.001858107426162741,0.0,0.4871267715454106,0.03518477006649802,-0.010982522611386193,1.0,0.1274984374999999,0.02638163742358428,0.014396755017557614,1
hf_transformer,1,switzerland,4784,0.022844720290501906,0.0005938123826310523,0.024189217663153493,5.1475371624751025,0.0,0.01919096822738653,0.018464612942699937,-0.0016387813251823049,0.0,0.013544978046417189,0.008462903155411618,-0.005827213607405438,0.0,0.03876996536254884,0.021652707803716538,-0.01925238783308562,0.0,0.020222078704833946,0.004976061453210054,-0.016509934577663404,1
hf_transformer,1,taiwan,4784,0.8219154479980468,0.717069713377278,0.026398999197829058,15.757288813792194,1.0,0.49882528686523386,0.020172877553182828,0.004216722863671352,0.0,0.976930740356444,0.022125932844562723,-0.009303905760371179,0.0,1.0265827636718754,0.024250492972043795,-0.00873211776377616,0.0,0.935315399169923,0.024700206894194585,-0.005291962417390519,1
hf_transformer,1,uk,4784,0.02555501404116414,0.0007458252153774871,0.030547924227604693,8.957717746091411,1.0,0.027648744555236804,0.03734260590558754,0.004599615355524724,0.0,0.03294653644372558,0.02942154903482524,-0.0100371059357102,0.0,0.03449233105987548,0.03107809851400163,-0.010200812513354059,1.0,0.025357960255187995,0.03402548275972068,0.003935300525881641,1
hf_transformer,1,australia,4789,0.026747596878051772,0.001016657100011572,0.018036922350172405,3.9788205068584195,1.0,0.030422600898742713,0.023801053889161202,0.003475277665764055,0.0,0.025770188751220724,0.014043090323064177,-0.0033174951813950892,1.0,0.01767291915893554,0.025638184833811865,0.013902704784272822,0.0,0.06158969375610357,0.014737088445288864,-0.027236059114102838,1
hf_transformer,1,canada,4789,0.011135598640441897,0.00017772522458871492,0.008204764049489057,2.2910150999083068,1.0,0.0033226341247558633,0.005381025712339025,0.002926198958077853,1.0,0.009930321884155324,0.004160542893655439,0.011470426535346115,1.0,0.0040047451019287195,0.01029275942972652,0.01322911969373857,0.0,0.0346140350341797,0.01951603666511008,-0.00599015836355721,1
hf_transformer,1,denmark,4789,0.2692021527862548,0.07620476258374607,0.037752881054029394,11.208660403661254,0.0,0.26700277862548827,0.0319242121347564,-0.0051745735968821175,0.0,0.2397575653076176,0.027077776159659863,-0.006335997462971735,0.0,0.2734370918273923,0.026115071363022074,-0.012120673585047472,0.0,0.4098365203857419,0.024803929043004182,-0.03314405853147087,1
hf_transformer,1,eurozone,4789,0.06773723136901856,0.004863772204096251,0.0361567242654265,10.726828672558378,0.0,0.06096585121154785,0.02716116254643596,-0.005127183904902598,0.0,0.049898436737060514,0.0201702916707498,-0.006365940997656522,0.0,0.07280228252410881,0.026658868016854083,-0.012040711671400833,0.0,0.09849483032226569,0.01969595674761512,-0.03340494896332925,1
hf_transformer,1,japan,4789,6.994775533040367,56.39917112394789,0.05114861137100028,15.874758794738794,1.0,5.2466363525390705,0.043771476270849284,0.005997846987243727,1.0,3.324189453125001,0.03227791631060785,0.008233221793514114,0.0,9.165547485351567,0.04295093605959646,-0.02405524424507779,0.0,13.538543090820312,0.04035243507644357,-0.06055311671474595,1
hf_transformer,1,norway,4789,0.1727881899007161,0.038262123257069486,0.0172924469049698,4.373171392057548,1.0,0.2671131210327147,0.03094343600799231,0.004265372053251779,1.0,0.09357937927246063,0.02372452568018674,0.01439156919237929,1.0,0.27507730255126894,0.03065898356011232,0.0031665348364260976,1.0,0.24822165832519616,0.028897167859743455,0.004078098078472246,1
hf_transformer,1,south_korea,4789,70.88153889973955,5750.778313371636,0.05400446968108259,15.193039430271774,0.0,59.89101562499991,0.039620792596773334,-0.005669889642199407,1.0,53.803173828124955,0.04162401656457611,0.0011147630361215404,0.0,81.73281249999991,0.04356246676283472,-0.01851653159498966,0.0,119.91391601562509,0.04604935371360753,-0.04616476738771291,1
hf_transformer,1,sweden,4789,0.23109168045043943,0.06300917186848523,0.02196130758004939,5.732934950461937,0.0,0.3178737518310548,0.025879988808815743,-0.004344231229149659,0.0,0.38545680389404247,0.029962993867332532,-0.006654058197685666,1.0,0.24222174072265545,0.02810642658284387,0.005210279897645665,0.0,0.34681255187988214,0.03232068952248293,-0.00048550107307210566,1
hf_transformer,1,switzerland,4789,0.023914139321645097,0.0006101163371704867,0.025377663209679494,5.388506372649956,0.0,0.026518409729003878,0.024838678753924405,-0.0030329658496120178,0.0,0.0276941772460938,0.020502623767445684,-0.008751389897826912,0.0,0.032493732738494874,0.022945577086661645,-0.011381063777505935,0.0,0.021249811649322492,0.006777334304824675,-0.015905227254445535,1
hf_transformer,1,taiwan,4789,0.6570583185831708,0.4643090206101203,0.02120910600488487,12.596743033164536,0.0,0.8829860229492184,0.023705611698002272,-0.004881654382697119,1.0,0.5375760345459,0.01902164977668995,0.0016328133730214537,1.0,0.7090667114257805,0.025446163430402825,0.00259492422043146,0.0,1.1570630035400384,0.030626076374467223,-0.006739000884312262,1
hf_transformer,1,uk,4789,0.020258407162772628,0.0004957229024117364,0.024320242245026102,7.101114992823031,0.0,0.03375132030566408,0.04020677096647997,-0.00020462794053564815,0.0,0.027022359628051773,0.026395344953153516,-0.006283426569972729,1.0,0.016691723635864242,0.03530572767613815,0.015426167699995715,1.0,0.02994935610656735,0.036011723866889195,8.186339472746583e-05,1
hf_transformer,1,australia,4794,0.025750840515136725,0.0010247046701037687,0.01750359468129289,3.8305486948078085,1.0,0.026923636131286566,0.026113446168386987,0.008128282765201871,1.0,0.006059682693481339,0.013311961773641296,0.017367137978128,1.0,0.018110799942016698,0.016606032525348823,0.0044276511910847065,0.0,0.049931945610046435,0.011702403633737165,-0.02240938162986873,1
hf_transformer,1,canada,4794,0.012224455801645913,0.00024591049789408296,0.009017561121107121,2.5150343267599222,1.0,0.0001248275756835504,0.0030938395074252465,0.003002565419451357,1.0,0.000523372268676825,0.00393564444885735,0.004317922399629416,0.0,0.017806915664672962,0.008185931806597248,-0.004852415505833967,0.0,0.03093292598724373,0.007258732899660248,-0.015521949537981973,1
hf_transformer,1,denmark,4794,0.20917809921264638,0.04705582000239743,0.029602418003887028,8.709463329661856,1.0,0.19264436340332036,0.028699636552838175,0.0018123642148275805,0.0,0.16469339447021447,0.01619330950279492,-0.0070398288306805865,0.0,0.20735698547363324,0.017247442886795764,-0.012061909308599917,0.0,0.3376303657531734,0.02110869944107144,-0.026873569688365104,1
hf_transformer,1,eurozone,4794,0.056600361328125,0.0034230950729602057,0.030445835925062763,8.963200392175883,1.0,0.05113227233886719,0.02893899035825796,0.0018037668609294595,0.0,0.05373420600891121,0.021662406111541282,-0.007084940398956025,0.0,0.0562505651473999,0.018343068584388306,-0.011872632142626939,0.0,0.07161630439758304,0.011688744675157776,-0.02720513012121281,1
hf_transformer,1,japan,4794,6.728018025716149,52.01658387953834,0.049759413721950856,15.269348218594535,1.0,3.038094482421883,0.02785324268855919,0.005985200889589623,1.0,3.249398193359383,0.02401045088103558,0.0005123325882394814,0.0,6.195639038085943,0.02047520034879233,-0.02498091506284606,0.0,9.807696533203114,0.02271094382980613,-0.05006298235118638,1
hf_transformer,1,norway,4794,0.1826675376383464,0.03924259299941038,0.018294478561711593,4.623212097520222,1.0,0.07492227478027402,0.009788785129877907,0.0023269382251590535,0.0,0.17231926574707046,0.010056355152883827,-0.007185033411703127,0.0,0.2474581390380859,0.015219996045024992,-0.00950388967386937,0.0,0.24272637023925725,0.015784148553530244,-0.008447360198764976,1
hf_transformer,1,south_korea,4794,73.85876220703125,6163.625347447015,0.05674497754679102,15.831189670835656,1.0,38.941650390625,0.03380057871731627,0.00444666658249022,1.0,41.00209960937491,0.03507035594653705,0.004178893117240568,0.0,83.0966796875,0.0348437411726571,-0.028802240375729857,0.0,121.97028808593745,0.042107023956240164,-0.05204375132156359,1
hf_transformer,1,sweden,4794,0.13015231664021812,0.02286355679971923,0.012447013687878438,3.2288257348594493,1.0,0.23186105804443358,0.024223566137291354,0.0020829464539440265,1.0,0.20912434234619148,0.02567816198703166,0.005759784374926322,1.0,0.1137836181640619,0.02247700392971912,0.011653960754107524,0.0,0.21877781677246055,0.018276571852445612,-0.002727430761850552,1
hf_transformer,1,switzerland,4794,0.016624301252365106,0.00031854739074453024,0.017772261770510882,3.7459074748360894,1.0,0.020803141498565658,0.02566538714835103,0.00369132423960218,0.0,0.015401538658142089,0.015899871233306394,-0.00048248318945992737,0.0,0.028953613281250012,0.020743391880867212,-0.010127214327620676,0.0,0.023123600864410454,0.011800186601546433,-0.013000857425300345,1
hf_transformer,1,taiwan,4794,0.38673566741943366,0.18762251791293022,0.012563820720292045,7.414273111626905,1.0,0.46937875366210946,0.01743061000050452,0.002265191187515887,1.0,0.12171356201172046,0.005846859204319092,0.0018907294718502965,1.0,0.47365817260742205,0.018497172051878372,0.003208863770643197,0.0,0.600078063964844,0.010454446552000935,-0.009112427024787867,1
hf_transformer,1,uk,4794,0.011118579128430176,0.00018873447942845738,0.01346986655001273,3.8973601583481465,1.0,0.02279482433139035,0.0308067460581097,0.003259190018494604,1.0,0.011114607197753923,0.025033498945440342,0.011618524233729274,1.0,0.009905220311645535,0.031543467274494974,0.019674920639107713,0.0,0.020239291096374457,0.01860185251662762,-0.006122922659866778,1
hf_transformer,1,australia,4799,0.028229934074401865,0.001307500875120459,0.019356494615772348,4.199324564168945,0.0,0.006415519866943331,0.0014451997805672004,-0.002842402504924897,1.0,0.0025039002227782436,-0.004963679295505022,-0.0032845365457296175,1.0,0.0065969025421142025,-0.004802071744848467,-0.00923885521292622,1.0,0.07974935012817386,-0.005122592184450863,-0.06014305026475108,1
hf_transformer,1,canada,4799,0.013723846619923933,0.0002883795216992564,0.010145949252001695,2.8235159015953544,0.0,0.0031885002136231577,0.0020342971893248713,-0.0002921520672280936,1.0,0.006313490676879807,-0.012576279443969317,-0.00791822019013243,1.0,0.006544234657287706,-0.002892971160878937,-0.007697420895793104,0.0,0.042284211540222216,0.004396943963844806,-0.026829117559568294,1
hf_transformer,1,denmark,4799,0.18131512379964188,0.03818718107983717,0.02582557081573732,7.549343969517287,1.0,0.1767319938659666,0.028363807742913857,0.0035403310178551877,0.0,0.16121875152587872,0.022706652548667768,-4.281707831191252e-05,1.0,0.04825581893920905,0.015816964376437075,0.009014861947462859,0.0,0.24423291625976606,0.014084331873204091,-0.020889749462149568,1
hf_transformer,1,eurozone,4799,0.046526709124247244,0.0024313412787755535,0.025206213976738005,7.367942671805572,1.0,0.055669115829467763,0.0330545732648384,0.0033864817051867248,1.0,0.03260548210144032,0.017702024235400828,0.00016281341618516382,1.0,0.027363845825195243,0.02368739857154436,0.009076972930196648,0.0,0.06443272552490242,0.014084035054595382,-0.021006640928535564,1
hf_transformer,1,japan,4799,7.0576353149414075,53.94178998632109,0.0524397605249932,16.017420109723858,1.0,1.919413452148433,0.016325337096767107,0.002411752977820566,0.0,6.068487548828131,0.016354664772973294,-0.028312003628108946,0.0,4.4078826904296875,0.011768785765505661,-0.02062614706601855,0.0,8.577932739257818,0.013719762622071852,-0.05019055156415201,1
hf_transformer,1,norway,4799,0.10467628763834634,0.014116213931699668,0.010513945377735999,2.6492976562219677,1.0,0.11204811553955096,0.014890513168517602,0.0036869557929062177,0.0,0.11070657348632729,0.00840237957815828,-0.002738744820807344,1.0,0.27846625366210986,0.0069980174972421585,0.034523208785985054,0.0,0.09203466796875048,0.007734445632574711,-0.0015250910688019489,1
hf_transformer,1,south_korea,4799,72.1363712565104,5598.735785626191,0.05593052869021465,15.462005338330952,0.0,36.294995117187455,0.024448098072274507,-0.003026996199825276,0.0,54.49672851562491,0.021570502001711057,-0.02009496476589983,0.0,52.31201171875,0.01134561078710153,-0.029034798458257155,0.0,100.28085937500009,0.018746480487657112,-0.059546792140605535,1
hf_transformer,1,sweden,4799,0.09030049494425457,0.014731774434249643,0.008656850622296841,2.240179579381063,1.0,0.1374377548217769,0.015643249148915933,0.002541297428672548,1.0,0.06189140472412191,0.006817460633414157,0.01271363556966445,1.0,0.20487366943359397,0.009271721172881876,0.028610768378187466,0.0,0.21797973632812528,0.015216211257245944,-0.0056533571371931626,1
hf_transformer,1,switzerland,4799,0.010073693586985262,0.00012169704372366688,0.010823543736325133,2.26987730394551,1.0,0.008310599613189695,0.009935570961713451,0.0010718689058811881,1.0,0.010904176521301268,0.012685751995908967,0.0010718689058811881,1.0,0.0027494860649108777,0.002571107585069062,0.005507888045292748,1.0,0.008064017963409387,-0.0014337927246763195,-0.010132126560876852,1
hf_transformer,1,taiwan,4799,0.2886392868041993,0.11356631749077621,0.00941371485198733,5.533625893343198,1.0,0.1471479339599604,0.0056880079712497205,0.0009114880672731217,1.0,0.42074455261230526,0.01457313626379297,0.0009765625776101702,1.0,0.16416018676757815,0.0057531691632310145,0.0004232942120739381,0.0,0.4872259674072268,0.004913036386808723,-0.011003156496638128,1
hf_transformer,1,uk,4799,0.008193820442742913,0.00010192098489013455,0.009963351284794914,2.8721538039468513,1.0,0.011764556025573691,0.015858651238834343,0.0016885286367254023,1.0,0.0006213001255798156,0.008224858957030104,0.00747582053973372,1.0,0.009656868472320501,0.010761057551601762,0.02230266318588546,0.0,0.017643605506713844,0.004717102082867971,-0.016851695500552533,1
hf_transformer,1,australia,4804,0.050276644482930524,0.0032293865231343187,0.034369044906767274,7.478867914629822,0.0,0.012819738693237381,0.008553159753289541,0.0,1.0,0.01635940589904794,-0.0009858546907428715,-0.012018897438783252,0.0,0.05485392349243168,0.003006620823617043,-0.03432608263832538,0.0,0.06139391151428231,0.0017097812436394542,-0.04022387624442459,1
hf_transformer,1,canada,4804,0.02303148199717205,0.0006659128364695057,0.017005972160664563,4.738449609449428,0.0,0.013734054756164626,0.010058590361851734,0.0,0.0,0.013751219558715722,0.007444320762107153,-0.002653401225104867,0.0,0.0241743478775025,0.004314662013104298,-0.013561790781420028,0.0,0.042556452178954984,0.015235345022887323,-0.016101854154506004,1
hf_transformer,1,denmark,4804,0.20637168807983397,0.04754695640607062,0.029468502027003678,8.592613932228826,0.0,0.1459575782775877,0.020618016519159708,0.0,0.0,0.17800685729980437,0.01970871117127958,-0.005517304726986118,0.0,0.27142888946533184,0.02094950416548158,-0.01772582895280242,0.0,0.3126954483032227,0.0229484973453061,-0.021648786897504897,1
hf_transformer,1,eurozone,4804,0.05256933307647706,0.0031123320482439112,0.028564308841925103,8.324849096208284,0.0,0.038862300872802624,0.020869995067198357,0.0,0.0,0.041281987380981544,0.016726504163859256,-0.005550581551219809,0.0,0.06649229660034184,0.018065273727193625,-0.018015052171854534,0.0,0.07063686599731445,0.015741340916451022,-0.022722637294596212,1
hf_transformer,1,japan,4804,6.42951971435547,44.52308712819697,0.04806289265037063,14.591901362565414,0.0,5.889715576171881,0.043378955700016195,0.0,0.0,5.050468139648444,0.03072717380253206,-0.006835503115794095,0.0,7.737205200195319,0.03481919620066828,-0.02307179660050003,0.0,5.745827636718758,0.029195728469072636,-0.013718052101063267,1
hf_transformer,1,norway,4804,0.10733744923909505,0.016862182061703434,0.010767292557719807,2.716650151717889,0.0,0.18892884826660072,0.018938970444952994,0.0,0.0,0.17332441711425695,0.014350259009446094,-0.0030913492248099013,1.0,0.06588584136962972,0.011684327082020819,0.005072374066854211,1.0,0.036226678466796614,0.020694501066589214,0.02427909130263687,1
hf_transformer,1,south_korea,4804,77.51773111979166,6383.992094156901,0.06039138286357529,16.615468057403135,0.0,46.00014648437491,0.0352825491012359,0.0,0.0,58.4254150390625,0.03228255205684959,-0.012886168727070615,0.0,77.56740722656241,0.03269216032854527,-0.027704795532272834,0.0,106.00356445312491,0.041670585785695345,-0.04103671036418136,1
hf_transformer,1,sweden,4804,0.12832344568888351,0.02355177984295351,0.012287621048728077,3.1834550050419415,0.0,0.039147528076171056,0.0037115767691399504,0.0,1.0,0.061288230895996776,-0.00448023782479181,-0.010345076232089778,1.0,0.05822878570556611,-0.0005293282982952386,-0.006078553770208248,0.0,0.09379846191406216,0.004142158315321661,-0.00477016557488637,1
hf_transformer,1,switzerland,4804,0.013190955114364617,0.0002075243301353845,0.014187625396128282,2.972281157146139,0.0,0.018310768890380857,0.01942631034623339,0.0,0.0,0.014961287784576394,0.007164043611626123,-0.008877469326052455,0.0,0.00845521202087407,0.00412156272885266,-0.004940137845923533,0.0,0.012979963874816924,0.002332660887108472,-0.011637435360849645,1
hf_transformer,1,taiwan,4804,0.492864818318685,0.3309635620196649,0.016113016323923857,9.448919967766797,0.0,0.4301954650878912,0.013899871824668777,0.0,1.0,0.3579677124023455,0.011595685362577194,1.6267965935311194e-05,0.0,0.5732189788818367,0.009285501033998753,-0.00936533850017764,0.0,1.2792621459960927,0.008432288445741478,-0.033716449069412936,1
hf_transformer,1,uk,4804,0.01624474186914062,0.00036054480457763197,0.019679942088431466,5.694217670453146,0.0,0.011244278336029034,0.013470032292130877,0.0,1.0,0.0015477331192016441,0.004475286722437959,0.002615249496505601,0.0,0.014702538450561575,0.009867757500291192,-0.00784609238366399,0.0,0.00565570227618406,0.0029758743605942124,-0.0038481476935622494,1
hf_transformer,1,australia,4809,0.05045960835520427,0.002975867505300627,0.03457085121527131,7.506084580498388,0.0,0.029081063652038663,0.019529377724605168,0.0,0.0,0.03261253082275384,0.013399938379274933,-0.008663487957885142,0.0,0.03594580413818349,0.008660211049238423,-0.015803041035260743,0.0,0.04438119262695306,0.009678491806522853,-0.02058198964792501,1
hf_transformer,1,canada,4809,0.02021573908487956,0.00048233128892165983,0.014965356003995572,4.159144469437136,0.0,0.0035550106048582997,0.002620284931934425,0.0,0.0,0.011145879745483311,0.003091919574029262,-0.0051425407917098315,0.0,0.01692142944335928,0.00802808150683538,-0.004438041235328118,0.0,0.03309999427795418,0.009950692035517536,-0.014533680840193878,1
hf_transformer,1,denmark,4809,0.2048273106892903,0.046987424972569004,0.02927128207246106,8.52831131976257,0.0,0.15561696853637663,0.022087828355288736,0.0,1.0,0.08101191024780263,0.018254395561557914,0.006772511144997987,0.0,0.2145354858398436,0.020256779367952553,-0.010379680241854431,1.0,0.13668738555908178,0.02050313332726628,0.0010972973880149282,1
hf_transformer,1,eurozone,4809,0.05419853127797445,0.0032595712422002062,0.029462473572334346,8.5828479784758,0.0,0.04584663028717051,0.024710117186801862,0.0,1.0,0.03075435791015635,0.023115854187668802,0.006581118063749235,0.0,0.05486045455932609,0.018951342420788407,-0.010863410266476407,0.0,0.03662049827575675,0.01943850079179691,-0.0003547599267649439,1
hf_transformer,1,japan,4809,6.159681315104166,40.937014959238454,0.04616072967954113,13.979498651221945,0.0,4.787452392578132,0.035640945094234835,0.0,1.0,3.983274536132825,0.03323058289431698,0.0035935204066715643,0.0,8.888485107421872,0.04017261704577375,-0.026728675396019703,0.0,5.757687988281248,0.038089707631427605,-0.004824229219114738,1
hf_transformer,1,norway,4809,0.12248298558553075,0.02422681597013538,0.012202738281330726,3.0999751133698306,0.0,0.21021063232421788,0.02111452574294143,0.0,1.0,0.04292202453613214,0.013949353130060373,0.018236914876117886,1.0,0.09239920501708987,0.017618640694109736,0.00836004404012579,1.0,0.12999591064453142,0.014962527826372814,0.027878985827327184,1
hf_transformer,1,south_korea,4809,72.44356852213541,5506.106488205215,0.05661389528366599,15.52785125874916,0.0,53.548828125,0.041475695402016254,0.0,1.0,53.48647460937491,0.04457218241468897,0.003276555839806712,0.0,82.44411621093741,0.03885117398369631,-0.02591617618112638,1.0,53.242871093749955,0.0417746100330018,0.0005534253214740313,1
hf_transformer,1,sweden,4809,0.17337250991821282,0.039890112805542964,0.01655384980780637,4.301034635353706,0.0,0.17824017333984443,0.01696173666618666,0.0,1.0,0.05657405700683604,0.0094162449004574,0.014780576928905208,0.0,0.22106405944824203,0.01600578242048671,-0.005094774094548067,1.0,0.15992351837158125,0.017691186973775714,0.0024969998667786386,1
hf_transformer,1,switzerland,4809,0.013755022478103628,0.0002383141985540974,0.01479976614679191,3.09938088435064,0.0,0.020374760437011696,0.02178302435309835,0.0,1.0,0.011003862762451133,0.018105595850752824,0.00635675253719997,0.0,0.019755887317657428,0.01235941500689457,-0.008956985214439986,0.0,0.005416366767883263,0.004600691929951512,-0.0012437476255188395,1
hf_transformer,1,taiwan,4809,0.6027706141153971,0.434452844586407,0.019730249010198497,11.555970481170187,0.0,0.5684093017578142,0.018324649241854677,0.0,0.0,0.30157592773437614,0.009264621735036347,-0.000504430045436602,0.0,0.6074709472656252,0.007809576271505681,-0.011995987040183639,0.0,0.8327338867187493,0.007834205612243598,-0.01941585301968662,1
hf_transformer,1,uk,4809,0.01765670459800415,0.000409479573855607,0.021369872222158855,6.189148472400157,0.0,0.008799174597930892,0.01052890316958129,0.0,0.0,0.009005783588928229,0.00933662974014018,-0.0014537612384040626,0.0,0.03210911294732666,0.011813433331919823,-0.02710459762187787,0.0,0.009232532091613788,0.007106008185295877,-0.003982416380502755,1
hf_transformer,1,australia,4814,0.052368570687611915,0.002981380759011883,0.03591037301991009,7.790050968568052,0.0,0.059004430389404394,0.025344704241777437,-0.014802425822944826,0.0,0.05354521247863775,0.019271080934329155,-0.01731877996843778,0.0,0.07402680770874026,0.015931739329168314,-0.035190756406535594,0.0,0.034048102035522554,0.021170129871172765,-0.001896617811320402,1
hf_transformer,1,canada,4814,0.019818809591929127,0.00045000652900684476,0.014688380476997751,4.077481014124929,0.0,0.03535852890014657,0.017507950879477607,-0.0086051677416155,0.0,0.01575679435729982,0.005627160314548325,-0.006064345091585615,0.0,0.02680287666320802,0.011508358398545823,-0.00834331419106843,1.0,0.017006475448608338,0.013452487585385671,0.0009268700264998439,1
hf_transformer,1,denmark,4814,0.20116875976562495,0.043630102878932854,0.028774337833639283,8.375981724889582,0.0,0.24453979568481454,0.021650654967380816,-0.013056701548660147,0.0,0.2751119033813474,0.018286267448414998,-0.020980621577518586,0.0,0.2487874328613282,0.012203913650243729,-0.023458377707747387,0.0,0.17568773040771468,0.020163645059497276,-0.004686526266448907,1
hf_transformer,1,eurozone,4814,0.04924158990224202,0.002656363580642793,0.02682481890163861,7.7978696172002095,0.0,0.047717705154418866,0.01288264671760026,-0.012986132570005368,0.0,0.0715729619979859,0.017717037320874873,-0.021147417495431434,0.0,0.05479798488616949,0.0065370046760149375,-0.023420145746433942,0.0,0.029011325454711967,0.009985124717551664,-0.005708398669442731,1
hf_transformer,1,japan,4814,5.010533874511717,28.958564661966093,0.0376805017751971,11.371489523148146,0.0,4.724424438476575,0.03140342027750213,-0.0037830112453566163,0.0,9.212859497070312,0.03201383373992995,-0.03774468475926801,0.0,4.3648242187499875,0.017960562105980564,-0.014950349786861656,1.0,1.885092773437492,0.028293217372161096,0.014357990652798688,1
hf_transformer,1,norway,4814,0.1430925061035157,0.027206437589365404,0.014231871021738389,3.6215904250706066,0.0,0.26948903808593805,0.010617855943866224,-0.016320166067855423,0.0,0.2712204681396493,0.011552527618492351,-0.01553525853270447,0.0,0.1377126068115242,0.0013460038915246448,-0.012457283319220292,1.0,0.19656033935546802,0.008860844865073434,0.028094592668231576,1
hf_transformer,1,south_korea,4814,62.96763264973958,4281.5213312729,0.049357274630778644,13.49674034351245,0.0,71.783935546875,0.036099219922513255,-0.020023358706367168,0.0,69.78281250000009,0.03293816293750863,-0.021753845887911415,0.0,82.3948974609375,0.03447160228927713,-0.030329603311516556,1.0,17.06923828124991,0.03718987428868182,0.02414165448146089,1
hf_transformer,1,sweden,4814,0.18056716918945312,0.03936044281549374,0.017251715397486315,4.479520133024422,0.0,0.20078354797363218,0.0010900845743697961,-0.01805865377964124,0.0,0.2174885925292962,0.0039581119432228196,-0.016740363516792537,0.0,0.28392936859130913,0.003085584585892041,-0.024046464299315055,0.0,0.12375837707519466,0.003314551777206457,-0.00841859330757126,1
hf_transformer,1,switzerland,4814,0.014434327545166008,0.00024209695738315815,0.01553338730301882,3.252446802116115,0.0,0.030417201805114757,0.018902171050215574,-0.013679216302410955,0.0,0.011748056411743146,0.007381194053882994,-0.005222506284187461,0.0,0.017463487911224318,0.008889048601748318,-0.009875690743310468,0.0,0.009216589736938507,0.006227576957804632,-0.0036582782352583615,1
hf_transformer,1,taiwan,4814,0.6627885538736978,0.5114209886543083,0.021703843826994283,12.70659979843613,0.0,0.4074313812255852,0.0067134617668126876,-0.0065480846972819405,0.0,0.4848351440429681,0.005076129265451506,-0.010750944227292782,0.0,0.579905944824219,0.007423741109189363,-0.011491556994747004,0.0,0.4089182128906259,0.0033283809903738755,-0.010027319493800785,1
hf_transformer,1,uk,4814,0.019424634739382933,0.00045582287963174016,0.023485465805626903,6.808855398632674,0.0,0.022191390326965377,0.014730300481234351,-0.01196482625450985,0.0,0.030150223759460415,0.022275989983796624,-0.013890543066864212,0.0,0.0321152766395264,0.013585855906372178,-0.025327146505586536,1.0,0.0023891223607177547,0.0068550074134701555,0.003992519778540273,1
hf_transformer,1,australia,4819,0.03144878134028117,0.0013078271375543688,0.021720367270567083,4.678141990957478,1.0,0.04850880256652834,0.0334134263821053,0.0002157369687580637,1.0,0.03880113582611089,0.02811693069353912,0.0015091823028391285,0.0,0.06072317642211922,0.021689312412631532,-0.02054678974953945,1.0,0.01663740768432609,0.023546503313323,0.03479319504264716,1
hf_transformer,1,canada,4819,0.009956567242940296,0.000138942692526273,0.00740533386494406,2.048443611642547,0.0,0.012680855178833106,0.009235021769144184,-0.00018660546061735947,1.0,0.007965349006652911,0.007854543663205217,0.0019386353609213605,0.0,0.02511759262084956,0.0114781451671422,-0.0072283605303459526,1.0,0.00714024963378912,0.01291011029230449,0.018157104163824034,1
hf_transformer,1,denmark,4819,0.145789805094401,0.02521688185009867,0.020913559396332392,6.070190742183917,1.0,0.22298058395385745,0.032176209993647266,0.00024016156438765303,0.0,0.16599712219238238,0.023812894136622638,-6.550861986599463e-05,0.0,0.25134099349975614,0.02596319780958806,-0.010337767514632784,1.0,0.030789311981201273,0.03189547968697373,0.027544730224044307,1
hf_transformer,1,eurozone,4819,0.03196114658991496,0.001331143402467387,0.017481164287088034,5.061348636775684,1.0,0.04443041763305655,0.02462733805005628,0.00033216154428355457,0.0,0.053444993972778354,0.02900145499689121,-0.00016612215554013589,0.0,0.062298950958251886,0.02404293193611997,-0.01021226266545336,1.0,0.004971486663818414,0.024248079861121187,0.026931217402632157,1
hf_transformer,1,japan,4819,3.329034545898435,15.11903782648033,0.025145212759799987,7.555298977910097,1.0,7.094710083007811,0.06165758191819861,0.007928335384608522,1.0,4.007281494140614,0.04910030549104887,0.018723356157073684,1.0,6.460133056640615,0.055967109060011705,0.00687744495024713,1.0,1.631185302734366,0.055215514092644274,0.06724776395022505,1
hf_transformer,1,norway,4819,0.1767045892333984,0.0428205165725962,0.017507943318874404,4.4722932448381165,1.0,0.23494924926757754,0.026306978890725027,0.0028660049490904864,1.0,0.1396151031494135,0.015875611394193627,0.0018661109151419286,1.0,0.013792834472656779,0.014168020896378,0.01279034861394075,1.0,0.45692025146484383,0.008069458266478634,0.05293403861346163,1
hf_transformer,1,south_korea,4819,40.69488362630208,2186.2836477968503,0.032099919066746294,8.722708072397685,0.0,63.71181640624991,0.04548131573879452,-0.004804692800116353,0.0,62.234570312499955,0.04438207958399732,-0.0047642208977290755,0.0,71.51823730468755,0.039851215183116004,-0.017102766924121385,1.0,7.7122802734375,0.04388349011889656,0.049811954461607535,1
hf_transformer,1,sweden,4819,0.17317724894205735,0.03527741437849144,0.01656462501016734,4.296190590460005,1.0,0.1888336990356443,0.02045779542050468,0.0025066882120004037,0.0,0.20930401611328087,0.011207552371059817,-0.008895987886464117,0.0,0.2533082580566415,0.016731687830947386,-0.007514387191618724,1.0,0.1084759933471684,0.019160773946165305,0.008874735739237591,1
hf_transformer,1,switzerland,4819,0.010107673441569003,0.00012405649555061115,0.010905953356515362,2.277533889888391,0.0,0.009463989830017061,0.010058810777607483,-0.00010796804156463843,0.0,0.013378003025054985,0.008576346415281454,-0.005847020068681651,0.0,0.021682775306701707,0.005526160430817526,-0.018029301782280495,1.0,0.011000720119476282,0.002802309946117933,0.014576111452307755,1
hf_transformer,1,taiwan,4819,0.5165951004028319,0.30156457358941785,0.0169634036282939,9.903863246109399,0.0,0.576292816162109,0.014496940573271893,-0.004369303164666274,0.0,0.6123804626464846,0.01922342974515689,-0.0007406127674542902,0.0,0.9270163879394531,0.007360319344774458,-0.02338635721794041,1.0,0.3924117736816406,0.01535983085649133,0.0025632192276038523,1
hf_transformer,1,uk,4819,0.014473472528212477,0.00030322685103169696,0.01755266732440448,5.073340265229193,1.0,0.01833078075207517,0.022864983774142658,0.0007370708921006268,0.0,0.026124951744720404,0.019313360637861536,-0.012488212624566944,0.0,0.022221804226440378,0.02042716209345737,-0.00652797031895211,1.0,0.0014509964793091301,0.021036604562333378,0.022770596854747832,1
hf_transformer,1,australia,4824,0.026929649091084803,0.001011633856926245,0.018596547894261302,4.0059015594792315,0.0,0.049381318740844726,0.021995666131844758,-0.012151786296850639,0.0,0.04762113529205325,0.012850902724773,-0.02036653065675446,0.0,0.03127443050384526,0.018476865661168178,-0.003090353464885318,1.0,0.033224903259277294,0.007432677235151628,0.030092692569276987,1
hf_transformer,1,canada,4824,0.009191851584116624,0.00011717424208537102,0.006830061357941758,1.891112589030202,0.0,0.012733553314209,0.006040458006934944,-0.0034324549612621,0.0,0.016270479583740283,0.005141869514454244,-0.006989245621956878,0.0,0.007345208740234366,0.004863722747654551,-0.0005961029944407474,1.0,0.0032248294830321544,0.01249207569218079,0.01486164137018975,1
hf_transformer,1,denmark,4824,0.08561396057128903,0.011842651555560423,0.012325464259589265,3.564673610236524,0.0,0.21993472137451153,0.028407881581323777,-0.0032078883168809016,0.0,0.15686109008789106,0.021546502493975103,-0.00105600860446505,1.0,0.10134638519287087,0.021252287699154285,0.006703254837980442,1.0,0.06422911071777371,0.012933842568272638,0.02212178593457809,1
hf_transformer,1,eurozone,4824,0.019556595516204842,0.0006862826706599126,0.010724931813995394,3.096971123280975,0.0,0.04187492237091073,0.019889449852977675,-0.0031060231853961076,0.0,0.03675077877044686,0.019278987559358144,-0.0008864512062787702,1.0,0.030957132720947245,0.023294138821242108,0.006403378121746282,1.0,0.008323847579956078,0.017280890352985103,0.021801318100836003,1
hf_transformer,1,japan,4824,2.0665425618489595,5.9553290676831185,0.015569135982752542,4.690052533273262,1.0,3.08807373046875,0.028738902505157763,0.005373261824569886,1.0,3.3067077636718807,0.025507630794816848,0.00038476337527369205,1.0,2.293785400390618,0.025072950342225883,0.0077054683451563055,1.0,2.5231970214843784,0.029514361713833273,0.04819440504013364,1
hf_transformer,1,norway,4824,0.2223918392944336,0.06693512754837033,0.021938245004805356,5.62861171234161,0.0,0.23964001464843676,0.01447521945751769,-0.009681826771644291,0.0,0.15737089538574267,0.015518546875838372,-0.0002627642817399447,1.0,0.14534115600585906,0.007581142182955778,0.022051725903664204,1.0,0.44232534179687555,0.010471818305081915,0.053752853462141544,1
hf_transformer,1,south_korea,4824,28.99996988932293,1160.6211529491156,0.02283791580284278,6.215972351113788,0.0,52.346630859374955,0.041497443737822,0.0,0.0,52.06955566406259,0.03809276742437738,-0.003324147701801301,1.0,26.97788085937509,0.04113338366768231,0.019954183986011474,1.0,7.325537109375091,0.046553632585100896,0.052197414262206226,1
hf_transformer,1,sweden,4824,0.11195048400878918,0.01883041017840833,0.010728625189956237,2.7772736830859683,0.0,0.2962253570556648,0.021165264180180325,-0.007376513917347812,1.0,0.14558536529541044,0.01682051778100339,0.002833857999583561,0.0,0.2677443695068362,0.025456127734560248,-0.0001940617122334298,1.0,0.030266667175293804,0.01657701622747791,0.01946109155219105,1
hf_transformer,1,switzerland,4824,0.00836060175259908,0.00010111074473244337,0.009009901326983054,1.8838710947164201,1.0,0.015382047653198283,0.018593558306312055,0.002061185368492954,1.0,0.01260785884857174,0.015952717693428563,0.002386247674963487,0.0,0.017035479164123513,0.016516461804712383,-0.0018478266127342968,1.0,0.01079955291748047,0.008489083647058042,0.020050662311904985,1
hf_transformer,1,taiwan,4824,0.37325451151529937,0.18367373811138468,0.012282018945743683,7.155820167783819,0.0,0.42090554809570335,0.013764543030730901,0.0,0.0,0.2559198913574221,0.008391701784334774,0.0,0.0,0.7255891571044906,0.014078999550789513,-0.009761340184595919,1.0,0.06179125976562361,0.010589172747351551,0.00857389329221815,1
hf_transformer,1,uk,4824,0.008991702125367223,0.0001352785250583885,0.010924404408181482,3.1518327309946828,0.0,0.0274417548804321,0.033143477771093596,-0.00024252250654323504,1.0,0.01968303803234861,0.02492196474397864,0.0008897513930434171,1.0,0.008069197525878868,0.025910634224704653,0.016137926221388658,1.0,0.006028934641693073,0.024917722197602164,0.03216477377350086,1
hf_transformer,1,australia,4829,0.027891633268992112,0.0012704967996476407,0.019100250201259817,4.149000858895985,1.0,0.05077254592895497,0.036875357037349656,0.00155205252854711,1.0,0.018476898345947346,0.029440838289100844,0.016634637474596942,1.0,0.006831218223571689,0.02622085149298433,0.030929400627452273,1.0,0.06849537055969246,0.020876931976006607,0.06735647556457174,1
hf_transformer,1,canada,4829,0.015747279313405353,0.0004032804576614799,0.011674166686167876,3.239812771130346,1.0,0.014938890647888226,0.011848284804317249,0.0007123709129031677,1.0,0.01033239307403555,0.010508238009003907,0.0028090432149298246,1.0,0.007888255310058545,0.003154381110401002,0.009035643746483163,1.0,0.030187090873718292,0.010790651381773883,0.032944676643713464,1
hf_transformer,1,denmark,4829,0.060442939249674525,0.006001355943242179,0.008696838247753342,2.516638046303622,0.0,0.177345686340332,0.022885229064699586,-0.0026997068610903857,0.0,0.11327165832519537,0.01558385717252982,-0.0008018545136671893,1.0,0.016955149841308526,0.014560780917921741,0.016993032426905273,1.0,0.03128789215087924,0.019359741792006342,0.014877449117578823,1
hf_transformer,1,eurozone,4829,0.016167719128926592,0.00044091484000214346,0.008847971276195122,2.56031062411214,0.0,0.04899967384338377,0.024149502244713787,-0.0027196553367638313,0.0,0.03267216434478759,0.016421892266682506,-0.0015531829498753923,1.0,0.006008129119873029,0.018864876611373954,0.01559158803612903,1.0,0.004295817565918014,0.016598348512929455,0.014253722141910646,1
hf_transformer,1,japan,4829,2.3546962890625007,7.056915602394171,0.017647518180363322,5.344022184438268,1.0,2.715577392578126,0.023462369374529928,0.0028426571078278783,1.0,2.1262445068359455,0.02425618210198298,0.00816049583497978,1.0,0.8773327636718875,0.025467637539584868,0.03202635739788966,1.0,1.087349853515633,0.02486730369748332,0.03299455587971919,1
hf_transformer,1,norway,4829,0.3222976067097982,0.1345297115722868,0.03164458999282504,8.157170198968924,1.0,0.09069266662597641,0.01328805033101821,0.004200998177343144,1.0,0.12130873260498021,0.011011197646027671,0.023065437550631278,1.0,0.23612746582031185,0.012577620079782852,0.03587278855579645,1.0,0.5758085571289069,0.01011108383823234,0.06612763282418774,1
hf_transformer,1,south_korea,4829,28.36199788411459,1003.8261679947578,0.022166607777304982,6.079226817918607,0.0,49.171069335937545,0.03598816490900048,-0.003294493858922241,0.0,38.12124023437491,0.02895208544390767,-0.0015848829894756175,1.0,14.407128906249909,0.03125442859912575,0.042530851535771776,1.0,37.534374999999955,0.044020673992673565,0.07277288947053387,1
hf_transformer,1,sweden,4829,0.0957197829182944,0.01489709145092989,0.009131512382353647,2.3746215695575725,1.0,0.12747984619140595,0.015506657532102957,0.003288817373372342,1.0,0.009880844116210596,0.014539413858274593,0.013596827131971153,1.0,0.003890411376954006,0.01088650881557013,0.010514129602727452,1.0,0.2056865447998053,0.0074664049632044505,0.0270253829883867,1
hf_transformer,1,switzerland,4829,0.009062733952204383,0.00011129155703242908,0.009763102096864557,2.042080586646219,0.0,0.01530454349517818,0.01639116533049431,-5.416971372634426e-05,0.0,0.0051842723846435845,0.005169726828870773,-0.00043343989409155593,1.0,0.0011198511123656774,0.004399442217997915,0.0031908304296008796,0.0,0.008401541137695312,0.005080556878981975,-0.0040165056167280645,1
hf_transformer,1,taiwan,4829,0.32610379282633467,0.1707800340123766,0.010736385631167914,6.251873789881391,0.0,0.692200592041015,0.014147551197871764,-0.008581614707770352,0.0,0.8888278808593739,0.007735419112913837,-0.021736729995164555,0.0,0.4090837097167963,0.009995767952228363,-0.003430421941073723,1.0,0.3473868255615251,0.005635026052683488,0.016945407677211043,1
hf_transformer,1,uk,4829,0.010059480981491087,0.00014515078586944816,0.012177530134137266,3.526117855354028,0.0,0.020097959873413118,0.02267886335900441,-0.0018998736017271677,1.0,0.0007608569431762913,0.01955777430825581,0.02047936834672399,1.0,0.006443184200775165,0.020629308110618316,0.02839864207566461,1.0,0.007922169684753455,0.01134220694623698,0.020975071911311906,1
hf_transformer,1,australia,4834,0.03661066502253215,0.0020008099182983866,0.02498312501092226,5.4459944729055305,1.0,0.008553510437011802,0.01066184721308651,0.01654771251466645,1.0,0.004390529098510676,0.010657733579047013,0.0076229891577163054,0.0,0.0362673394393922,-0.0006191548266850135,0.024379687159615193,1.0,0.057946450920105086,0.0032616822854164944,0.04276013979595442,1
hf_transformer,1,canada,4834,0.02080649445851645,0.0005925981869117038,0.015398414872765326,4.280685261724561,1.0,0.003386914062500024,0.003966455357148403,0.0064867510486761515,0.0,0.005974158859253009,0.0033784798390106073,-0.0010852279107927954,1.0,0.012130138778686517,0.0044184407929751205,0.0134115505178243,1.0,0.03417022018432614,0.003196277650427152,0.02835578878610086,1
hf_transformer,1,denmark,4834,0.06079174512227382,0.005507419990890354,0.008722682518197224,2.5311611343707243,1.0,0.07439068908691393,0.022260995139014975,0.011593260970538017,1.0,0.039299858093261975,0.011578864417322242,0.017228779558533636,1.0,0.07267377014160115,0.01389389087538934,0.02429286758926583,1.0,0.00657923431396501,0.018857552836460727,0.01979876654821132,1
hf_transformer,1,eurozone,4834,0.013847382151285817,0.00031885939826312615,0.007559727859797981,2.1928634061093897,1.0,0.01009207839965831,0.017222300531484682,0.01170023557393244,1.0,0.0046007627487183456,0.014302666317217853,0.016817295816611493,1.0,0.01347747039794922,0.017020632095307336,0.024349315164472876,1.0,0.0012559947967529794,0.019049643260459624,0.01973350463417869,1
hf_transformer,1,japan,4834,2.001366048177084,6.0879775444667334,0.014940886059655554,4.542133357205965,1.0,0.10301269531248636,0.014568369404764485,0.013793322132335988,1.0,1.2676214599609352,0.011665676133925128,0.00205831976615436,1.0,1.1332031249999943,0.020221487189253536,0.028660429480979792,1.0,1.1673266601562489,0.01632906768117488,0.007526549386350411,1
hf_transformer,1,norway,4834,0.37954369415283207,0.18463020705475633,0.036989180053495045,9.606036305251706,0.0,0.276465396118164,-0.006104456256603095,0.020999083247053043,0.0,0.12043627929687517,-0.011452358843766261,0.0005085452998802769,0.0,0.21604017333984338,-0.0034223824247998844,0.017763430145578924,0.0,0.68249711303711,-0.009831227501383906,0.0560290344584821,1
hf_transformer,1,south_korea,4834,31.829043782552088,1296.5488571660717,0.02473056425701235,6.822367639339408,1.0,20.1011962890625,0.034733175098944934,0.018814889366924915,1.0,3.3981201171875455,0.026014517304830422,0.02870396695858475,1.0,39.526074218749955,0.022618403786187003,0.05356620960163983,1.0,27.52260742187491,0.03608842137419972,0.05745210026177346,1
hf_transformer,1,sweden,4834,0.09383448079427102,0.014284908908410505,0.008938671847905222,2.327850892145359,1.0,0.032055310058593633,0.010938943148064968,0.013960459495550201,0.0,0.038874591064452346,0.0006368224118185616,-0.0030779107904248143,0.0,0.08729817504882753,0.003296621682650272,-0.005042397349777367,1.0,0.024277145385742216,0.00435946990921413,0.0020498648546966062,1
hf_transformer,1,switzerland,4834,0.008242424596150714,0.00010211471729789643,0.008883631528084558,1.8572425653740616,1.0,0.0014129895210266419,0.004419861401843382,0.005943393332745362,1.0,0.0063870880126952745,0.008404498525890463,0.0015162184092783262,1.0,0.0047020993232727015,0.006641205805332156,0.011690998659290297,0.0,0.008929512500762904,-0.0030714356016683514,0.006589631709481896,1
hf_transformer,1,taiwan,4834,0.24583099009195972,0.07867479672622868,0.008084400432536264,4.712929924476492,1.0,0.5504543762207028,0.026940800920259664,0.008744799666743651,1.0,0.32602001953124926,0.025074038169948652,0.014316864015661498,1.0,0.2065839233398421,0.02809089189971065,0.021308570252106692,1.0,0.057925537109376535,0.0254695699676004,0.027368050338092687,1
hf_transformer,1,uk,4834,0.009700857996510822,0.00014369153224298505,0.01173016936758223,3.400410881703402,0.0,0.010155018051391629,-0.004437707084502185,0.007836023361842344,0.0,0.004862655095581037,-0.0034089594403089573,0.0024809808095649826,0.0,0.012263841228454586,-0.0079767015057646,0.006879144864529915,1.0,0.0003546320055541896,-0.0031113995809798076,-0.002680801363526049,1
hf_transformer,1,australia,4839,0.040832290156046544,0.0020953907794857285,0.027791617154369296,6.073979436567038,0.0,0.020723136215210047,0.008707298959864114,-0.005616061799638913,1.0,0.008249499664306548,0.004352051993440332,0.010021883878719415,1.0,0.04120585067749016,0.000390457434463409,0.028505217393923116,0.0,0.06271636962890614,-0.0015770650524751183,0.040988121275350994,1
hf_transformer,1,canada,4839,0.02419250463485718,0.0007170756203462132,0.017880952643995564,4.9773160126090925,0.0,0.01546979598999032,0.01081430786605526,-0.0007116504972890802,1.0,0.011244457244873107,0.0019492318231845056,0.010318010074983824,1.0,0.01686811981201175,0.006219855850023201,0.018694906487192107,1.0,0.024250937461852917,0.012168483320921622,0.029949867069520485,1
hf_transformer,1,denmark,4839,0.03802698982238774,0.0020748007234536684,0.005449267395573488,1.5833142888387404,0.0,0.06050233688354467,0.005055272642936991,-0.003611991705102382,1.0,0.006143033599853354,0.0018680889713034736,0.0009886874905341775,0.0,0.04047726745605473,-0.0003265198570439353,0.005461369477571979,1.0,0.04408147277832075,-0.0010138500523977217,-0.007359824873897831,1
hf_transformer,1,eurozone,4839,0.01298884259541829,0.00027018979704085714,0.007090042246401206,2.0569055799881184,0.0,0.015173587036132918,0.004261656289912604,-0.004020298321985367,0.0,0.004812879943847603,-0.001400007854403547,0.0012274793210715,0.0,0.024580255317687927,-0.007220863036197987,0.006203763910714413,1.0,0.012175811767578093,-0.0013515260516216347,-0.008029310226668687,1
hf_transformer,1,japan,4839,2.070503438313803,6.138132669657855,0.015459997027054419,4.699041807939495,1.0,0.7120391845703011,0.016630715061144382,0.011283297171419862,1.0,1.7499627685546955,0.009663290121964483,0.022775740278585015,1.0,3.2870562744140557,0.015850740005498454,0.040191226745286,0.0,2.3193914794921966,0.012445208333092065,-0.005153765058101097,1
hf_transformer,1,norway,4839,0.305370762278239,0.12281763371147285,0.029520602884945006,7.7287613368329335,1.0,0.005282228088379526,-0.0021562073334819316,-0.0026789393193338484,1.0,0.17500348510742114,0.0013462985154669785,0.018452521717022337,1.0,0.20215768127441436,0.00993540704580908,0.029502730659685745,1.0,0.27767192535400476,0.008564637646824575,0.035380293919465185,1
hf_transformer,1,south_korea,4839,31.723682454427074,1213.648901580194,0.024586122144284583,6.799784060632216,1.0,4.46240234375,0.00597924140275623,0.00947911677941362,1.0,26.25668945312509,0.006455022915452061,0.02686478499979366,1.0,35.72556152343759,0.011570831299500366,0.03910062763400664,1.0,23.68361816406241,0.004311260515967852,0.02277842619093227,1
hf_transformer,1,sweden,4839,0.09402230575561545,0.014002275471268298,0.008971132094808041,2.3325104639800602,0.0,0.18455964508056688,0.011740588543936415,-0.005876185300997432,1.0,0.02184671020507878,0.0017793934658596865,0.003864983754555291,1.0,0.003183657836913767,0.00505478279971118,0.004751487508761438,0.0,0.05163060607910097,0.003266922639914316,-0.0016719648039585238,1
hf_transformer,1,switzerland,4839,0.01003828304926554,0.0001440423136897344,0.010829951051762167,2.261898346158433,0.0,0.012013778686523424,0.00992169915058815,-0.00303473922821893,0.0,0.005815999698638885,-0.002346780212474307,0.003942221927460534,0.0,0.01835139284133913,-0.001138457267255572,0.018548832438955443,1.0,0.0005458338737487356,-0.0060288138802862,-0.006623259825550676,1
hf_transformer,1,taiwan,4839,0.272358357747396,0.10003663865406401,0.008953279933027459,5.221497313779718,1.0,0.3520794067382802,0.014951097959061929,0.003377989998242085,1.0,0.033502410888672784,0.009985061012693591,0.008884103480449247,1.0,0.15866937255859526,0.010898632292490926,0.016091696069919153,1.0,0.0007216796875013642,0.006720827554252025,0.006744607585170214,1
hf_transformer,1,uk,4839,0.007667847568633017,7.813624595354968e-05,0.009264382782660582,2.6877862062305056,1.0,0.002604931535552968,-0.0017170672811185434,-0.004873425650192852,1.0,0.0013558374705200382,0.004893048653032227,0.006521174920639135,1.0,0.008074250567657426,0.0004957918247752178,0.010195040668487068,0.0,0.010529210347137496,0.0004077225556479805,-0.01238469638018707,1
hf_transformer,1,australia,4844,0.04653989358901978,0.002409746427379885,0.03164467320806655,6.923010087345395,0.0,0.013789644317626859,0.0004108813829799248,-0.009080863632698916,0.0,0.029398166084289468,-0.0005883165393232906,0.01937103288552971,0.0,0.06340597305297857,-0.007509379307039442,0.03534203168898937,0.0,0.04912337287902835,-0.010432732012715358,0.02302113724879362,1
hf_transformer,1,canada,4844,0.027163386020660412,0.0008403619583031524,0.020081202784017406,5.588539022227336,0.0,0.008376964950561616,0.003497279236847938,-0.00270887228006867,0.0,0.026281804466247616,-0.008284587242930687,0.01116588904573845,0.0,0.035039157867431614,-0.005976063034963003,0.019813526538137474,1.0,0.0036612316131592326,0.0003251414191723313,0.0030341176240200815,1
hf_transformer,1,denmark,4844,0.05908866635640463,0.004991467573639692,0.008490289356120066,2.4602507373707754,1.0,0.00023679046630853406,-0.002145288937378594,-0.0021792748201672246,0.0,0.11237293853759756,-0.00479103859602461,0.01125063491297451,1.0,0.048922988891601626,0.0013491998564121208,0.00832200136994683,1.0,0.1075556060791012,-0.002623510853642342,-0.018188297435052705,1
hf_transformer,1,eurozone,4844,0.015822147706349703,0.00037574750480899333,0.00865296620377472,2.5055861340614585,0.0,0.009993544769287155,0.0032080780460015433,-0.0022378700458970135,0.0,0.0267438713073731,-0.003027160611363385,0.011492198576643386,0.0,0.01697045974731437,-0.000311069693473189,0.008901733273098204,0.0,0.04193692779541025,0.004372254641775034,-0.01865561478350897,1
hf_transformer,1,japan,4844,1.8249845987955733,4.41046967846986,0.013620839879978384,4.1418327397562935,0.0,0.3410772705078102,0.0004917633129914725,-0.002049219219686938,1.0,2.015798339843741,0.000254567365375205,0.01514508853815831,0.0,2.0466851806640705,-0.00034758845236866593,0.014778412089344745,1.0,0.8547937011718716,-0.002908952393360984,-0.009311089051033831,1
hf_transformer,1,norway,4844,0.31402397867838555,0.11999171690012775,0.030318776163917982,7.947769351397748,1.0,0.05223297119140646,-0.012716790777629215,-0.007602860806529829,0.0,0.22061501464843758,-0.01210664139188929,0.009304187412525611,0.0,0.3965440948486325,-0.00767552895935794,0.030321188724405944,0.0,0.21022921142578177,-0.005371875858491925,0.014905584689987579,1
hf_transformer,1,south_korea,4844,28.70140462239583,970.380399511933,0.022187708877180374,6.151976648659454,1.0,9.420751953125091,-0.011157891864597634,-0.0038546090975111343,0.0,29.496337890625,-0.018949887952802152,0.003916454092235142,0.0,44.8258056640625,-0.017249295185733534,0.017239833514801774,0.0,19.31520996093741,-0.01325657301817495,0.0016913323270758512,1
hf_transformer,1,sweden,4844,0.08979606002807614,0.012986706104192777,0.008573384900341024,2.22766553060373,0.0,0.19620285644531243,0.004405962904435121,-0.01439841223429621,0.0,0.009891201782226133,-0.00039023460789698415,0.0005529655300164294,1.0,0.16860800628662176,0.006576836819979217,0.022424536291909828,0.0,0.12024568481445286,0.00036191092942717385,-0.01116740725741278,1
hf_transformer,1,switzerland,4844,0.008610406271616614,0.00011273582633063918,0.009288937567773294,1.9401588508651175,0.0,0.011944730758666977,0.008046371135740069,-0.004808350926553202,0.0,0.013046947574615442,-0.0009673185960867447,0.013011883403378657,0.0,0.009699035263061484,-0.0005919993460759066,0.009814779385295786,1.0,0.00912644405364993,-0.005429779766965945,-0.01537029580155144,1
hf_transformer,1,taiwan,4844,0.2414688898722332,0.08980338712425642,0.007931780617090682,4.629302255518138,0.0,0.22265737915039097,0.005742677572144709,-0.0015630273256747535,0.0,0.14995425415039065,-0.0030940101207755145,0.0018395944941118007,0.0,0.5626776733398451,-0.005264054385187107,0.013163672035902197,0.0,0.06733108520507969,-0.001096531567835353,0.001117300193457949,1
hf_transformer,1,uk,4844,0.00870230902440795,0.00011257714514503133,0.010546226800598702,3.050392688274158,1.0,0.00027926997976679413,-0.002244433006222888,-0.002580324410565615,0.0,0.007852773746765185,-0.004532911230445742,0.0048875340093432135,0.0,0.00897967531341548,-0.0033915695707192003,0.007361277918412446,1.0,0.0190943932608032,-0.0067129467678411405,-0.03004782101170565,1
hf_transformer,1,australia,4849,0.04459082585779828,0.0021224047399593516,0.030247721581173222,6.633077848064353,1.0,0.027845216026306074,-0.020032761896536695,-0.0011164768919138016,1.0,0.024821840438842724,-0.02007159583994259,-0.0031913201705311236,0.0,0.04777443878173826,-0.021748206779136848,0.010544819162467496,0.0,0.05068816715240487,-0.02623995324560855,0.008140739728860688,1
hf_transformer,1,canada,4849,0.018463731409708674,0.00045363828459292325,0.013599391598653109,3.7986900234234042,1.0,0.003194071960449296,-0.003418271904941711,-0.005770059559744316,1.0,0.011128763008117604,-0.009557964741632929,-0.0013568274327127043,0.0,0.020489458847045894,-0.006499719266405407,0.0085023044979201,1.0,0.011333892440795967,-0.00416146686872557,-0.012537962017931278,1
hf_transformer,1,denmark,4849,0.07876339619954428,0.00895763081578374,0.01135412865918738,3.2794394513653082,1.0,0.006211642456054989,-0.006701197877477519,-0.005816013582193754,1.0,0.05560789489746121,-0.013438219403885381,-0.005488452909332099,1.0,0.025122288513183655,-0.010530839106222269,-0.0069419311813618805,1.0,0.15925566711425798,-0.011400212564229097,-0.034475989782584454,1
hf_transformer,1,eurozone,4849,0.01917416891098022,0.0005466318231454651,0.010530746872107349,3.036410267881903,1.0,0.007271584129333597,-0.009624731008937527,-0.005675384132599148,1.0,0.009351431655883813,-0.010375918463899745,-0.005296021457336357,1.0,0.011380799102783223,-0.013664935421102744,-0.007465749194169793,1.0,0.044469929504394434,-0.011072512099967416,-0.03560637260112517,1
hf_transformer,1,japan,4849,2.1468689168294266,5.214701354700687,0.01605077816070137,4.872354524831413,1.0,1.2091363525390761,-0.010941603363521521,-0.002018386343674544,1.0,1.694660034179691,-0.01283755852637236,-0.00033000275301763726,1.0,1.359212646484366,-0.015039294108648356,-0.025207831262584923,1.0,3.1492346191406284,-0.010694259915139972,-0.034309961897177096,1
hf_transformer,1,norway,4849,0.2752978445434572,0.09907937205210252,0.02650344883805131,6.967632792173626,1.0,0.10606673278808643,-0.01648396710433,-0.006183501522833269,0.0,0.3042065979003912,-0.02687912382811119,0.002684925763821823,0.0,0.545400003051757,-0.015862672192624515,0.03597628997232753,0.0,0.10418112792968692,-0.008401441627967191,0.0016357861775484416,1
hf_transformer,1,south_korea,4849,20.52045979817709,512.612139003734,0.015775642262814447,4.398439419917234,0.0,21.6890869140625,-0.002639300480780515,0.01389043359143301,1.0,16.58115234375009,-0.015199156686842104,-0.002378761097130187,0.0,26.950146484374955,-0.01439718214961018,0.006341223785371032,0.0,28.72214355468759,-0.011037616495658993,0.010976138244935178,1
hf_transformer,1,sweden,4849,0.09936766891479512,0.019268235399963647,0.00949662327484454,2.4651185233374586,1.0,0.0007296874999997982,-0.007905920590673712,-0.007976023432471939,0.0,0.09063329772949302,-0.0069709320734673026,0.0016903679264892962,0.0,0.08147079467773466,-0.006288512137305285,0.0014952882167772192,1.0,0.02413903808593787,-0.003811268411492978,-0.006123477812860026,1
hf_transformer,1,switzerland,4849,0.009676177854537964,0.0001277993510760935,0.010482246969729991,2.18030619169636,1.0,0.0005877002716064839,-0.003504244388528669,-0.002876933257610372,1.0,0.007940198898315431,-0.008859901368046808,-0.00037246920908432933,1.0,0.0020579360008239345,-0.012966542187935142,-0.010750778806120097,1.0,0.01778819751739502,-0.01913363638651506,-0.03861441723039705,1
hf_transformer,1,taiwan,4849,0.22226715037028033,0.06995741288571729,0.007295974224333827,4.261177583088094,0.0,0.19606549072265622,0.0064141965452261,0.0,0.0,0.1936408691406264,-0.0010718379076120228,0.0052700612971599585,0.0,0.3466821594238283,-0.006145699576091206,0.005237413566174377,0.0,0.09573486328125114,-0.0011570669607437847,0.0019836234670041445,1
hf_transformer,1,uk,4849,0.011915129445286048,0.00020586698629743738,0.014501598022940435,4.176572405990079,1.0,0.0001781358110961584,-0.007391114130531596,-0.007176865054321001,1.0,0.007147773428771931,-0.011691778834010383,-0.003094035705813852,1.0,0.006181338322509777,-0.006802663921487705,-0.014261306871543493,1.0,0.025887825213684046,-0.00897570129134022,-0.040661177492752,1
